Fri Apr 18 12:14:11 COT 2025
MaxEnt version 3.4.4
Checking header of C:\Users\Camila\Desktop\Modelo opc3\M_variables\Set_1\bio_1.asc
Checking header of C:\Users\Camila\Desktop\Modelo opc3\M_variables\Set_1\bio_10.asc
Checking header of C:\Users\Camila\Desktop\Modelo opc3\M_variables\Set_1\bio_11.asc
Checking header of C:\Users\Camila\Desktop\Modelo opc3\M_variables\Set_1\bio_12.asc
Checking header of C:\Users\Camila\Desktop\Modelo opc3\M_variables\Set_1\bio_13.asc
Checking header of C:\Users\Camila\Desktop\Modelo opc3\M_variables\Set_1\bio_14.asc
Checking header of C:\Users\Camila\Desktop\Modelo opc3\M_variables\Set_1\bio_15.asc
Checking header of C:\Users\Camila\Desktop\Modelo opc3\M_variables\Set_1\bio_16.asc
Checking header of C:\Users\Camila\Desktop\Modelo opc3\M_variables\Set_1\bio_17.asc
Checking header of C:\Users\Camila\Desktop\Modelo opc3\M_variables\Set_1\bio_2.asc
Checking header of C:\Users\Camila\Desktop\Modelo opc3\M_variables\Set_1\bio_3.asc
Checking header of C:\Users\Camila\Desktop\Modelo opc3\M_variables\Set_1\bio_4.asc
Checking header of C:\Users\Camila\Desktop\Modelo opc3\M_variables\Set_1\bio_5.asc
Checking header of C:\Users\Camila\Desktop\Modelo opc3\M_variables\Set_1\bio_6.asc
Checking header of C:\Users\Camila\Desktop\Modelo opc3\M_variables\Set_1\bio_7.asc
Checking header of C:\Users\Camila\Desktop\Modelo opc3\M_variables\Set_1\bio_ai_et0.asc
Checking header of C:\Users\Camila\Desktop\Modelo opc3\M_variables\Set_1\bio_et0_yr.asc
Reading samples from gustavia_joint.csv
Read samples: max memory 932184064, total allocated 96468992, free 79756464, used 16712528, increment 16712528
Extractor: max memory 932184064, total allocated 96468992, free 78749680, used 17719312, increment 1006784
Extracting random background and sample data
Time since start: 1.583
236229 points with values for all grids
Adding samples to background in feature space
Command line used:  environmentallayers=C:\Users\Camila\Desktop\Modelo opc3\M_variables\Set_1 samplesfile=C:\Users\Camila\Desktop\Modelo opc3\gustavia_joint.csv outputdirectory=C:\Users\Camila\Desktop\Modelo opc3\Final_Models\M_3_F_lq_Set_1 betamultiplier=3 autofeature=false linear=true quadratic=true product=false threshold=false hinge=false replicates=10 replicatetype=Bootstrap jackknife=true outputformat=cloglog extrapolate=false doclamp=false writeclampgrid=false writemess=false responsecurves=true warnings=false visible=false redoifexists autorun
Command line to repeat: java density.MaxEnt nowarnings noprefixes responsecurves jackknife "outputdirectory=C:\Users\Camila\Desktop\Modelo opc3\Final_Models\M_3_F_lq_Set_1" "samplesfile=C:\Users\Camila\Desktop\Modelo opc3\gustavia_joint.csv" "environmentallayers=C:\Users\Camila\Desktop\Modelo opc3\M_variables\Set_1" randomseed nowarnings noaskoverwrite nowriteclampgrid nowritemess betamultiplier=3.0 replicates=10 replicatetype=bootstrap noproduct nohinge autorun noextrapolate novisible noautofeature nodoclamp
Species: Gustavia_santanderiensis_0 Gustavia_santanderiensis_1 Gustavia_santanderiensis_2 Gustavia_santanderiensis_3 Gustavia_santanderiensis_4 Gustavia_santanderiensis_5 Gustavia_santanderiensis_6 Gustavia_santanderiensis_7 Gustavia_santanderiensis_8 Gustavia_santanderiensis_9
Layers: bio_1 bio_10 bio_11 bio_12 bio_13 bio_14 bio_15 bio_16 bio_17 bio_2 bio_3 bio_4 bio_5 bio_6 bio_7 bio_ai_et0 bio_et0_yr
Layertypes: Continuous Continuous Continuous Continuous Continuous Continuous Continuous Continuous Continuous Continuous Continuous Continuous Continuous Continuous Continuous Continuous Continuous
responsecurves: true
jackknife: true
outputdirectory: C:\Users\Camila\Desktop\Modelo opc3\Final_Models\M_3_F_lq_Set_1
samplesfile: C:\Users\Camila\Desktop\Modelo opc3\gustavia_joint.csv
environmentallayers: C:\Users\Camila\Desktop\Modelo opc3\M_variables\Set_1
randomseed: true
warnings: false
askoverwrite: false
writeclampgrid: false
writemess: false
betamultiplier: 3.0
replicates: 10
replicatetype: bootstrap
product: false
hinge: false
autorun: true
extrapolate: false
visible: false
autofeature: false
doclamp: false

getSamples: max memory 932184064, total allocated 96468992, free 89000488, used 7468504, increment -10250808
Making features
makeFeatures: max memory 932184064, total allocated 96468992, free 86275048, used 10193944, increment 2725440
Gustavia_santanderiensis_0: 
Regularization values: linear/quadratic/product: 0.423, categorical: 0.250, threshold: 1.790, hinge: 0.500
21 samples
Density: max memory 932184064, total allocated 96468992, free 85744816, used 10724176, increment 530232
linearPredictor: max memory 932184064, total allocated 96468992, free 85744816, used 10724176, increment 0
FeaturedSpace: max memory 932184064, total allocated 96468992, free 85744816, used 10724176, increment 0
Sequential: max memory 932184064, total allocated 96468992, free 85744816, used 10724176, increment 0
Initial loss: 9.212138753917563
280: time = 0.604000 loss = 7.530771
Resulting gain: 1.681367306849916
Time since start: 3.909
Projecting...
Writing file C:\Users\Camila\Desktop\Modelo opc3\Final_Models\M_3_F_lq_Set_1\Gustavia_santanderiensis_0.asc
Time since start: 5.795
Writing C:\Users\Camila\Desktop\Modelo opc3\Final_Models\M_3_F_lq_Set_1\plots\Gustavia_santanderiensis_0.png
Gustavia_santanderiensis_0 response curves
Time since start: 12.536
Response curve: only bio_1
Making features
makeFeatures: max memory 932184064, total allocated 157286400, free 63591184, used 93695216, increment 82971040
Gustavia_santanderiensis_0 bio_1: 
Regularization values: linear/quadratic/product: 0.423, categorical: 0.250, threshold: 1.790, hinge: 0.500
21 samples
Density: max memory 932184064, total allocated 157286400, free 63591184, used 93695216, increment 0
linearPredictor: max memory 932184064, total allocated 157286400, free 63591184, used 93695216, increment 0
FeaturedSpace: max memory 932184064, total allocated 157286400, free 63591184, used 93695216, increment 0
Sequential: max memory 932184064, total allocated 157286400, free 63591184, used 93695216, increment 0
Initial loss: 9.212138753917563
100: time = 0.251000 loss = 8.852982
Resulting gain: 0.3591570278263898
Gustavia_santanderiensis_0 response curves
Response curve: only bio_10
Making features
makeFeatures: max memory 932184064, total allocated 157810688, free 137730768, used 20079920, increment -73615296
Gustavia_santanderiensis_0 bio_10: 
Regularization values: linear/quadratic/product: 0.423, categorical: 0.250, threshold: 1.790, hinge: 0.500
21 samples
Density: max memory 932184064, total allocated 157810688, free 137730768, used 20079920, increment 0
linearPredictor: max memory 932184064, total allocated 157810688, free 137730768, used 20079920, increment 0
FeaturedSpace: max memory 932184064, total allocated 157810688, free 137730768, used 20079920, increment 0
Sequential: max memory 932184064, total allocated 157810688, free 137730768, used 20079920, increment 0
Initial loss: 9.212138753917563
80: time = 0.317000 loss = 8.887340
Resulting gain: 0.32479883314654856
Gustavia_santanderiensis_0 response curves
Response curve: only bio_11
Making features
makeFeatures: max memory 932184064, total allocated 157810688, free 133455768, used 24354920, increment 4275000
Gustavia_santanderiensis_0 bio_11: 
Regularization values: linear/quadratic/product: 0.423, categorical: 0.250, threshold: 1.790, hinge: 0.500
21 samples
Density: max memory 932184064, total allocated 157810688, free 133455768, used 24354920, increment 0
linearPredictor: max memory 932184064, total allocated 157810688, free 133455768, used 24354920, increment 0
FeaturedSpace: max memory 932184064, total allocated 157810688, free 133455768, used 24354920, increment 0
Sequential: max memory 932184064, total allocated 157810688, free 133455768, used 24354920, increment 0
Initial loss: 9.212138753917563
Time since start: 13.835
100: time = 0.299000 loss = 8.868347
Resulting gain: 0.34379224618731286
Gustavia_santanderiensis_0 response curves
Response curve: only bio_12
Making features
makeFeatures: max memory 932184064, total allocated 157810688, free 129324056, used 28486632, increment 4131712
Gustavia_santanderiensis_0 bio_12: 
Regularization values: linear/quadratic/product: 0.423, categorical: 0.250, threshold: 1.790, hinge: 0.500
21 samples
Density: max memory 932184064, total allocated 157810688, free 129324056, used 28486632, increment 0
linearPredictor: max memory 932184064, total allocated 157810688, free 129324056, used 28486632, increment 0
FeaturedSpace: max memory 932184064, total allocated 157810688, free 129324056, used 28486632, increment 0
Sequential: max memory 932184064, total allocated 157810688, free 129324056, used 28486632, increment 0
Initial loss: 9.212138753917563
60: time = 0.211000 loss = 9.100415
Resulting gain: 0.11172350038868473
Gustavia_santanderiensis_0 response curves
Time since start: 14.891
Response curve: only bio_13
Making features
makeFeatures: max memory 932184064, total allocated 157810688, free 124568840, used 33241848, increment 4755216
Gustavia_santanderiensis_0 bio_13: 
Regularization values: linear/quadratic/product: 0.423, categorical: 0.250, threshold: 1.790, hinge: 0.500
21 samples
Density: max memory 932184064, total allocated 157810688, free 124568840, used 33241848, increment 0
linearPredictor: max memory 932184064, total allocated 157810688, free 124568840, used 33241848, increment 0
FeaturedSpace: max memory 932184064, total allocated 157810688, free 124568840, used 33241848, increment 0
Sequential: max memory 932184064, total allocated 157810688, free 124568840, used 33241848, increment 0
Initial loss: 9.212138753917563
60: time = 0.255000 loss = 9.188710
Resulting gain: 0.02342913457160911
Gustavia_santanderiensis_0 response curves
Response curve: only bio_14
Making features
makeFeatures: max memory 932184064, total allocated 157810688, free 120437128, used 37373560, increment 4131712
Gustavia_santanderiensis_0 bio_14: 
Regularization values: linear/quadratic/product: 0.423, categorical: 0.250, threshold: 1.790, hinge: 0.500
21 samples
Density: max memory 932184064, total allocated 157810688, free 120437128, used 37373560, increment 0
linearPredictor: max memory 932184064, total allocated 157810688, free 120437128, used 37373560, increment 0
FeaturedSpace: max memory 932184064, total allocated 157810688, free 120437128, used 37373560, increment 0
Sequential: max memory 932184064, total allocated 157810688, free 120437128, used 37373560, increment 0
Initial loss: 9.212138753917563
60: time = 0.239000 loss = 8.967360
Resulting gain: 0.2447787166644737
Gustavia_santanderiensis_0 response curves
Response curve: only bio_15
Making features
makeFeatures: max memory 932184064, total allocated 157810688, free 115681952, used 42128736, increment 4755176
Gustavia_santanderiensis_0 bio_15: 
Regularization values: linear/quadratic/product: 0.423, categorical: 0.250, threshold: 1.790, hinge: 0.500
21 samples
Density: max memory 932184064, total allocated 157810688, free 115681952, used 42128736, increment 0
linearPredictor: max memory 932184064, total allocated 157810688, free 115681952, used 42128736, increment 0
FeaturedSpace: max memory 932184064, total allocated 157810688, free 115681952, used 42128736, increment 0
Sequential: max memory 932184064, total allocated 157810688, free 115681952, used 42128736, increment 0
Initial loss: 9.212138753917563
Time since start: 15.941
60: time = 0.220000 loss = 8.968828
Resulting gain: 0.24331110082415286
Gustavia_santanderiensis_0 response curves
Response curve: only bio_16
Making features
makeFeatures: max memory 932184064, total allocated 157810688, free 111550240, used 46260448, increment 4131712
Gustavia_santanderiensis_0 bio_16: 
Regularization values: linear/quadratic/product: 0.423, categorical: 0.250, threshold: 1.790, hinge: 0.500
21 samples
Density: max memory 932184064, total allocated 157810688, free 111550240, used 46260448, increment 0
linearPredictor: max memory 932184064, total allocated 157810688, free 111550240, used 46260448, increment 0
FeaturedSpace: max memory 932184064, total allocated 157810688, free 111550240, used 46260448, increment 0
Sequential: max memory 932184064, total allocated 157810688, free 111550240, used 46260448, increment 0
Initial loss: 9.212138753917563
60: time = 0.259000 loss = 9.184538
Resulting gain: 0.027600735793258835
Gustavia_santanderiensis_0 response curves
Response curve: only bio_17
Making features
makeFeatures: max memory 932184064, total allocated 157810688, free 106795000, used 51015688, increment 4755240
Gustavia_santanderiensis_0 bio_17: 
Regularization values: linear/quadratic/product: 0.423, categorical: 0.250, threshold: 1.790, hinge: 0.500
21 samples
Density: max memory 932184064, total allocated 157810688, free 106795000, used 51015688, increment 0
linearPredictor: max memory 932184064, total allocated 157810688, free 106795000, used 51015688, increment 0
FeaturedSpace: max memory 932184064, total allocated 157810688, free 106795000, used 51015688, increment 0
Sequential: max memory 932184064, total allocated 157810688, free 106795000, used 51015688, increment 0
Initial loss: 9.212138753917563
60: time = 0.206000 loss = 8.751429
Resulting gain: 0.46070925933090656
Gustavia_santanderiensis_0 response curves
Response curve: only bio_2
Making features
makeFeatures: max memory 932184064, total allocated 157810688, free 102663288, used 55147400, increment 4131712
Gustavia_santanderiensis_0 bio_2: 
Regularization values: linear/quadratic/product: 0.423, categorical: 0.250, threshold: 1.790, hinge: 0.500
21 samples
Density: max memory 932184064, total allocated 157810688, free 102663288, used 55147400, increment 0
linearPredictor: max memory 932184064, total allocated 157810688, free 102663288, used 55147400, increment 0
FeaturedSpace: max memory 932184064, total allocated 157810688, free 102663288, used 55147400, increment 0
Sequential: max memory 932184064, total allocated 157810688, free 102663288, used 55147400, increment 0
Initial loss: 9.212138753917563
Time since start: 17.111
60: time = 0.226000 loss = 9.167017
Resulting gain: 0.04512147237657871
Gustavia_santanderiensis_0 response curves
Response curve: only bio_3
Making features
makeFeatures: max memory 932184064, total allocated 157810688, free 97908000, used 59902688, increment 4755288
Gustavia_santanderiensis_0 bio_3: 
Regularization values: linear/quadratic/product: 0.423, categorical: 0.250, threshold: 1.790, hinge: 0.500
21 samples
Density: max memory 932184064, total allocated 157810688, free 97908000, used 59902688, increment 0
linearPredictor: max memory 932184064, total allocated 157810688, free 97908000, used 59902688, increment 0
FeaturedSpace: max memory 932184064, total allocated 157810688, free 97908000, used 59902688, increment 0
Sequential: max memory 932184064, total allocated 157810688, free 97908000, used 59902688, increment 0
Initial loss: 9.212138753917563
60: time = 0.220000 loss = 9.152681
Resulting gain: 0.05945746862649948
Gustavia_santanderiensis_0 response curves
Response curve: only bio_4
Making features
makeFeatures: max memory 932184064, total allocated 157810688, free 93776288, used 64034400, increment 4131712
Gustavia_santanderiensis_0 bio_4: 
Regularization values: linear/quadratic/product: 0.423, categorical: 0.250, threshold: 1.790, hinge: 0.500
21 samples
Density: max memory 932184064, total allocated 157810688, free 93776288, used 64034400, increment 0
linearPredictor: max memory 932184064, total allocated 157810688, free 93776288, used 64034400, increment 0
FeaturedSpace: max memory 932184064, total allocated 157810688, free 93776288, used 64034400, increment 0
Sequential: max memory 932184064, total allocated 157810688, free 93776288, used 64034400, increment 0
Initial loss: 9.212138753917563
60: time = 0.240000 loss = 9.211496
Resulting gain: 6.431571041947137E-4
Gustavia_santanderiensis_0 response curves
Response curve: only bio_5
Making features
makeFeatures: max memory 932184064, total allocated 157810688, free 89021104, used 68789584, increment 4755184
Gustavia_santanderiensis_0 bio_5: 
Regularization values: linear/quadratic/product: 0.423, categorical: 0.250, threshold: 1.790, hinge: 0.500
21 samples
Density: max memory 932184064, total allocated 157810688, free 89021104, used 68789584, increment 0
linearPredictor: max memory 932184064, total allocated 157810688, free 89021104, used 68789584, increment 0
FeaturedSpace: max memory 932184064, total allocated 157810688, free 89021104, used 68789584, increment 0
Sequential: max memory 932184064, total allocated 157810688, free 89021104, used 68789584, increment 0
Initial loss: 9.212138753917563
Time since start: 18.25
80: time = 0.252000 loss = 8.897868
Resulting gain: 0.3142705350888946
Gustavia_santanderiensis_0 response curves
Response curve: only bio_6
Making features
makeFeatures: max memory 932184064, total allocated 157810688, free 84891784, used 72918904, increment 4129320
Gustavia_santanderiensis_0 bio_6: 
Regularization values: linear/quadratic/product: 0.423, categorical: 0.250, threshold: 1.790, hinge: 0.500
21 samples
Density: max memory 932184064, total allocated 157810688, free 84891784, used 72918904, increment 0
linearPredictor: max memory 932184064, total allocated 157810688, free 84891784, used 72918904, increment 0
FeaturedSpace: max memory 932184064, total allocated 157810688, free 84891784, used 72918904, increment 0
Sequential: max memory 932184064, total allocated 157810688, free 84891784, used 72918904, increment 0
Initial loss: 9.212138753917563
100: time = 0.358000 loss = 8.812560
Resulting gain: 0.3995787574323124
Gustavia_santanderiensis_0 response curves
Response curve: only bio_7
Making features
makeFeatures: max memory 932184064, total allocated 157810688, free 80120256, used 77690432, increment 4771528
Gustavia_santanderiensis_0 bio_7: 
Regularization values: linear/quadratic/product: 0.423, categorical: 0.250, threshold: 1.790, hinge: 0.500
21 samples
Density: max memory 932184064, total allocated 157810688, free 80120256, used 77690432, increment 0
linearPredictor: max memory 932184064, total allocated 157810688, free 80120256, used 77690432, increment 0
FeaturedSpace: max memory 932184064, total allocated 157810688, free 80120256, used 77690432, increment 0
Sequential: max memory 932184064, total allocated 157810688, free 80120256, used 77690432, increment 0
Initial loss: 9.212138753917563
20: time = 0.084000 loss = 9.212138
Resulting gain: 6.436342587790023E-7
Gustavia_santanderiensis_0 response curves
Response curve: only bio_ai_et0
Making features
makeFeatures: max memory 932184064, total allocated 157810688, free 75367464, used 82443224, increment 4752792
Gustavia_santanderiensis_0 bio_ai_et0: 
Regularization values: linear/quadratic/product: 0.423, categorical: 0.250, threshold: 1.790, hinge: 0.500
21 samples
Density: max memory 932184064, total allocated 157810688, free 75367464, used 82443224, increment 0
linearPredictor: max memory 932184064, total allocated 157810688, free 75367464, used 82443224, increment 0
FeaturedSpace: max memory 932184064, total allocated 157810688, free 75367464, used 82443224, increment 0
Sequential: max memory 932184064, total allocated 157810688, free 75367464, used 82443224, increment 0
Initial loss: 9.212138753917563
Time since start: 19.369
60: time = 0.246000 loss = 9.159247
Resulting gain: 0.05289162798494651
Gustavia_santanderiensis_0 response curves
Response curve: only bio_et0_yr
Making features
makeFeatures: max memory 932184064, total allocated 157810688, free 71235752, used 86574936, increment 4131712
Gustavia_santanderiensis_0 bio_et0_yr: 
Regularization values: linear/quadratic/product: 0.423, categorical: 0.250, threshold: 1.790, hinge: 0.500
21 samples
Density: max memory 932184064, total allocated 157810688, free 71235752, used 86574936, increment 0
linearPredictor: max memory 932184064, total allocated 157810688, free 71235752, used 86574936, increment 0
FeaturedSpace: max memory 932184064, total allocated 157810688, free 71235752, used 86574936, increment 0
Sequential: max memory 932184064, total allocated 157810688, free 71235752, used 86574936, increment 0
Initial loss: 9.212138753917563
60: time = 0.577000 loss = 9.160359
Resulting gain: 0.051779561448075384
Gustavia_santanderiensis_0 response curves
Time since start: 21.782
Jackknife: leave bio_1 out
Making features
makeFeatures: max memory 932184064, total allocated 205520896, free 59340072, used 146180824, increment 59605888
Gustavia_santanderiensis_0 bio_1: 
Regularization values: linear/quadratic/product: 0.423, categorical: 0.250, threshold: 1.790, hinge: 0.500
21 samples
Density: max memory 932184064, total allocated 205520896, free 57391928, used 148128968, increment 1948144
linearPredictor: max memory 932184064, total allocated 205520896, free 57391928, used 148128968, increment 0
FeaturedSpace: max memory 932184064, total allocated 205520896, free 57391928, used 148128968, increment 0
Sequential: max memory 932184064, total allocated 205520896, free 57391928, used 148128968, increment 0
Initial loss: 9.212138753917563
220: time = 0.479000 loss = 7.530769
Jackknife: leave bio_10 out
Making features
makeFeatures: max memory 932184064, total allocated 191889408, free 169872952, used 22016456, increment -126112512
Gustavia_santanderiensis_0 bio_10: 
Regularization values: linear/quadratic/product: 0.423, categorical: 0.250, threshold: 1.790, hinge: 0.500
21 samples
Density: max memory 932184064, total allocated 191889408, free 169872952, used 22016456, increment 0
linearPredictor: max memory 932184064, total allocated 191889408, free 169872952, used 22016456, increment 0
FeaturedSpace: max memory 932184064, total allocated 191889408, free 169872952, used 22016456, increment 0
Sequential: max memory 932184064, total allocated 191889408, free 169872952, used 22016456, increment 0
Initial loss: 9.212138753917563
220: time = 0.431000 loss = 7.530769
Jackknife: leave bio_11 out
Making features
makeFeatures: max memory 932184064, total allocated 191889408, free 168029272, used 23860136, increment 1843680
Gustavia_santanderiensis_0 bio_11: 
Regularization values: linear/quadratic/product: 0.423, categorical: 0.250, threshold: 1.790, hinge: 0.500
21 samples
Density: max memory 932184064, total allocated 191889408, free 165511888, used 26377520, increment 2517384
linearPredictor: max memory 932184064, total allocated 191889408, free 165511888, used 26377520, increment 0
FeaturedSpace: max memory 932184064, total allocated 191889408, free 165511888, used 26377520, increment 0
Sequential: max memory 932184064, total allocated 191889408, free 165511888, used 26377520, increment 0
Initial loss: 9.212138753917563
Time since start: 23.209
240: time = 0.458000 loss = 7.530769
Jackknife: leave bio_12 out
Making features
makeFeatures: max memory 932184064, total allocated 191889408, free 164870608, used 27018800, increment 641280
Gustavia_santanderiensis_0 bio_12: 
Regularization values: linear/quadratic/product: 0.423, categorical: 0.250, threshold: 1.790, hinge: 0.500
21 samples
Density: max memory 932184064, total allocated 191889408, free 162353224, used 29536184, increment 2517384
linearPredictor: max memory 932184064, total allocated 191889408, free 162353224, used 29536184, increment 0
FeaturedSpace: max memory 932184064, total allocated 191889408, free 162353224, used 29536184, increment 0
Sequential: max memory 932184064, total allocated 191889408, free 162353224, used 29536184, increment 0
Initial loss: 9.212138753917563
220: time = 0.451000 loss = 7.530769
Jackknife: leave bio_13 out
Making features
makeFeatures: max memory 932184064, total allocated 191889408, free 161711944, used 30177464, increment 641280
Gustavia_santanderiensis_0 bio_13: 
Regularization values: linear/quadratic/product: 0.423, categorical: 0.250, threshold: 1.790, hinge: 0.500
21 samples
Density: max memory 932184064, total allocated 191889408, free 161631784, used 30257624, increment 80160
linearPredictor: max memory 932184064, total allocated 191889408, free 161551624, used 30337784, increment 80160
FeaturedSpace: max memory 932184064, total allocated 191889408, free 161551624, used 30337784, increment 0
Sequential: max memory 932184064, total allocated 191889408, free 161551624, used 30337784, increment 0
Initial loss: 9.212138753917563
220: time = 0.433000 loss = 7.530769
Jackknife: leave bio_14 out
Making features
makeFeatures: max memory 932184064, total allocated 191889408, free 158633336, used 33256072, increment 2918288
Gustavia_santanderiensis_0 bio_14: 
Regularization values: linear/quadratic/product: 0.423, categorical: 0.250, threshold: 1.790, hinge: 0.500
21 samples
Density: max memory 932184064, total allocated 191889408, free 156115952, used 35773456, increment 2517384
linearPredictor: max memory 932184064, total allocated 191889408, free 156115952, used 35773456, increment 0
FeaturedSpace: max memory 932184064, total allocated 191889408, free 155972896, used 35916512, increment 143056
Sequential: max memory 932184064, total allocated 191889408, free 155972896, used 35916512, increment 0
Initial loss: 9.212138753917563
Time since start: 24.531
200: time = 0.388000 loss = 7.530769
Jackknife: leave bio_15 out
Making features
makeFeatures: max memory 932184064, total allocated 191889408, free 153455512, used 38433896, increment 2517384
Gustavia_santanderiensis_0 bio_15: 
Regularization values: linear/quadratic/product: 0.423, categorical: 0.250, threshold: 1.790, hinge: 0.500
21 samples
Density: max memory 932184064, total allocated 191889408, free 153455512, used 38433896, increment 0
linearPredictor: max memory 932184064, total allocated 191889408, free 153455512, used 38433896, increment 0
FeaturedSpace: max memory 932184064, total allocated 191889408, free 153455512, used 38433896, increment 0
Sequential: max memory 932184064, total allocated 191889408, free 153455512, used 38433896, increment 0
Initial loss: 9.212138753917563
260: time = 0.499000 loss = 7.657017
Jackknife: leave bio_16 out
Making features
makeFeatures: max memory 932184064, total allocated 191889408, free 152172952, used 39716456, increment 1282560
Gustavia_santanderiensis_0 bio_16: 
Regularization values: linear/quadratic/product: 0.423, categorical: 0.250, threshold: 1.790, hinge: 0.500
21 samples
Density: max memory 932184064, total allocated 191889408, free 152092792, used 39796616, increment 80160
linearPredictor: max memory 932184064, total allocated 191889408, free 152012632, used 39876776, increment 80160
FeaturedSpace: max memory 932184064, total allocated 191889408, free 152012632, used 39876776, increment 0
Sequential: max memory 932184064, total allocated 191889408, free 152012632, used 39876776, increment 0
Initial loss: 9.212138753917563
Time since start: 25.568
240: time = 0.510000 loss = 7.530769
Jackknife: leave bio_17 out
Making features
makeFeatures: max memory 932184064, total allocated 191889408, free 147057968, used 44831440, increment 4954664
Gustavia_santanderiensis_0 bio_17: 
Regularization values: linear/quadratic/product: 0.423, categorical: 0.250, threshold: 1.790, hinge: 0.500
21 samples
Density: max memory 932184064, total allocated 191889408, free 147057968, used 44831440, increment 0
linearPredictor: max memory 932184064, total allocated 191889408, free 147057968, used 44831440, increment 0
FeaturedSpace: max memory 932184064, total allocated 191889408, free 147057968, used 44831440, increment 0
Sequential: max memory 932184064, total allocated 191889408, free 147057968, used 44831440, increment 0
Initial loss: 9.212138753917563
200: time = 0.397000 loss = 7.566661
Jackknife: leave bio_2 out
Making features
makeFeatures: max memory 932184064, total allocated 191889408, free 144540584, used 47348824, increment 2517384
Gustavia_santanderiensis_0 bio_2: 
Regularization values: linear/quadratic/product: 0.423, categorical: 0.250, threshold: 1.790, hinge: 0.500
21 samples
Density: max memory 932184064, total allocated 191889408, free 144540584, used 47348824, increment 0
linearPredictor: max memory 932184064, total allocated 191889408, free 144540584, used 47348824, increment 0
FeaturedSpace: max memory 932184064, total allocated 191889408, free 144540584, used 47348824, increment 0
Sequential: max memory 932184064, total allocated 191889408, free 144540584, used 47348824, increment 0
Initial loss: 9.212138753917563
260: time = 0.515000 loss = 7.530769
Jackknife: leave bio_3 out
Making features
makeFeatures: max memory 932184064, total allocated 191889408, free 142777064, used 49112344, increment 1763520
Gustavia_santanderiensis_0 bio_3: 
Regularization values: linear/quadratic/product: 0.423, categorical: 0.250, threshold: 1.790, hinge: 0.500
21 samples
Density: max memory 932184064, total allocated 191889408, free 142696904, used 49192504, increment 80160
linearPredictor: max memory 932184064, total allocated 191889408, free 142616744, used 49272664, increment 80160
FeaturedSpace: max memory 932184064, total allocated 191889408, free 142616744, used 49272664, increment 0
Sequential: max memory 932184064, total allocated 191889408, free 142616744, used 49272664, increment 0
Initial loss: 9.212138753917563
Time since start: 26.913
180: time = 0.388000 loss = 7.535447
Jackknife: leave bio_4 out
Making features
makeFeatures: max memory 932184064, total allocated 191889408, free 137662136, used 54227272, increment 4954608
Gustavia_santanderiensis_0 bio_4: 
Regularization values: linear/quadratic/product: 0.423, categorical: 0.250, threshold: 1.790, hinge: 0.500
21 samples
Density: max memory 932184064, total allocated 191889408, free 137662136, used 54227272, increment 0
linearPredictor: max memory 932184064, total allocated 191889408, free 137662136, used 54227272, increment 0
FeaturedSpace: max memory 932184064, total allocated 191889408, free 137662136, used 54227272, increment 0
Sequential: max memory 932184064, total allocated 191889408, free 137662136, used 54227272, increment 0
Initial loss: 9.212138753917563
240: time = 0.496000 loss = 7.532212
Jackknife: leave bio_5 out
Making features
makeFeatures: max memory 932184064, total allocated 191889408, free 135144752, used 56744656, increment 2517384
Gustavia_santanderiensis_0 bio_5: 
Regularization values: linear/quadratic/product: 0.423, categorical: 0.250, threshold: 1.790, hinge: 0.500
21 samples
Density: max memory 932184064, total allocated 191889408, free 135144752, used 56744656, increment 0
linearPredictor: max memory 932184064, total allocated 191889408, free 135144752, used 56744656, increment 0
FeaturedSpace: max memory 932184064, total allocated 191889408, free 135144752, used 56744656, increment 0
Sequential: max memory 932184064, total allocated 191889408, free 135144752, used 56744656, increment 0
Initial loss: 9.212138753917563
240: time = 0.470000 loss = 7.532546
Jackknife: leave bio_6 out
Making features
Time since start: 27.916
makeFeatures: max memory 932184064, total allocated 191889408, free 132627368, used 59262040, increment 2517384
Gustavia_santanderiensis_0 bio_6: 
Regularization values: linear/quadratic/product: 0.423, categorical: 0.250, threshold: 1.790, hinge: 0.500
21 samples
Density: max memory 932184064, total allocated 191889408, free 132627368, used 59262040, increment 0
linearPredictor: max memory 932184064, total allocated 191889408, free 132627368, used 59262040, increment 0
FeaturedSpace: max memory 932184064, total allocated 191889408, free 132627368, used 59262040, increment 0
Sequential: max memory 932184064, total allocated 191889408, free 132627368, used 59262040, increment 0
Initial loss: 9.212138753917563
160: time = 0.338000 loss = 7.547686
Jackknife: leave bio_7 out
Making features
makeFeatures: max memory 932184064, total allocated 191889408, free 130382888, used 61506520, increment 2244480
Gustavia_santanderiensis_0 bio_7: 
Regularization values: linear/quadratic/product: 0.423, categorical: 0.250, threshold: 1.790, hinge: 0.500
21 samples
Density: max memory 932184064, total allocated 191889408, free 130302728, used 61586680, increment 80160
linearPredictor: max memory 932184064, total allocated 191889408, free 130222568, used 61666840, increment 80160
FeaturedSpace: max memory 932184064, total allocated 191889408, free 130222568, used 61666840, increment 0
Sequential: max memory 932184064, total allocated 191889408, free 130222568, used 61666840, increment 0
Initial loss: 9.212138753917563
240: time = 0.454000 loss = 7.530769
Jackknife: leave bio_ai_et0 out
Making features
makeFeatures: max memory 932184064, total allocated 191889408, free 125267912, used 66621496, increment 4954656
Gustavia_santanderiensis_0 bio_ai_et0: 
Regularization values: linear/quadratic/product: 0.423, categorical: 0.250, threshold: 1.790, hinge: 0.500
21 samples
Density: max memory 932184064, total allocated 191889408, free 125267912, used 66621496, increment 0
linearPredictor: max memory 932184064, total allocated 191889408, free 125267912, used 66621496, increment 0
FeaturedSpace: max memory 932184064, total allocated 191889408, free 125267912, used 66621496, increment 0
Sequential: max memory 932184064, total allocated 191889408, free 125267912, used 66621496, increment 0
Initial loss: 9.212138753917563
Time since start: 29.231
280: time = 0.491000 loss = 7.530770
Jackknife: leave bio_et0_yr out
Making features
makeFeatures: max memory 932184064, total allocated 191889408, free 122750528, used 69138880, increment 2517384
Gustavia_santanderiensis_0 bio_et0_yr: 
Regularization values: linear/quadratic/product: 0.423, categorical: 0.250, threshold: 1.790, hinge: 0.500
21 samples
Density: max memory 932184064, total allocated 191889408, free 122750528, used 69138880, increment 0
linearPredictor: max memory 932184064, total allocated 191889408, free 122750528, used 69138880, increment 0
FeaturedSpace: max memory 932184064, total allocated 191889408, free 122750528, used 69138880, increment 0
Sequential: max memory 932184064, total allocated 191889408, free 122750528, used 69138880, increment 0
Initial loss: 9.212138753917563
240: time = 0.444000 loss = 7.531354
Jackknife: only bio_1
Making features
makeFeatures: max memory 932184064, total allocated 191889408, free 122750528, used 69138880, increment 0
Gustavia_santanderiensis_0 bio_1: 
Regularization values: linear/quadratic/product: 0.423, categorical: 0.250, threshold: 1.790, hinge: 0.500
21 samples
Density: max memory 932184064, total allocated 191889408, free 122750528, used 69138880, increment 0
linearPredictor: max memory 932184064, total allocated 191889408, free 122750528, used 69138880, increment 0
FeaturedSpace: max memory 932184064, total allocated 191889408, free 122750528, used 69138880, increment 0
Sequential: max memory 932184064, total allocated 191889408, free 122750528, used 69138880, increment 0
Initial loss: 9.212138753917563
100: time = 0.230000 loss = 8.852982
Res.gain: 0.3591570278263898
Jackknife: only bio_10
Making features
makeFeatures: max memory 932184064, total allocated 191889408, free 122750528, used 69138880, increment 0
Gustavia_santanderiensis_0 bio_10: 
Regularization values: linear/quadratic/product: 0.423, categorical: 0.250, threshold: 1.790, hinge: 0.500
21 samples
Density: max memory 932184064, total allocated 191889408, free 122750528, used 69138880, increment 0
linearPredictor: max memory 932184064, total allocated 191889408, free 122670368, used 69219040, increment 80160
FeaturedSpace: max memory 932184064, total allocated 191889408, free 122670368, used 69219040, increment 0
Sequential: max memory 932184064, total allocated 191889408, free 122670368, used 69219040, increment 0
Initial loss: 9.212138753917563
80: time = 0.267000 loss = 8.887340
Res.gain: 0.32479883314654856
Jackknife: only bio_11
Making features
makeFeatures: max memory 932184064, total allocated 191889408, free 120152984, used 71736424, increment 2517384
Gustavia_santanderiensis_0 bio_11: 
Regularization values: linear/quadratic/product: 0.423, categorical: 0.250, threshold: 1.790, hinge: 0.500
21 samples
Density: max memory 932184064, total allocated 191889408, free 120152984, used 71736424, increment 0
linearPredictor: max memory 932184064, total allocated 191889408, free 120152984, used 71736424, increment 0
FeaturedSpace: max memory 932184064, total allocated 191889408, free 120152984, used 71736424, increment 0
Sequential: max memory 932184064, total allocated 191889408, free 120152984, used 71736424, increment 0
Initial loss: 9.212138753917563
Time since start: 30.482
100: time = 0.281000 loss = 8.868347
Res.gain: 0.34379224618731286
Jackknife: only bio_12
Making features
makeFeatures: max memory 932184064, total allocated 191889408, free 120152984, used 71736424, increment 0
Gustavia_santanderiensis_0 bio_12: 
Regularization values: linear/quadratic/product: 0.423, categorical: 0.250, threshold: 1.790, hinge: 0.500
21 samples
Density: max memory 932184064, total allocated 191889408, free 120152984, used 71736424, increment 0
linearPredictor: max memory 932184064, total allocated 191889408, free 120152984, used 71736424, increment 0
FeaturedSpace: max memory 932184064, total allocated 191889408, free 120152984, used 71736424, increment 0
Sequential: max memory 932184064, total allocated 191889408, free 120152984, used 71736424, increment 0
Initial loss: 9.212138753917563
60: time = 0.213000 loss = 9.100415
Res.gain: 0.11172350038868473
Jackknife: only bio_13
Making features
makeFeatures: max memory 932184064, total allocated 191889408, free 120152984, used 71736424, increment 0
Gustavia_santanderiensis_0 bio_13: 
Regularization values: linear/quadratic/product: 0.423, categorical: 0.250, threshold: 1.790, hinge: 0.500
21 samples
Density: max memory 932184064, total allocated 191889408, free 120152984, used 71736424, increment 0
linearPredictor: max memory 932184064, total allocated 191889408, free 120152984, used 71736424, increment 0
FeaturedSpace: max memory 932184064, total allocated 191889408, free 120152984, used 71736424, increment 0
Sequential: max memory 932184064, total allocated 191889408, free 120152984, used 71736424, increment 0
Initial loss: 9.212138753917563
60: time = 0.237000 loss = 9.188710
Res.gain: 0.02342913457160911
Jackknife: only bio_14
Making features
makeFeatures: max memory 932184064, total allocated 191889408, free 120152984, used 71736424, increment 0
Gustavia_santanderiensis_0 bio_14: 
Regularization values: linear/quadratic/product: 0.423, categorical: 0.250, threshold: 1.790, hinge: 0.500
21 samples
Density: max memory 932184064, total allocated 191889408, free 120152984, used 71736424, increment 0
linearPredictor: max memory 932184064, total allocated 191889408, free 120152984, used 71736424, increment 0
FeaturedSpace: max memory 932184064, total allocated 191889408, free 120152984, used 71736424, increment 0
Sequential: max memory 932184064, total allocated 191889408, free 120152984, used 71736424, increment 0
Initial loss: 9.212138753917563
60: time = 0.206000 loss = 8.967360
Res.gain: 0.2447787166644737
Jackknife: only bio_15
Making features
makeFeatures: max memory 932184064, total allocated 191889408, free 120152984, used 71736424, increment 0
Gustavia_santanderiensis_0 bio_15: 
Regularization values: linear/quadratic/product: 0.423, categorical: 0.250, threshold: 1.790, hinge: 0.500
21 samples
Density: max memory 932184064, total allocated 191889408, free 120152984, used 71736424, increment 0
linearPredictor: max memory 932184064, total allocated 191889408, free 120152984, used 71736424, increment 0
FeaturedSpace: max memory 932184064, total allocated 191889408, free 120152984, used 71736424, increment 0
Sequential: max memory 932184064, total allocated 191889408, free 120152984, used 71736424, increment 0
Initial loss: 9.212138753917563
60: time = 0.202000 loss = 8.968828
Res.gain: 0.24331110082415286
Jackknife: only bio_16
Making features
makeFeatures: max memory 932184064, total allocated 191889408, free 120152984, used 71736424, increment 0
Gustavia_santanderiensis_0 bio_16: 
Regularization values: linear/quadratic/product: 0.423, categorical: 0.250, threshold: 1.790, hinge: 0.500
21 samples
Density: max memory 932184064, total allocated 191889408, free 120152984, used 71736424, increment 0
linearPredictor: max memory 932184064, total allocated 191889408, free 120152984, used 71736424, increment 0
FeaturedSpace: max memory 932184064, total allocated 191889408, free 120152984, used 71736424, increment 0
Sequential: max memory 932184064, total allocated 191889408, free 120152984, used 71736424, increment 0
Initial loss: 9.212138753917563
Time since start: 31.587
60: time = 0.229000 loss = 9.184538
Res.gain: 0.027600735793258835
Jackknife: only bio_17
Making features
makeFeatures: max memory 932184064, total allocated 191889408, free 120152984, used 71736424, increment 0
Gustavia_santanderiensis_0 bio_17: 
Regularization values: linear/quadratic/product: 0.423, categorical: 0.250, threshold: 1.790, hinge: 0.500
21 samples
Density: max memory 932184064, total allocated 191889408, free 120072824, used 71816584, increment 80160
linearPredictor: max memory 932184064, total allocated 191889408, free 119992664, used 71896744, increment 80160
FeaturedSpace: max memory 932184064, total allocated 191889408, free 119992664, used 71896744, increment 0
Sequential: max memory 932184064, total allocated 191889408, free 119992664, used 71896744, increment 0
Initial loss: 9.212138753917563
60: time = 0.203000 loss = 8.751429
Res.gain: 0.46070925933090656
Jackknife: only bio_2
Making features
makeFeatures: max memory 932184064, total allocated 191889408, free 117475280, used 74414128, increment 2517384
Gustavia_santanderiensis_0 bio_2: 
Regularization values: linear/quadratic/product: 0.423, categorical: 0.250, threshold: 1.790, hinge: 0.500
21 samples
Density: max memory 932184064, total allocated 191889408, free 117475280, used 74414128, increment 0
linearPredictor: max memory 932184064, total allocated 191889408, free 117475280, used 74414128, increment 0
FeaturedSpace: max memory 932184064, total allocated 191889408, free 117475280, used 74414128, increment 0
Sequential: max memory 932184064, total allocated 191889408, free 117475280, used 74414128, increment 0
Initial loss: 9.212138753917563
60: time = 0.341000 loss = 9.167017
Res.gain: 0.04512147237657871
Jackknife: only bio_3
Making features
makeFeatures: max memory 932184064, total allocated 191889408, free 117475280, used 74414128, increment 0
Gustavia_santanderiensis_0 bio_3: 
Regularization values: linear/quadratic/product: 0.423, categorical: 0.250, threshold: 1.790, hinge: 0.500
21 samples
Density: max memory 932184064, total allocated 191889408, free 117475280, used 74414128, increment 0
linearPredictor: max memory 932184064, total allocated 191889408, free 117475280, used 74414128, increment 0
FeaturedSpace: max memory 932184064, total allocated 191889408, free 117475280, used 74414128, increment 0
Sequential: max memory 932184064, total allocated 191889408, free 117475280, used 74414128, increment 0
Initial loss: 9.212138753917563
60: time = 0.219000 loss = 9.152681
Res.gain: 0.05945746862649948
Jackknife: only bio_4
Making features
makeFeatures: max memory 932184064, total allocated 191889408, free 117475280, used 74414128, increment 0
Gustavia_santanderiensis_0 bio_4: 
Regularization values: linear/quadratic/product: 0.423, categorical: 0.250, threshold: 1.790, hinge: 0.500
21 samples
Density: max memory 932184064, total allocated 191889408, free 117475280, used 74414128, increment 0
linearPredictor: max memory 932184064, total allocated 191889408, free 117475280, used 74414128, increment 0
FeaturedSpace: max memory 932184064, total allocated 191889408, free 117475280, used 74414128, increment 0
Sequential: max memory 932184064, total allocated 191889408, free 117475280, used 74414128, increment 0
Initial loss: 9.212138753917563
Time since start: 32.602
60: time = 0.240000 loss = 9.211496
Res.gain: 6.431571041947137E-4
Jackknife: only bio_5
Making features
makeFeatures: max memory 932184064, total allocated 191889408, free 117475280, used 74414128, increment 0
Gustavia_santanderiensis_0 bio_5: 
Regularization values: linear/quadratic/product: 0.423, categorical: 0.250, threshold: 1.790, hinge: 0.500
21 samples
Density: max memory 932184064, total allocated 191889408, free 117475280, used 74414128, increment 0
linearPredictor: max memory 932184064, total allocated 191889408, free 117475280, used 74414128, increment 0
FeaturedSpace: max memory 932184064, total allocated 191889408, free 117475280, used 74414128, increment 0
Sequential: max memory 932184064, total allocated 191889408, free 117475280, used 74414128, increment 0
Initial loss: 9.212138753917563
80: time = 0.248000 loss = 8.897868
Res.gain: 0.3142705350888946
Jackknife: only bio_6
Making features
makeFeatures: max memory 932184064, total allocated 191889408, free 117475280, used 74414128, increment 0
Gustavia_santanderiensis_0 bio_6: 
Regularization values: linear/quadratic/product: 0.423, categorical: 0.250, threshold: 1.790, hinge: 0.500
21 samples
Density: max memory 932184064, total allocated 191889408, free 117475280, used 74414128, increment 0
linearPredictor: max memory 932184064, total allocated 191889408, free 117475280, used 74414128, increment 0
FeaturedSpace: max memory 932184064, total allocated 191889408, free 117475280, used 74414128, increment 0
Sequential: max memory 932184064, total allocated 191889408, free 117475280, used 74414128, increment 0
Initial loss: 9.212138753917563
100: time = 0.357000 loss = 8.812560
Res.gain: 0.3995787574323124
Jackknife: only bio_7
Making features
makeFeatures: max memory 932184064, total allocated 191889408, free 117475280, used 74414128, increment 0
Gustavia_santanderiensis_0 bio_7: 
Regularization values: linear/quadratic/product: 0.423, categorical: 0.250, threshold: 1.790, hinge: 0.500
21 samples
Density: max memory 932184064, total allocated 191889408, free 117475280, used 74414128, increment 0
linearPredictor: max memory 932184064, total allocated 191889408, free 117475280, used 74414128, increment 0
FeaturedSpace: max memory 932184064, total allocated 191889408, free 117475280, used 74414128, increment 0
Sequential: max memory 932184064, total allocated 191889408, free 117475280, used 74414128, increment 0
Initial loss: 9.212138753917563
20: time = 0.085000 loss = 9.212138
Res.gain: 6.436342587790023E-7
Jackknife: only bio_ai_et0
Making features
makeFeatures: max memory 932184064, total allocated 191889408, free 117475280, used 74414128, increment 0
Gustavia_santanderiensis_0 bio_ai_et0: 
Regularization values: linear/quadratic/product: 0.423, categorical: 0.250, threshold: 1.790, hinge: 0.500
21 samples
Density: max memory 932184064, total allocated 191889408, free 117395120, used 74494288, increment 80160
linearPredictor: max memory 932184064, total allocated 191889408, free 117314960, used 74574448, increment 80160
FeaturedSpace: max memory 932184064, total allocated 191889408, free 117314960, used 74574448, increment 0
Sequential: max memory 932184064, total allocated 191889408, free 117314960, used 74574448, increment 0
Initial loss: 9.212138753917563
60: time = 0.222000 loss = 9.159247
Res.gain: 0.05289162798494651
Jackknife: only bio_et0_yr
Making features
makeFeatures: max memory 932184064, total allocated 191889408, free 114797576, used 77091832, increment 2517384
Gustavia_santanderiensis_0 bio_et0_yr: 
Regularization values: linear/quadratic/product: 0.423, categorical: 0.250, threshold: 1.790, hinge: 0.500
21 samples
Density: max memory 932184064, total allocated 191889408, free 114797576, used 77091832, increment 0
linearPredictor: max memory 932184064, total allocated 191889408, free 114797576, used 77091832, increment 0
FeaturedSpace: max memory 932184064, total allocated 191889408, free 114797576, used 77091832, increment 0
Sequential: max memory 932184064, total allocated 191889408, free 114797576, used 77091832, increment 0
Initial loss: 9.212138753917563
Time since start: 33.732
60: time = 0.203000 loss = 9.160359
Res.gain: 0.051779561448075384
getSamples: max memory 932184064, total allocated 191889408, free 109917496, used 81971912, increment 4880080
Making features
makeFeatures: max memory 932184064, total allocated 191889408, free 107400088, used 84489320, increment 2517408
Gustavia_santanderiensis_1: 
Regularization values: linear/quadratic/product: 0.423, categorical: 0.250, threshold: 1.790, hinge: 0.500
21 samples
Density: max memory 932184064, total allocated 191889408, free 107400088, used 84489320, increment 0
linearPredictor: max memory 932184064, total allocated 191889408, free 107400088, used 84489320, increment 0
FeaturedSpace: max memory 932184064, total allocated 191889408, free 107400088, used 84489320, increment 0
Sequential: max memory 932184064, total allocated 191889408, free 107400088, used 84489320, increment 0
Initial loss: 9.212438170058329
260: time = 0.458000 loss = 7.639691
Resulting gain: 1.5727467233646886
Time since start: 34.741
Projecting...
Writing file C:\Users\Camila\Desktop\Modelo opc3\Final_Models\M_3_F_lq_Set_1\Gustavia_santanderiensis_1.asc
Time since start: 37.762
Writing C:\Users\Camila\Desktop\Modelo opc3\Final_Models\M_3_F_lq_Set_1\plots\Gustavia_santanderiensis_1.png
Gustavia_santanderiensis_1 response curves
Time since start: 43.907
Response curve: only bio_1
Making features
makeFeatures: max memory 932184064, total allocated 179830784, free 124730064, used 55100720, increment -29388600
Gustavia_santanderiensis_1 bio_1: 
Regularization values: linear/quadratic/product: 0.423, categorical: 0.250, threshold: 1.790, hinge: 0.500
21 samples
Density: max memory 932184064, total allocated 179830784, free 124730064, used 55100720, increment 0
linearPredictor: max memory 932184064, total allocated 179830784, free 124730064, used 55100720, increment 0
FeaturedSpace: max memory 932184064, total allocated 179830784, free 124730064, used 55100720, increment 0
Sequential: max memory 932184064, total allocated 179830784, free 124730064, used 55100720, increment 0
Initial loss: 9.212438170058329
Time since start: 45.154
100: time = 1.243000 loss = 8.793207
Resulting gain: 0.41923166744937923
Gustavia_santanderiensis_1 response curves
Response curve: only bio_10
Making features
makeFeatures: max memory 932184064, total allocated 179830784, free 120359448, used 59471336, increment 4370616
Gustavia_santanderiensis_1 bio_10: 
Regularization values: linear/quadratic/product: 0.423, categorical: 0.250, threshold: 1.790, hinge: 0.500
21 samples
Density: max memory 932184064, total allocated 179830784, free 120359448, used 59471336, increment 0
linearPredictor: max memory 932184064, total allocated 179830784, free 120359448, used 59471336, increment 0
FeaturedSpace: max memory 932184064, total allocated 179830784, free 120359448, used 59471336, increment 0
Sequential: max memory 932184064, total allocated 179830784, free 120359448, used 59471336, increment 0
Initial loss: 9.212438170058329
100: time = 0.402000 loss = 8.826167
Resulting gain: 0.38627086390491705
Gustavia_santanderiensis_1 response curves
Response curve: only bio_11
Making features
makeFeatures: max memory 932184064, total allocated 179830784, free 115988824, used 63841960, increment 4370624
Gustavia_santanderiensis_1 bio_11: 
Regularization values: linear/quadratic/product: 0.423, categorical: 0.250, threshold: 1.790, hinge: 0.500
21 samples
Density: max memory 932184064, total allocated 179830784, free 115988824, used 63841960, increment 0
linearPredictor: max memory 932184064, total allocated 179830784, free 115908640, used 63922144, increment 80184
FeaturedSpace: max memory 932184064, total allocated 179830784, free 115908640, used 63922144, increment 0
Sequential: max memory 932184064, total allocated 179830784, free 115908640, used 63922144, increment 0
Initial loss: 9.212438170058329
Time since start: 46.357
100: time = 0.418000 loss = 8.805948
Resulting gain: 0.40649041063475444
Gustavia_santanderiensis_1 response curves
Response curve: only bio_12
Making features
makeFeatures: max memory 932184064, total allocated 179830784, free 111538024, used 68292760, increment 4370616
Gustavia_santanderiensis_1 bio_12: 
Regularization values: linear/quadratic/product: 0.423, categorical: 0.250, threshold: 1.790, hinge: 0.500
21 samples
Density: max memory 932184064, total allocated 179830784, free 111538024, used 68292760, increment 0
linearPredictor: max memory 932184064, total allocated 179830784, free 109273768, used 70557016, increment 2264256
FeaturedSpace: max memory 932184064, total allocated 179830784, free 109273768, used 70557016, increment 0
Sequential: max memory 932184064, total allocated 179830784, free 109273768, used 70557016, increment 0
Initial loss: 9.212438170058329
60: time = 0.229000 loss = 9.107588
Resulting gain: 0.10484993282604549
Gustavia_santanderiensis_1 response curves
Time since start: 47.477
Response curve: only bio_13
Making features
makeFeatures: max memory 932184064, total allocated 179830784, free 107087280, used 72743504, increment 2186488
Gustavia_santanderiensis_1 bio_13: 
Regularization values: linear/quadratic/product: 0.423, categorical: 0.250, threshold: 1.790, hinge: 0.500
21 samples
Density: max memory 932184064, total allocated 179830784, free 107087280, used 72743504, increment 0
linearPredictor: max memory 932184064, total allocated 179830784, free 104823024, used 75007760, increment 2264256
FeaturedSpace: max memory 932184064, total allocated 179830784, free 104823024, used 75007760, increment 0
Sequential: max memory 932184064, total allocated 179830784, free 104823024, used 75007760, increment 0
Initial loss: 9.212438170058329
60: time = 0.275000 loss = 9.170973
Resulting gain: 0.0414650332692208
Gustavia_santanderiensis_1 response curves
Response curve: only bio_14
Making features
makeFeatures: max memory 932184064, total allocated 179830784, free 102601576, used 77229208, increment 2221448
Gustavia_santanderiensis_1 bio_14: 
Regularization values: linear/quadratic/product: 0.423, categorical: 0.250, threshold: 1.790, hinge: 0.500
21 samples
Density: max memory 932184064, total allocated 179830784, free 102601576, used 77229208, increment 0
linearPredictor: max memory 932184064, total allocated 179830784, free 102521392, used 77309392, increment 80184
FeaturedSpace: max memory 932184064, total allocated 179830784, free 102521392, used 77309392, increment 0
Sequential: max memory 932184064, total allocated 179830784, free 102521392, used 77309392, increment 0
Initial loss: 9.212438170058329
60: time = 0.261000 loss = 9.073112
Resulting gain: 0.13932635225659595
Gustavia_santanderiensis_1 response curves
Time since start: 48.504
Response curve: only bio_15
Making features
makeFeatures: max memory 932184064, total allocated 179830784, free 98134432, used 81696352, increment 4386960
Gustavia_santanderiensis_1 bio_15: 
Regularization values: linear/quadratic/product: 0.423, categorical: 0.250, threshold: 1.790, hinge: 0.500
21 samples
Density: max memory 932184064, total allocated 179830784, free 98134432, used 81696352, increment 0
linearPredictor: max memory 932184064, total allocated 179830784, free 98134432, used 81696352, increment 0
FeaturedSpace: max memory 932184064, total allocated 179830784, free 98134432, used 81696352, increment 0
Sequential: max memory 932184064, total allocated 179830784, free 98134432, used 81696352, increment 0
Initial loss: 9.212438170058329
60: time = 0.264000 loss = 9.041521
Resulting gain: 0.17091734671902437
Gustavia_santanderiensis_1 response curves
Response curve: only bio_16
Making features
makeFeatures: max memory 932184064, total allocated 179830784, free 93763840, used 86066944, increment 4370592
Gustavia_santanderiensis_1 bio_16: 
Regularization values: linear/quadratic/product: 0.423, categorical: 0.250, threshold: 1.790, hinge: 0.500
21 samples
Density: max memory 932184064, total allocated 179830784, free 93763840, used 86066944, increment 0
linearPredictor: max memory 932184064, total allocated 179830784, free 93683656, used 86147128, increment 80184
FeaturedSpace: max memory 932184064, total allocated 179830784, free 93683656, used 86147128, increment 0
Sequential: max memory 932184064, total allocated 179830784, free 93683656, used 86147128, increment 0
Initial loss: 9.212438170058329
60: time = 0.251000 loss = 9.188839
Resulting gain: 0.023599553006000917
Gustavia_santanderiensis_1 response curves
Response curve: only bio_17
Making features
makeFeatures: max memory 932184064, total allocated 179830784, free 89315456, used 90515328, increment 4368200
Gustavia_santanderiensis_1 bio_17: 
Regularization values: linear/quadratic/product: 0.423, categorical: 0.250, threshold: 1.790, hinge: 0.500
21 samples
Density: max memory 932184064, total allocated 179830784, free 89315456, used 90515328, increment 0
linearPredictor: max memory 932184064, total allocated 179830784, free 89315456, used 90515328, increment 0
FeaturedSpace: max memory 932184064, total allocated 179830784, free 89315456, used 90515328, increment 0
Sequential: max memory 932184064, total allocated 179830784, free 89315456, used 90515328, increment 0
Initial loss: 9.212438170058329
Time since start: 49.571
100: time = 0.166000 loss = 8.898004
Resulting gain: 0.31443444595222303
Gustavia_santanderiensis_1 response curves
Response curve: only bio_2
Making features
makeFeatures: max memory 932184064, total allocated 179830784, free 84944872, used 94885912, increment 4370584
Gustavia_santanderiensis_1 bio_2: 
Regularization values: linear/quadratic/product: 0.423, categorical: 0.250, threshold: 1.790, hinge: 0.500
21 samples
Density: max memory 932184064, total allocated 179830784, free 84944872, used 94885912, increment 0
linearPredictor: max memory 932184064, total allocated 179830784, free 82680616, used 97150168, increment 2264256
FeaturedSpace: max memory 932184064, total allocated 179830784, free 82680616, used 97150168, increment 0
Sequential: max memory 932184064, total allocated 179830784, free 82680616, used 97150168, increment 0
Initial loss: 9.212438170058329
60: time = 0.203000 loss = 9.043307
Resulting gain: 0.16913092440410082
Gustavia_santanderiensis_1 response curves
Time since start: 50.65
Response curve: only bio_3
Making features
makeFeatures: max memory 932184064, total allocated 179830784, free 80494128, used 99336656, increment 2186488
Gustavia_santanderiensis_1 bio_3: 
Regularization values: linear/quadratic/product: 0.423, categorical: 0.250, threshold: 1.790, hinge: 0.500
21 samples
Density: max memory 932184064, total allocated 179830784, free 80494128, used 99336656, increment 0
linearPredictor: max memory 932184064, total allocated 179830784, free 78229872, used 101600912, increment 2264256
FeaturedSpace: max memory 932184064, total allocated 179830784, free 78229872, used 101600912, increment 0
Sequential: max memory 932184064, total allocated 179830784, free 78229872, used 101600912, increment 0
Initial loss: 9.212438170058329
60: time = 0.256000 loss = 9.151574
Resulting gain: 0.06086380009815073
Gustavia_santanderiensis_1 response curves
Response curve: only bio_4
Making features
makeFeatures: max memory 932184064, total allocated 179830784, free 76043384, used 103787400, increment 2186488
Gustavia_santanderiensis_1 bio_4: 
Regularization values: linear/quadratic/product: 0.423, categorical: 0.250, threshold: 1.790, hinge: 0.500
21 samples
Density: max memory 932184064, total allocated 179830784, free 76043384, used 103787400, increment 0
linearPredictor: max memory 932184064, total allocated 179830784, free 73779128, used 106051656, increment 2264256
FeaturedSpace: max memory 932184064, total allocated 179830784, free 73779128, used 106051656, increment 0
Sequential: max memory 932184064, total allocated 179830784, free 73779128, used 106051656, increment 0
Initial loss: 9.212438170058329
20: time = 0.107000 loss = 9.212438
Resulting gain: 0.0
Gustavia_santanderiensis_1 response curves
Response curve: only bio_5
Making features
makeFeatures: max memory 932184064, total allocated 179830784, free 71592640, used 108238144, increment 2186488
Gustavia_santanderiensis_1 bio_5: 
Regularization values: linear/quadratic/product: 0.423, categorical: 0.250, threshold: 1.790, hinge: 0.500
21 samples
Density: max memory 932184064, total allocated 179830784, free 71592640, used 108238144, increment 0
linearPredictor: max memory 932184064, total allocated 179830784, free 71512456, used 108318328, increment 80184
FeaturedSpace: max memory 932184064, total allocated 179830784, free 71512456, used 108318328, increment 0
Sequential: max memory 932184064, total allocated 179830784, free 71512456, used 108318328, increment 0
Initial loss: 9.212438170058329
Time since start: 51.818
100: time = 0.371000 loss = 8.812255
Resulting gain: 0.4001832257793332
Gustavia_santanderiensis_1 response curves
Response curve: only bio_6
Making features
makeFeatures: max memory 932184064, total allocated 179830784, free 67141872, used 112688912, increment 4370584
Gustavia_santanderiensis_1 bio_6: 
Regularization values: linear/quadratic/product: 0.423, categorical: 0.250, threshold: 1.790, hinge: 0.500
21 samples
Density: max memory 932184064, total allocated 179830784, free 67141872, used 112688912, increment 0
linearPredictor: max memory 932184064, total allocated 179830784, free 64877616, used 114953168, increment 2264256
FeaturedSpace: max memory 932184064, total allocated 179830784, free 64877616, used 114953168, increment 0
Sequential: max memory 932184064, total allocated 179830784, free 64877616, used 114953168, increment 0
Initial loss: 9.212438170058329
100: time = 0.365000 loss = 8.801333
Resulting gain: 0.4111049802346525
Gustavia_santanderiensis_1 response curves
Response curve: only bio_7
Making features
makeFeatures: max memory 932184064, total allocated 179830784, free 62693512, used 117137272, increment 2184104
Gustavia_santanderiensis_1 bio_7: 
Regularization values: linear/quadratic/product: 0.423, categorical: 0.250, threshold: 1.790, hinge: 0.500
21 samples
Density: max memory 932184064, total allocated 179830784, free 62613328, used 117217456, increment 80184
linearPredictor: max memory 932184064, total allocated 179830784, free 62533144, used 117297640, increment 80184
FeaturedSpace: max memory 932184064, total allocated 179830784, free 62533144, used 117297640, increment 0
Sequential: max memory 932184064, total allocated 179830784, free 62533144, used 117297640, increment 0
Initial loss: 9.212438170058329
60: time = 0.221000 loss = 9.196101
Resulting gain: 0.016336678283376926
Gustavia_santanderiensis_1 response curves
Time since start: 53.147
Response curve: only bio_ai_et0
Making features
makeFeatures: max memory 932184064, total allocated 179830784, free 58146184, used 121684600, increment 4386960
Gustavia_santanderiensis_1 bio_ai_et0: 
Regularization values: linear/quadratic/product: 0.423, categorical: 0.250, threshold: 1.790, hinge: 0.500
21 samples
Density: max memory 932184064, total allocated 179830784, free 58146184, used 121684600, increment 0
linearPredictor: max memory 932184064, total allocated 179830784, free 58066000, used 121764784, increment 80184
FeaturedSpace: max memory 932184064, total allocated 179830784, free 58066000, used 121764784, increment 0
Sequential: max memory 932184064, total allocated 179830784, free 58066000, used 121764784, increment 0
Initial loss: 9.212438170058329
60: time = 0.370000 loss = 9.172232
Resulting gain: 0.04020584661470572
Gustavia_santanderiensis_1 response curves
Response curve: only bio_et0_yr
Making features
makeFeatures: max memory 932184064, total allocated 179830784, free 53691416, used 126139368, increment 4374584
Gustavia_santanderiensis_1 bio_et0_yr: 
Regularization values: linear/quadratic/product: 0.423, categorical: 0.250, threshold: 1.790, hinge: 0.500
21 samples
Density: max memory 932184064, total allocated 179830784, free 53691416, used 126139368, increment 0
linearPredictor: max memory 932184064, total allocated 179830784, free 53691416, used 126139368, increment 0
FeaturedSpace: max memory 932184064, total allocated 179830784, free 53691416, used 126139368, increment 0
Sequential: max memory 932184064, total allocated 179830784, free 53691416, used 126139368, increment 0
Initial loss: 9.212438170058329
60: time = 0.216000 loss = 9.141316
Resulting gain: 0.07112243879066504
Gustavia_santanderiensis_1 response curves
Time since start: 54.963
Jackknife: leave bio_1 out
Making features
makeFeatures: max memory 932184064, total allocated 170393600, free 118903768, used 51489832, increment -74649536
Gustavia_santanderiensis_1 bio_1: 
Regularization values: linear/quadratic/product: 0.423, categorical: 0.250, threshold: 1.790, hinge: 0.500
21 samples
Density: max memory 932184064, total allocated 170393600, free 118823584, used 51570016, increment 80184
linearPredictor: max memory 932184064, total allocated 170393600, free 118743400, used 51650200, increment 80184
FeaturedSpace: max memory 932184064, total allocated 170393600, free 118743400, used 51650200, increment 0
Sequential: max memory 932184064, total allocated 170393600, free 118743400, used 51650200, increment 0
Initial loss: 9.212438170058329
200: time = 0.356000 loss = 7.641681
Jackknife: leave bio_10 out
Making features
makeFeatures: max memory 932184064, total allocated 170393600, free 115924720, used 54468880, increment 2818680
Gustavia_santanderiensis_1 bio_10: 
Regularization values: linear/quadratic/product: 0.423, categorical: 0.250, threshold: 1.790, hinge: 0.500
21 samples
Density: max memory 932184064, total allocated 170393600, free 113827752, used 56565848, increment 2096968
linearPredictor: max memory 932184064, total allocated 170393600, free 113827752, used 56565848, increment 0
FeaturedSpace: max memory 932184064, total allocated 170393600, free 113827752, used 56565848, increment 0
Sequential: max memory 932184064, total allocated 170393600, free 113827752, used 56565848, increment 0
Initial loss: 9.212438170058329
160: time = 0.301000 loss = 7.639692
Jackknife: leave bio_11 out
Making features
makeFeatures: max memory 932184064, total allocated 170393600, free 112945728, used 57447872, increment 882024
Gustavia_santanderiensis_1 bio_11: 
Regularization values: linear/quadratic/product: 0.423, categorical: 0.250, threshold: 1.790, hinge: 0.500
21 samples
Density: max memory 932184064, total allocated 170393600, free 110848760, used 59544840, increment 2096968
linearPredictor: max memory 932184064, total allocated 170393600, free 110848760, used 59544840, increment 0
FeaturedSpace: max memory 932184064, total allocated 170393600, free 110848760, used 59544840, increment 0
Sequential: max memory 932184064, total allocated 170393600, free 110848760, used 59544840, increment 0
Initial loss: 9.212438170058329
Time since start: 56.04
220: time = 0.382000 loss = 7.639692
Jackknife: leave bio_12 out
Making features
makeFeatures: max memory 932184064, total allocated 170393600, free 109886552, used 60507048, increment 962208
Gustavia_santanderiensis_1 bio_12: 
Regularization values: linear/quadratic/product: 0.423, categorical: 0.250, threshold: 1.790, hinge: 0.500
21 samples
Density: max memory 932184064, total allocated 170393600, free 109806368, used 60587232, increment 80184
linearPredictor: max memory 932184064, total allocated 170393600, free 109726184, used 60667416, increment 80184
FeaturedSpace: max memory 932184064, total allocated 170393600, free 109726184, used 60667416, increment 0
Sequential: max memory 932184064, total allocated 170393600, free 109726184, used 60667416, increment 0
Initial loss: 9.212438170058329
180: time = 0.337000 loss = 7.639693
Jackknife: leave bio_13 out
Making features
makeFeatures: max memory 932184064, total allocated 170393600, free 106907488, used 63486112, increment 2818696
Gustavia_santanderiensis_1 bio_13: 
Regularization values: linear/quadratic/product: 0.423, categorical: 0.250, threshold: 1.790, hinge: 0.500
21 samples
Density: max memory 932184064, total allocated 170393600, free 106827304, used 63566296, increment 80184
linearPredictor: max memory 932184064, total allocated 170393600, free 106747120, used 63646480, increment 80184
FeaturedSpace: max memory 932184064, total allocated 170393600, free 106747120, used 63646480, increment 0
Sequential: max memory 932184064, total allocated 170393600, free 106747120, used 63646480, increment 0
Initial loss: 9.212438170058329
180: time = 0.334000 loss = 7.639693
Jackknife: leave bio_14 out
Making features
makeFeatures: max memory 932184064, total allocated 170393600, free 102633096, used 67760504, increment 4114024
Gustavia_santanderiensis_1 bio_14: 
Regularization values: linear/quadratic/product: 0.423, categorical: 0.250, threshold: 1.790, hinge: 0.500
21 samples
Density: max memory 932184064, total allocated 170393600, free 102633096, used 67760504, increment 0
linearPredictor: max memory 932184064, total allocated 170393600, free 102633096, used 67760504, increment 0
FeaturedSpace: max memory 932184064, total allocated 170393600, free 102633096, used 67760504, increment 0
Sequential: max memory 932184064, total allocated 170393600, free 102633096, used 67760504, increment 0
Initial loss: 9.212438170058329
Time since start: 57.126
220: time = 0.379000 loss = 7.639692
Jackknife: leave bio_15 out
Making features
makeFeatures: max memory 932184064, total allocated 170393600, free 100949232, used 69444368, increment 1683864
Gustavia_santanderiensis_1 bio_15: 
Regularization values: linear/quadratic/product: 0.423, categorical: 0.250, threshold: 1.790, hinge: 0.500
21 samples
Density: max memory 932184064, total allocated 170393600, free 98852264, used 71541336, increment 2096968
linearPredictor: max memory 932184064, total allocated 170393600, free 98852264, used 71541336, increment 0
FeaturedSpace: max memory 932184064, total allocated 170393600, free 98852264, used 71541336, increment 0
Sequential: max memory 932184064, total allocated 170393600, free 98852264, used 71541336, increment 0
Initial loss: 9.212438170058329
240: time = 0.457000 loss = 7.873942
Jackknife: leave bio_16 out
Making features
makeFeatures: max memory 932184064, total allocated 170393600, free 97890056, used 72503544, increment 962208
Gustavia_santanderiensis_1 bio_16: 
Regularization values: linear/quadratic/product: 0.423, categorical: 0.250, threshold: 1.790, hinge: 0.500
21 samples
Density: max memory 932184064, total allocated 170393600, free 95793088, used 74600512, increment 2096968
linearPredictor: max memory 932184064, total allocated 170393600, free 95793088, used 74600512, increment 0
FeaturedSpace: max memory 932184064, total allocated 170393600, free 95793088, used 74600512, increment 0
Sequential: max memory 932184064, total allocated 170393600, free 95793088, used 74600512, increment 0
Initial loss: 9.212438170058329
200: time = 0.353000 loss = 7.639692
Jackknife: leave bio_17 out
Making features
makeFeatures: max memory 932184064, total allocated 170393600, free 93696120, used 76697480, increment 2096968
Gustavia_santanderiensis_1 bio_17: 
Regularization values: linear/quadratic/product: 0.423, categorical: 0.250, threshold: 1.790, hinge: 0.500
21 samples
Density: max memory 932184064, total allocated 170393600, free 93696120, used 76697480, increment 0
linearPredictor: max memory 932184064, total allocated 170393600, free 93696120, used 76697480, increment 0
FeaturedSpace: max memory 932184064, total allocated 170393600, free 93696120, used 76697480, increment 0
Sequential: max memory 932184064, total allocated 170393600, free 93696120, used 76697480, increment 0
Initial loss: 9.212438170058329
Time since start: 58.379
220: time = 0.407000 loss = 7.644068
Jackknife: leave bio_2 out
Making features
makeFeatures: max memory 932184064, total allocated 170393600, free 91851888, used 78541712, increment 1844232
Gustavia_santanderiensis_1 bio_2: 
Regularization values: linear/quadratic/product: 0.423, categorical: 0.250, threshold: 1.790, hinge: 0.500
21 samples
Density: max memory 932184064, total allocated 170393600, free 89754920, used 80638680, increment 2096968
linearPredictor: max memory 932184064, total allocated 170393600, free 89754920, used 80638680, increment 0
FeaturedSpace: max memory 932184064, total allocated 170393600, free 89754920, used 80638680, increment 0
Sequential: max memory 932184064, total allocated 170393600, free 89754920, used 80638680, increment 0
Initial loss: 9.212438170058329
220: time = 0.369000 loss = 7.639692
Jackknife: leave bio_3 out
Making features
makeFeatures: max memory 932184064, total allocated 170393600, free 88792712, used 81600888, increment 962208
Gustavia_santanderiensis_1 bio_3: 
Regularization values: linear/quadratic/product: 0.423, categorical: 0.250, threshold: 1.790, hinge: 0.500
21 samples
Density: max memory 932184064, total allocated 170393600, free 88712528, used 81681072, increment 80184
linearPredictor: max memory 932184064, total allocated 170393600, free 88632344, used 81761256, increment 80184
FeaturedSpace: max memory 932184064, total allocated 170393600, free 88632344, used 81761256, increment 0
Sequential: max memory 932184064, total allocated 170393600, free 88632344, used 81761256, increment 0
Initial loss: 9.212438170058329
240: time = 0.410000 loss = 7.639692
Jackknife: leave bio_4 out
Making features
makeFeatures: max memory 932184064, total allocated 170393600, free 84518504, used 85875096, increment 4113840
Gustavia_santanderiensis_1 bio_4: 
Regularization values: linear/quadratic/product: 0.423, categorical: 0.250, threshold: 1.790, hinge: 0.500
21 samples
Density: max memory 932184064, total allocated 170393600, free 84518504, used 85875096, increment 0
linearPredictor: max memory 932184064, total allocated 170393600, free 84518504, used 85875096, increment 0
FeaturedSpace: max memory 932184064, total allocated 170393600, free 84518504, used 85875096, increment 0
Sequential: max memory 932184064, total allocated 170393600, free 84518504, used 85875096, increment 0
Initial loss: 9.212438170058329
Time since start: 59.536
180: time = 0.341000 loss = 7.649990
Jackknife: leave bio_5 out
Making features
makeFeatures: max memory 932184064, total allocated 170393600, free 82421536, used 87972064, increment 2096968
Gustavia_santanderiensis_1 bio_5: 
Regularization values: linear/quadratic/product: 0.423, categorical: 0.250, threshold: 1.790, hinge: 0.500
21 samples
Density: max memory 932184064, total allocated 170393600, free 82421536, used 87972064, increment 0
linearPredictor: max memory 932184064, total allocated 170393600, free 82421536, used 87972064, increment 0
FeaturedSpace: max memory 932184064, total allocated 170393600, free 82421536, used 87972064, increment 0
Sequential: max memory 932184064, total allocated 170393600, free 82421536, used 87972064, increment 0
Initial loss: 9.212438170058329
180: time = 0.347000 loss = 7.657667
Jackknife: leave bio_6 out
Making features
makeFeatures: max memory 932184064, total allocated 170393600, free 78227600, used 92166000, increment 4193936
Gustavia_santanderiensis_1 bio_6: 
Regularization values: linear/quadratic/product: 0.423, categorical: 0.250, threshold: 1.790, hinge: 0.500
21 samples
Density: max memory 932184064, total allocated 170393600, free 78227600, used 92166000, increment 0
linearPredictor: max memory 932184064, total allocated 170393600, free 78227600, used 92166000, increment 0
FeaturedSpace: max memory 932184064, total allocated 170393600, free 78227600, used 92166000, increment 0
Sequential: max memory 932184064, total allocated 170393600, free 78227600, used 92166000, increment 0
Initial loss: 9.212438170058329
240: time = 0.434000 loss = 7.639692
Jackknife: leave bio_7 out
Making features
makeFeatures: max memory 932184064, total allocated 170393600, free 76130632, used 94262968, increment 2096968
Gustavia_santanderiensis_1 bio_7: 
Regularization values: linear/quadratic/product: 0.423, categorical: 0.250, threshold: 1.790, hinge: 0.500
21 samples
Density: max memory 932184064, total allocated 170393600, free 76130632, used 94262968, increment 0
linearPredictor: max memory 932184064, total allocated 170393600, free 76130632, used 94262968, increment 0
FeaturedSpace: max memory 932184064, total allocated 170393600, free 76130632, used 94262968, increment 0
Sequential: max memory 932184064, total allocated 170393600, free 76130632, used 94262968, increment 0
Initial loss: 9.212438170058329
Time since start: 60.722
180: time = 0.368000 loss = 7.639692
Jackknife: leave bio_ai_et0 out
Making features
makeFeatures: max memory 932184064, total allocated 170393600, free 71936696, used 98456904, increment 4193936
Gustavia_santanderiensis_1 bio_ai_et0: 
Regularization values: linear/quadratic/product: 0.423, categorical: 0.250, threshold: 1.790, hinge: 0.500
21 samples
Density: max memory 932184064, total allocated 170393600, free 71936696, used 98456904, increment 0
linearPredictor: max memory 932184064, total allocated 170393600, free 71936696, used 98456904, increment 0
FeaturedSpace: max memory 932184064, total allocated 170393600, free 71936696, used 98456904, increment 0
Sequential: max memory 932184064, total allocated 170393600, free 71936696, used 98456904, increment 0
Initial loss: 9.212438170058329
220: time = 0.393000 loss = 7.639692
Jackknife: leave bio_et0_yr out
Making features
makeFeatures: max memory 932184064, total allocated 170393600, free 70733936, used 99659664, increment 1202760
Gustavia_santanderiensis_1 bio_et0_yr: 
Regularization values: linear/quadratic/product: 0.423, categorical: 0.250, threshold: 1.790, hinge: 0.500
21 samples
Density: max memory 932184064, total allocated 170393600, free 68636968, used 101756632, increment 2096968
linearPredictor: max memory 932184064, total allocated 170393600, free 68636968, used 101756632, increment 0
FeaturedSpace: max memory 932184064, total allocated 170393600, free 68636968, used 101756632, increment 0
Sequential: max memory 932184064, total allocated 170393600, free 68636968, used 101756632, increment 0
Initial loss: 9.212438170058329
260: time = 0.442000 loss = 7.639692
Jackknife: only bio_1
Making features
makeFeatures: max memory 932184064, total allocated 170393600, free 68636968, used 101756632, increment 0
Gustavia_santanderiensis_1 bio_1: 
Regularization values: linear/quadratic/product: 0.423, categorical: 0.250, threshold: 1.790, hinge: 0.500
21 samples
Density: max memory 932184064, total allocated 170393600, free 68636968, used 101756632, increment 0
linearPredictor: max memory 932184064, total allocated 170393600, free 68636968, used 101756632, increment 0
FeaturedSpace: max memory 932184064, total allocated 170393600, free 68636968, used 101756632, increment 0
Sequential: max memory 932184064, total allocated 170393600, free 68636968, used 101756632, increment 0
Initial loss: 9.212438170058329
Time since start: 61.96
100: time = 0.368000 loss = 8.793207
Res.gain: 0.41923166744937923
Jackknife: only bio_10
Making features
makeFeatures: max memory 932184064, total allocated 170393600, free 68636968, used 101756632, increment 0
Gustavia_santanderiensis_1 bio_10: 
Regularization values: linear/quadratic/product: 0.423, categorical: 0.250, threshold: 1.790, hinge: 0.500
21 samples
Density: max memory 932184064, total allocated 170393600, free 68636968, used 101756632, increment 0
linearPredictor: max memory 932184064, total allocated 170393600, free 68636968, used 101756632, increment 0
FeaturedSpace: max memory 932184064, total allocated 170393600, free 68636968, used 101756632, increment 0
Sequential: max memory 932184064, total allocated 170393600, free 68636968, used 101756632, increment 0
Initial loss: 9.212438170058329
100: time = 0.349000 loss = 8.826167
Res.gain: 0.38627086390491705
Jackknife: only bio_11
Making features
makeFeatures: max memory 932184064, total allocated 170393600, free 68636968, used 101756632, increment 0
Gustavia_santanderiensis_1 bio_11: 
Regularization values: linear/quadratic/product: 0.423, categorical: 0.250, threshold: 1.790, hinge: 0.500
21 samples
Density: max memory 932184064, total allocated 170393600, free 68636968, used 101756632, increment 0
linearPredictor: max memory 932184064, total allocated 170393600, free 68636968, used 101756632, increment 0
FeaturedSpace: max memory 932184064, total allocated 170393600, free 68636968, used 101756632, increment 0
Sequential: max memory 932184064, total allocated 170393600, free 68636968, used 101756632, increment 0
Initial loss: 9.212438170058329
100: time = 0.357000 loss = 8.805948
Res.gain: 0.40649041063475444
Jackknife: only bio_12
Making features
makeFeatures: max memory 932184064, total allocated 170393600, free 68636968, used 101756632, increment 0
Gustavia_santanderiensis_1 bio_12: 
Regularization values: linear/quadratic/product: 0.423, categorical: 0.250, threshold: 1.790, hinge: 0.500
21 samples
Density: max memory 932184064, total allocated 170393600, free 68636968, used 101756632, increment 0
linearPredictor: max memory 932184064, total allocated 170393600, free 68636968, used 101756632, increment 0
FeaturedSpace: max memory 932184064, total allocated 170393600, free 68636968, used 101756632, increment 0
Sequential: max memory 932184064, total allocated 170393600, free 68636968, used 101756632, increment 0
Initial loss: 9.212438170058329
60: time = 0.221000 loss = 9.107588
Res.gain: 0.10484993282604549
Jackknife: only bio_13
Making features
makeFeatures: max memory 932184064, total allocated 170393600, free 68476600, used 101917000, increment 160368
Gustavia_santanderiensis_1 bio_13: 
Regularization values: linear/quadratic/product: 0.423, categorical: 0.250, threshold: 1.790, hinge: 0.500
21 samples
Density: max memory 932184064, total allocated 170393600, free 68396416, used 101997184, increment 80184
linearPredictor: max memory 932184064, total allocated 170393600, free 68316232, used 102077368, increment 80184
FeaturedSpace: max memory 932184064, total allocated 170393600, free 68316232, used 102077368, increment 0
Sequential: max memory 932184064, total allocated 170393600, free 68316232, used 102077368, increment 0
Initial loss: 9.212438170058329
Time since start: 63.137
60: time = 0.236000 loss = 9.170973
Res.gain: 0.0414650332692208
Jackknife: only bio_14
Making features
makeFeatures: max memory 932184064, total allocated 170393600, free 66219264, used 104174336, increment 2096968
Gustavia_santanderiensis_1 bio_14: 
Regularization values: linear/quadratic/product: 0.423, categorical: 0.250, threshold: 1.790, hinge: 0.500
21 samples
Density: max memory 932184064, total allocated 170393600, free 66219264, used 104174336, increment 0
linearPredictor: max memory 932184064, total allocated 170393600, free 66219264, used 104174336, increment 0
FeaturedSpace: max memory 932184064, total allocated 170393600, free 66219264, used 104174336, increment 0
Sequential: max memory 932184064, total allocated 170393600, free 66219264, used 104174336, increment 0
Initial loss: 9.212438170058329
60: time = 0.204000 loss = 9.073112
Res.gain: 0.13932635225659595
Jackknife: only bio_15
Making features
makeFeatures: max memory 932184064, total allocated 170393600, free 66219264, used 104174336, increment 0
Gustavia_santanderiensis_1 bio_15: 
Regularization values: linear/quadratic/product: 0.423, categorical: 0.250, threshold: 1.790, hinge: 0.500
21 samples
Density: max memory 932184064, total allocated 170393600, free 66219264, used 104174336, increment 0
linearPredictor: max memory 932184064, total allocated 170393600, free 66219264, used 104174336, increment 0
FeaturedSpace: max memory 932184064, total allocated 170393600, free 66219264, used 104174336, increment 0
Sequential: max memory 932184064, total allocated 170393600, free 66219264, used 104174336, increment 0
Initial loss: 9.212438170058329
60: time = 0.197000 loss = 9.041521
Res.gain: 0.17091734671902437
Jackknife: only bio_16
Making features
makeFeatures: max memory 932184064, total allocated 170393600, free 66219264, used 104174336, increment 0
Gustavia_santanderiensis_1 bio_16: 
Regularization values: linear/quadratic/product: 0.423, categorical: 0.250, threshold: 1.790, hinge: 0.500
21 samples
Density: max memory 932184064, total allocated 170393600, free 66219264, used 104174336, increment 0
linearPredictor: max memory 932184064, total allocated 170393600, free 66219264, used 104174336, increment 0
FeaturedSpace: max memory 932184064, total allocated 170393600, free 66219264, used 104174336, increment 0
Sequential: max memory 932184064, total allocated 170393600, free 66219264, used 104174336, increment 0
Initial loss: 9.212438170058329
60: time = 0.215000 loss = 9.188839
Res.gain: 0.023599553006000917
Jackknife: only bio_17
Making features
makeFeatures: max memory 932184064, total allocated 170393600, free 66219264, used 104174336, increment 0
Gustavia_santanderiensis_1 bio_17: 
Regularization values: linear/quadratic/product: 0.423, categorical: 0.250, threshold: 1.790, hinge: 0.500
21 samples
Density: max memory 932184064, total allocated 170393600, free 66219264, used 104174336, increment 0
linearPredictor: max memory 932184064, total allocated 170393600, free 66219264, used 104174336, increment 0
FeaturedSpace: max memory 932184064, total allocated 170393600, free 66219264, used 104174336, increment 0
Sequential: max memory 932184064, total allocated 170393600, free 66219264, used 104174336, increment 0
Initial loss: 9.212438170058329
100: time = 0.165000 loss = 8.898004
Res.gain: 0.31443444595222303
Jackknife: only bio_2
Making features
makeFeatures: max memory 932184064, total allocated 170393600, free 66219264, used 104174336, increment 0
Gustavia_santanderiensis_1 bio_2: 
Regularization values: linear/quadratic/product: 0.423, categorical: 0.250, threshold: 1.790, hinge: 0.500
21 samples
Density: max memory 932184064, total allocated 170393600, free 66219264, used 104174336, increment 0
linearPredictor: max memory 932184064, total allocated 170393600, free 66219264, used 104174336, increment 0
FeaturedSpace: max memory 932184064, total allocated 170393600, free 66219264, used 104174336, increment 0
Sequential: max memory 932184064, total allocated 170393600, free 66219264, used 104174336, increment 0
Initial loss: 9.212438170058329
60: time = 0.195000 loss = 9.043307
Res.gain: 0.16913092440410082
Jackknife: only bio_3
Making features
makeFeatures: max memory 932184064, total allocated 170393600, free 66219264, used 104174336, increment 0
Gustavia_santanderiensis_1 bio_3: 
Regularization values: linear/quadratic/product: 0.423, categorical: 0.250, threshold: 1.790, hinge: 0.500
21 samples
Density: max memory 932184064, total allocated 170393600, free 66139080, used 104254520, increment 80184
linearPredictor: max memory 932184064, total allocated 170393600, free 66058896, used 104334704, increment 80184
FeaturedSpace: max memory 932184064, total allocated 170393600, free 66058896, used 104334704, increment 0
Sequential: max memory 932184064, total allocated 170393600, free 66058896, used 104334704, increment 0
Initial loss: 9.212438170058329
Time since start: 64.353
60: time = 0.221000 loss = 9.151574
Res.gain: 0.06086380009815073
Jackknife: only bio_4
Making features
makeFeatures: max memory 932184064, total allocated 170393600, free 64042056, used 106351544, increment 2016840
Gustavia_santanderiensis_1 bio_4: 
Regularization values: linear/quadratic/product: 0.423, categorical: 0.250, threshold: 1.790, hinge: 0.500
21 samples
Density: max memory 932184064, total allocated 170393600, free 64042056, used 106351544, increment 0
linearPredictor: max memory 932184064, total allocated 170393600, free 64042056, used 106351544, increment 0
FeaturedSpace: max memory 932184064, total allocated 170393600, free 64042056, used 106351544, increment 0
Sequential: max memory 932184064, total allocated 170393600, free 64042056, used 106351544, increment 0
Initial loss: 9.212438170058329
20: time = 0.098000 loss = 9.212438
Res.gain: 0.0
Jackknife: only bio_5
Making features
makeFeatures: max memory 932184064, total allocated 170393600, free 64042056, used 106351544, increment 0
Gustavia_santanderiensis_1 bio_5: 
Regularization values: linear/quadratic/product: 0.423, categorical: 0.250, threshold: 1.790, hinge: 0.500
21 samples
Density: max memory 932184064, total allocated 170393600, free 64042056, used 106351544, increment 0
linearPredictor: max memory 932184064, total allocated 170393600, free 64042056, used 106351544, increment 0
FeaturedSpace: max memory 932184064, total allocated 170393600, free 64042056, used 106351544, increment 0
Sequential: max memory 932184064, total allocated 170393600, free 64042056, used 106351544, increment 0
Initial loss: 9.212438170058329
100: time = 0.346000 loss = 8.812255
Res.gain: 0.4001832257793332
Jackknife: only bio_6
Making features
makeFeatures: max memory 932184064, total allocated 170393600, free 64042056, used 106351544, increment 0
Gustavia_santanderiensis_1 bio_6: 
Regularization values: linear/quadratic/product: 0.423, categorical: 0.250, threshold: 1.790, hinge: 0.500
21 samples
Density: max memory 932184064, total allocated 170393600, free 64042056, used 106351544, increment 0
linearPredictor: max memory 932184064, total allocated 170393600, free 64042056, used 106351544, increment 0
FeaturedSpace: max memory 932184064, total allocated 170393600, free 64042056, used 106351544, increment 0
Sequential: max memory 932184064, total allocated 170393600, free 64042056, used 106351544, increment 0
Initial loss: 9.212438170058329
100: time = 0.353000 loss = 8.801333
Res.gain: 0.4111049802346525
Jackknife: only bio_7
Making features
makeFeatures: max memory 932184064, total allocated 170393600, free 64042056, used 106351544, increment 0
Gustavia_santanderiensis_1 bio_7: 
Regularization values: linear/quadratic/product: 0.423, categorical: 0.250, threshold: 1.790, hinge: 0.500
21 samples
Density: max memory 932184064, total allocated 170393600, free 64042056, used 106351544, increment 0
linearPredictor: max memory 932184064, total allocated 170393600, free 64042056, used 106351544, increment 0
FeaturedSpace: max memory 932184064, total allocated 170393600, free 64042056, used 106351544, increment 0
Sequential: max memory 932184064, total allocated 170393600, free 64042056, used 106351544, increment 0
Initial loss: 9.212438170058329
Time since start: 65.385
60: time = 0.222000 loss = 9.196101
Res.gain: 0.016336678283376926
Jackknife: only bio_ai_et0
Making features
makeFeatures: max memory 932184064, total allocated 170393600, free 64042056, used 106351544, increment 0
Gustavia_santanderiensis_1 bio_ai_et0: 
Regularization values: linear/quadratic/product: 0.423, categorical: 0.250, threshold: 1.790, hinge: 0.500
21 samples
Density: max memory 932184064, total allocated 170393600, free 64042056, used 106351544, increment 0
linearPredictor: max memory 932184064, total allocated 170393600, free 64042056, used 106351544, increment 0
FeaturedSpace: max memory 932184064, total allocated 170393600, free 64042056, used 106351544, increment 0
Sequential: max memory 932184064, total allocated 170393600, free 64042056, used 106351544, increment 0
Initial loss: 9.212438170058329
60: time = 0.233000 loss = 9.172232
Res.gain: 0.04020584661470572
Jackknife: only bio_et0_yr
Making features
makeFeatures: max memory 932184064, total allocated 170393600, free 61945088, used 108448512, increment 2096968
Gustavia_santanderiensis_1 bio_et0_yr: 
Regularization values: linear/quadratic/product: 0.423, categorical: 0.250, threshold: 1.790, hinge: 0.500
21 samples
Density: max memory 932184064, total allocated 170393600, free 61945088, used 108448512, increment 0
linearPredictor: max memory 932184064, total allocated 170393600, free 61945088, used 108448512, increment 0
FeaturedSpace: max memory 932184064, total allocated 170393600, free 61945088, used 108448512, increment 0
Sequential: max memory 932184064, total allocated 170393600, free 61945088, used 108448512, increment 0
Initial loss: 9.212438170058329
60: time = 0.200000 loss = 9.141316
Res.gain: 0.07112243879066504
getSamples: max memory 932184064, total allocated 170393600, free 57905888, used 112487712, increment 4039200
Making features
makeFeatures: max memory 932184064, total allocated 170393600, free 55808920, used 114584680, increment 2096968
Gustavia_santanderiensis_2: 
Regularization values: linear/quadratic/product: 0.423, categorical: 0.250, threshold: 1.790, hinge: 0.500
21 samples
Density: max memory 932184064, total allocated 170393600, free 55808920, used 114584680, increment 0
linearPredictor: max memory 932184064, total allocated 170393600, free 55728736, used 114664864, increment 80184
FeaturedSpace: max memory 932184064, total allocated 170393600, free 55728736, used 114664864, increment 0
Sequential: max memory 932184064, total allocated 170393600, free 55728736, used 114664864, increment 0
Initial loss: 9.212438170058329
220: time = 0.409000 loss = 7.763473
Resulting gain: 1.4489652647795657
Time since start: 66.714
Projecting...
Writing file C:\Users\Camila\Desktop\Modelo opc3\Final_Models\M_3_F_lq_Set_1\Gustavia_santanderiensis_2.asc
Time since start: 69.307
Writing C:\Users\Camila\Desktop\Modelo opc3\Final_Models\M_3_F_lq_Set_1\plots\Gustavia_santanderiensis_2.png
Gustavia_santanderiensis_2 response curves
Time since start: 73.427
Response curve: only bio_1
Making features
makeFeatures: max memory 932184064, total allocated 158859264, free 103090896, used 55768368, increment -58896496
Gustavia_santanderiensis_2 bio_1: 
Regularization values: linear/quadratic/product: 0.423, categorical: 0.250, threshold: 1.790, hinge: 0.500
21 samples
Density: max memory 932184064, total allocated 158859264, free 103090896, used 55768368, increment 0
linearPredictor: max memory 932184064, total allocated 158859264, free 103090896, used 55768368, increment 0
FeaturedSpace: max memory 932184064, total allocated 158859264, free 103090896, used 55768368, increment 0
Sequential: max memory 932184064, total allocated 158859264, free 103090896, used 55768368, increment 0
Initial loss: 9.212438170058329
80: time = 0.381000 loss = 8.899548
Resulting gain: 0.3128905674658391
Gustavia_santanderiensis_2 response curves
Response curve: only bio_10
Making features
makeFeatures: max memory 932184064, total allocated 158859264, free 98650168, used 60209096, increment 4440728
Gustavia_santanderiensis_2 bio_10: 
Regularization values: linear/quadratic/product: 0.423, categorical: 0.250, threshold: 1.790, hinge: 0.500
21 samples
Density: max memory 932184064, total allocated 158859264, free 98650168, used 60209096, increment 0
linearPredictor: max memory 932184064, total allocated 158859264, free 98650168, used 60209096, increment 0
FeaturedSpace: max memory 932184064, total allocated 158859264, free 98650168, used 60209096, increment 0
Sequential: max memory 932184064, total allocated 158859264, free 98650168, used 60209096, increment 0
Initial loss: 9.212438170058329
80: time = 0.304000 loss = 8.922892
Resulting gain: 0.2895466294182434
Gustavia_santanderiensis_2 response curves
Time since start: 74.509
Response curve: only bio_11
Making features
makeFeatures: max memory 932184064, total allocated 158859264, free 94209440, used 64649824, increment 4440728
Gustavia_santanderiensis_2 bio_11: 
Regularization values: linear/quadratic/product: 0.423, categorical: 0.250, threshold: 1.790, hinge: 0.500
21 samples
Density: max memory 932184064, total allocated 158859264, free 94209440, used 64649824, increment 0
linearPredictor: max memory 932184064, total allocated 158859264, free 94209440, used 64649824, increment 0
FeaturedSpace: max memory 932184064, total allocated 158859264, free 94209440, used 64649824, increment 0
Sequential: max memory 932184064, total allocated 158859264, free 94209440, used 64649824, increment 0
Initial loss: 9.212438170058329
80: time = 0.297000 loss = 8.917418
Resulting gain: 0.29502018748883607
Gustavia_santanderiensis_2 response curves
Response curve: only bio_12
Making features
makeFeatures: max memory 932184064, total allocated 158859264, free 89768712, used 69090552, increment 4440728
Gustavia_santanderiensis_2 bio_12: 
Regularization values: linear/quadratic/product: 0.423, categorical: 0.250, threshold: 1.790, hinge: 0.500
21 samples
Density: max memory 932184064, total allocated 158859264, free 89768712, used 69090552, increment 0
linearPredictor: max memory 932184064, total allocated 158859264, free 89768712, used 69090552, increment 0
FeaturedSpace: max memory 932184064, total allocated 158859264, free 89768712, used 69090552, increment 0
Sequential: max memory 932184064, total allocated 158859264, free 89768712, used 69090552, increment 0
Initial loss: 9.212438170058329
60: time = 0.228000 loss = 9.143077
Resulting gain: 0.06936095795112962
Gustavia_santanderiensis_2 response curves
Response curve: only bio_13
Making features
makeFeatures: max memory 932184064, total allocated 158859264, free 85327984, used 73531280, increment 4440728
Gustavia_santanderiensis_2 bio_13: 
Regularization values: linear/quadratic/product: 0.423, categorical: 0.250, threshold: 1.790, hinge: 0.500
21 samples
Density: max memory 932184064, total allocated 158859264, free 85327984, used 73531280, increment 0
linearPredictor: max memory 932184064, total allocated 158859264, free 85327984, used 73531280, increment 0
FeaturedSpace: max memory 932184064, total allocated 158859264, free 85327984, used 73531280, increment 0
Sequential: max memory 932184064, total allocated 158859264, free 85327984, used 73531280, increment 0
Initial loss: 9.212438170058329
Time since start: 75.627
60: time = 0.232000 loss = 9.201977
Resulting gain: 0.010461412793153713
Gustavia_santanderiensis_2 response curves
Response curve: only bio_14
Making features
makeFeatures: max memory 932184064, total allocated 158859264, free 80887256, used 77972008, increment 4440728
Gustavia_santanderiensis_2 bio_14: 
Regularization values: linear/quadratic/product: 0.423, categorical: 0.250, threshold: 1.790, hinge: 0.500
21 samples
Density: max memory 932184064, total allocated 158859264, free 80887256, used 77972008, increment 0
linearPredictor: max memory 932184064, total allocated 158859264, free 80887256, used 77972008, increment 0
FeaturedSpace: max memory 932184064, total allocated 158859264, free 80887256, used 77972008, increment 0
Sequential: max memory 932184064, total allocated 158859264, free 80887256, used 77972008, increment 0
Initial loss: 9.212438170058329
60: time = 0.212000 loss = 9.068306
Resulting gain: 0.14413195241581
Gustavia_santanderiensis_2 response curves
Response curve: only bio_15
Making features
makeFeatures: max memory 932184064, total allocated 158859264, free 77395632, used 81463632, increment 3491624
Gustavia_santanderiensis_2 bio_15: 
Regularization values: linear/quadratic/product: 0.423, categorical: 0.250, threshold: 1.790, hinge: 0.500
21 samples
Density: max memory 932184064, total allocated 158859264, free 77395632, used 81463632, increment 0
linearPredictor: max memory 932184064, total allocated 158859264, free 77395632, used 81463632, increment 0
FeaturedSpace: max memory 932184064, total allocated 158859264, free 77395632, used 81463632, increment 0
Sequential: max memory 932184064, total allocated 158859264, free 77395632, used 81463632, increment 0
Initial loss: 9.212438170058329
60: time = 0.215000 loss = 8.995102
Resulting gain: 0.2173361265598448
Gustavia_santanderiensis_2 response curves
Response curve: only bio_16
Making features
makeFeatures: max memory 932184064, total allocated 158859264, free 72955736, used 85903528, increment 4439896
Gustavia_santanderiensis_2 bio_16: 
Regularization values: linear/quadratic/product: 0.423, categorical: 0.250, threshold: 1.790, hinge: 0.500
21 samples
Density: max memory 932184064, total allocated 158859264, free 72955736, used 85903528, increment 0
linearPredictor: max memory 932184064, total allocated 158859264, free 72955736, used 85903528, increment 0
FeaturedSpace: max memory 932184064, total allocated 158859264, free 72955736, used 85903528, increment 0
Sequential: max memory 932184064, total allocated 158859264, free 72955736, used 85903528, increment 0
Initial loss: 9.212438170058329
Time since start: 76.735
60: time = 0.215000 loss = 9.198791
Resulting gain: 0.013646765896542234
Gustavia_santanderiensis_2 response curves
Response curve: only bio_17
Making features
makeFeatures: max memory 932184064, total allocated 158859264, free 68513440, used 90345824, increment 4442296
Gustavia_santanderiensis_2 bio_17: 
Regularization values: linear/quadratic/product: 0.423, categorical: 0.250, threshold: 1.790, hinge: 0.500
21 samples
Density: max memory 932184064, total allocated 158859264, free 68513440, used 90345824, increment 0
linearPredictor: max memory 932184064, total allocated 158859264, free 68513440, used 90345824, increment 0
FeaturedSpace: max memory 932184064, total allocated 158859264, free 68513440, used 90345824, increment 0
Sequential: max memory 932184064, total allocated 158859264, free 68513440, used 90345824, increment 0
Initial loss: 9.212438170058329
60: time = 0.197000 loss = 8.879417
Resulting gain: 0.333021646059132
Gustavia_santanderiensis_2 response curves
Response curve: only bio_2
Making features
makeFeatures: max memory 932184064, total allocated 158859264, free 64071152, used 94788112, increment 4442288
Gustavia_santanderiensis_2 bio_2: 
Regularization values: linear/quadratic/product: 0.423, categorical: 0.250, threshold: 1.790, hinge: 0.500
21 samples
Density: max memory 932184064, total allocated 158859264, free 64071152, used 94788112, increment 0
linearPredictor: max memory 932184064, total allocated 158859264, free 64071152, used 94788112, increment 0
FeaturedSpace: max memory 932184064, total allocated 158859264, free 64071152, used 94788112, increment 0
Sequential: max memory 932184064, total allocated 158859264, free 64071152, used 94788112, increment 0
Initial loss: 9.212438170058329
60: time = 0.238000 loss = 9.177479
Resulting gain: 0.0349592422427083
Gustavia_santanderiensis_2 response curves
Response curve: only bio_3
Making features
makeFeatures: max memory 932184064, total allocated 158859264, free 59628864, used 99230400, increment 4442288
Gustavia_santanderiensis_2 bio_3: 
Regularization values: linear/quadratic/product: 0.423, categorical: 0.250, threshold: 1.790, hinge: 0.500
21 samples
Density: max memory 932184064, total allocated 158859264, free 59628864, used 99230400, increment 0
linearPredictor: max memory 932184064, total allocated 158859264, free 59628864, used 99230400, increment 0
FeaturedSpace: max memory 932184064, total allocated 158859264, free 59628864, used 99230400, increment 0
Sequential: max memory 932184064, total allocated 158859264, free 59628864, used 99230400, increment 0
Initial loss: 9.212438170058329
Time since start: 77.808
60: time = 0.224000 loss = 9.183134
Resulting gain: 0.0293042054156345
Gustavia_santanderiensis_2 response curves
Response curve: only bio_4
Making features
makeFeatures: max memory 932184064, total allocated 158859264, free 55188968, used 103670296, increment 4439896
Gustavia_santanderiensis_2 bio_4: 
Regularization values: linear/quadratic/product: 0.423, categorical: 0.250, threshold: 1.790, hinge: 0.500
21 samples
Density: max memory 932184064, total allocated 158859264, free 55188968, used 103670296, increment 0
linearPredictor: max memory 932184064, total allocated 158859264, free 55188968, used 103670296, increment 0
FeaturedSpace: max memory 932184064, total allocated 158859264, free 55188968, used 103670296, increment 0
Sequential: max memory 932184064, total allocated 158859264, free 55188968, used 103670296, increment 0
Initial loss: 9.212438170058329
20: time = 0.098000 loss = 9.212438
Resulting gain: 0.0
Gustavia_santanderiensis_2 response curves
Response curve: only bio_5
Making features
makeFeatures: max memory 932184064, total allocated 158859264, free 50746680, used 108112584, increment 4442288
Gustavia_santanderiensis_2 bio_5: 
Regularization values: linear/quadratic/product: 0.423, categorical: 0.250, threshold: 1.790, hinge: 0.500
21 samples
Density: max memory 932184064, total allocated 158859264, free 50746680, used 108112584, increment 0
linearPredictor: max memory 932184064, total allocated 158859264, free 50746680, used 108112584, increment 0
FeaturedSpace: max memory 932184064, total allocated 158859264, free 50746680, used 108112584, increment 0
Sequential: max memory 932184064, total allocated 158859264, free 50746680, used 108112584, increment 0
Initial loss: 9.212438170058329
80: time = 0.253000 loss = 8.922943
Resulting gain: 0.2894956362182022
Gustavia_santanderiensis_2 response curves
Response curve: only bio_6
Making features
makeFeatures: max memory 932184064, total allocated 158859264, free 46304392, used 112554872, increment 4442288
Gustavia_santanderiensis_2 bio_6: 
Regularization values: linear/quadratic/product: 0.423, categorical: 0.250, threshold: 1.790, hinge: 0.500
21 samples
Density: max memory 932184064, total allocated 158859264, free 46304392, used 112554872, increment 0
linearPredictor: max memory 932184064, total allocated 158859264, free 46304392, used 112554872, increment 0
FeaturedSpace: max memory 932184064, total allocated 158859264, free 46304392, used 112554872, increment 0
Sequential: max memory 932184064, total allocated 158859264, free 46304392, used 112554872, increment 0
Initial loss: 9.212438170058329
Time since start: 78.838
80: time = 0.260000 loss = 8.861942
Resulting gain: 0.350496378697148
Gustavia_santanderiensis_2 response curves
Response curve: only bio_7
Making features
makeFeatures: max memory 932184064, total allocated 158859264, free 41862104, used 116997160, increment 4442288
Gustavia_santanderiensis_2 bio_7: 
Regularization values: linear/quadratic/product: 0.423, categorical: 0.250, threshold: 1.790, hinge: 0.500
21 samples
Density: max memory 932184064, total allocated 158859264, free 41862104, used 116997160, increment 0
linearPredictor: max memory 932184064, total allocated 158859264, free 41862104, used 116997160, increment 0
FeaturedSpace: max memory 932184064, total allocated 158859264, free 41862104, used 116997160, increment 0
Sequential: max memory 932184064, total allocated 158859264, free 41862104, used 116997160, increment 0
Initial loss: 9.212438170058329
20: time = 0.849000 loss = 9.212415
Resulting gain: 2.328420774233564E-5
Gustavia_santanderiensis_2 response curves
Time since start: 80.05
Response curve: only bio_ai_et0
Making features
makeFeatures: max memory 932184064, total allocated 154664960, free 120014360, used 34650600, increment -82346560
Gustavia_santanderiensis_2 bio_ai_et0: 
Regularization values: linear/quadratic/product: 0.423, categorical: 0.250, threshold: 1.790, hinge: 0.500
21 samples
Density: max memory 932184064, total allocated 154664960, free 120014360, used 34650600, increment 0
linearPredictor: max memory 932184064, total allocated 154664960, free 120014360, used 34650600, increment 0
FeaturedSpace: max memory 932184064, total allocated 154664960, free 120014360, used 34650600, increment 0
Sequential: max memory 932184064, total allocated 154664960, free 120014360, used 34650600, increment 0
Initial loss: 9.212438170058329
60: time = 0.265000 loss = 9.186722
Resulting gain: 0.025715901449871126
Gustavia_santanderiensis_2 response curves
Response curve: only bio_et0_yr
Making features
makeFeatures: max memory 932184064, total allocated 154664960, free 115697336, used 38967624, increment 4317024
Gustavia_santanderiensis_2 bio_et0_yr: 
Regularization values: linear/quadratic/product: 0.423, categorical: 0.250, threshold: 1.790, hinge: 0.500
21 samples
Density: max memory 932184064, total allocated 154664960, free 115697336, used 38967624, increment 0
linearPredictor: max memory 932184064, total allocated 154664960, free 115697336, used 38967624, increment 0
FeaturedSpace: max memory 932184064, total allocated 154664960, free 115697336, used 38967624, increment 0
Sequential: max memory 932184064, total allocated 154664960, free 115697336, used 38967624, increment 0
Initial loss: 9.212438170058329
Time since start: 81.419
60: time = 0.862000 loss = 9.165179
Resulting gain: 0.047258940197334454
Gustavia_santanderiensis_2 response curves
Time since start: 82.483
Jackknife: leave bio_1 out
Making features
makeFeatures: max memory 932184064, total allocated 153616384, free 66654696, used 86961688, increment 47994064
Gustavia_santanderiensis_2 bio_1: 
Regularization values: linear/quadratic/product: 0.423, categorical: 0.250, threshold: 1.790, hinge: 0.500
21 samples
Density: max memory 932184064, total allocated 153616384, free 64961176, used 88655208, increment 1693520
linearPredictor: max memory 932184064, total allocated 153616384, free 64961176, used 88655208, increment 0
FeaturedSpace: max memory 932184064, total allocated 153616384, free 64961176, used 88655208, increment 0
Sequential: max memory 932184064, total allocated 153616384, free 64961176, used 88655208, increment 0
Initial loss: 9.212438170058329
200: time = 0.439000 loss = 7.763474
Jackknife: leave bio_10 out
Making features
makeFeatures: max memory 932184064, total allocated 153616384, free 63267656, used 90348728, increment 1693520
Gustavia_santanderiensis_2 bio_10: 
Regularization values: linear/quadratic/product: 0.423, categorical: 0.250, threshold: 1.790, hinge: 0.500
21 samples
Density: max memory 932184064, total allocated 153616384, free 63267656, used 90348728, increment 0
linearPredictor: max memory 932184064, total allocated 153616384, free 63267656, used 90348728, increment 0
FeaturedSpace: max memory 932184064, total allocated 153616384, free 63267656, used 90348728, increment 0
Sequential: max memory 932184064, total allocated 153616384, free 63267656, used 90348728, increment 0
Initial loss: 9.212438170058329
220: time = 0.491000 loss = 7.763473
Jackknife: leave bio_11 out
Making features
makeFeatures: max memory 932184064, total allocated 153616384, free 60611656, used 93004728, increment 2656000
Gustavia_santanderiensis_2 bio_11: 
Regularization values: linear/quadratic/product: 0.423, categorical: 0.250, threshold: 1.790, hinge: 0.500
21 samples
Density: max memory 932184064, total allocated 153616384, free 60531472, used 93084912, increment 80184
linearPredictor: max memory 932184064, total allocated 153616384, free 60451288, used 93165096, increment 80184
FeaturedSpace: max memory 932184064, total allocated 153616384, free 60451288, used 93165096, increment 0
Sequential: max memory 932184064, total allocated 153616384, free 60451288, used 93165096, increment 0
Initial loss: 9.212438170058329
Time since start: 83.862
220: time = 0.403000 loss = 7.763473
Jackknife: leave bio_12 out
Making features
makeFeatures: max memory 932184064, total allocated 153616384, free 57144160, used 96472224, increment 3307128
Gustavia_santanderiensis_2 bio_12: 
Regularization values: linear/quadratic/product: 0.423, categorical: 0.250, threshold: 1.790, hinge: 0.500
21 samples
Density: max memory 932184064, total allocated 153616384, free 57144160, used 96472224, increment 0
linearPredictor: max memory 932184064, total allocated 153616384, free 57144160, used 96472224, increment 0
FeaturedSpace: max memory 932184064, total allocated 153616384, free 57144160, used 96472224, increment 0
Sequential: max memory 932184064, total allocated 153616384, free 57144160, used 96472224, increment 0
Initial loss: 9.212438170058329
220: time = 0.391000 loss = 7.763473
Jackknife: leave bio_13 out
Making features
makeFeatures: max memory 932184064, total allocated 153616384, free 54578272, used 99038112, increment 2565888
Gustavia_santanderiensis_2 bio_13: 
Regularization values: linear/quadratic/product: 0.423, categorical: 0.250, threshold: 1.790, hinge: 0.500
21 samples
Density: max memory 932184064, total allocated 153616384, free 52884752, used 100731632, increment 1693520
linearPredictor: max memory 932184064, total allocated 153616384, free 52884752, used 100731632, increment 0
FeaturedSpace: max memory 932184064, total allocated 153616384, free 52884752, used 100731632, increment 0
Sequential: max memory 932184064, total allocated 153616384, free 52884752, used 100731632, increment 0
Initial loss: 9.212438170058329
180: time = 0.420000 loss = 7.763473
Jackknife: leave bio_14 out
Making features
makeFeatures: max memory 932184064, total allocated 153616384, free 51601808, used 102014576, increment 1282944
Gustavia_santanderiensis_2 bio_14: 
Regularization values: linear/quadratic/product: 0.423, categorical: 0.250, threshold: 1.790, hinge: 0.500
21 samples
Density: max memory 932184064, total allocated 153616384, free 49908288, used 103708096, increment 1693520
linearPredictor: max memory 932184064, total allocated 153616384, free 49908288, used 103708096, increment 0
FeaturedSpace: max memory 932184064, total allocated 153616384, free 49908288, used 103708096, increment 0
Sequential: max memory 932184064, total allocated 153616384, free 49908288, used 103708096, increment 0
Initial loss: 9.212438170058329
Time since start: 85.206
220: time = 0.489000 loss = 7.763473
Jackknife: leave bio_15 out
Making features
makeFeatures: max memory 932184064, total allocated 153616384, free 48545160, used 105071224, increment 1363128
Gustavia_santanderiensis_2 bio_15: 
Regularization values: linear/quadratic/product: 0.423, categorical: 0.250, threshold: 1.790, hinge: 0.500
21 samples
Density: max memory 932184064, total allocated 153616384, free 48464976, used 105151408, increment 80184
linearPredictor: max memory 932184064, total allocated 153616384, free 48384792, used 105231592, increment 80184
FeaturedSpace: max memory 932184064, total allocated 153616384, free 48384792, used 105231592, increment 0
Sequential: max memory 932184064, total allocated 153616384, free 48384792, used 105231592, increment 0
Initial loss: 9.212438170058329
200: time = 0.443000 loss = 7.937381
Jackknife: leave bio_16 out
Making features
makeFeatures: max memory 932184064, total allocated 153616384, free 45568424, used 108047960, increment 2816368
Gustavia_santanderiensis_2 bio_16: 
Regularization values: linear/quadratic/product: 0.423, categorical: 0.250, threshold: 1.790, hinge: 0.500
21 samples
Density: max memory 932184064, total allocated 153616384, free 45488240, used 108128144, increment 80184
linearPredictor: max memory 932184064, total allocated 153616384, free 45408056, used 108208328, increment 80184
FeaturedSpace: max memory 932184064, total allocated 153616384, free 45408056, used 108208328, increment 0
Sequential: max memory 932184064, total allocated 153616384, free 45408056, used 108208328, increment 0
Initial loss: 9.212438170058329
Time since start: 86.491
240: time = 0.799000 loss = 7.763473
Jackknife: leave bio_17 out
Making features
makeFeatures: max memory 932184064, total allocated 153616384, free 42511656, used 111104728, increment 2896400
Gustavia_santanderiensis_2 bio_17: 
Regularization values: linear/quadratic/product: 0.423, categorical: 0.250, threshold: 1.790, hinge: 0.500
21 samples
Density: max memory 932184064, total allocated 153616384, free 42431472, used 111184912, increment 80184
linearPredictor: max memory 932184064, total allocated 153616384, free 42351288, used 111265096, increment 80184
FeaturedSpace: max memory 932184064, total allocated 153616384, free 42351288, used 111265096, increment 0
Sequential: max memory 932184064, total allocated 153616384, free 42351288, used 111265096, increment 0
Initial loss: 9.212438170058329
180: time = 0.416000 loss = 7.764640
Jackknife: leave bio_2 out
Making features
makeFeatures: max memory 932184064, total allocated 146276352, free 113932288, used 32344064, increment -78921032
Gustavia_santanderiensis_2 bio_2: 
Regularization values: linear/quadratic/product: 0.423, categorical: 0.250, threshold: 1.790, hinge: 0.500
21 samples
Density: max memory 932184064, total allocated 146276352, free 112297176, used 33979176, increment 1635112
linearPredictor: max memory 932184064, total allocated 146276352, free 112297176, used 33979176, increment 0
FeaturedSpace: max memory 932184064, total allocated 146276352, free 112297176, used 33979176, increment 0
Sequential: max memory 932184064, total allocated 146276352, free 112297176, used 33979176, increment 0
Initial loss: 9.212438170058329
220: time = 0.399000 loss = 7.763473
Jackknife: leave bio_3 out
Making features
makeFeatures: max memory 932184064, total allocated 146276352, free 110662064, used 35614288, increment 1635112
Gustavia_santanderiensis_2 bio_3: 
Regularization values: linear/quadratic/product: 0.423, categorical: 0.250, threshold: 1.790, hinge: 0.500
21 samples
Density: max memory 932184064, total allocated 146276352, free 110662064, used 35614288, increment 0
linearPredictor: max memory 932184064, total allocated 146276352, free 110662064, used 35614288, increment 0
FeaturedSpace: max memory 932184064, total allocated 146276352, free 110662064, used 35614288, increment 0
Sequential: max memory 932184064, total allocated 146276352, free 110662064, used 35614288, increment 0
Initial loss: 9.212438170058329
Time since start: 87.737
200: time = 0.364000 loss = 7.767174
Jackknife: leave bio_4 out
Making features
makeFeatures: max memory 932184064, total allocated 146276352, free 107904328, used 38372024, increment 2757736
Gustavia_santanderiensis_2 bio_4: 
Regularization values: linear/quadratic/product: 0.423, categorical: 0.250, threshold: 1.790, hinge: 0.500
21 samples
Density: max memory 932184064, total allocated 146276352, free 106269216, used 40007136, increment 1635112
linearPredictor: max memory 932184064, total allocated 146276352, free 106269216, used 40007136, increment 0
FeaturedSpace: max memory 932184064, total allocated 146276352, free 106269216, used 40007136, increment 0
Sequential: max memory 932184064, total allocated 146276352, free 106269216, used 40007136, increment 0
Initial loss: 9.212438170058329
220: time = 0.386000 loss = 7.763473
Jackknife: leave bio_5 out
Making features
makeFeatures: max memory 932184064, total allocated 146276352, free 104634104, used 41642248, increment 1635112
Gustavia_santanderiensis_2 bio_5: 
Regularization values: linear/quadratic/product: 0.423, categorical: 0.250, threshold: 1.790, hinge: 0.500
21 samples
Density: max memory 932184064, total allocated 146276352, free 104634104, used 41642248, increment 0
linearPredictor: max memory 932184064, total allocated 146276352, free 104634104, used 41642248, increment 0
FeaturedSpace: max memory 932184064, total allocated 146276352, free 104634104, used 41642248, increment 0
Sequential: max memory 932184064, total allocated 146276352, free 104634104, used 41642248, increment 0
Initial loss: 9.212438170058329
220: time = 0.420000 loss = 7.770676
Jackknife: leave bio_6 out
Making features
makeFeatures: max memory 932184064, total allocated 146276352, free 101444016, used 44832336, increment 3190088
Gustavia_santanderiensis_2 bio_6: 
Regularization values: linear/quadratic/product: 0.423, categorical: 0.250, threshold: 1.790, hinge: 0.500
21 samples
Density: max memory 932184064, total allocated 146276352, free 101444016, used 44832336, increment 0
linearPredictor: max memory 932184064, total allocated 146276352, free 101444016, used 44832336, increment 0
FeaturedSpace: max memory 932184064, total allocated 146276352, free 101444016, used 44832336, increment 0
Sequential: max memory 932184064, total allocated 146276352, free 101444016, used 44832336, increment 0
Initial loss: 9.212438170058329
Time since start: 88.898
160: time = 0.317000 loss = 7.794085
Jackknife: leave bio_7 out
Making features
makeFeatures: max memory 932184064, total allocated 146276352, free 98878128, used 47398224, increment 2565888
Gustavia_santanderiensis_2 bio_7: 
Regularization values: linear/quadratic/product: 0.423, categorical: 0.250, threshold: 1.790, hinge: 0.500
21 samples
Density: max memory 932184064, total allocated 146276352, free 98797944, used 47478408, increment 80184
linearPredictor: max memory 932184064, total allocated 146276352, free 98717760, used 47558592, increment 80184
FeaturedSpace: max memory 932184064, total allocated 146276352, free 98717760, used 47558592, increment 0
Sequential: max memory 932184064, total allocated 146276352, free 98717760, used 47558592, increment 0
Initial loss: 9.212438170058329
200: time = 0.389000 loss = 7.763473
Jackknife: leave bio_ai_et0 out
Making features
makeFeatures: max memory 932184064, total allocated 146276352, free 95879840, used 50396512, increment 2837920
Gustavia_santanderiensis_2 bio_ai_et0: 
Regularization values: linear/quadratic/product: 0.423, categorical: 0.250, threshold: 1.790, hinge: 0.500
21 samples
Density: max memory 932184064, total allocated 146276352, free 95799656, used 50476696, increment 80184
linearPredictor: max memory 932184064, total allocated 146276352, free 95719472, used 50556880, increment 80184
FeaturedSpace: max memory 932184064, total allocated 146276352, free 95719472, used 50556880, increment 0
Sequential: max memory 932184064, total allocated 146276352, free 95719472, used 50556880, increment 0
Initial loss: 9.212438170058329
200: time = 0.374000 loss = 7.763473
Jackknife: leave bio_et0_yr out
Making features
makeFeatures: max memory 932184064, total allocated 146276352, free 92881544, used 53394808, increment 2837928
Gustavia_santanderiensis_2 bio_et0_yr: 
Regularization values: linear/quadratic/product: 0.423, categorical: 0.250, threshold: 1.790, hinge: 0.500
21 samples
Density: max memory 932184064, total allocated 146276352, free 92801360, used 53474992, increment 80184
linearPredictor: max memory 932184064, total allocated 146276352, free 92721176, used 53555176, increment 80184
FeaturedSpace: max memory 932184064, total allocated 146276352, free 92721176, used 53555176, increment 0
Sequential: max memory 932184064, total allocated 146276352, free 92721176, used 53555176, increment 0
Initial loss: 9.212438170058329
Time since start: 90.049
180: time = 0.346000 loss = 7.765966
Jackknife: only bio_1
Making features
makeFeatures: max memory 932184064, total allocated 146276352, free 91166200, used 55110152, increment 1554976
Gustavia_santanderiensis_2 bio_1: 
Regularization values: linear/quadratic/product: 0.423, categorical: 0.250, threshold: 1.790, hinge: 0.500
21 samples
Density: max memory 932184064, total allocated 146276352, free 91166200, used 55110152, increment 0
linearPredictor: max memory 932184064, total allocated 146276352, free 91166200, used 55110152, increment 0
FeaturedSpace: max memory 932184064, total allocated 146276352, free 91166200, used 55110152, increment 0
Sequential: max memory 932184064, total allocated 146276352, free 91166200, used 55110152, increment 0
Initial loss: 9.212438170058329
80: time = 0.293000 loss = 8.899548
Res.gain: 0.3128905674658391
Jackknife: only bio_10
Making features
makeFeatures: max memory 932184064, total allocated 146276352, free 91166200, used 55110152, increment 0
Gustavia_santanderiensis_2 bio_10: 
Regularization values: linear/quadratic/product: 0.423, categorical: 0.250, threshold: 1.790, hinge: 0.500
21 samples
Density: max memory 932184064, total allocated 146276352, free 91166200, used 55110152, increment 0
linearPredictor: max memory 932184064, total allocated 146276352, free 91166200, used 55110152, increment 0
FeaturedSpace: max memory 932184064, total allocated 146276352, free 91166200, used 55110152, increment 0
Sequential: max memory 932184064, total allocated 146276352, free 91166200, used 55110152, increment 0
Initial loss: 9.212438170058329
80: time = 0.280000 loss = 8.922892
Res.gain: 0.2895466294182434
Jackknife: only bio_11
Making features
makeFeatures: max memory 932184064, total allocated 146276352, free 91166200, used 55110152, increment 0
Gustavia_santanderiensis_2 bio_11: 
Regularization values: linear/quadratic/product: 0.423, categorical: 0.250, threshold: 1.790, hinge: 0.500
21 samples
Density: max memory 932184064, total allocated 146276352, free 91166200, used 55110152, increment 0
linearPredictor: max memory 932184064, total allocated 146276352, free 91166200, used 55110152, increment 0
FeaturedSpace: max memory 932184064, total allocated 146276352, free 91166200, used 55110152, increment 0
Sequential: max memory 932184064, total allocated 146276352, free 91166200, used 55110152, increment 0
Initial loss: 9.212438170058329
80: time = 0.274000 loss = 8.917418
Res.gain: 0.29502018748883607
Jackknife: only bio_12
Making features
makeFeatures: max memory 932184064, total allocated 146276352, free 91166200, used 55110152, increment 0
Gustavia_santanderiensis_2 bio_12: 
Regularization values: linear/quadratic/product: 0.423, categorical: 0.250, threshold: 1.790, hinge: 0.500
21 samples
Density: max memory 932184064, total allocated 146276352, free 91086016, used 55190336, increment 80184
linearPredictor: max memory 932184064, total allocated 146276352, free 91005832, used 55270520, increment 80184
FeaturedSpace: max memory 932184064, total allocated 146276352, free 91005832, used 55270520, increment 0
Sequential: max memory 932184064, total allocated 146276352, free 91005832, used 55270520, increment 0
Initial loss: 9.212438170058329
Time since start: 91.122
60: time = 0.212000 loss = 9.143077
Res.gain: 0.06936095795112962
Jackknife: only bio_13
Making features
makeFeatures: max memory 932184064, total allocated 146276352, free 89370720, used 56905632, increment 1635112
Gustavia_santanderiensis_2 bio_13: 
Regularization values: linear/quadratic/product: 0.423, categorical: 0.250, threshold: 1.790, hinge: 0.500
21 samples
Density: max memory 932184064, total allocated 146276352, free 89370720, used 56905632, increment 0
linearPredictor: max memory 932184064, total allocated 146276352, free 89370720, used 56905632, increment 0
FeaturedSpace: max memory 932184064, total allocated 146276352, free 89370720, used 56905632, increment 0
Sequential: max memory 932184064, total allocated 146276352, free 89370720, used 56905632, increment 0
Initial loss: 9.212438170058329
60: time = 0.226000 loss = 9.201977
Res.gain: 0.010461412793153713
Jackknife: only bio_14
Making features
makeFeatures: max memory 932184064, total allocated 146276352, free 89370720, used 56905632, increment 0
Gustavia_santanderiensis_2 bio_14: 
Regularization values: linear/quadratic/product: 0.423, categorical: 0.250, threshold: 1.790, hinge: 0.500
21 samples
Density: max memory 932184064, total allocated 146276352, free 89370720, used 56905632, increment 0
linearPredictor: max memory 932184064, total allocated 146276352, free 89370720, used 56905632, increment 0
FeaturedSpace: max memory 932184064, total allocated 146276352, free 89370720, used 56905632, increment 0
Sequential: max memory 932184064, total allocated 146276352, free 89370720, used 56905632, increment 0
Initial loss: 9.212438170058329
60: time = 0.207000 loss = 9.068306
Res.gain: 0.14413195241581
Jackknife: only bio_15
Making features
makeFeatures: max memory 932184064, total allocated 146276352, free 89370720, used 56905632, increment 0
Gustavia_santanderiensis_2 bio_15: 
Regularization values: linear/quadratic/product: 0.423, categorical: 0.250, threshold: 1.790, hinge: 0.500
21 samples
Density: max memory 932184064, total allocated 146276352, free 89370720, used 56905632, increment 0
linearPredictor: max memory 932184064, total allocated 146276352, free 89370720, used 56905632, increment 0
FeaturedSpace: max memory 932184064, total allocated 146276352, free 89370720, used 56905632, increment 0
Sequential: max memory 932184064, total allocated 146276352, free 89370720, used 56905632, increment 0
Initial loss: 9.212438170058329
60: time = 0.216000 loss = 8.995102
Res.gain: 0.2173361265598448
Jackknife: only bio_16
Making features
makeFeatures: max memory 932184064, total allocated 146276352, free 89370720, used 56905632, increment 0
Gustavia_santanderiensis_2 bio_16: 
Regularization values: linear/quadratic/product: 0.423, categorical: 0.250, threshold: 1.790, hinge: 0.500
21 samples
Density: max memory 932184064, total allocated 146276352, free 89370720, used 56905632, increment 0
linearPredictor: max memory 932184064, total allocated 146276352, free 89370720, used 56905632, increment 0
FeaturedSpace: max memory 932184064, total allocated 146276352, free 89370720, used 56905632, increment 0
Sequential: max memory 932184064, total allocated 146276352, free 89370720, used 56905632, increment 0
Initial loss: 9.212438170058329
60: time = 0.222000 loss = 9.198791
Res.gain: 0.013646765896542234
Jackknife: only bio_17
Making features
makeFeatures: max memory 932184064, total allocated 146276352, free 89290536, used 56985816, increment 80184
Gustavia_santanderiensis_2 bio_17: 
Regularization values: linear/quadratic/product: 0.423, categorical: 0.250, threshold: 1.790, hinge: 0.500
21 samples
Density: max memory 932184064, total allocated 146276352, free 89210352, used 57066000, increment 80184
linearPredictor: max memory 932184064, total allocated 146276352, free 89130168, used 57146184, increment 80184
FeaturedSpace: max memory 932184064, total allocated 146276352, free 89130168, used 57146184, increment 0
Sequential: max memory 932184064, total allocated 146276352, free 89130168, used 57146184, increment 0
Initial loss: 9.212438170058329
Time since start: 92.214
60: time = 0.205000 loss = 8.879417
Res.gain: 0.333021646059132
Jackknife: only bio_2
Making features
makeFeatures: max memory 932184064, total allocated 146276352, free 87575152, used 58701200, increment 1555016
Gustavia_santanderiensis_2 bio_2: 
Regularization values: linear/quadratic/product: 0.423, categorical: 0.250, threshold: 1.790, hinge: 0.500
21 samples
Density: max memory 932184064, total allocated 146276352, free 87575152, used 58701200, increment 0
linearPredictor: max memory 932184064, total allocated 146276352, free 87575152, used 58701200, increment 0
FeaturedSpace: max memory 932184064, total allocated 146276352, free 87575152, used 58701200, increment 0
Sequential: max memory 932184064, total allocated 146276352, free 87575152, used 58701200, increment 0
Initial loss: 9.212438170058329
60: time = 0.249000 loss = 9.177479
Res.gain: 0.0349592422427083
Jackknife: only bio_3
Making features
makeFeatures: max memory 932184064, total allocated 146276352, free 87575152, used 58701200, increment 0
Gustavia_santanderiensis_2 bio_3: 
Regularization values: linear/quadratic/product: 0.423, categorical: 0.250, threshold: 1.790, hinge: 0.500
21 samples
Density: max memory 932184064, total allocated 146276352, free 87575152, used 58701200, increment 0
linearPredictor: max memory 932184064, total allocated 146276352, free 87575152, used 58701200, increment 0
FeaturedSpace: max memory 932184064, total allocated 146276352, free 87575152, used 58701200, increment 0
Sequential: max memory 932184064, total allocated 146276352, free 87575152, used 58701200, increment 0
Initial loss: 9.212438170058329
60: time = 0.234000 loss = 9.183134
Res.gain: 0.0293042054156345
Jackknife: only bio_4
Making features
makeFeatures: max memory 932184064, total allocated 146276352, free 87575152, used 58701200, increment 0
Gustavia_santanderiensis_2 bio_4: 
Regularization values: linear/quadratic/product: 0.423, categorical: 0.250, threshold: 1.790, hinge: 0.500
21 samples
Density: max memory 932184064, total allocated 146276352, free 87575152, used 58701200, increment 0
linearPredictor: max memory 932184064, total allocated 146276352, free 87575152, used 58701200, increment 0
FeaturedSpace: max memory 932184064, total allocated 146276352, free 87575152, used 58701200, increment 0
Sequential: max memory 932184064, total allocated 146276352, free 87575152, used 58701200, increment 0
Initial loss: 9.212438170058329
20: time = 0.100000 loss = 9.212438
Res.gain: 0.0
Jackknife: only bio_5
Making features
makeFeatures: max memory 932184064, total allocated 146276352, free 87575152, used 58701200, increment 0
Gustavia_santanderiensis_2 bio_5: 
Regularization values: linear/quadratic/product: 0.423, categorical: 0.250, threshold: 1.790, hinge: 0.500
21 samples
Density: max memory 932184064, total allocated 146276352, free 87575152, used 58701200, increment 0
linearPredictor: max memory 932184064, total allocated 146276352, free 87575152, used 58701200, increment 0
FeaturedSpace: max memory 932184064, total allocated 146276352, free 87575152, used 58701200, increment 0
Sequential: max memory 932184064, total allocated 146276352, free 87575152, used 58701200, increment 0
Initial loss: 9.212438170058329
80: time = 0.263000 loss = 8.922943
Res.gain: 0.2894956362182022
Jackknife: only bio_6
Making features
makeFeatures: max memory 932184064, total allocated 146276352, free 87414784, used 58861568, increment 160368
Gustavia_santanderiensis_2 bio_6: 
Regularization values: linear/quadratic/product: 0.423, categorical: 0.250, threshold: 1.790, hinge: 0.500
21 samples
Density: max memory 932184064, total allocated 146276352, free 87334600, used 58941752, increment 80184
linearPredictor: max memory 932184064, total allocated 146276352, free 87254416, used 59021936, increment 80184
FeaturedSpace: max memory 932184064, total allocated 146276352, free 87254416, used 59021936, increment 0
Sequential: max memory 932184064, total allocated 146276352, free 87254416, used 59021936, increment 0
Initial loss: 9.212438170058329
Time since start: 93.34
80: time = 0.261000 loss = 8.861942
Res.gain: 0.350496378697148
Jackknife: only bio_7
Making features
makeFeatures: max memory 932184064, total allocated 146276352, free 85699432, used 60576920, increment 1554984
Gustavia_santanderiensis_2 bio_7: 
Regularization values: linear/quadratic/product: 0.423, categorical: 0.250, threshold: 1.790, hinge: 0.500
21 samples
Density: max memory 932184064, total allocated 146276352, free 85699432, used 60576920, increment 0
linearPredictor: max memory 932184064, total allocated 146276352, free 85699432, used 60576920, increment 0
FeaturedSpace: max memory 932184064, total allocated 146276352, free 85699432, used 60576920, increment 0
Sequential: max memory 932184064, total allocated 146276352, free 85699432, used 60576920, increment 0
Initial loss: 9.212438170058329
20: time = 0.080000 loss = 9.212415
Res.gain: 2.328420774233564E-5
Jackknife: only bio_ai_et0
Making features
makeFeatures: max memory 932184064, total allocated 146276352, free 85699432, used 60576920, increment 0
Gustavia_santanderiensis_2 bio_ai_et0: 
Regularization values: linear/quadratic/product: 0.423, categorical: 0.250, threshold: 1.790, hinge: 0.500
21 samples
Density: max memory 932184064, total allocated 146276352, free 85699432, used 60576920, increment 0
linearPredictor: max memory 932184064, total allocated 146276352, free 85699432, used 60576920, increment 0
FeaturedSpace: max memory 932184064, total allocated 146276352, free 85699432, used 60576920, increment 0
Sequential: max memory 932184064, total allocated 146276352, free 85699432, used 60576920, increment 0
Initial loss: 9.212438170058329
60: time = 0.225000 loss = 9.186722
Res.gain: 0.025715901449871126
Jackknife: only bio_et0_yr
Making features
makeFeatures: max memory 932184064, total allocated 146276352, free 85699432, used 60576920, increment 0
Gustavia_santanderiensis_2 bio_et0_yr: 
Regularization values: linear/quadratic/product: 0.423, categorical: 0.250, threshold: 1.790, hinge: 0.500
21 samples
Density: max memory 932184064, total allocated 146276352, free 85699432, used 60576920, increment 0
linearPredictor: max memory 932184064, total allocated 146276352, free 85699432, used 60576920, increment 0
FeaturedSpace: max memory 932184064, total allocated 146276352, free 85699432, used 60576920, increment 0
Sequential: max memory 932184064, total allocated 146276352, free 85699432, used 60576920, increment 0
Initial loss: 9.212438170058329
60: time = 0.218000 loss = 9.165179
Res.gain: 0.047258940197334454
getSamples: max memory 932184064, total allocated 146276352, free 81122328, used 65154024, increment 4577104
Making features
makeFeatures: max memory 932184064, total allocated 146276352, free 77932264, used 68344088, increment 3190064
Gustavia_santanderiensis_3: 
Regularization values: linear/quadratic/product: 0.423, categorical: 0.250, threshold: 1.790, hinge: 0.500
21 samples
Density: max memory 932184064, total allocated 146276352, free 77932264, used 68344088, increment 0
linearPredictor: max memory 932184064, total allocated 146276352, free 77932264, used 68344088, increment 0
FeaturedSpace: max memory 932184064, total allocated 146276352, free 77932264, used 68344088, increment 0
Sequential: max memory 932184064, total allocated 146276352, free 77932264, used 68344088, increment 0
Initial loss: 9.212438170058329
Time since start: 94.761
380: time = 0.763000 loss = 7.552150
Resulting gain: 1.6602883787389509
Time since start: 95.782
Projecting...
Writing file C:\Users\Camila\Desktop\Modelo opc3\Final_Models\M_3_F_lq_Set_1\Gustavia_santanderiensis_3.asc
Time since start: 97.419
Writing C:\Users\Camila\Desktop\Modelo opc3\Final_Models\M_3_F_lq_Set_1\plots\Gustavia_santanderiensis_3.png
Gustavia_santanderiensis_3 response curves
Time since start: 101.674
Response curve: only bio_1
Making features
makeFeatures: max memory 932184064, total allocated 137363456, free 31981360, used 105382096, increment 37038008
Gustavia_santanderiensis_3 bio_1: 
Regularization values: linear/quadratic/product: 0.423, categorical: 0.250, threshold: 1.790, hinge: 0.500
21 samples
Density: max memory 932184064, total allocated 137363456, free 31901176, used 105462280, increment 80184
linearPredictor: max memory 932184064, total allocated 137363456, free 31820992, used 105542464, increment 80184
FeaturedSpace: max memory 932184064, total allocated 137363456, free 31820992, used 105542464, increment 0
Sequential: max memory 932184064, total allocated 137363456, free 31820992, used 105542464, increment 0
Initial loss: 9.212438170058329
80: time = 0.288000 loss = 8.823762
Resulting gain: 0.3886762293809838
Gustavia_santanderiensis_3 response curves
Response curve: only bio_10
Making features
makeFeatures: max memory 932184064, total allocated 139460608, free 95203400, used 44257208, increment -61285256
Gustavia_santanderiensis_3 bio_10: 
Regularization values: linear/quadratic/product: 0.423, categorical: 0.250, threshold: 1.790, hinge: 0.500
21 samples
Density: max memory 932184064, total allocated 139460608, free 95203400, used 44257208, increment 0
linearPredictor: max memory 932184064, total allocated 139460608, free 95203400, used 44257208, increment 0
FeaturedSpace: max memory 932184064, total allocated 139460608, free 95203400, used 44257208, increment 0
Sequential: max memory 932184064, total allocated 139460608, free 95203400, used 44257208, increment 0
Initial loss: 9.212438170058329
80: time = 0.283000 loss = 8.858250
Resulting gain: 0.3541878260686975
Gustavia_santanderiensis_3 response curves
Response curve: only bio_11
Making features
makeFeatures: max memory 932184064, total allocated 139460608, free 91600312, used 47860296, increment 3603088
Gustavia_santanderiensis_3 bio_11: 
Regularization values: linear/quadratic/product: 0.423, categorical: 0.250, threshold: 1.790, hinge: 0.500
21 samples
Density: max memory 932184064, total allocated 139460608, free 91600312, used 47860296, increment 0
linearPredictor: max memory 932184064, total allocated 139460608, free 91600312, used 47860296, increment 0
FeaturedSpace: max memory 932184064, total allocated 139460608, free 91600312, used 47860296, increment 0
Sequential: max memory 932184064, total allocated 139460608, free 91600312, used 47860296, increment 0
Initial loss: 9.212438170058329
Time since start: 102.783
100: time = 0.200000 loss = 8.838336
Resulting gain: 0.37410250535025114
Gustavia_santanderiensis_3 response curves
Response curve: only bio_12
Making features
makeFeatures: max memory 932184064, total allocated 139460608, free 87561472, used 51899136, increment 4038840
Gustavia_santanderiensis_3 bio_12: 
Regularization values: linear/quadratic/product: 0.423, categorical: 0.250, threshold: 1.790, hinge: 0.500
21 samples
Density: max memory 932184064, total allocated 139460608, free 87481288, used 51979320, increment 80184
linearPredictor: max memory 932184064, total allocated 139460608, free 87401104, used 52059504, increment 80184
FeaturedSpace: max memory 932184064, total allocated 139460608, free 87401104, used 52059504, increment 0
Sequential: max memory 932184064, total allocated 139460608, free 87401104, used 52059504, increment 0
Initial loss: 9.212438170058329
60: time = 0.260000 loss = 9.122854
Resulting gain: 0.08958394858613872
Gustavia_santanderiensis_3 response curves
Response curve: only bio_13
Making features
makeFeatures: max memory 932184064, total allocated 139460608, free 82109880, used 57350728, increment 5291224
Gustavia_santanderiensis_3 bio_13: 
Regularization values: linear/quadratic/product: 0.423, categorical: 0.250, threshold: 1.790, hinge: 0.500
21 samples
Density: max memory 932184064, total allocated 139460608, free 82109880, used 57350728, increment 0
linearPredictor: max memory 932184064, total allocated 139460608, free 82109880, used 57350728, increment 0
FeaturedSpace: max memory 932184064, total allocated 139460608, free 82109880, used 57350728, increment 0
Sequential: max memory 932184064, total allocated 139460608, free 82109880, used 57350728, increment 0
Initial loss: 9.212438170058329
60: time = 0.252000 loss = 9.195075
Resulting gain: 0.017362904724285144
Gustavia_santanderiensis_3 response curves
Time since start: 103.807
Response curve: only bio_14
Making features
makeFeatures: max memory 932184064, total allocated 139460608, free 78509256, used 60951352, increment 3600624
Gustavia_santanderiensis_3 bio_14: 
Regularization values: linear/quadratic/product: 0.423, categorical: 0.250, threshold: 1.790, hinge: 0.500
21 samples
Density: max memory 932184064, total allocated 139460608, free 78509256, used 60951352, increment 0
linearPredictor: max memory 932184064, total allocated 139460608, free 78509256, used 60951352, increment 0
FeaturedSpace: max memory 932184064, total allocated 139460608, free 78509256, used 60951352, increment 0
Sequential: max memory 932184064, total allocated 139460608, free 78509256, used 60951352, increment 0
Initial loss: 9.212438170058329
60: time = 0.203000 loss = 9.076208
Resulting gain: 0.13623006472528587
Gustavia_santanderiensis_3 response curves
Response curve: only bio_15
Making features
makeFeatures: max memory 932184064, total allocated 139460608, free 74390336, used 65070272, increment 4118920
Gustavia_santanderiensis_3 bio_15: 
Regularization values: linear/quadratic/product: 0.423, categorical: 0.250, threshold: 1.790, hinge: 0.500
21 samples
Density: max memory 932184064, total allocated 139460608, free 74310152, used 65150456, increment 80184
linearPredictor: max memory 932184064, total allocated 139460608, free 74229968, used 65230640, increment 80184
FeaturedSpace: max memory 932184064, total allocated 139460608, free 74229968, used 65230640, increment 0
Sequential: max memory 932184064, total allocated 139460608, free 74229968, used 65230640, increment 0
Initial loss: 9.212438170058329
60: time = 0.206000 loss = 9.000735
Resulting gain: 0.21170294915292232
Gustavia_santanderiensis_3 response curves
Response curve: only bio_16
Making features
makeFeatures: max memory 932184064, total allocated 139460608, free 69198616, used 70261992, increment 5031352
Gustavia_santanderiensis_3 bio_16: 
Regularization values: linear/quadratic/product: 0.423, categorical: 0.250, threshold: 1.790, hinge: 0.500
21 samples
Density: max memory 932184064, total allocated 139460608, free 69198616, used 70261992, increment 0
linearPredictor: max memory 932184064, total allocated 139460608, free 69198616, used 70261992, increment 0
FeaturedSpace: max memory 932184064, total allocated 139460608, free 69198616, used 70261992, increment 0
Sequential: max memory 932184064, total allocated 139460608, free 69198616, used 70261992, increment 0
Initial loss: 9.212438170058329
60: time = 0.209000 loss = 9.188725
Resulting gain: 0.023713592906233316
Gustavia_santanderiensis_3 response curves
Time since start: 104.87
Response curve: only bio_17
Making features
makeFeatures: max memory 932184064, total allocated 139460608, free 65600304, used 73860304, increment 3598312
Gustavia_santanderiensis_3 bio_17: 
Regularization values: linear/quadratic/product: 0.423, categorical: 0.250, threshold: 1.790, hinge: 0.500
21 samples
Density: max memory 932184064, total allocated 139460608, free 64202232, used 75258376, increment 1398072
linearPredictor: max memory 932184064, total allocated 139460608, free 64202232, used 75258376, increment 0
FeaturedSpace: max memory 932184064, total allocated 139460608, free 64202232, used 75258376, increment 0
Sequential: max memory 932184064, total allocated 139460608, free 64202232, used 75258376, increment 0
Initial loss: 9.212438170058329
60: time = 0.221000 loss = 8.879791
Resulting gain: 0.3326473213970438
Gustavia_santanderiensis_3 response curves
Response curve: only bio_2
Making features
makeFeatures: max memory 932184064, total allocated 139460608, free 60601608, used 78859000, increment 3600624
Gustavia_santanderiensis_3 bio_2: 
Regularization values: linear/quadratic/product: 0.423, categorical: 0.250, threshold: 1.790, hinge: 0.500
21 samples
Density: max memory 932184064, total allocated 139460608, free 60601608, used 78859000, increment 0
linearPredictor: max memory 932184064, total allocated 139460608, free 60601608, used 78859000, increment 0
FeaturedSpace: max memory 932184064, total allocated 139460608, free 60601608, used 78859000, increment 0
Sequential: max memory 932184064, total allocated 139460608, free 60601608, used 78859000, increment 0
Initial loss: 9.212438170058329
60: time = 0.241000 loss = 9.157993
Resulting gain: 0.05444509388779295
Gustavia_santanderiensis_3 response curves
Response curve: only bio_3
Making features
makeFeatures: max memory 932184064, total allocated 139460608, free 55685464, used 83775144, increment 4916144
Gustavia_santanderiensis_3 bio_3: 
Regularization values: linear/quadratic/product: 0.423, categorical: 0.250, threshold: 1.790, hinge: 0.500
21 samples
Density: max memory 932184064, total allocated 139460608, free 55685464, used 83775144, increment 0
linearPredictor: max memory 932184064, total allocated 139460608, free 55685464, used 83775144, increment 0
FeaturedSpace: max memory 932184064, total allocated 139460608, free 55685464, used 83775144, increment 0
Sequential: max memory 932184064, total allocated 139460608, free 55685464, used 83775144, increment 0
Initial loss: 9.212438170058329
60: time = 0.229000 loss = 9.174672
Resulting gain: 0.03776613814859964
Gustavia_santanderiensis_3 response curves
Time since start: 105.994
Response curve: only bio_4
Making features
makeFeatures: max memory 932184064, total allocated 139460608, free 52084840, used 87375768, increment 3600624
Gustavia_santanderiensis_3 bio_4: 
Regularization values: linear/quadratic/product: 0.423, categorical: 0.250, threshold: 1.790, hinge: 0.500
21 samples
Density: max memory 932184064, total allocated 139460608, free 52084840, used 87375768, increment 0
linearPredictor: max memory 932184064, total allocated 139460608, free 52084840, used 87375768, increment 0
FeaturedSpace: max memory 932184064, total allocated 139460608, free 52084840, used 87375768, increment 0
Sequential: max memory 932184064, total allocated 139460608, free 52084840, used 87375768, increment 0
Initial loss: 9.212438170058329
60: time = 0.235000 loss = 9.211131
Resulting gain: 0.001307621739931264
Gustavia_santanderiensis_3 response curves
Response curve: only bio_5
Making features
makeFeatures: max memory 932184064, total allocated 139460608, free 46805992, used 92654616, increment 5278848
Gustavia_santanderiensis_3 bio_5: 
Regularization values: linear/quadratic/product: 0.423, categorical: 0.250, threshold: 1.790, hinge: 0.500
21 samples
Density: max memory 932184064, total allocated 139460608, free 46805992, used 92654616, increment 0
linearPredictor: max memory 932184064, total allocated 139460608, free 46805992, used 92654616, increment 0
FeaturedSpace: max memory 932184064, total allocated 139460608, free 46805992, used 92654616, increment 0
Sequential: max memory 932184064, total allocated 139460608, free 46805992, used 92654616, increment 0
Initial loss: 9.212438170058329
Time since start: 107.24
100: time = 0.880000 loss = 8.866583
Resulting gain: 0.3458547413170585
Gustavia_santanderiensis_3 response curves
Response curve: only bio_6
Making features
makeFeatures: max memory 932184064, total allocated 139460608, free 43205368, used 96255240, increment 3600624
Gustavia_santanderiensis_3 bio_6: 
Regularization values: linear/quadratic/product: 0.423, categorical: 0.250, threshold: 1.790, hinge: 0.500
21 samples
Density: max memory 932184064, total allocated 139460608, free 43205368, used 96255240, increment 0
linearPredictor: max memory 932184064, total allocated 139460608, free 43205368, used 96255240, increment 0
FeaturedSpace: max memory 932184064, total allocated 139460608, free 43205368, used 96255240, increment 0
Sequential: max memory 932184064, total allocated 139460608, free 43205368, used 96255240, increment 0
Initial loss: 9.212438170058329
100: time = 0.396000 loss = 8.798956
Resulting gain: 0.41348224849640935
Gustavia_santanderiensis_3 response curves
Response curve: only bio_7
Making features
makeFeatures: max memory 932184064, total allocated 139460608, free 37914120, used 101546488, increment 5291248
Gustavia_santanderiensis_3 bio_7: 
Regularization values: linear/quadratic/product: 0.423, categorical: 0.250, threshold: 1.790, hinge: 0.500
21 samples
Density: max memory 932184064, total allocated 139460608, free 37914120, used 101546488, increment 0
linearPredictor: max memory 932184064, total allocated 139460608, free 37914120, used 101546488, increment 0
FeaturedSpace: max memory 932184064, total allocated 139460608, free 37914120, used 101546488, increment 0
Sequential: max memory 932184064, total allocated 139460608, free 37914120, used 101546488, increment 0
Initial loss: 9.212438170058329
Time since start: 108.246
60: time = 0.251000 loss = 9.211026
Resulting gain: 0.0014125493853960336
Gustavia_santanderiensis_3 response curves
Response curve: only bio_ai_et0
Making features
makeFeatures: max memory 932184064, total allocated 139460608, free 34313496, used 105147112, increment 3600624
Gustavia_santanderiensis_3 bio_ai_et0: 
Regularization values: linear/quadratic/product: 0.423, categorical: 0.250, threshold: 1.790, hinge: 0.500
21 samples
Density: max memory 932184064, total allocated 139460608, free 34313496, used 105147112, increment 0
linearPredictor: max memory 932184064, total allocated 139460608, free 34313496, used 105147112, increment 0
FeaturedSpace: max memory 932184064, total allocated 139460608, free 34313496, used 105147112, increment 0
Sequential: max memory 932184064, total allocated 139460608, free 34313496, used 105147112, increment 0
Initial loss: 9.212438170058329
Time since start: 109.293
60: time = 0.284000 loss = 9.175913
Resulting gain: 0.036525318187599964
Gustavia_santanderiensis_3 response curves
Response curve: only bio_et0_yr
Making features
makeFeatures: max memory 932184064, total allocated 131596288, free 89537880, used 42058408, increment -63088704
Gustavia_santanderiensis_3 bio_et0_yr: 
Regularization values: linear/quadratic/product: 0.423, categorical: 0.250, threshold: 1.790, hinge: 0.500
21 samples
Density: max memory 932184064, total allocated 131596288, free 89537880, used 42058408, increment 0
linearPredictor: max memory 932184064, total allocated 131596288, free 89537880, used 42058408, increment 0
FeaturedSpace: max memory 932184064, total allocated 131596288, free 89537880, used 42058408, increment 0
Sequential: max memory 932184064, total allocated 131596288, free 89537880, used 42058408, increment 0
Initial loss: 9.212438170058329
120: time = 0.197000 loss = 9.148817
Resulting gain: 0.06362076429004127
Gustavia_santanderiensis_3 response curves
Time since start: 110.524
Jackknife: leave bio_1 out
Making features
makeFeatures: max memory 932184064, total allocated 127401984, free 76183176, used 51218808, increment 9160400
Gustavia_santanderiensis_3 bio_1: 
Regularization values: linear/quadratic/product: 0.423, categorical: 0.250, threshold: 1.790, hinge: 0.500
21 samples
Density: max memory 932184064, total allocated 127401984, free 76102992, used 51298992, increment 80184
linearPredictor: max memory 932184064, total allocated 127401984, free 76022808, used 51379176, increment 80184
FeaturedSpace: max memory 932184064, total allocated 127401984, free 76022808, used 51379176, increment 0
Sequential: max memory 932184064, total allocated 127401984, free 76022808, used 51379176, increment 0
Initial loss: 9.212438170058329
240: time = 0.443000 loss = 7.558432
Jackknife: leave bio_10 out
Making features
makeFeatures: max memory 932184064, total allocated 127401984, free 73150136, used 54251848, increment 2872672
Gustavia_santanderiensis_3 bio_10: 
Regularization values: linear/quadratic/product: 0.423, categorical: 0.250, threshold: 1.790, hinge: 0.500
21 samples
Density: max memory 932184064, total allocated 127401984, free 73069952, used 54332032, increment 80184
linearPredictor: max memory 932184064, total allocated 127401984, free 72989768, used 54412216, increment 80184
FeaturedSpace: max memory 932184064, total allocated 127401984, free 72989768, used 54412216, increment 0
Sequential: max memory 932184064, total allocated 127401984, free 72989768, used 54412216, increment 0
Initial loss: 9.212438170058329
Time since start: 112.17
280: time = 1.143000 loss = 7.552150
Jackknife: leave bio_11 out
Making features
makeFeatures: max memory 932184064, total allocated 127401984, free 70117320, used 57284664, increment 2872448
Gustavia_santanderiensis_3 bio_11: 
Regularization values: linear/quadratic/product: 0.423, categorical: 0.250, threshold: 1.790, hinge: 0.500
21 samples
Density: max memory 932184064, total allocated 127401984, free 68848600, used 58553384, increment 1268720
linearPredictor: max memory 932184064, total allocated 127401984, free 68848600, used 58553384, increment 0
FeaturedSpace: max memory 932184064, total allocated 127401984, free 68848600, used 58553384, increment 0
Sequential: max memory 932184064, total allocated 127401984, free 68848600, used 58553384, increment 0
Initial loss: 9.212438170058329
260: time = 0.511000 loss = 7.552155
Jackknife: leave bio_12 out
Making features
makeFeatures: max memory 932184064, total allocated 127401984, free 67018592, used 60383392, increment 1830008
Gustavia_santanderiensis_3 bio_12: 
Regularization values: linear/quadratic/product: 0.423, categorical: 0.250, threshold: 1.790, hinge: 0.500
21 samples
Density: max memory 932184064, total allocated 127401984, free 66938408, used 60463576, increment 80184
linearPredictor: max memory 932184064, total allocated 127401984, free 66858224, used 60543760, increment 80184
FeaturedSpace: max memory 932184064, total allocated 127401984, free 66858224, used 60543760, increment 0
Sequential: max memory 932184064, total allocated 127401984, free 66858224, used 60543760, increment 0
Initial loss: 9.212438170058329
Time since start: 113.312
300: time = 0.597000 loss = 7.552151
Jackknife: leave bio_13 out
Making features
makeFeatures: max memory 932184064, total allocated 127401984, free 63905368, used 63496616, increment 2952856
Gustavia_santanderiensis_3 bio_13: 
Regularization values: linear/quadratic/product: 0.423, categorical: 0.250, threshold: 1.790, hinge: 0.500
21 samples
Density: max memory 932184064, total allocated 127401984, free 63825184, used 63576800, increment 80184
linearPredictor: max memory 932184064, total allocated 127401984, free 63745000, used 63656984, increment 80184
FeaturedSpace: max memory 932184064, total allocated 127401984, free 63745000, used 63656984, increment 0
Sequential: max memory 932184064, total allocated 127401984, free 63745000, used 63656984, increment 0
Initial loss: 9.212438170058329
300: time = 0.536000 loss = 7.552150
Jackknife: leave bio_14 out
Making features
makeFeatures: max memory 932184064, total allocated 127401984, free 60806536, used 66595448, increment 2938464
Gustavia_santanderiensis_3 bio_14: 
Regularization values: linear/quadratic/product: 0.423, categorical: 0.250, threshold: 1.790, hinge: 0.500
21 samples
Density: max memory 932184064, total allocated 127401984, free 60726352, used 66675632, increment 80184
linearPredictor: max memory 932184064, total allocated 127401984, free 60646168, used 66755816, increment 80184
FeaturedSpace: max memory 932184064, total allocated 127401984, free 60646168, used 66755816, increment 0
Sequential: max memory 932184064, total allocated 127401984, free 60646168, used 66755816, increment 0
Initial loss: 9.212438170058329
Time since start: 114.387
280: time = 0.501000 loss = 7.552149
Jackknife: leave bio_15 out
Making features
makeFeatures: max memory 932184064, total allocated 127401984, free 57547296, used 69854688, increment 3098872
Gustavia_santanderiensis_3 bio_15: 
Regularization values: linear/quadratic/product: 0.423, categorical: 0.250, threshold: 1.790, hinge: 0.500
21 samples
Density: max memory 932184064, total allocated 127401984, free 57547296, used 69854688, increment 0
linearPredictor: max memory 932184064, total allocated 127401984, free 57547296, used 69854688, increment 0
FeaturedSpace: max memory 932184064, total allocated 127401984, free 57547296, used 69854688, increment 0
Sequential: max memory 932184064, total allocated 127401984, free 57547296, used 69854688, increment 0
Initial loss: 9.212438170058329
240: time = 0.462000 loss = 7.728000
Jackknife: leave bio_16 out
Making features
makeFeatures: max memory 932184064, total allocated 127401984, free 54674624, used 72727360, increment 2872672
Gustavia_santanderiensis_3 bio_16: 
Regularization values: linear/quadratic/product: 0.423, categorical: 0.250, threshold: 1.790, hinge: 0.500
21 samples
Density: max memory 932184064, total allocated 127401984, free 54594440, used 72807544, increment 80184
linearPredictor: max memory 932184064, total allocated 127401984, free 54514256, used 72887728, increment 80184
FeaturedSpace: max memory 932184064, total allocated 127401984, free 54514256, used 72887728, increment 0
Sequential: max memory 932184064, total allocated 127401984, free 54514256, used 72887728, increment 0
Initial loss: 9.212438170058329
300: time = 0.495000 loss = 7.552149
Jackknife: leave bio_17 out
Making features
makeFeatures: max memory 932184064, total allocated 127401984, free 51561552, used 75840432, increment 2952704
Gustavia_santanderiensis_3 bio_17: 
Regularization values: linear/quadratic/product: 0.423, categorical: 0.250, threshold: 1.790, hinge: 0.500
21 samples
Density: max memory 932184064, total allocated 127401984, free 51481368, used 75920616, increment 80184
linearPredictor: max memory 932184064, total allocated 127401984, free 51401184, used 76000800, increment 80184
FeaturedSpace: max memory 932184064, total allocated 127401984, free 51401184, used 76000800, increment 0
Sequential: max memory 932184064, total allocated 127401984, free 51401184, used 76000800, increment 0
Initial loss: 9.212438170058329
Time since start: 115.849
280: time = 0.468000 loss = 7.555020
Jackknife: leave bio_2 out
Making features
makeFeatures: max memory 932184064, total allocated 127401984, free 48528512, used 78873472, increment 2872672
Gustavia_santanderiensis_3 bio_2: 
Regularization values: linear/quadratic/product: 0.423, categorical: 0.250, threshold: 1.790, hinge: 0.500
21 samples
Density: max memory 932184064, total allocated 127401984, free 47259792, used 80142192, increment 1268720
linearPredictor: max memory 932184064, total allocated 127401984, free 47259792, used 80142192, increment 0
FeaturedSpace: max memory 932184064, total allocated 127401984, free 47259792, used 80142192, increment 0
Sequential: max memory 932184064, total allocated 127401984, free 47259792, used 80142192, increment 0
Initial loss: 9.212438170058329
240: time = 0.429000 loss = 7.552150
Jackknife: leave bio_3 out
Making features
makeFeatures: max memory 932184064, total allocated 127401984, free 45109048, used 82292936, increment 2150744
Gustavia_santanderiensis_3 bio_3: 
Regularization values: linear/quadratic/product: 0.423, categorical: 0.250, threshold: 1.790, hinge: 0.500
21 samples
Density: max memory 932184064, total allocated 127401984, free 45109048, used 82292936, increment 0
linearPredictor: max memory 932184064, total allocated 127401984, free 45109048, used 82292936, increment 0
FeaturedSpace: max memory 932184064, total allocated 127401984, free 45109048, used 82292936, increment 0
Sequential: max memory 932184064, total allocated 127401984, free 45109048, used 82292936, increment 0
Initial loss: 9.212438170058329
300: time = 0.508000 loss = 7.595470
Jackknife: leave bio_4 out
Making features
makeFeatures: max memory 932184064, total allocated 127401984, free 42330784, used 85071200, increment 2778264
Gustavia_santanderiensis_3 bio_4: 
Regularization values: linear/quadratic/product: 0.423, categorical: 0.250, threshold: 1.790, hinge: 0.500
21 samples
Density: max memory 932184064, total allocated 127401984, free 42250600, used 85151384, increment 80184
linearPredictor: max memory 932184064, total allocated 127401984, free 42170416, used 85231568, increment 80184
FeaturedSpace: max memory 932184064, total allocated 127401984, free 42170416, used 85231568, increment 0
Sequential: max memory 932184064, total allocated 127401984, free 42170416, used 85231568, increment 0
Initial loss: 9.212438170058329
Time since start: 117.249
240: time = 0.420000 loss = 7.578486
Jackknife: leave bio_5 out
Making features
makeFeatures: max memory 932184064, total allocated 127401984, free 39297896, used 88104088, increment 2872520
Gustavia_santanderiensis_3 bio_5: 
Regularization values: linear/quadratic/product: 0.423, categorical: 0.250, threshold: 1.790, hinge: 0.500
21 samples
Density: max memory 932184064, total allocated 127401984, free 39217712, used 88184272, increment 80184
linearPredictor: max memory 932184064, total allocated 127401984, free 39137528, used 88264456, increment 80184
FeaturedSpace: max memory 932184064, total allocated 127401984, free 39137528, used 88264456, increment 0
Sequential: max memory 932184064, total allocated 127401984, free 39137528, used 88264456, increment 0
Initial loss: 9.212438170058329
280: time = 0.457000 loss = 7.552149
Jackknife: leave bio_6 out
Making features
makeFeatures: max memory 932184064, total allocated 127401984, free 36198896, used 91203088, increment 2938632
Gustavia_santanderiensis_3 bio_6: 
Regularization values: linear/quadratic/product: 0.423, categorical: 0.250, threshold: 1.790, hinge: 0.500
21 samples
Density: max memory 932184064, total allocated 127401984, free 36118712, used 91283272, increment 80184
linearPredictor: max memory 932184064, total allocated 127401984, free 36038528, used 91363456, increment 80184
FeaturedSpace: max memory 932184064, total allocated 127401984, free 36038528, used 91363456, increment 0
Sequential: max memory 932184064, total allocated 127401984, free 36038528, used 91363456, increment 0
Initial loss: 9.212438170058329
200: time = 0.374000 loss = 7.563933
Jackknife: leave bio_7 out
Making features
makeFeatures: max memory 932184064, total allocated 127401984, free 33246040, used 94155944, increment 2792488
Gustavia_santanderiensis_3 bio_7: 
Regularization values: linear/quadratic/product: 0.423, categorical: 0.250, threshold: 1.790, hinge: 0.500
21 samples
Density: max memory 932184064, total allocated 127401984, free 31977320, used 95424664, increment 1268720
linearPredictor: max memory 932184064, total allocated 127401984, free 31977320, used 95424664, increment 0
FeaturedSpace: max memory 932184064, total allocated 127401984, free 31977320, used 95424664, increment 0
Sequential: max memory 932184064, total allocated 127401984, free 31977320, used 95424664, increment 0
Initial loss: 9.212438170058329
Time since start: 118.648
320: time = 0.532000 loss = 7.552149
Jackknife: leave bio_ai_et0 out
Making features
makeFeatures: max memory 932184064, total allocated 127401984, free 30067128, used 97334856, increment 1910192
Gustavia_santanderiensis_3 bio_ai_et0: 
Regularization values: linear/quadratic/product: 0.423, categorical: 0.250, threshold: 1.790, hinge: 0.500
21 samples
Density: max memory 932184064, total allocated 127401984, free 29986944, used 97415040, increment 80184
linearPredictor: max memory 932184064, total allocated 127401984, free 29906760, used 97495224, increment 80184
FeaturedSpace: max memory 932184064, total allocated 127401984, free 29906760, used 97495224, increment 0
Sequential: max memory 932184064, total allocated 127401984, free 29906760, used 97495224, increment 0
Initial loss: 9.212438170058329
260: time = 0.439000 loss = 7.552149
Jackknife: leave bio_et0_yr out
Making features
makeFeatures: max memory 932184064, total allocated 130023424, free 88315136, used 41708288, increment -55786936
Gustavia_santanderiensis_3 bio_et0_yr: 
Regularization values: linear/quadratic/product: 0.423, categorical: 0.250, threshold: 1.790, hinge: 0.500
21 samples
Density: max memory 932184064, total allocated 130023424, free 88315136, used 41708288, increment 0
linearPredictor: max memory 932184064, total allocated 130023424, free 88315136, used 41708288, increment 0
FeaturedSpace: max memory 932184064, total allocated 130023424, free 88315136, used 41708288, increment 0
Sequential: max memory 932184064, total allocated 130023424, free 88315136, used 41708288, increment 0
Initial loss: 9.212438170058329
Time since start: 119.649
320: time = 0.534000 loss = 7.578449
Jackknife: only bio_1
Making features
makeFeatures: max memory 932184064, total allocated 130023424, free 87173120, used 42850304, increment 1142016
Gustavia_santanderiensis_3 bio_1: 
Regularization values: linear/quadratic/product: 0.423, categorical: 0.250, threshold: 1.790, hinge: 0.500
21 samples
Density: max memory 932184064, total allocated 130023424, free 87173120, used 42850304, increment 0
linearPredictor: max memory 932184064, total allocated 130023424, free 87173120, used 42850304, increment 0
FeaturedSpace: max memory 932184064, total allocated 130023424, free 87173120, used 42850304, increment 0
Sequential: max memory 932184064, total allocated 130023424, free 87173120, used 42850304, increment 0
Initial loss: 9.212438170058329
80: time = 0.265000 loss = 8.823762
Res.gain: 0.3886762293809838
Jackknife: only bio_10
Making features
makeFeatures: max memory 932184064, total allocated 130023424, free 87173120, used 42850304, increment 0
Gustavia_santanderiensis_3 bio_10: 
Regularization values: linear/quadratic/product: 0.423, categorical: 0.250, threshold: 1.790, hinge: 0.500
21 samples
Density: max memory 932184064, total allocated 130023424, free 87173120, used 42850304, increment 0
linearPredictor: max memory 932184064, total allocated 130023424, free 87173120, used 42850304, increment 0
FeaturedSpace: max memory 932184064, total allocated 130023424, free 87173120, used 42850304, increment 0
Sequential: max memory 932184064, total allocated 130023424, free 87173120, used 42850304, increment 0
Initial loss: 9.212438170058329
80: time = 0.370000 loss = 8.858250
Res.gain: 0.3541878260686975
Jackknife: only bio_11
Making features
makeFeatures: max memory 932184064, total allocated 130023424, free 87173120, used 42850304, increment 0
Gustavia_santanderiensis_3 bio_11: 
Regularization values: linear/quadratic/product: 0.423, categorical: 0.250, threshold: 1.790, hinge: 0.500
21 samples
Density: max memory 932184064, total allocated 130023424, free 87173120, used 42850304, increment 0
linearPredictor: max memory 932184064, total allocated 130023424, free 87092936, used 42930488, increment 80184
FeaturedSpace: max memory 932184064, total allocated 130023424, free 87092936, used 42930488, increment 0
Sequential: max memory 932184064, total allocated 130023424, free 87092936, used 42930488, increment 0
Initial loss: 9.212438170058329
100: time = 0.186000 loss = 8.838336
Res.gain: 0.37410250535025114
Jackknife: only bio_12
Making features
makeFeatures: max memory 932184064, total allocated 130023424, free 85870792, used 44152632, increment 1222144
Gustavia_santanderiensis_3 bio_12: 
Regularization values: linear/quadratic/product: 0.423, categorical: 0.250, threshold: 1.790, hinge: 0.500
21 samples
Density: max memory 932184064, total allocated 130023424, free 85870792, used 44152632, increment 0
linearPredictor: max memory 932184064, total allocated 130023424, free 85870792, used 44152632, increment 0
FeaturedSpace: max memory 932184064, total allocated 130023424, free 85870792, used 44152632, increment 0
Sequential: max memory 932184064, total allocated 130023424, free 85870792, used 44152632, increment 0
Initial loss: 9.212438170058329
Time since start: 120.706
60: time = 0.223000 loss = 9.122854
Res.gain: 0.08958394858613872
Jackknife: only bio_13
Making features
makeFeatures: max memory 932184064, total allocated 130023424, free 85870792, used 44152632, increment 0
Gustavia_santanderiensis_3 bio_13: 
Regularization values: linear/quadratic/product: 0.423, categorical: 0.250, threshold: 1.790, hinge: 0.500
21 samples
Density: max memory 932184064, total allocated 130023424, free 85870792, used 44152632, increment 0
linearPredictor: max memory 932184064, total allocated 130023424, free 85870792, used 44152632, increment 0
FeaturedSpace: max memory 932184064, total allocated 130023424, free 85870792, used 44152632, increment 0
Sequential: max memory 932184064, total allocated 130023424, free 85870792, used 44152632, increment 0
Initial loss: 9.212438170058329
60: time = 0.227000 loss = 9.195075
Res.gain: 0.017362904724285144
Jackknife: only bio_14
Making features
makeFeatures: max memory 932184064, total allocated 130023424, free 85870792, used 44152632, increment 0
Gustavia_santanderiensis_3 bio_14: 
Regularization values: linear/quadratic/product: 0.423, categorical: 0.250, threshold: 1.790, hinge: 0.500
21 samples
Density: max memory 932184064, total allocated 130023424, free 85870792, used 44152632, increment 0
linearPredictor: max memory 932184064, total allocated 130023424, free 85870792, used 44152632, increment 0
FeaturedSpace: max memory 932184064, total allocated 130023424, free 85870792, used 44152632, increment 0
Sequential: max memory 932184064, total allocated 130023424, free 85870792, used 44152632, increment 0
Initial loss: 9.212438170058329
60: time = 0.203000 loss = 9.076208
Res.gain: 0.13623006472528587
Jackknife: only bio_15
Making features
makeFeatures: max memory 932184064, total allocated 130023424, free 84648648, used 45374776, increment 1222144
Gustavia_santanderiensis_3 bio_15: 
Regularization values: linear/quadratic/product: 0.423, categorical: 0.250, threshold: 1.790, hinge: 0.500
21 samples
Density: max memory 932184064, total allocated 130023424, free 84648648, used 45374776, increment 0
linearPredictor: max memory 932184064, total allocated 130023424, free 84648648, used 45374776, increment 0
FeaturedSpace: max memory 932184064, total allocated 130023424, free 84648648, used 45374776, increment 0
Sequential: max memory 932184064, total allocated 130023424, free 84648648, used 45374776, increment 0
Initial loss: 9.212438170058329
60: time = 0.200000 loss = 9.000735
Res.gain: 0.21170294915292232
Jackknife: only bio_16
Making features
makeFeatures: max memory 932184064, total allocated 130023424, free 84648648, used 45374776, increment 0
Gustavia_santanderiensis_3 bio_16: 
Regularization values: linear/quadratic/product: 0.423, categorical: 0.250, threshold: 1.790, hinge: 0.500
21 samples
Density: max memory 932184064, total allocated 130023424, free 84648648, used 45374776, increment 0
linearPredictor: max memory 932184064, total allocated 130023424, free 84648648, used 45374776, increment 0
FeaturedSpace: max memory 932184064, total allocated 130023424, free 84648648, used 45374776, increment 0
Sequential: max memory 932184064, total allocated 130023424, free 84648648, used 45374776, increment 0
Initial loss: 9.212438170058329
60: time = 0.212000 loss = 9.188725
Res.gain: 0.023713592906233316
Jackknife: only bio_17
Making features
makeFeatures: max memory 932184064, total allocated 130023424, free 84648648, used 45374776, increment 0
Gustavia_santanderiensis_3 bio_17: 
Regularization values: linear/quadratic/product: 0.423, categorical: 0.250, threshold: 1.790, hinge: 0.500
21 samples
Density: max memory 932184064, total allocated 130023424, free 84648648, used 45374776, increment 0
linearPredictor: max memory 932184064, total allocated 130023424, free 84648648, used 45374776, increment 0
FeaturedSpace: max memory 932184064, total allocated 130023424, free 84648648, used 45374776, increment 0
Sequential: max memory 932184064, total allocated 130023424, free 84648648, used 45374776, increment 0
Initial loss: 9.212438170058329
Time since start: 121.779
60: time = 0.216000 loss = 8.879791
Res.gain: 0.3326473213970438
Jackknife: only bio_2
Making features
makeFeatures: max memory 932184064, total allocated 130023424, free 84648648, used 45374776, increment 0
Gustavia_santanderiensis_3 bio_2: 
Regularization values: linear/quadratic/product: 0.423, categorical: 0.250, threshold: 1.790, hinge: 0.500
21 samples
Density: max memory 932184064, total allocated 130023424, free 83506688, used 46516736, increment 1141960
linearPredictor: max memory 932184064, total allocated 130023424, free 83506688, used 46516736, increment 0
FeaturedSpace: max memory 932184064, total allocated 130023424, free 83506688, used 46516736, increment 0
Sequential: max memory 932184064, total allocated 130023424, free 83506688, used 46516736, increment 0
Initial loss: 9.212438170058329
60: time = 0.240000 loss = 9.157993
Res.gain: 0.05444509388779295
Jackknife: only bio_3
Making features
makeFeatures: max memory 932184064, total allocated 130023424, free 83506688, used 46516736, increment 0
Gustavia_santanderiensis_3 bio_3: 
Regularization values: linear/quadratic/product: 0.423, categorical: 0.250, threshold: 1.790, hinge: 0.500
21 samples
Density: max memory 932184064, total allocated 130023424, free 83506688, used 46516736, increment 0
linearPredictor: max memory 932184064, total allocated 130023424, free 83506688, used 46516736, increment 0
FeaturedSpace: max memory 932184064, total allocated 130023424, free 83506688, used 46516736, increment 0
Sequential: max memory 932184064, total allocated 130023424, free 83506688, used 46516736, increment 0
Initial loss: 9.212438170058329
60: time = 0.229000 loss = 9.174672
Res.gain: 0.03776613814859964
Jackknife: only bio_4
Making features
makeFeatures: max memory 932184064, total allocated 130023424, free 83506688, used 46516736, increment 0
Gustavia_santanderiensis_3 bio_4: 
Regularization values: linear/quadratic/product: 0.423, categorical: 0.250, threshold: 1.790, hinge: 0.500
21 samples
Density: max memory 932184064, total allocated 130023424, free 83506688, used 46516736, increment 0
linearPredictor: max memory 932184064, total allocated 130023424, free 83506688, used 46516736, increment 0
FeaturedSpace: max memory 932184064, total allocated 130023424, free 83506688, used 46516736, increment 0
Sequential: max memory 932184064, total allocated 130023424, free 83506688, used 46516736, increment 0
Initial loss: 9.212438170058329
60: time = 0.231000 loss = 9.211131
Res.gain: 0.001307621739931264
Jackknife: only bio_5
Making features
makeFeatures: max memory 932184064, total allocated 130023424, free 83506688, used 46516736, increment 0
Gustavia_santanderiensis_3 bio_5: 
Regularization values: linear/quadratic/product: 0.423, categorical: 0.250, threshold: 1.790, hinge: 0.500
21 samples
Density: max memory 932184064, total allocated 130023424, free 82364728, used 47658696, increment 1141960
linearPredictor: max memory 932184064, total allocated 130023424, free 82364728, used 47658696, increment 0
FeaturedSpace: max memory 932184064, total allocated 130023424, free 82364728, used 47658696, increment 0
Sequential: max memory 932184064, total allocated 130023424, free 82364728, used 47658696, increment 0
Initial loss: 9.212438170058329
Time since start: 122.843
100: time = 0.351000 loss = 8.866583
Res.gain: 0.3458547413170585
Jackknife: only bio_6
Making features
makeFeatures: max memory 932184064, total allocated 130023424, free 82364728, used 47658696, increment 0
Gustavia_santanderiensis_3 bio_6: 
Regularization values: linear/quadratic/product: 0.423, categorical: 0.250, threshold: 1.790, hinge: 0.500
21 samples
Density: max memory 932184064, total allocated 130023424, free 82364728, used 47658696, increment 0
linearPredictor: max memory 932184064, total allocated 130023424, free 82364728, used 47658696, increment 0
FeaturedSpace: max memory 932184064, total allocated 130023424, free 82364728, used 47658696, increment 0
Sequential: max memory 932184064, total allocated 130023424, free 82364728, used 47658696, increment 0
Initial loss: 9.212438170058329
100: time = 0.360000 loss = 8.798956
Res.gain: 0.41348224849640935
Jackknife: only bio_7
Making features
makeFeatures: max memory 932184064, total allocated 130023424, free 82364728, used 47658696, increment 0
Gustavia_santanderiensis_3 bio_7: 
Regularization values: linear/quadratic/product: 0.423, categorical: 0.250, threshold: 1.790, hinge: 0.500
21 samples
Density: max memory 932184064, total allocated 130023424, free 82364728, used 47658696, increment 0
linearPredictor: max memory 932184064, total allocated 130023424, free 82364728, used 47658696, increment 0
FeaturedSpace: max memory 932184064, total allocated 130023424, free 82364728, used 47658696, increment 0
Sequential: max memory 932184064, total allocated 130023424, free 82364728, used 47658696, increment 0
Initial loss: 9.212438170058329
60: time = 0.230000 loss = 9.211026
Res.gain: 0.0014125493853960336
Jackknife: only bio_ai_et0
Making features
makeFeatures: max memory 932184064, total allocated 130023424, free 82284544, used 47738880, increment 80184
Gustavia_santanderiensis_3 bio_ai_et0: 
Regularization values: linear/quadratic/product: 0.423, categorical: 0.250, threshold: 1.790, hinge: 0.500
21 samples
Density: max memory 932184064, total allocated 130023424, free 82204360, used 47819064, increment 80184
linearPredictor: max memory 932184064, total allocated 130023424, free 82124176, used 47899248, increment 80184
FeaturedSpace: max memory 932184064, total allocated 130023424, free 82124176, used 47899248, increment 0
Sequential: max memory 932184064, total allocated 130023424, free 82124176, used 47899248, increment 0
Initial loss: 9.212438170058329
60: time = 0.228000 loss = 9.175913
Res.gain: 0.036525318187599964
Jackknife: only bio_et0_yr
Making features
makeFeatures: max memory 932184064, total allocated 130023424, free 80982160, used 49041264, increment 1142016
Gustavia_santanderiensis_3 bio_et0_yr: 
Regularization values: linear/quadratic/product: 0.423, categorical: 0.250, threshold: 1.790, hinge: 0.500
21 samples
Density: max memory 932184064, total allocated 130023424, free 80982160, used 49041264, increment 0
linearPredictor: max memory 932184064, total allocated 130023424, free 80982160, used 49041264, increment 0
FeaturedSpace: max memory 932184064, total allocated 130023424, free 80982160, used 49041264, increment 0
Sequential: max memory 932184064, total allocated 130023424, free 80982160, used 49041264, increment 0
Initial loss: 9.212438170058329
Time since start: 123.864
120: time = 0.190000 loss = 9.148817
Res.gain: 0.06362076429004127
getSamples: max memory 932184064, total allocated 130023424, free 76086216, used 53937208, increment 4895944
Making features
makeFeatures: max memory 932184064, total allocated 130023424, free 73641960, used 56381464, increment 2444256
Gustavia_santanderiensis_4: 
Regularization values: linear/quadratic/product: 0.423, categorical: 0.250, threshold: 1.790, hinge: 0.500
21 samples
Density: max memory 932184064, total allocated 130023424, free 73641960, used 56381464, increment 0
linearPredictor: max memory 932184064, total allocated 130023424, free 73641960, used 56381464, increment 0
FeaturedSpace: max memory 932184064, total allocated 130023424, free 73641960, used 56381464, increment 0
Sequential: max memory 932184064, total allocated 130023424, free 73641960, used 56381464, increment 0
Initial loss: 9.212238569259263
240: time = 0.409000 loss = 7.676449
Resulting gain: 1.5357897722579823
Projecting...
Writing file C:\Users\Camila\Desktop\Modelo opc3\Final_Models\M_3_F_lq_Set_1\Gustavia_santanderiensis_4.asc
Time since start: 126.801
Writing C:\Users\Camila\Desktop\Modelo opc3\Final_Models\M_3_F_lq_Set_1\plots\Gustavia_santanderiensis_4.png
Gustavia_santanderiensis_4 response curves
Time since start: 130.73
Response curve: only bio_1
Making features
makeFeatures: max memory 932184064, total allocated 119013376, free 58225984, used 60787392, increment 4405928
Gustavia_santanderiensis_4 bio_1: 
Regularization values: linear/quadratic/product: 0.423, categorical: 0.250, threshold: 1.790, hinge: 0.500
21 samples
Density: max memory 932184064, total allocated 119013376, free 58225984, used 60787392, increment 0
linearPredictor: max memory 932184064, total allocated 119013376, free 58225984, used 60787392, increment 0
FeaturedSpace: max memory 932184064, total allocated 119013376, free 58225984, used 60787392, increment 0
Sequential: max memory 932184064, total allocated 119013376, free 58225984, used 60787392, increment 0
Initial loss: 9.212238569259263
100: time = 0.806000 loss = 8.882592
Resulting gain: 0.3296464178508156
Gustavia_santanderiensis_4 response curves
Response curve: only bio_10
Making features
makeFeatures: max memory 932184064, total allocated 119013376, free 53188336, used 65825040, increment 5037648
Gustavia_santanderiensis_4 bio_10: 
Regularization values: linear/quadratic/product: 0.423, categorical: 0.250, threshold: 1.790, hinge: 0.500
21 samples
Density: max memory 932184064, total allocated 119013376, free 53188336, used 65825040, increment 0
linearPredictor: max memory 932184064, total allocated 119013376, free 53188336, used 65825040, increment 0
FeaturedSpace: max memory 932184064, total allocated 119013376, free 53188336, used 65825040, increment 0
Sequential: max memory 932184064, total allocated 119013376, free 53188336, used 65825040, increment 0
Initial loss: 9.212238569259263
Time since start: 132.008
80: time = 0.298000 loss = 8.917991
Resulting gain: 0.29424800004966656
Gustavia_santanderiensis_4 response curves
Response curve: only bio_11
Making features
makeFeatures: max memory 932184064, total allocated 119013376, free 49052552, used 69960824, increment 4135784
Gustavia_santanderiensis_4 bio_11: 
Regularization values: linear/quadratic/product: 0.423, categorical: 0.250, threshold: 1.790, hinge: 0.500
21 samples
Density: max memory 932184064, total allocated 119013376, free 49052552, used 69960824, increment 0
linearPredictor: max memory 932184064, total allocated 119013376, free 49052552, used 69960824, increment 0
FeaturedSpace: max memory 932184064, total allocated 119013376, free 49052552, used 69960824, increment 0
Sequential: max memory 932184064, total allocated 119013376, free 49052552, used 69960824, increment 0
Initial loss: 9.212238569259263
80: time = 0.301000 loss = 8.893410
Resulting gain: 0.3188289714279744
Gustavia_santanderiensis_4 response curves
Response curve: only bio_12
Making features
makeFeatures: max memory 932184064, total allocated 119013376, free 45034296, used 73979080, increment 4018256
Gustavia_santanderiensis_4 bio_12: 
Regularization values: linear/quadratic/product: 0.423, categorical: 0.250, threshold: 1.790, hinge: 0.500
21 samples
Density: max memory 932184064, total allocated 119013376, free 44954128, used 74059248, increment 80168
linearPredictor: max memory 932184064, total allocated 119013376, free 44873960, used 74139416, increment 80168
FeaturedSpace: max memory 932184064, total allocated 119013376, free 44873960, used 74139416, increment 0
Sequential: max memory 932184064, total allocated 119013376, free 44873960, used 74139416, increment 0
Initial loss: 9.212238569259263
60: time = 0.262000 loss = 9.097662
Resulting gain: 0.11457643371304549
Gustavia_santanderiensis_4 response curves
Time since start: 133.128
Response curve: only bio_13
Making features
makeFeatures: max memory 932184064, total allocated 119013376, free 39757024, used 79256352, increment 5116936
Gustavia_santanderiensis_4 bio_13: 
Regularization values: linear/quadratic/product: 0.423, categorical: 0.250, threshold: 1.790, hinge: 0.500
21 samples
Density: max memory 932184064, total allocated 119013376, free 39757024, used 79256352, increment 0
linearPredictor: max memory 932184064, total allocated 119013376, free 39757024, used 79256352, increment 0
FeaturedSpace: max memory 932184064, total allocated 119013376, free 39757024, used 79256352, increment 0
Sequential: max memory 932184064, total allocated 119013376, free 39757024, used 79256352, increment 0
Initial loss: 9.212238569259263
60: time = 0.234000 loss = 9.189867
Resulting gain: 0.02237135712833549
Gustavia_santanderiensis_4 response curves
Response curve: only bio_14
Making features
makeFeatures: max memory 932184064, total allocated 119013376, free 35738752, used 83274624, increment 4018272
Gustavia_santanderiensis_4 bio_14: 
Regularization values: linear/quadratic/product: 0.423, categorical: 0.250, threshold: 1.790, hinge: 0.500
21 samples
Density: max memory 932184064, total allocated 119013376, free 35738752, used 83274624, increment 0
linearPredictor: max memory 932184064, total allocated 119013376, free 35738752, used 83274624, increment 0
FeaturedSpace: max memory 932184064, total allocated 119013376, free 35738752, used 83274624, increment 0
Sequential: max memory 932184064, total allocated 119013376, free 35738752, used 83274624, increment 0
Initial loss: 9.212238569259263
60: time = 0.201000 loss = 9.005651
Resulting gain: 0.20658774994941886
Gustavia_santanderiensis_4 response curves
Response curve: only bio_15
Making features
makeFeatures: max memory 932184064, total allocated 119013376, free 31720584, used 87292792, increment 4018168
Gustavia_santanderiensis_4 bio_15: 
Regularization values: linear/quadratic/product: 0.423, categorical: 0.250, threshold: 1.790, hinge: 0.500
21 samples
Density: max memory 932184064, total allocated 119013376, free 31720584, used 87292792, increment 0
linearPredictor: max memory 932184064, total allocated 119013376, free 31720584, used 87292792, increment 0
FeaturedSpace: max memory 932184064, total allocated 119013376, free 31720584, used 87292792, increment 0
Sequential: max memory 932184064, total allocated 119013376, free 31720584, used 87292792, increment 0
Initial loss: 9.212238569259263
60: time = 0.205000 loss = 8.980765
Resulting gain: 0.23147374190444836
Gustavia_santanderiensis_4 response curves
Time since start: 134.2
Response curve: only bio_16
Making features
makeFeatures: max memory 932184064, total allocated 119013376, free 26682968, used 92330408, increment 5037616
Gustavia_santanderiensis_4 bio_16: 
Regularization values: linear/quadratic/product: 0.423, categorical: 0.250, threshold: 1.790, hinge: 0.500
21 samples
Density: max memory 932184064, total allocated 119013376, free 26682968, used 92330408, increment 0
linearPredictor: max memory 932184064, total allocated 119013376, free 26682968, used 92330408, increment 0
FeaturedSpace: max memory 932184064, total allocated 119013376, free 26682968, used 92330408, increment 0
Sequential: max memory 932184064, total allocated 119013376, free 26682968, used 92330408, increment 0
Initial loss: 9.212238569259263
60: time = 0.235000 loss = 9.184247
Resulting gain: 0.027992058081954596
Gustavia_santanderiensis_4 response curves
Response curve: only bio_17
Making features
makeFeatures: max memory 932184064, total allocated 119013376, free 22547136, used 96466240, increment 4135832
Gustavia_santanderiensis_4 bio_17: 
Regularization values: linear/quadratic/product: 0.423, categorical: 0.250, threshold: 1.790, hinge: 0.500
21 samples
Density: max memory 932184064, total allocated 119013376, free 22547136, used 96466240, increment 0
linearPredictor: max memory 932184064, total allocated 119013376, free 22547136, used 96466240, increment 0
FeaturedSpace: max memory 932184064, total allocated 119013376, free 22547136, used 96466240, increment 0
Sequential: max memory 932184064, total allocated 119013376, free 22547136, used 96466240, increment 0
Initial loss: 9.212238569259263
60: time = 0.192000 loss = 8.780878
Resulting gain: 0.43136022595101053
Gustavia_santanderiensis_4 response curves
Response curve: only bio_2
Making features
makeFeatures: max memory 932184064, total allocated 119013376, free 18526856, used 100486520, increment 4020280
Gustavia_santanderiensis_4 bio_2: 
Regularization values: linear/quadratic/product: 0.423, categorical: 0.250, threshold: 1.790, hinge: 0.500
21 samples
Density: max memory 932184064, total allocated 119013376, free 18526856, used 100486520, increment 0
linearPredictor: max memory 932184064, total allocated 119013376, free 18526856, used 100486520, increment 0
FeaturedSpace: max memory 932184064, total allocated 119013376, free 18526856, used 100486520, increment 0
Sequential: max memory 932184064, total allocated 119013376, free 18526856, used 100486520, increment 0
Initial loss: 9.212238569259263
Time since start: 135.208
60: time = 0.244000 loss = 9.179614
Resulting gain: 0.03262504299322089
Gustavia_santanderiensis_4 response curves
Response curve: only bio_3
Making features
makeFeatures: max memory 932184064, total allocated 125829120, free 71699776, used 54129344, increment -46357176
Gustavia_santanderiensis_4 bio_3: 
Regularization values: linear/quadratic/product: 0.423, categorical: 0.250, threshold: 1.790, hinge: 0.500
21 samples
Density: max memory 932184064, total allocated 125829120, free 71699776, used 54129344, increment 0
linearPredictor: max memory 932184064, total allocated 125829120, free 71699776, used 54129344, increment 0
FeaturedSpace: max memory 932184064, total allocated 125829120, free 71699776, used 54129344, increment 0
Sequential: max memory 932184064, total allocated 125829120, free 71699776, used 54129344, increment 0
Initial loss: 9.212238569259263
60: time = 0.226000 loss = 9.124894
Resulting gain: 0.08734410376177415
Gustavia_santanderiensis_4 response curves
Response curve: only bio_4
Making features
makeFeatures: max memory 932184064, total allocated 125829120, free 67683256, used 58145864, increment 4016520
Gustavia_santanderiensis_4 bio_4: 
Regularization values: linear/quadratic/product: 0.423, categorical: 0.250, threshold: 1.790, hinge: 0.500
21 samples
Density: max memory 932184064, total allocated 125829120, free 67603088, used 58226032, increment 80168
linearPredictor: max memory 932184064, total allocated 125829120, free 67522920, used 58306200, increment 80168
FeaturedSpace: max memory 932184064, total allocated 125829120, free 67522920, used 58306200, increment 0
Sequential: max memory 932184064, total allocated 125829120, free 67522920, used 58306200, increment 0
Initial loss: 9.212238569259263
Time since start: 136.443
60: time = 0.732000 loss = 9.206603
Resulting gain: 0.005635976387239339
Gustavia_santanderiensis_4 response curves
Response curve: only bio_5
Making features
makeFeatures: max memory 932184064, total allocated 125829120, free 62595392, used 63233728, increment 4927528
Gustavia_santanderiensis_4 bio_5: 
Regularization values: linear/quadratic/product: 0.423, categorical: 0.250, threshold: 1.790, hinge: 0.500
21 samples
Density: max memory 932184064, total allocated 125829120, free 62595392, used 63233728, increment 0
linearPredictor: max memory 932184064, total allocated 125829120, free 62595392, used 63233728, increment 0
FeaturedSpace: max memory 932184064, total allocated 125829120, free 62595392, used 63233728, increment 0
Sequential: max memory 932184064, total allocated 125829120, free 62595392, used 63233728, increment 0
Initial loss: 9.212238569259263
80: time = 0.286000 loss = 8.933235
Resulting gain: 0.2790032733677439
Gustavia_santanderiensis_4 response curves
Response curve: only bio_6
Making features
makeFeatures: max memory 932184064, total allocated 125829120, free 58656784, used 67172336, increment 3938608
Gustavia_santanderiensis_4 bio_6: 
Regularization values: linear/quadratic/product: 0.423, categorical: 0.250, threshold: 1.790, hinge: 0.500
21 samples
Density: max memory 932184064, total allocated 125829120, free 58656784, used 67172336, increment 0
linearPredictor: max memory 932184064, total allocated 125829120, free 58656784, used 67172336, increment 0
FeaturedSpace: max memory 932184064, total allocated 125829120, free 58656784, used 67172336, increment 0
Sequential: max memory 932184064, total allocated 125829120, free 58656784, used 67172336, increment 0
Initial loss: 9.212238569259263
100: time = 0.386000 loss = 8.848705
Resulting gain: 0.3635331511454112
Gustavia_santanderiensis_4 response curves
Time since start: 137.601
Response curve: only bio_7
Making features
makeFeatures: max memory 932184064, total allocated 125829120, free 53729240, used 72099880, increment 4927544
Gustavia_santanderiensis_4 bio_7: 
Regularization values: linear/quadratic/product: 0.423, categorical: 0.250, threshold: 1.790, hinge: 0.500
21 samples
Density: max memory 932184064, total allocated 125829120, free 53729240, used 72099880, increment 0
linearPredictor: max memory 932184064, total allocated 125829120, free 53729240, used 72099880, increment 0
FeaturedSpace: max memory 932184064, total allocated 125829120, free 53729240, used 72099880, increment 0
Sequential: max memory 932184064, total allocated 125829120, free 53729240, used 72099880, increment 0
Initial loss: 9.212238569259263
20: time = 0.607000 loss = 9.212239
Resulting gain: 0.0
Gustavia_santanderiensis_4 response curves
Response curve: only bio_ai_et0
Making features
makeFeatures: max memory 932184064, total allocated 125829120, free 49790632, used 76038488, increment 3938608
Gustavia_santanderiensis_4 bio_ai_et0: 
Regularization values: linear/quadratic/product: 0.423, categorical: 0.250, threshold: 1.790, hinge: 0.500
21 samples
Density: max memory 932184064, total allocated 125829120, free 49790632, used 76038488, increment 0
linearPredictor: max memory 932184064, total allocated 125829120, free 49790632, used 76038488, increment 0
FeaturedSpace: max memory 932184064, total allocated 125829120, free 49790632, used 76038488, increment 0
Sequential: max memory 932184064, total allocated 125829120, free 49790632, used 76038488, increment 0
Initial loss: 9.212238569259263
Time since start: 138.656
60: time = 0.255000 loss = 9.158549
Resulting gain: 0.05368968580744671
Gustavia_santanderiensis_4 response curves
Response curve: only bio_et0_yr
Making features
makeFeatures: max memory 932184064, total allocated 125829120, free 44847568, used 80981552, increment 4943064
Gustavia_santanderiensis_4 bio_et0_yr: 
Regularization values: linear/quadratic/product: 0.423, categorical: 0.250, threshold: 1.790, hinge: 0.500
21 samples
Density: max memory 932184064, total allocated 125829120, free 44847568, used 80981552, increment 0
linearPredictor: max memory 932184064, total allocated 125829120, free 44847568, used 80981552, increment 0
FeaturedSpace: max memory 932184064, total allocated 125829120, free 44847568, used 80981552, increment 0
Sequential: max memory 932184064, total allocated 125829120, free 44847568, used 80981552, increment 0
Initial loss: 9.212238569259263
60: time = 0.204000 loss = 9.162471
Resulting gain: 0.049767928051544175
Gustavia_santanderiensis_4 response curves
Time since start: 139.768
Jackknife: leave bio_1 out
Making features
makeFeatures: max memory 932184064, total allocated 113246208, free 42164264, used 71081944, increment -9899608
Gustavia_santanderiensis_4 bio_1: 
Regularization values: linear/quadratic/product: 0.423, categorical: 0.250, threshold: 1.790, hinge: 0.500
21 samples
Density: max memory 932184064, total allocated 113246208, free 42084096, used 71162112, increment 80168
linearPredictor: max memory 932184064, total allocated 113246208, free 42003928, used 71242280, increment 80168
FeaturedSpace: max memory 932184064, total allocated 113246208, free 42003928, used 71242280, increment 0
Sequential: max memory 932184064, total allocated 113246208, free 42003928, used 71242280, increment 0
Initial loss: 9.212238569259263
220: time = 0.398000 loss = 7.680917
Jackknife: leave bio_10 out
Making features
makeFeatures: max memory 932184064, total allocated 113246208, free 39169600, used 74076608, increment 2834328
Gustavia_santanderiensis_4 bio_10: 
Regularization values: linear/quadratic/product: 0.423, categorical: 0.250, threshold: 1.790, hinge: 0.500
21 samples
Density: max memory 932184064, total allocated 113246208, free 39089432, used 74156776, increment 80168
linearPredictor: max memory 932184064, total allocated 113246208, free 39009264, used 74236944, increment 80168
FeaturedSpace: max memory 932184064, total allocated 113246208, free 39009264, used 74236944, increment 0
Sequential: max memory 932184064, total allocated 113246208, free 39009264, used 74236944, increment 0
Initial loss: 9.212238569259263
Time since start: 141.213
280: time = 1.024000 loss = 7.676448
Jackknife: leave bio_11 out
Making features
makeFeatures: max memory 932184064, total allocated 113246208, free 36094552, used 77151656, increment 2914712
Gustavia_santanderiensis_4 bio_11: 
Regularization values: linear/quadratic/product: 0.423, categorical: 0.250, threshold: 1.790, hinge: 0.500
21 samples
Density: max memory 932184064, total allocated 113246208, free 36014384, used 77231824, increment 80168
linearPredictor: max memory 932184064, total allocated 113246208, free 35934216, used 77311992, increment 80168
FeaturedSpace: max memory 932184064, total allocated 113246208, free 35934216, used 77311992, increment 0
Sequential: max memory 932184064, total allocated 113246208, free 35934216, used 77311992, increment 0
Initial loss: 9.212238569259263
240: time = 0.458000 loss = 7.676448
Jackknife: leave bio_12 out
Making features
makeFeatures: max memory 932184064, total allocated 113246208, free 33071280, used 80174928, increment 2862936
Gustavia_santanderiensis_4 bio_12: 
Regularization values: linear/quadratic/product: 0.423, categorical: 0.250, threshold: 1.790, hinge: 0.500
21 samples
Density: max memory 932184064, total allocated 113246208, free 32161040, used 81085168, increment 910240
linearPredictor: max memory 932184064, total allocated 113246208, free 32161040, used 81085168, increment 0
FeaturedSpace: max memory 932184064, total allocated 113246208, free 32161040, used 81085168, increment 0
Sequential: max memory 932184064, total allocated 113246208, free 32161040, used 81085168, increment 0
Initial loss: 9.212238569259263
240: time = 0.505000 loss = 7.676448
Jackknife: leave bio_13 out
Making features
Time since start: 142.219
makeFeatures: max memory 932184064, total allocated 113246208, free 29996504, used 83249704, increment 2164536
Gustavia_santanderiensis_4 bio_13: 
Regularization values: linear/quadratic/product: 0.423, categorical: 0.250, threshold: 1.790, hinge: 0.500
21 samples
Density: max memory 932184064, total allocated 113246208, free 29916336, used 83329872, increment 80168
linearPredictor: max memory 932184064, total allocated 113246208, free 29836168, used 83410040, increment 80168
FeaturedSpace: max memory 932184064, total allocated 113246208, free 29836168, used 83410040, increment 0
Sequential: max memory 932184064, total allocated 113246208, free 29836168, used 83410040, increment 0
Initial loss: 9.212238569259263
220: time = 0.462000 loss = 7.676679
Jackknife: leave bio_14 out
Making features
makeFeatures: max memory 932184064, total allocated 113246208, free 27001872, used 86244336, increment 2834296
Gustavia_santanderiensis_4 bio_14: 
Regularization values: linear/quadratic/product: 0.423, categorical: 0.250, threshold: 1.790, hinge: 0.500
21 samples
Density: max memory 932184064, total allocated 113246208, free 26921704, used 86324504, increment 80168
linearPredictor: max memory 932184064, total allocated 113246208, free 26841536, used 86404672, increment 80168
FeaturedSpace: max memory 932184064, total allocated 113246208, free 26841536, used 86404672, increment 0
Sequential: max memory 932184064, total allocated 113246208, free 26841536, used 86404672, increment 0
Initial loss: 9.212238569259263
240: time = 0.410000 loss = 7.676448
Jackknife: leave bio_15 out
Making features
makeFeatures: max memory 932184064, total allocated 113246208, free 23978600, used 89267608, increment 2862936
Gustavia_santanderiensis_4 bio_15: 
Regularization values: linear/quadratic/product: 0.423, categorical: 0.250, threshold: 1.790, hinge: 0.500
21 samples
Density: max memory 932184064, total allocated 113246208, free 23068360, used 90177848, increment 910240
linearPredictor: max memory 932184064, total allocated 113246208, free 23068360, used 90177848, increment 0
FeaturedSpace: max memory 932184064, total allocated 113246208, free 23068360, used 90177848, increment 0
Sequential: max memory 932184064, total allocated 113246208, free 23068360, used 90177848, increment 0
Initial loss: 9.212238569259263
Time since start: 143.524
240: time = 0.404000 loss = 7.775275
Jackknife: leave bio_16 out
Making features
makeFeatures: max memory 932184064, total allocated 113246208, free 20903824, used 92342384, increment 2164536
Gustavia_santanderiensis_4 bio_16: 
Regularization values: linear/quadratic/product: 0.423, categorical: 0.250, threshold: 1.790, hinge: 0.500
21 samples
Density: max memory 932184064, total allocated 113246208, free 20823656, used 92422552, increment 80168
linearPredictor: max memory 932184064, total allocated 113246208, free 20743488, used 92502720, increment 80168
FeaturedSpace: max memory 932184064, total allocated 113246208, free 20743488, used 92502720, increment 0
Sequential: max memory 932184064, total allocated 113246208, free 20743488, used 92502720, increment 0
Initial loss: 9.212238569259263
260: time = 0.436000 loss = 7.676449
Jackknife: leave bio_17 out
Making features
makeFeatures: max memory 932184064, total allocated 113246208, free 17880552, used 95365656, increment 2862936
Gustavia_santanderiensis_4 bio_17: 
Regularization values: linear/quadratic/product: 0.423, categorical: 0.250, threshold: 1.790, hinge: 0.500
21 samples
Density: max memory 932184064, total allocated 113246208, free 16970312, used 96275896, increment 910240
linearPredictor: max memory 932184064, total allocated 113246208, free 16970312, used 96275896, increment 0
FeaturedSpace: max memory 932184064, total allocated 113246208, free 16970312, used 96275896, increment 0
Sequential: max memory 932184064, total allocated 113246208, free 16970312, used 96275896, increment 0
Initial loss: 9.212238569259263
260: time = 0.435000 loss = 7.698783
Jackknife: leave bio_2 out
Making features
makeFeatures: max memory 932184064, total allocated 113246208, free 14805776, used 98440432, increment 2164536
Gustavia_santanderiensis_4 bio_2: 
Regularization values: linear/quadratic/product: 0.423, categorical: 0.250, threshold: 1.790, hinge: 0.500
21 samples
Density: max memory 932184064, total allocated 113246208, free 14725608, used 98520600, increment 80168
linearPredictor: max memory 932184064, total allocated 113246208, free 14645440, used 98600768, increment 80168
FeaturedSpace: max memory 932184064, total allocated 113246208, free 14645440, used 98600768, increment 0
Sequential: max memory 932184064, total allocated 113246208, free 14645440, used 98600768, increment 0
Initial loss: 9.212238569259263
Time since start: 144.82
220: time = 0.388000 loss = 7.676448
Jackknife: leave bio_3 out
Making features
makeFeatures: max memory 932184064, total allocated 119013376, free 62027944, used 56985432, increment -41615336
Gustavia_santanderiensis_4 bio_3: 
Regularization values: linear/quadratic/product: 0.423, categorical: 0.250, threshold: 1.790, hinge: 0.500
21 samples
Density: max memory 932184064, total allocated 119013376, free 61947776, used 57065600, increment 80168
linearPredictor: max memory 932184064, total allocated 119013376, free 61867608, used 57145768, increment 80168
FeaturedSpace: max memory 932184064, total allocated 119013376, free 61867608, used 57145768, increment 0
Sequential: max memory 932184064, total allocated 119013376, free 61867608, used 57145768, increment 0
Initial loss: 9.212238569259263
220: time = 0.369000 loss = 7.677056
Jackknife: leave bio_4 out
Making features
makeFeatures: max memory 932184064, total allocated 119013376, free 59059976, used 59953400, increment 2807632
Gustavia_santanderiensis_4 bio_4: 
Regularization values: linear/quadratic/product: 0.423, categorical: 0.250, threshold: 1.790, hinge: 0.500
21 samples
Density: max memory 932184064, total allocated 119013376, free 58979808, used 60033568, increment 80168
linearPredictor: max memory 932184064, total allocated 119013376, free 58096256, used 60917120, increment 883552
FeaturedSpace: max memory 932184064, total allocated 119013376, free 58096256, used 60917120, increment 0
Sequential: max memory 932184064, total allocated 119013376, free 58096256, used 60917120, increment 0
Initial loss: 9.212238569259263
200: time = 0.357000 loss = 7.677640
Jackknife: leave bio_5 out
Making features
makeFeatures: max memory 932184064, total allocated 119013376, free 56010184, used 63003192, increment 2086072
Gustavia_santanderiensis_4 bio_5: 
Regularization values: linear/quadratic/product: 0.423, categorical: 0.250, threshold: 1.790, hinge: 0.500
21 samples
Density: max memory 932184064, total allocated 119013376, free 55930016, used 63083360, increment 80168
linearPredictor: max memory 932184064, total allocated 119013376, free 55849848, used 63163528, increment 80168
FeaturedSpace: max memory 932184064, total allocated 119013376, free 55849848, used 63163528, increment 0
Sequential: max memory 932184064, total allocated 119013376, free 55849848, used 63163528, increment 0
Initial loss: 9.212238569259263
Time since start: 145.982
200: time = 0.392000 loss = 7.676449
Jackknife: leave bio_6 out
Making features
makeFeatures: max memory 932184064, total allocated 119013376, free 53042208, used 65971168, increment 2807640
Gustavia_santanderiensis_4 bio_6: 
Regularization values: linear/quadratic/product: 0.423, categorical: 0.250, threshold: 1.790, hinge: 0.500
21 samples
Density: max memory 932184064, total allocated 119013376, free 52962040, used 66051336, increment 80168
linearPredictor: max memory 932184064, total allocated 119013376, free 52881872, used 66131504, increment 80168
FeaturedSpace: max memory 932184064, total allocated 119013376, free 52881872, used 66131504, increment 0
Sequential: max memory 932184064, total allocated 119013376, free 52881872, used 66131504, increment 0
Initial loss: 9.212238569259263
200: time = 0.380000 loss = 7.680002
Jackknife: leave bio_7 out
Making features
makeFeatures: max memory 932184064, total allocated 119013376, free 50074248, used 68939128, increment 2807624
Gustavia_santanderiensis_4 bio_7: 
Regularization values: linear/quadratic/product: 0.423, categorical: 0.250, threshold: 1.790, hinge: 0.500
21 samples
Density: max memory 932184064, total allocated 119013376, free 49190696, used 69822680, increment 883552
linearPredictor: max memory 932184064, total allocated 119013376, free 49190696, used 69822680, increment 0
FeaturedSpace: max memory 932184064, total allocated 119013376, free 49190696, used 69822680, increment 0
Sequential: max memory 932184064, total allocated 119013376, free 49190696, used 69822680, increment 0
Initial loss: 9.212238569259263
260: time = 0.431000 loss = 7.676449
Jackknife: leave bio_ai_et0 out
Making features
makeFeatures: max memory 932184064, total allocated 119013376, free 46783952, used 72229424, increment 2406744
Gustavia_santanderiensis_4 bio_ai_et0: 
Regularization values: linear/quadratic/product: 0.423, categorical: 0.250, threshold: 1.790, hinge: 0.500
21 samples
Density: max memory 932184064, total allocated 119013376, free 46783952, used 72229424, increment 0
linearPredictor: max memory 932184064, total allocated 119013376, free 46783952, used 72229424, increment 0
FeaturedSpace: max memory 932184064, total allocated 119013376, free 46783952, used 72229424, increment 0
Sequential: max memory 932184064, total allocated 119013376, free 46783952, used 72229424, increment 0
Initial loss: 9.212238569259263
Time since start: 147.272
260: time = 0.440000 loss = 7.676449
Jackknife: leave bio_et0_yr out
Making features
makeFeatures: max memory 932184064, total allocated 119013376, free 43896056, used 75117320, increment 2887896
Gustavia_santanderiensis_4 bio_et0_yr: 
Regularization values: linear/quadratic/product: 0.423, categorical: 0.250, threshold: 1.790, hinge: 0.500
21 samples
Density: max memory 932184064, total allocated 119013376, free 43815888, used 75197488, increment 80168
linearPredictor: max memory 932184064, total allocated 119013376, free 43735720, used 75277656, increment 80168
FeaturedSpace: max memory 932184064, total allocated 119013376, free 43735720, used 75277656, increment 0
Sequential: max memory 932184064, total allocated 119013376, free 43735720, used 75277656, increment 0
Initial loss: 9.212238569259263
200: time = 0.422000 loss = 7.676448
Jackknife: only bio_1
Making features
makeFeatures: max memory 932184064, total allocated 119013376, free 42852040, used 76161336, increment 883680
Gustavia_santanderiensis_4 bio_1: 
Regularization values: linear/quadratic/product: 0.423, categorical: 0.250, threshold: 1.790, hinge: 0.500
21 samples
Density: max memory 932184064, total allocated 119013376, free 42852040, used 76161336, increment 0
linearPredictor: max memory 932184064, total allocated 119013376, free 42852040, used 76161336, increment 0
FeaturedSpace: max memory 932184064, total allocated 119013376, free 42852040, used 76161336, increment 0
Sequential: max memory 932184064, total allocated 119013376, free 42852040, used 76161336, increment 0
Initial loss: 9.212238569259263
100: time = 0.330000 loss = 8.882592
Res.gain: 0.3296464178508156
Jackknife: only bio_10
Making features
makeFeatures: max memory 932184064, total allocated 119013376, free 42852040, used 76161336, increment 0
Gustavia_santanderiensis_4 bio_10: 
Regularization values: linear/quadratic/product: 0.423, categorical: 0.250, threshold: 1.790, hinge: 0.500
21 samples
Density: max memory 932184064, total allocated 119013376, free 42852040, used 76161336, increment 0
linearPredictor: max memory 932184064, total allocated 119013376, free 42771872, used 76241504, increment 80168
FeaturedSpace: max memory 932184064, total allocated 119013376, free 42771872, used 76241504, increment 0
Sequential: max memory 932184064, total allocated 119013376, free 42771872, used 76241504, increment 0
Initial loss: 9.212238569259263
Time since start: 148.312
80: time = 0.268000 loss = 8.917991
Res.gain: 0.29424800004966656
Jackknife: only bio_11
Making features
makeFeatures: max memory 932184064, total allocated 119013376, free 41888200, used 77125176, increment 883672
Gustavia_santanderiensis_4 bio_11: 
Regularization values: linear/quadratic/product: 0.423, categorical: 0.250, threshold: 1.790, hinge: 0.500
21 samples
Density: max memory 932184064, total allocated 119013376, free 41888200, used 77125176, increment 0
linearPredictor: max memory 932184064, total allocated 119013376, free 41888200, used 77125176, increment 0
FeaturedSpace: max memory 932184064, total allocated 119013376, free 41888200, used 77125176, increment 0
Sequential: max memory 932184064, total allocated 119013376, free 41888200, used 77125176, increment 0
Initial loss: 9.212238569259263
80: time = 0.276000 loss = 8.893410
Res.gain: 0.3188289714279744
Jackknife: only bio_12
Making features
makeFeatures: max memory 932184064, total allocated 119013376, free 41888200, used 77125176, increment 0
Gustavia_santanderiensis_4 bio_12: 
Regularization values: linear/quadratic/product: 0.423, categorical: 0.250, threshold: 1.790, hinge: 0.500
21 samples
Density: max memory 932184064, total allocated 119013376, free 41888200, used 77125176, increment 0
linearPredictor: max memory 932184064, total allocated 119013376, free 41888200, used 77125176, increment 0
FeaturedSpace: max memory 932184064, total allocated 119013376, free 41888200, used 77125176, increment 0
Sequential: max memory 932184064, total allocated 119013376, free 41888200, used 77125176, increment 0
Initial loss: 9.212238569259263
60: time = 0.226000 loss = 9.097662
Res.gain: 0.11457643371304549
Jackknife: only bio_13
Making features
makeFeatures: max memory 932184064, total allocated 119013376, free 41808032, used 77205344, increment 80168
Gustavia_santanderiensis_4 bio_13: 
Regularization values: linear/quadratic/product: 0.423, categorical: 0.250, threshold: 1.790, hinge: 0.500
21 samples
Density: max memory 932184064, total allocated 119013376, free 41727864, used 77285512, increment 80168
linearPredictor: max memory 932184064, total allocated 119013376, free 41647696, used 77365680, increment 80168
FeaturedSpace: max memory 932184064, total allocated 119013376, free 41647696, used 77365680, increment 0
Sequential: max memory 932184064, total allocated 119013376, free 41647696, used 77365680, increment 0
Initial loss: 9.212238569259263
60: time = 0.233000 loss = 9.189867
Res.gain: 0.02237135712833549
Jackknife: only bio_14
Making features
makeFeatures: max memory 932184064, total allocated 119013376, free 40764120, used 78249256, increment 883576
Gustavia_santanderiensis_4 bio_14: 
Regularization values: linear/quadratic/product: 0.423, categorical: 0.250, threshold: 1.790, hinge: 0.500
21 samples
Density: max memory 932184064, total allocated 119013376, free 40764120, used 78249256, increment 0
linearPredictor: max memory 932184064, total allocated 119013376, free 40764120, used 78249256, increment 0
FeaturedSpace: max memory 932184064, total allocated 119013376, free 40764120, used 78249256, increment 0
Sequential: max memory 932184064, total allocated 119013376, free 40764120, used 78249256, increment 0
Initial loss: 9.212238569259263
60: time = 0.224000 loss = 9.005651
Res.gain: 0.20658774994941886
Jackknife: only bio_15
Making features
makeFeatures: max memory 932184064, total allocated 119013376, free 40764120, used 78249256, increment 0
Gustavia_santanderiensis_4 bio_15: 
Regularization values: linear/quadratic/product: 0.423, categorical: 0.250, threshold: 1.790, hinge: 0.500
21 samples
Density: max memory 932184064, total allocated 119013376, free 40764120, used 78249256, increment 0
linearPredictor: max memory 932184064, total allocated 119013376, free 40764120, used 78249256, increment 0
FeaturedSpace: max memory 932184064, total allocated 119013376, free 40764120, used 78249256, increment 0
Sequential: max memory 932184064, total allocated 119013376, free 40764120, used 78249256, increment 0
Initial loss: 9.212238569259263
Time since start: 149.492
60: time = 0.204000 loss = 8.980765
Res.gain: 0.23147374190444836
Jackknife: only bio_16
Making features
makeFeatures: max memory 932184064, total allocated 119013376, free 40683952, used 78329424, increment 80168
Gustavia_santanderiensis_4 bio_16: 
Regularization values: linear/quadratic/product: 0.423, categorical: 0.250, threshold: 1.790, hinge: 0.500
21 samples
Density: max memory 932184064, total allocated 119013376, free 40603784, used 78409592, increment 80168
linearPredictor: max memory 932184064, total allocated 119013376, free 40523616, used 78489760, increment 80168
FeaturedSpace: max memory 932184064, total allocated 119013376, free 40523616, used 78489760, increment 0
Sequential: max memory 932184064, total allocated 119013376, free 40523616, used 78489760, increment 0
Initial loss: 9.212238569259263
60: time = 0.230000 loss = 9.184247
Res.gain: 0.027992058081954596
Jackknife: only bio_17
Making features
makeFeatures: max memory 932184064, total allocated 119013376, free 39640008, used 79373368, increment 883608
Gustavia_santanderiensis_4 bio_17: 
Regularization values: linear/quadratic/product: 0.423, categorical: 0.250, threshold: 1.790, hinge: 0.500
21 samples
Density: max memory 932184064, total allocated 119013376, free 39640008, used 79373368, increment 0
linearPredictor: max memory 932184064, total allocated 119013376, free 39640008, used 79373368, increment 0
FeaturedSpace: max memory 932184064, total allocated 119013376, free 39640008, used 79373368, increment 0
Sequential: max memory 932184064, total allocated 119013376, free 39640008, used 79373368, increment 0
Initial loss: 9.212238569259263
60: time = 0.192000 loss = 8.780878
Res.gain: 0.43136022595101053
Jackknife: only bio_2
Making features
makeFeatures: max memory 932184064, total allocated 119013376, free 39640008, used 79373368, increment 0
Gustavia_santanderiensis_4 bio_2: 
Regularization values: linear/quadratic/product: 0.423, categorical: 0.250, threshold: 1.790, hinge: 0.500
21 samples
Density: max memory 932184064, total allocated 119013376, free 39640008, used 79373368, increment 0
linearPredictor: max memory 932184064, total allocated 119013376, free 39640008, used 79373368, increment 0
FeaturedSpace: max memory 932184064, total allocated 119013376, free 39640008, used 79373368, increment 0
Sequential: max memory 932184064, total allocated 119013376, free 39640008, used 79373368, increment 0
Initial loss: 9.212238569259263
60: time = 0.241000 loss = 9.179614
Res.gain: 0.03262504299322089
Jackknife: only bio_3
Making features
makeFeatures: max memory 932184064, total allocated 119013376, free 39559840, used 79453536, increment 80168
Gustavia_santanderiensis_4 bio_3: 
Regularization values: linear/quadratic/product: 0.423, categorical: 0.250, threshold: 1.790, hinge: 0.500
21 samples
Density: max memory 932184064, total allocated 119013376, free 39479672, used 79533704, increment 80168
linearPredictor: max memory 932184064, total allocated 119013376, free 39399504, used 79613872, increment 80168
FeaturedSpace: max memory 932184064, total allocated 119013376, free 39399504, used 79613872, increment 0
Sequential: max memory 932184064, total allocated 119013376, free 39399504, used 79613872, increment 0
Initial loss: 9.212238569259263
60: time = 0.228000 loss = 9.124894
Res.gain: 0.08734410376177415
Jackknife: only bio_4
Making features
makeFeatures: max memory 932184064, total allocated 119013376, free 38515904, used 80497472, increment 883600
Gustavia_santanderiensis_4 bio_4: 
Regularization values: linear/quadratic/product: 0.423, categorical: 0.250, threshold: 1.790, hinge: 0.500
21 samples
Density: max memory 932184064, total allocated 119013376, free 38515904, used 80497472, increment 0
linearPredictor: max memory 932184064, total allocated 119013376, free 38515904, used 80497472, increment 0
FeaturedSpace: max memory 932184064, total allocated 119013376, free 38515904, used 80497472, increment 0
Sequential: max memory 932184064, total allocated 119013376, free 38515904, used 80497472, increment 0
Initial loss: 9.212238569259263
Time since start: 150.642
60: time = 0.244000 loss = 9.206603
Res.gain: 0.005635976387239339
Jackknife: only bio_5
Making features
makeFeatures: max memory 932184064, total allocated 119013376, free 38515904, used 80497472, increment 0
Gustavia_santanderiensis_4 bio_5: 
Regularization values: linear/quadratic/product: 0.423, categorical: 0.250, threshold: 1.790, hinge: 0.500
21 samples
Density: max memory 932184064, total allocated 119013376, free 38515904, used 80497472, increment 0
linearPredictor: max memory 932184064, total allocated 119013376, free 38515904, used 80497472, increment 0
FeaturedSpace: max memory 932184064, total allocated 119013376, free 38515904, used 80497472, increment 0
Sequential: max memory 932184064, total allocated 119013376, free 38515904, used 80497472, increment 0
Initial loss: 9.212238569259263
80: time = 0.268000 loss = 8.933235
Res.gain: 0.2790032733677439
Jackknife: only bio_6
Making features
makeFeatures: max memory 932184064, total allocated 119013376, free 37552184, used 81461192, increment 963720
Gustavia_santanderiensis_4 bio_6: 
Regularization values: linear/quadratic/product: 0.423, categorical: 0.250, threshold: 1.790, hinge: 0.500
21 samples
Density: max memory 932184064, total allocated 119013376, free 37552184, used 81461192, increment 0
linearPredictor: max memory 932184064, total allocated 119013376, free 37552184, used 81461192, increment 0
FeaturedSpace: max memory 932184064, total allocated 119013376, free 37552184, used 81461192, increment 0
Sequential: max memory 932184064, total allocated 119013376, free 37552184, used 81461192, increment 0
Initial loss: 9.212238569259263
100: time = 0.363000 loss = 8.848705
Res.gain: 0.3635331511454112
Jackknife: only bio_7
Making features
makeFeatures: max memory 932184064, total allocated 119013376, free 37552184, used 81461192, increment 0
Gustavia_santanderiensis_4 bio_7: 
Regularization values: linear/quadratic/product: 0.423, categorical: 0.250, threshold: 1.790, hinge: 0.500
21 samples
Density: max memory 932184064, total allocated 119013376, free 37552184, used 81461192, increment 0
linearPredictor: max memory 932184064, total allocated 119013376, free 37552184, used 81461192, increment 0
FeaturedSpace: max memory 932184064, total allocated 119013376, free 37552184, used 81461192, increment 0
Sequential: max memory 932184064, total allocated 119013376, free 37552184, used 81461192, increment 0
Initial loss: 9.212238569259263
20: time = 0.098000 loss = 9.212239
Res.gain: 0.0
Jackknife: only bio_ai_et0
Making features
makeFeatures: max memory 932184064, total allocated 119013376, free 37552184, used 81461192, increment 0
Gustavia_santanderiensis_4 bio_ai_et0: 
Regularization values: linear/quadratic/product: 0.423, categorical: 0.250, threshold: 1.790, hinge: 0.500
21 samples
Density: max memory 932184064, total allocated 119013376, free 37552184, used 81461192, increment 0
linearPredictor: max memory 932184064, total allocated 119013376, free 37472016, used 81541360, increment 80168
FeaturedSpace: max memory 932184064, total allocated 119013376, free 37472016, used 81541360, increment 0
Sequential: max memory 932184064, total allocated 119013376, free 37472016, used 81541360, increment 0
Initial loss: 9.212238569259263
60: time = 0.241000 loss = 9.158549
Res.gain: 0.05368968580744671
Jackknife: only bio_et0_yr
Making features
makeFeatures: max memory 932184064, total allocated 119013376, free 36588376, used 82425000, increment 883640
Gustavia_santanderiensis_4 bio_et0_yr: 
Regularization values: linear/quadratic/product: 0.423, categorical: 0.250, threshold: 1.790, hinge: 0.500
21 samples
Density: max memory 932184064, total allocated 119013376, free 36588376, used 82425000, increment 0
linearPredictor: max memory 932184064, total allocated 119013376, free 36588376, used 82425000, increment 0
FeaturedSpace: max memory 932184064, total allocated 119013376, free 36588376, used 82425000, increment 0
Sequential: max memory 932184064, total allocated 119013376, free 36588376, used 82425000, increment 0
Initial loss: 9.212238569259263
Time since start: 151.815
60: time = 0.188000 loss = 9.162471
Res.gain: 0.049767928051544175
getSamples: max memory 932184064, total allocated 119013376, free 31581288, used 87432088, increment 5007088
Making features
makeFeatures: max memory 932184064, total allocated 119013376, free 29256184, used 89757192, increment 2325104
Gustavia_santanderiensis_5: 
Regularization values: linear/quadratic/product: 0.423, categorical: 0.250, threshold: 1.790, hinge: 0.500
21 samples
Density: max memory 932184064, total allocated 119013376, free 29176008, used 89837368, increment 80176
linearPredictor: max memory 932184064, total allocated 119013376, free 29095832, used 89917544, increment 80176
FeaturedSpace: max memory 932184064, total allocated 119013376, free 29095832, used 89917544, increment 0
Sequential: max memory 932184064, total allocated 119013376, free 29095832, used 89917544, increment 0
Initial loss: 9.212338374638856
220: time = 0.417000 loss = 7.589589
Resulting gain: 1.6227493135559978
Projecting...
Writing file C:\Users\Camila\Desktop\Modelo opc3\Final_Models\M_3_F_lq_Set_1\Gustavia_santanderiensis_5.asc
Time since start: 155.557
Writing C:\Users\Camila\Desktop\Modelo opc3\Final_Models\M_3_F_lq_Set_1\plots\Gustavia_santanderiensis_5.png
Gustavia_santanderiensis_5 response curves
Time since start: 161.323
Response curve: only bio_1
Making features
makeFeatures: max memory 932184064, total allocated 86507520, free 40041208, used 46466312, increment -43451232
Gustavia_santanderiensis_5 bio_1: 
Regularization values: linear/quadratic/product: 0.423, categorical: 0.250, threshold: 1.790, hinge: 0.500
21 samples
Density: max memory 932184064, total allocated 86507520, free 39961032, used 46546488, increment 80176
linearPredictor: max memory 932184064, total allocated 86507520, free 39880856, used 46626664, increment 80176
FeaturedSpace: max memory 932184064, total allocated 86507520, free 39880856, used 46626664, increment 0
Sequential: max memory 932184064, total allocated 86507520, free 39880856, used 46626664, increment 0
Initial loss: 9.212338374638856
Time since start: 162.371
100: time = 1.044000 loss = 8.786690
Resulting gain: 0.42564824685064373
Gustavia_santanderiensis_5 response curves
Response curve: only bio_10
Making features
makeFeatures: max memory 932184064, total allocated 86507520, free 35298768, used 51208752, increment 4582088
Gustavia_santanderiensis_5 bio_10: 
Regularization values: linear/quadratic/product: 0.423, categorical: 0.250, threshold: 1.790, hinge: 0.500
21 samples
Density: max memory 932184064, total allocated 86507520, free 35298768, used 51208752, increment 0
linearPredictor: max memory 932184064, total allocated 86507520, free 35298768, used 51208752, increment 0
FeaturedSpace: max memory 932184064, total allocated 86507520, free 35298768, used 51208752, increment 0
Sequential: max memory 932184064, total allocated 86507520, free 35298768, used 51208752, increment 0
Initial loss: 9.212338374638856
100: time = 0.375000 loss = 8.820888
Resulting gain: 0.391450162060508
Gustavia_santanderiensis_5 response curves
Response curve: only bio_11
Making features
makeFeatures: max memory 932184064, total allocated 87556096, free 68552168, used 19003928, increment -32204824
Gustavia_santanderiensis_5 bio_11: 
Regularization values: linear/quadratic/product: 0.423, categorical: 0.250, threshold: 1.790, hinge: 0.500
21 samples
Density: max memory 932184064, total allocated 87556096, free 68552168, used 19003928, increment 0
linearPredictor: max memory 932184064, total allocated 87556096, free 68552168, used 19003928, increment 0
FeaturedSpace: max memory 932184064, total allocated 87556096, free 68552168, used 19003928, increment 0
Sequential: max memory 932184064, total allocated 87556096, free 68552168, used 19003928, increment 0
Initial loss: 9.212338374638856
Time since start: 163.802
100: time = 0.433000 loss = 8.803575
Resulting gain: 0.4087632382221429
Gustavia_santanderiensis_5 response curves
Response curve: only bio_12
Making features
makeFeatures: max memory 932184064, total allocated 87556096, free 64075376, used 23480720, increment 4476792
Gustavia_santanderiensis_5 bio_12: 
Regularization values: linear/quadratic/product: 0.423, categorical: 0.250, threshold: 1.790, hinge: 0.500
21 samples
Density: max memory 932184064, total allocated 87556096, free 64075376, used 23480720, increment 0
linearPredictor: max memory 932184064, total allocated 87556096, free 64075376, used 23480720, increment 0
FeaturedSpace: max memory 932184064, total allocated 87556096, free 64075376, used 23480720, increment 0
Sequential: max memory 932184064, total allocated 87556096, free 64075376, used 23480720, increment 0
Initial loss: 9.212338374638856
Time since start: 165.129
60: time = 1.140000 loss = 9.105734
Resulting gain: 0.10660428699471503
Gustavia_santanderiensis_5 response curves
Response curve: only bio_13
Making features
makeFeatures: max memory 932184064, total allocated 87556096, free 59598592, used 27957504, increment 4476784
Gustavia_santanderiensis_5 bio_13: 
Regularization values: linear/quadratic/product: 0.423, categorical: 0.250, threshold: 1.790, hinge: 0.500
21 samples
Density: max memory 932184064, total allocated 87556096, free 59598592, used 27957504, increment 0
linearPredictor: max memory 932184064, total allocated 87556096, free 59598592, used 27957504, increment 0
FeaturedSpace: max memory 932184064, total allocated 87556096, free 59598592, used 27957504, increment 0
Sequential: max memory 932184064, total allocated 87556096, free 59598592, used 27957504, increment 0
Initial loss: 9.212338374638856
60: time = 0.238000 loss = 9.179438
Resulting gain: 0.03290030194658833
Gustavia_santanderiensis_5 response curves
Response curve: only bio_14
Making features
makeFeatures: max memory 932184064, total allocated 87556096, free 55664104, used 31891992, increment 3934488
Gustavia_santanderiensis_5 bio_14: 
Regularization values: linear/quadratic/product: 0.423, categorical: 0.250, threshold: 1.790, hinge: 0.500
21 samples
Density: max memory 932184064, total allocated 87556096, free 55583928, used 31972168, increment 80176
linearPredictor: max memory 932184064, total allocated 87556096, free 55503752, used 32052344, increment 80176
FeaturedSpace: max memory 932184064, total allocated 87556096, free 55503752, used 32052344, increment 0
Sequential: max memory 932184064, total allocated 87556096, free 55503752, used 32052344, increment 0
Initial loss: 9.212338374638856
60: time = 0.219000 loss = 9.026384
Resulting gain: 0.18595428452851337
Gustavia_santanderiensis_5 response curves
Time since start: 166.4
Response curve: only bio_15
Making features
makeFeatures: max memory 932184064, total allocated 87556096, free 51027024, used 36529072, increment 4476728
Gustavia_santanderiensis_5 bio_15: 
Regularization values: linear/quadratic/product: 0.423, categorical: 0.250, threshold: 1.790, hinge: 0.500
21 samples
Density: max memory 932184064, total allocated 87556096, free 51027024, used 36529072, increment 0
linearPredictor: max memory 932184064, total allocated 87556096, free 51027024, used 36529072, increment 0
FeaturedSpace: max memory 932184064, total allocated 87556096, free 51027024, used 36529072, increment 0
Sequential: max memory 932184064, total allocated 87556096, free 51027024, used 36529072, increment 0
Initial loss: 9.212338374638856
60: time = 0.749000 loss = 9.040030
Resulting gain: 0.1723078877300086
Gustavia_santanderiensis_5 response curves
Response curve: only bio_16
Making features
makeFeatures: max memory 932184064, total allocated 87556096, free 46551152, used 41004944, increment 4475872
Gustavia_santanderiensis_5 bio_16: 
Regularization values: linear/quadratic/product: 0.423, categorical: 0.250, threshold: 1.790, hinge: 0.500
21 samples
Density: max memory 932184064, total allocated 87556096, free 46551152, used 41004944, increment 0
linearPredictor: max memory 932184064, total allocated 87556096, free 46551152, used 41004944, increment 0
FeaturedSpace: max memory 932184064, total allocated 87556096, free 46551152, used 41004944, increment 0
Sequential: max memory 932184064, total allocated 87556096, free 46551152, used 41004944, increment 0
Initial loss: 9.212338374638856
Time since start: 167.713
60: time = 0.349000 loss = 9.184556
Resulting gain: 0.02778230843335905
Gustavia_santanderiensis_5 response curves
Response curve: only bio_17
Making features
makeFeatures: max memory 932184064, total allocated 87556096, free 42075240, used 45480856, increment 4475912
Gustavia_santanderiensis_5 bio_17: 
Regularization values: linear/quadratic/product: 0.423, categorical: 0.250, threshold: 1.790, hinge: 0.500
21 samples
Density: max memory 932184064, total allocated 87556096, free 42075240, used 45480856, increment 0
linearPredictor: max memory 932184064, total allocated 87556096, free 42075240, used 45480856, increment 0
FeaturedSpace: max memory 932184064, total allocated 87556096, free 42075240, used 45480856, increment 0
Sequential: max memory 932184064, total allocated 87556096, free 42075240, used 45480856, increment 0
Initial loss: 9.212338374638856
60: time = 0.254000 loss = 8.820148
Resulting gain: 0.39219065360849115
Gustavia_santanderiensis_5 response curves
Response curve: only bio_2
Making features
makeFeatures: max memory 932184064, total allocated 87556096, free 37598472, used 49957624, increment 4476768
Gustavia_santanderiensis_5 bio_2: 
Regularization values: linear/quadratic/product: 0.423, categorical: 0.250, threshold: 1.790, hinge: 0.500
21 samples
Density: max memory 932184064, total allocated 87556096, free 37598472, used 49957624, increment 0
linearPredictor: max memory 932184064, total allocated 87556096, free 37598472, used 49957624, increment 0
FeaturedSpace: max memory 932184064, total allocated 87556096, free 37598472, used 49957624, increment 0
Sequential: max memory 932184064, total allocated 87556096, free 37598472, used 49957624, increment 0
Initial loss: 9.212338374638856
Time since start: 168.784
60: time = 0.397000 loss = 9.089896
Resulting gain: 0.12244214855228641
Gustavia_santanderiensis_5 response curves
Response curve: only bio_3
Making features
makeFeatures: max memory 932184064, total allocated 85458944, free 65519128, used 19939816, increment -30017808
Gustavia_santanderiensis_5 bio_3: 
Regularization values: linear/quadratic/product: 0.423, categorical: 0.250, threshold: 1.790, hinge: 0.500
21 samples
Density: max memory 932184064, total allocated 85458944, free 65519128, used 19939816, increment 0
linearPredictor: max memory 932184064, total allocated 85458944, free 65519128, used 19939816, increment 0
FeaturedSpace: max memory 932184064, total allocated 85458944, free 65519128, used 19939816, increment 0
Sequential: max memory 932184064, total allocated 85458944, free 65519128, used 19939816, increment 0
Initial loss: 9.212338374638856
60: time = 0.226000 loss = 9.150931
Resulting gain: 0.061407406076465776
Gustavia_santanderiensis_5 response curves
Time since start: 169.877
Response curve: only bio_4
Making features
makeFeatures: max memory 932184064, total allocated 85458944, free 61095624, used 24363320, increment 4423504
Gustavia_santanderiensis_5 bio_4: 
Regularization values: linear/quadratic/product: 0.423, categorical: 0.250, threshold: 1.790, hinge: 0.500
21 samples
Density: max memory 932184064, total allocated 85458944, free 61095624, used 24363320, increment 0
linearPredictor: max memory 932184064, total allocated 85458944, free 61095624, used 24363320, increment 0
FeaturedSpace: max memory 932184064, total allocated 85458944, free 61095624, used 24363320, increment 0
Sequential: max memory 932184064, total allocated 85458944, free 61095624, used 24363320, increment 0
Initial loss: 9.212338374638856
20: time = 0.108000 loss = 9.212338
Resulting gain: 0.0
Gustavia_santanderiensis_5 response curves
Response curve: only bio_5
Making features
makeFeatures: max memory 932184064, total allocated 85458944, free 56671344, used 28787600, increment 4424280
Gustavia_santanderiensis_5 bio_5: 
Regularization values: linear/quadratic/product: 0.423, categorical: 0.250, threshold: 1.790, hinge: 0.500
21 samples
Density: max memory 932184064, total allocated 85458944, free 56671344, used 28787600, increment 0
linearPredictor: max memory 932184064, total allocated 85458944, free 56671344, used 28787600, increment 0
FeaturedSpace: max memory 932184064, total allocated 85458944, free 56671344, used 28787600, increment 0
Sequential: max memory 932184064, total allocated 85458944, free 56671344, used 28787600, increment 0
Initial loss: 9.212338374638856
100: time = 0.428000 loss = 8.815868
Resulting gain: 0.3964701952006351
Gustavia_santanderiensis_5 response curves
Response curve: only bio_6
Making features
makeFeatures: max memory 932184064, total allocated 85458944, free 52245840, used 33213104, increment 4425504
Gustavia_santanderiensis_5 bio_6: 
Regularization values: linear/quadratic/product: 0.423, categorical: 0.250, threshold: 1.790, hinge: 0.500
21 samples
Density: max memory 932184064, total allocated 85458944, free 52245840, used 33213104, increment 0
linearPredictor: max memory 932184064, total allocated 85458944, free 52245840, used 33213104, increment 0
FeaturedSpace: max memory 932184064, total allocated 85458944, free 51554312, used 33904632, increment 691528
Sequential: max memory 932184064, total allocated 85458944, free 51554312, used 33904632, increment 0
Initial loss: 9.212338374638856
Time since start: 171.142
100: time = 0.400000 loss = 8.773830
Resulting gain: 0.43850817876804804
Gustavia_santanderiensis_5 response curves
Response curve: only bio_7
Making features
makeFeatures: max memory 932184064, total allocated 85458944, free 47704488, used 37754456, increment 3849824
Gustavia_santanderiensis_5 bio_7: 
Regularization values: linear/quadratic/product: 0.423, categorical: 0.250, threshold: 1.790, hinge: 0.500
21 samples
Density: max memory 932184064, total allocated 85458944, free 47704488, used 37754456, increment 0
linearPredictor: max memory 932184064, total allocated 85458944, free 47704488, used 37754456, increment 0
FeaturedSpace: max memory 932184064, total allocated 85458944, free 47704488, used 37754456, increment 0
Sequential: max memory 932184064, total allocated 85458944, free 47704488, used 37754456, increment 0
Initial loss: 9.212338374638856
60: time = 0.252000 loss = 9.203255
Resulting gain: 0.009083656574228272
Gustavia_santanderiensis_5 response curves
Response curve: only bio_ai_et0
Making features
makeFeatures: max memory 932184064, total allocated 85458944, free 43260576, used 42198368, increment 4443912
Gustavia_santanderiensis_5 bio_ai_et0: 
Regularization values: linear/quadratic/product: 0.423, categorical: 0.250, threshold: 1.790, hinge: 0.500
21 samples
Density: max memory 932184064, total allocated 85458944, free 43260576, used 42198368, increment 0
linearPredictor: max memory 932184064, total allocated 85458944, free 43260576, used 42198368, increment 0
FeaturedSpace: max memory 932184064, total allocated 85458944, free 43260576, used 42198368, increment 0
Sequential: max memory 932184064, total allocated 85458944, free 43260576, used 42198368, increment 0
Initial loss: 9.212338374638856
60: time = 0.222000 loss = 9.170898
Resulting gain: 0.041440486857400316
Gustavia_santanderiensis_5 response curves
Response curve: only bio_et0_yr
Making features
makeFeatures: max memory 932184064, total allocated 85458944, free 38832312, used 46626632, increment 4428264
Gustavia_santanderiensis_5 bio_et0_yr: 
Regularization values: linear/quadratic/product: 0.423, categorical: 0.250, threshold: 1.790, hinge: 0.500
21 samples
Density: max memory 932184064, total allocated 85458944, free 38832312, used 46626632, increment 0
linearPredictor: max memory 932184064, total allocated 85458944, free 38832312, used 46626632, increment 0
FeaturedSpace: max memory 932184064, total allocated 85458944, free 38832312, used 46626632, increment 0
Sequential: max memory 932184064, total allocated 85458944, free 38832312, used 46626632, increment 0
Initial loss: 9.212338374638856
Time since start: 172.315
60: time = 0.215000 loss = 9.140540
Resulting gain: 0.0717981937806833
Gustavia_santanderiensis_5 response curves
Jackknife: leave bio_1 out
Making features
makeFeatures: max memory 932184064, total allocated 80216064, free 36519272, used 43696792, increment -2929840
Gustavia_santanderiensis_5 bio_1: 
Regularization values: linear/quadratic/product: 0.423, categorical: 0.250, threshold: 1.790, hinge: 0.500
21 samples
Density: max memory 932184064, total allocated 80216064, free 36439096, used 43776968, increment 80176
linearPredictor: max memory 932184064, total allocated 80216064, free 36358920, used 43857144, increment 80176
FeaturedSpace: max memory 932184064, total allocated 80216064, free 36358920, used 43857144, increment 0
Sequential: max memory 932184064, total allocated 80216064, free 36358920, used 43857144, increment 0
Initial loss: 9.212338374638856
Time since start: 173.433
200: time = 0.402000 loss = 7.589589
Jackknife: leave bio_10 out
Making features
makeFeatures: max memory 932184064, total allocated 80216064, free 33544360, used 46671704, increment 2814560
Gustavia_santanderiensis_5 bio_10: 
Regularization values: linear/quadratic/product: 0.423, categorical: 0.250, threshold: 1.790, hinge: 0.500
21 samples
Density: max memory 932184064, total allocated 80216064, free 33464184, used 46751880, increment 80176
linearPredictor: max memory 932184064, total allocated 80216064, free 33384008, used 46832056, increment 80176
FeaturedSpace: max memory 932184064, total allocated 80216064, free 33384008, used 46832056, increment 0
Sequential: max memory 932184064, total allocated 80216064, free 33384008, used 46832056, increment 0
Initial loss: 9.212338374638856
240: time = 0.457000 loss = 7.589589
Jackknife: leave bio_11 out
Making features
makeFeatures: max memory 932184064, total allocated 84410368, free 65533248, used 18877120, increment -27954936
Gustavia_santanderiensis_5 bio_11: 
Regularization values: linear/quadratic/product: 0.423, categorical: 0.250, threshold: 1.790, hinge: 0.500
21 samples
Density: max memory 932184064, total allocated 84410368, free 65453072, used 18957296, increment 80176
linearPredictor: max memory 932184064, total allocated 84410368, free 65372896, used 19037472, increment 80176
FeaturedSpace: max memory 932184064, total allocated 84410368, free 65372896, used 19037472, increment 0
Sequential: max memory 932184064, total allocated 84410368, free 65372896, used 19037472, increment 0
Initial loss: 9.212338374638856
240: time = 0.464000 loss = 7.589589
Jackknife: leave bio_12 out
Making features
makeFeatures: max memory 932184064, total allocated 84410368, free 62499296, used 21911072, increment 2873600
Gustavia_santanderiensis_5 bio_12: 
Regularization values: linear/quadratic/product: 0.423, categorical: 0.250, threshold: 1.790, hinge: 0.500
21 samples
Density: max memory 932184064, total allocated 84410368, free 62419120, used 21991248, increment 80176
linearPredictor: max memory 932184064, total allocated 84410368, free 62338944, used 22071424, increment 80176
FeaturedSpace: max memory 932184064, total allocated 84410368, free 62338944, used 22071424, increment 0
Sequential: max memory 932184064, total allocated 84410368, free 62338944, used 22071424, increment 0
Initial loss: 9.212338374638856
Time since start: 175.074
220: time = 0.679000 loss = 7.589589
Jackknife: leave bio_13 out
Making features
makeFeatures: max memory 932184064, total allocated 84410368, free 59539264, used 24871104, increment 2799680
Gustavia_santanderiensis_5 bio_13: 
Regularization values: linear/quadratic/product: 0.423, categorical: 0.250, threshold: 1.790, hinge: 0.500
21 samples
Density: max memory 932184064, total allocated 84410368, free 58904360, used 25506008, increment 634904
linearPredictor: max memory 932184064, total allocated 84410368, free 58904360, used 25506008, increment 0
FeaturedSpace: max memory 932184064, total allocated 84410368, free 58904360, used 25506008, increment 0
Sequential: max memory 932184064, total allocated 84410368, free 58904360, used 25506008, increment 0
Initial loss: 9.212338374638856
180: time = 0.399000 loss = 7.589589
Jackknife: leave bio_14 out
Making features
makeFeatures: max memory 932184064, total allocated 84410368, free 56505584, used 27904784, increment 2398776
Gustavia_santanderiensis_5 bio_14: 
Regularization values: linear/quadratic/product: 0.423, categorical: 0.250, threshold: 1.790, hinge: 0.500
21 samples
Density: max memory 932184064, total allocated 84410368, free 56425408, used 27984960, increment 80176
linearPredictor: max memory 932184064, total allocated 84410368, free 56345232, used 28065136, increment 80176
FeaturedSpace: max memory 932184064, total allocated 84410368, free 56345232, used 28065136, increment 0
Sequential: max memory 932184064, total allocated 84410368, free 56345232, used 28065136, increment 0
Initial loss: 9.212338374638856
220: time = 0.456000 loss = 7.589589
Jackknife: leave bio_15 out
Making features
makeFeatures: max memory 932184064, total allocated 84410368, free 53545432, used 30864936, increment 2799800
Gustavia_santanderiensis_5 bio_15: 
Regularization values: linear/quadratic/product: 0.423, categorical: 0.250, threshold: 1.790, hinge: 0.500
21 samples
Density: max memory 932184064, total allocated 84410368, free 52910480, used 31499888, increment 634952
linearPredictor: max memory 932184064, total allocated 84410368, free 52910480, used 31499888, increment 0
FeaturedSpace: max memory 932184064, total allocated 84410368, free 52910480, used 31499888, increment 0
Sequential: max memory 932184064, total allocated 84410368, free 52910480, used 31499888, increment 0
Initial loss: 9.212338374638856
Time since start: 176.547
280: time = 0.575000 loss = 7.699525
Jackknife: leave bio_16 out
Making features
makeFeatures: max memory 932184064, total allocated 84410368, free 50425024, used 33985344, increment 2485456
Gustavia_santanderiensis_5 bio_16: 
Regularization values: linear/quadratic/product: 0.423, categorical: 0.250, threshold: 1.790, hinge: 0.500
21 samples
Density: max memory 932184064, total allocated 84410368, free 50344848, used 34065520, increment 80176
linearPredictor: max memory 932184064, total allocated 84410368, free 50264672, used 34145696, increment 80176
FeaturedSpace: max memory 932184064, total allocated 84410368, free 50264672, used 34145696, increment 0
Sequential: max memory 932184064, total allocated 84410368, free 50264672, used 34145696, increment 0
Initial loss: 9.212338374638856
240: time = 0.529000 loss = 7.589589
Jackknife: leave bio_17 out
Making features
makeFeatures: max memory 932184064, total allocated 84410368, free 47384744, used 37025624, increment 2879928
Gustavia_santanderiensis_5 bio_17: 
Regularization values: linear/quadratic/product: 0.423, categorical: 0.250, threshold: 1.790, hinge: 0.500
21 samples
Density: max memory 932184064, total allocated 84410368, free 47304568, used 37105800, increment 80176
linearPredictor: max memory 932184064, total allocated 84410368, free 47224392, used 37185976, increment 80176
FeaturedSpace: max memory 932184064, total allocated 84410368, free 47224392, used 37185976, increment 0
Sequential: max memory 932184064, total allocated 84410368, free 47224392, used 37185976, increment 0
Initial loss: 9.212338374638856
Time since start: 177.645
240: time = 0.540000 loss = 7.635119
Jackknife: leave bio_2 out
Making features
makeFeatures: max memory 932184064, total allocated 84410368, free 44350792, used 40059576, increment 2873600
Gustavia_santanderiensis_5 bio_2: 
Regularization values: linear/quadratic/product: 0.423, categorical: 0.250, threshold: 1.790, hinge: 0.500
21 samples
Density: max memory 932184064, total allocated 84410368, free 44270616, used 40139752, increment 80176
linearPredictor: max memory 932184064, total allocated 84410368, free 44190440, used 40219928, increment 80176
FeaturedSpace: max memory 932184064, total allocated 84410368, free 44190440, used 40219928, increment 0
Sequential: max memory 932184064, total allocated 84410368, free 44190440, used 40219928, increment 0
Initial loss: 9.212338374638856
240: time = 0.463000 loss = 7.589589
Jackknife: leave bio_3 out
Making features
makeFeatures: max memory 932184064, total allocated 84410368, free 41317080, used 43093288, increment 2873360
Gustavia_santanderiensis_5 bio_3: 
Regularization values: linear/quadratic/product: 0.423, categorical: 0.250, threshold: 1.790, hinge: 0.500
21 samples
Density: max memory 932184064, total allocated 84410368, free 41236904, used 43173464, increment 80176
linearPredictor: max memory 932184064, total allocated 84410368, free 41156728, used 43253640, increment 80176
FeaturedSpace: max memory 932184064, total allocated 84410368, free 41156728, used 43253640, increment 0
Sequential: max memory 932184064, total allocated 84410368, free 41156728, used 43253640, increment 0
Initial loss: 9.212338374638856
260: time = 0.498000 loss = 7.589589
Jackknife: leave bio_4 out
Making features
makeFeatures: max memory 932184064, total allocated 84410368, free 38276776, used 46133592, increment 2879952
Gustavia_santanderiensis_5 bio_4: 
Regularization values: linear/quadratic/product: 0.423, categorical: 0.250, threshold: 1.790, hinge: 0.500
21 samples
Density: max memory 932184064, total allocated 84410368, free 38196600, used 46213768, increment 80176
linearPredictor: max memory 932184064, total allocated 84410368, free 38116424, used 46293944, increment 80176
FeaturedSpace: max memory 932184064, total allocated 84410368, free 38116424, used 46293944, increment 0
Sequential: max memory 932184064, total allocated 84410368, free 38116424, used 46293944, increment 0
Initial loss: 9.212338374638856
Time since start: 179.04
200: time = 0.395000 loss = 7.592544
Jackknife: leave bio_5 out
Making features
makeFeatures: max memory 932184064, total allocated 84410368, free 35316624, used 49093744, increment 2799800
Gustavia_santanderiensis_5 bio_5: 
Regularization values: linear/quadratic/product: 0.423, categorical: 0.250, threshold: 1.790, hinge: 0.500
21 samples
Density: max memory 932184064, total allocated 84410368, free 34681720, used 49728648, increment 634904
linearPredictor: max memory 932184064, total allocated 84410368, free 34681720, used 49728648, increment 0
FeaturedSpace: max memory 932184064, total allocated 84410368, free 34681720, used 49728648, increment 0
Sequential: max memory 932184064, total allocated 84410368, free 34681720, used 49728648, increment 0
Initial loss: 9.212338374638856
160: time = 0.324000 loss = 7.605055
Jackknife: leave bio_6 out
Making features
makeFeatures: max memory 932184064, total allocated 79167488, free 60283248, used 18884240, increment -30844408
Gustavia_santanderiensis_5 bio_6: 
Regularization values: linear/quadratic/product: 0.423, categorical: 0.250, threshold: 1.790, hinge: 0.500
21 samples
Density: max memory 932184064, total allocated 79167488, free 60203072, used 18964416, increment 80176
linearPredictor: max memory 932184064, total allocated 79167488, free 60122896, used 19044592, increment 80176
FeaturedSpace: max memory 932184064, total allocated 79167488, free 60122896, used 19044592, increment 0
Sequential: max memory 932184064, total allocated 79167488, free 60122896, used 19044592, increment 0
Initial loss: 9.212338374638856
240: time = 0.471000 loss = 7.591784
Jackknife: leave bio_7 out
Making features
makeFeatures: max memory 932184064, total allocated 79167488, free 57252056, used 21915432, increment 2870840
Gustavia_santanderiensis_5 bio_7: 
Regularization values: linear/quadratic/product: 0.423, categorical: 0.250, threshold: 1.790, hinge: 0.500
21 samples
Density: max memory 932184064, total allocated 79167488, free 57171880, used 21995608, increment 80176
linearPredictor: max memory 932184064, total allocated 79167488, free 57091704, used 22075784, increment 80176
FeaturedSpace: max memory 932184064, total allocated 79167488, free 57091704, used 22075784, increment 0
Sequential: max memory 932184064, total allocated 79167488, free 57091704, used 22075784, increment 0
Initial loss: 9.212338374638856
Time since start: 180.346
260: time = 0.471000 loss = 7.589589
Jackknife: leave bio_ai_et0 out
Making features
makeFeatures: max memory 932184064, total allocated 79167488, free 54221016, used 24946472, increment 2870688
Gustavia_santanderiensis_5 bio_ai_et0: 
Regularization values: linear/quadratic/product: 0.423, categorical: 0.250, threshold: 1.790, hinge: 0.500
21 samples
Density: max memory 932184064, total allocated 79167488, free 54140840, used 25026648, increment 80176
linearPredictor: max memory 932184064, total allocated 79167488, free 54060664, used 25106824, increment 80176
FeaturedSpace: max memory 932184064, total allocated 79167488, free 54060664, used 25106824, increment 0
Sequential: max memory 932184064, total allocated 79167488, free 54060664, used 25106824, increment 0
Initial loss: 9.212338374638856
240: time = 0.434000 loss = 7.589589
Jackknife: leave bio_et0_yr out
Making features
makeFeatures: max memory 932184064, total allocated 79167488, free 51189992, used 27977496, increment 2870672
Gustavia_santanderiensis_5 bio_et0_yr: 
Regularization values: linear/quadratic/product: 0.423, categorical: 0.250, threshold: 1.790, hinge: 0.500
21 samples
Density: max memory 932184064, total allocated 79167488, free 51109816, used 28057672, increment 80176
linearPredictor: max memory 932184064, total allocated 79167488, free 51029640, used 28137848, increment 80176
FeaturedSpace: max memory 932184064, total allocated 79167488, free 51029640, used 28137848, increment 0
Sequential: max memory 932184064, total allocated 79167488, free 51029640, used 28137848, increment 0
Initial loss: 9.212338374638856
240: time = 0.409000 loss = 7.589589
Jackknife: only bio_1
Making features
makeFeatures: max memory 932184064, total allocated 79167488, free 50403848, used 28763640, increment 625792
Gustavia_santanderiensis_5 bio_1: 
Regularization values: linear/quadratic/product: 0.423, categorical: 0.250, threshold: 1.790, hinge: 0.500
21 samples
Density: max memory 932184064, total allocated 79167488, free 50403848, used 28763640, increment 0
linearPredictor: max memory 932184064, total allocated 79167488, free 50403848, used 28763640, increment 0
FeaturedSpace: max memory 932184064, total allocated 79167488, free 50403848, used 28763640, increment 0
Sequential: max memory 932184064, total allocated 79167488, free 50403848, used 28763640, increment 0
Initial loss: 9.212338374638856
Time since start: 181.483
100: time = 0.266000 loss = 8.786690
Res.gain: 0.42564824685064373
Jackknife: only bio_10
Making features
makeFeatures: max memory 932184064, total allocated 79167488, free 49778160, used 29389328, increment 625688
Gustavia_santanderiensis_5 bio_10: 
Regularization values: linear/quadratic/product: 0.423, categorical: 0.250, threshold: 1.790, hinge: 0.500
21 samples
Density: max memory 932184064, total allocated 79167488, free 49778160, used 29389328, increment 0
linearPredictor: max memory 932184064, total allocated 79167488, free 49778160, used 29389328, increment 0
FeaturedSpace: max memory 932184064, total allocated 79167488, free 49778160, used 29389328, increment 0
Sequential: max memory 932184064, total allocated 79167488, free 49778160, used 29389328, increment 0
Initial loss: 9.212338374638856
100: time = 0.363000 loss = 8.820888
Res.gain: 0.391450162060508
Jackknife: only bio_11
Making features
makeFeatures: max memory 932184064, total allocated 79167488, free 49778160, used 29389328, increment 0
Gustavia_santanderiensis_5 bio_11: 
Regularization values: linear/quadratic/product: 0.423, categorical: 0.250, threshold: 1.790, hinge: 0.500
21 samples
Density: max memory 932184064, total allocated 79167488, free 49697984, used 29469504, increment 80176
linearPredictor: max memory 932184064, total allocated 79167488, free 49617808, used 29549680, increment 80176
FeaturedSpace: max memory 932184064, total allocated 79167488, free 49617808, used 29549680, increment 0
Sequential: max memory 932184064, total allocated 79167488, free 49617808, used 29549680, increment 0
Initial loss: 9.212338374638856
100: time = 0.339000 loss = 8.803575
Res.gain: 0.4087632382221429
Jackknife: only bio_12
Making features
makeFeatures: max memory 932184064, total allocated 79167488, free 48992112, used 30175376, increment 625696
Gustavia_santanderiensis_5 bio_12: 
Regularization values: linear/quadratic/product: 0.423, categorical: 0.250, threshold: 1.790, hinge: 0.500
21 samples
Density: max memory 932184064, total allocated 79167488, free 48992112, used 30175376, increment 0
linearPredictor: max memory 932184064, total allocated 79167488, free 48992112, used 30175376, increment 0
FeaturedSpace: max memory 932184064, total allocated 79167488, free 48992112, used 30175376, increment 0
Sequential: max memory 932184064, total allocated 79167488, free 48992112, used 30175376, increment 0
Initial loss: 9.212338374638856
60: time = 0.203000 loss = 9.105734
Res.gain: 0.10660428699471503
Jackknife: only bio_13
Making features
makeFeatures: max memory 932184064, total allocated 79167488, free 48992112, used 30175376, increment 0
Gustavia_santanderiensis_5 bio_13: 
Regularization values: linear/quadratic/product: 0.423, categorical: 0.250, threshold: 1.790, hinge: 0.500
21 samples
Density: max memory 932184064, total allocated 79167488, free 48911936, used 30255552, increment 80176
linearPredictor: max memory 932184064, total allocated 79167488, free 48831760, used 30335728, increment 80176
FeaturedSpace: max memory 932184064, total allocated 79167488, free 48831760, used 30335728, increment 0
Sequential: max memory 932184064, total allocated 79167488, free 48831760, used 30335728, increment 0
Initial loss: 9.212338374638856
Time since start: 182.634
60: time = 0.233000 loss = 9.179438
Res.gain: 0.03290030194658833
Jackknife: only bio_14
Making features
makeFeatures: max memory 932184064, total allocated 79167488, free 48206096, used 30961392, increment 625664
Gustavia_santanderiensis_5 bio_14: 
Regularization values: linear/quadratic/product: 0.423, categorical: 0.250, threshold: 1.790, hinge: 0.500
21 samples
Density: max memory 932184064, total allocated 79167488, free 48206096, used 30961392, increment 0
linearPredictor: max memory 932184064, total allocated 79167488, free 48206096, used 30961392, increment 0
FeaturedSpace: max memory 932184064, total allocated 79167488, free 48206096, used 30961392, increment 0
Sequential: max memory 932184064, total allocated 79167488, free 48206096, used 30961392, increment 0
Initial loss: 9.212338374638856
60: time = 0.193000 loss = 9.026384
Res.gain: 0.18595428452851337
Jackknife: only bio_15
Making features
makeFeatures: max memory 932184064, total allocated 79167488, free 48206096, used 30961392, increment 0
Gustavia_santanderiensis_5 bio_15: 
Regularization values: linear/quadratic/product: 0.423, categorical: 0.250, threshold: 1.790, hinge: 0.500
21 samples
Density: max memory 932184064, total allocated 79167488, free 48125920, used 31041568, increment 80176
linearPredictor: max memory 932184064, total allocated 79167488, free 48045744, used 31121744, increment 80176
FeaturedSpace: max memory 932184064, total allocated 79167488, free 48045744, used 31121744, increment 0
Sequential: max memory 932184064, total allocated 79167488, free 48045744, used 31121744, increment 0
Initial loss: 9.212338374638856
60: time = 0.216000 loss = 9.040030
Res.gain: 0.1723078877300086
Jackknife: only bio_16
Making features
makeFeatures: max memory 932184064, total allocated 79167488, free 47885392, used 31282096, increment 160352
Gustavia_santanderiensis_5 bio_16: 
Regularization values: linear/quadratic/product: 0.423, categorical: 0.250, threshold: 1.790, hinge: 0.500
21 samples
Density: max memory 932184064, total allocated 79167488, free 47805216, used 31362272, increment 80176
linearPredictor: max memory 932184064, total allocated 79167488, free 47725040, used 31442448, increment 80176
FeaturedSpace: max memory 932184064, total allocated 79167488, free 47725040, used 31442448, increment 0
Sequential: max memory 932184064, total allocated 79167488, free 47725040, used 31442448, increment 0
Initial loss: 9.212338374638856
60: time = 0.235000 loss = 9.184556
Res.gain: 0.02778230843335905
Jackknife: only bio_17
Making features
makeFeatures: max memory 932184064, total allocated 79167488, free 47099352, used 32068136, increment 625688
Gustavia_santanderiensis_5 bio_17: 
Regularization values: linear/quadratic/product: 0.423, categorical: 0.250, threshold: 1.790, hinge: 0.500
21 samples
Density: max memory 932184064, total allocated 79167488, free 47099352, used 32068136, increment 0
linearPredictor: max memory 932184064, total allocated 79167488, free 47099352, used 32068136, increment 0
FeaturedSpace: max memory 932184064, total allocated 79167488, free 47099352, used 32068136, increment 0
Sequential: max memory 932184064, total allocated 79167488, free 47099352, used 32068136, increment 0
Initial loss: 9.212338374638856
60: time = 0.191000 loss = 8.820148
Res.gain: 0.39219065360849115
Jackknife: only bio_2
Making features
makeFeatures: max memory 932184064, total allocated 79167488, free 47099352, used 32068136, increment 0
Gustavia_santanderiensis_5 bio_2: 
Regularization values: linear/quadratic/product: 0.423, categorical: 0.250, threshold: 1.790, hinge: 0.500
21 samples
Density: max memory 932184064, total allocated 79167488, free 47019176, used 32148312, increment 80176
linearPredictor: max memory 932184064, total allocated 79167488, free 46939000, used 32228488, increment 80176
FeaturedSpace: max memory 932184064, total allocated 79167488, free 46939000, used 32228488, increment 0
Sequential: max memory 932184064, total allocated 79167488, free 46939000, used 32228488, increment 0
Initial loss: 9.212338374638856
Time since start: 183.713
60: time = 0.226000 loss = 9.089896
Res.gain: 0.12244214855228641
Jackknife: only bio_3
Making features
makeFeatures: max memory 932184064, total allocated 79167488, free 46313280, used 32854208, increment 625720
Gustavia_santanderiensis_5 bio_3: 
Regularization values: linear/quadratic/product: 0.423, categorical: 0.250, threshold: 1.790, hinge: 0.500
21 samples
Density: max memory 932184064, total allocated 79167488, free 46313280, used 32854208, increment 0
linearPredictor: max memory 932184064, total allocated 79167488, free 46313280, used 32854208, increment 0
FeaturedSpace: max memory 932184064, total allocated 79167488, free 46313280, used 32854208, increment 0
Sequential: max memory 932184064, total allocated 79167488, free 46313280, used 32854208, increment 0
Initial loss: 9.212338374638856
60: time = 0.222000 loss = 9.150931
Res.gain: 0.061407406076465776
Jackknife: only bio_4
Making features
makeFeatures: max memory 932184064, total allocated 79167488, free 46313280, used 32854208, increment 0
Gustavia_santanderiensis_5 bio_4: 
Regularization values: linear/quadratic/product: 0.423, categorical: 0.250, threshold: 1.790, hinge: 0.500
21 samples
Density: max memory 932184064, total allocated 79167488, free 46313280, used 32854208, increment 0
linearPredictor: max memory 932184064, total allocated 79167488, free 45687640, used 33479848, increment 625640
FeaturedSpace: max memory 932184064, total allocated 79167488, free 45687640, used 33479848, increment 0
Sequential: max memory 932184064, total allocated 79167488, free 45687640, used 33479848, increment 0
Initial loss: 9.212338374638856
20: time = 0.098000 loss = 9.212338
Res.gain: 0.0
Jackknife: only bio_5
Making features
makeFeatures: max memory 932184064, total allocated 79167488, free 45687640, used 33479848, increment 0
Gustavia_santanderiensis_5 bio_5: 
Regularization values: linear/quadratic/product: 0.423, categorical: 0.250, threshold: 1.790, hinge: 0.500
21 samples
Density: max memory 932184064, total allocated 79167488, free 45687640, used 33479848, increment 0
linearPredictor: max memory 932184064, total allocated 79167488, free 45687640, used 33479848, increment 0
FeaturedSpace: max memory 932184064, total allocated 79167488, free 45687640, used 33479848, increment 0
Sequential: max memory 932184064, total allocated 79167488, free 45687640, used 33479848, increment 0
Initial loss: 9.212338374638856
100: time = 0.365000 loss = 8.815868
Res.gain: 0.3964701952006351
Jackknife: only bio_6
Making features
makeFeatures: max memory 932184064, total allocated 79167488, free 45607464, used 33560024, increment 80176
Gustavia_santanderiensis_5 bio_6: 
Regularization values: linear/quadratic/product: 0.423, categorical: 0.250, threshold: 1.790, hinge: 0.500
21 samples
Density: max memory 932184064, total allocated 79167488, free 45527288, used 33640200, increment 80176
linearPredictor: max memory 932184064, total allocated 79167488, free 45447112, used 33720376, increment 80176
FeaturedSpace: max memory 932184064, total allocated 79167488, free 45447112, used 33720376, increment 0
Sequential: max memory 932184064, total allocated 79167488, free 45447112, used 33720376, increment 0
Initial loss: 9.212338374638856
Time since start: 184.78
100: time = 0.370000 loss = 8.773830
Res.gain: 0.43850817876804804
Jackknife: only bio_7
Making features
makeFeatures: max memory 932184064, total allocated 79167488, free 44821424, used 34346064, increment 625688
Gustavia_santanderiensis_5 bio_7: 
Regularization values: linear/quadratic/product: 0.423, categorical: 0.250, threshold: 1.790, hinge: 0.500
21 samples
Density: max memory 932184064, total allocated 79167488, free 44821424, used 34346064, increment 0
linearPredictor: max memory 932184064, total allocated 79167488, free 44821424, used 34346064, increment 0
FeaturedSpace: max memory 932184064, total allocated 79167488, free 44821424, used 34346064, increment 0
Sequential: max memory 932184064, total allocated 79167488, free 44821424, used 34346064, increment 0
Initial loss: 9.212338374638856
60: time = 0.246000 loss = 9.203255
Res.gain: 0.009083656574228272
Jackknife: only bio_ai_et0
Making features
makeFeatures: max memory 932184064, total allocated 79167488, free 44821424, used 34346064, increment 0
Gustavia_santanderiensis_5 bio_ai_et0: 
Regularization values: linear/quadratic/product: 0.423, categorical: 0.250, threshold: 1.790, hinge: 0.500
21 samples
Density: max memory 932184064, total allocated 79167488, free 44741248, used 34426240, increment 80176
linearPredictor: max memory 932184064, total allocated 79167488, free 44661072, used 34506416, increment 80176
FeaturedSpace: max memory 932184064, total allocated 79167488, free 44661072, used 34506416, increment 0
Sequential: max memory 932184064, total allocated 79167488, free 44661072, used 34506416, increment 0
Initial loss: 9.212338374638856
60: time = 0.218000 loss = 9.170898
Res.gain: 0.041440486857400316
Jackknife: only bio_et0_yr
Making features
makeFeatures: max memory 932184064, total allocated 79167488, free 44035272, used 35132216, increment 625800
Gustavia_santanderiensis_5 bio_et0_yr: 
Regularization values: linear/quadratic/product: 0.423, categorical: 0.250, threshold: 1.790, hinge: 0.500
21 samples
Density: max memory 932184064, total allocated 79167488, free 44035272, used 35132216, increment 0
linearPredictor: max memory 932184064, total allocated 79167488, free 44035272, used 35132216, increment 0
FeaturedSpace: max memory 932184064, total allocated 79167488, free 44035272, used 35132216, increment 0
Sequential: max memory 932184064, total allocated 79167488, free 44035272, used 35132216, increment 0
Initial loss: 9.212338374638856
60: time = 0.210000 loss = 9.140540
Res.gain: 0.0717981937806833
getSamples: max memory 932184064, total allocated 79167488, free 38804760, used 40362728, increment 5230512
Making features
makeFeatures: max memory 932184064, total allocated 79167488, free 36479888, used 42687600, increment 2324872
Gustavia_santanderiensis_6: 
Regularization values: linear/quadratic/product: 0.423, categorical: 0.250, threshold: 1.790, hinge: 0.500
21 samples
Density: max memory 932184064, total allocated 79167488, free 36399720, used 42767768, increment 80168
linearPredictor: max memory 932184064, total allocated 79167488, free 36319552, used 42847936, increment 80168
FeaturedSpace: max memory 932184064, total allocated 79167488, free 36319552, used 42847936, increment 0
Sequential: max memory 932184064, total allocated 79167488, free 36319552, used 42847936, increment 0
Initial loss: 9.212238569259263
Time since start: 186.077
280: time = 0.491000 loss = 7.275620
Resulting gain: 1.9366187565603505
Projecting...
Writing file C:\Users\Camila\Desktop\Modelo opc3\Final_Models\M_3_F_lq_Set_1\Gustavia_santanderiensis_6.asc
Time since start: 188.432
Writing C:\Users\Camila\Desktop\Modelo opc3\Final_Models\M_3_F_lq_Set_1\plots\Gustavia_santanderiensis_6.png
Gustavia_santanderiensis_6 response curves
Time since start: 192.457
Response curve: only bio_1
Making features
makeFeatures: max memory 932184064, total allocated 93847552, free 22352680, used 71494872, increment 28646936
Gustavia_santanderiensis_6 bio_1: 
Regularization values: linear/quadratic/product: 0.423, categorical: 0.250, threshold: 1.790, hinge: 0.500
21 samples
Density: max memory 932184064, total allocated 93847552, free 22352680, used 71494872, increment 0
linearPredictor: max memory 932184064, total allocated 93847552, free 22352680, used 71494872, increment 0
FeaturedSpace: max memory 932184064, total allocated 93847552, free 22352680, used 71494872, increment 0
Sequential: max memory 932184064, total allocated 93847552, free 22352680, used 71494872, increment 0
Initial loss: 9.212238569259263
100: time = 0.817000 loss = 8.771156
Resulting gain: 0.4410830114736157
Gustavia_santanderiensis_6 response curves
Response curve: only bio_10
Making features
makeFeatures: max memory 932184064, total allocated 93847552, free 18041296, used 75806256, increment 4311384
Gustavia_santanderiensis_6 bio_10: 
Regularization values: linear/quadratic/product: 0.423, categorical: 0.250, threshold: 1.790, hinge: 0.500
21 samples
Density: max memory 932184064, total allocated 93847552, free 18041296, used 75806256, increment 0
linearPredictor: max memory 932184064, total allocated 93847552, free 18041296, used 75806256, increment 0
FeaturedSpace: max memory 932184064, total allocated 93847552, free 18041296, used 75806256, increment 0
Sequential: max memory 932184064, total allocated 93847552, free 18041296, used 75806256, increment 0
Initial loss: 9.212238569259263
Time since start: 193.837
100: time = 0.401000 loss = 8.820691
Resulting gain: 0.391547144019313
Gustavia_santanderiensis_6 response curves
Response curve: only bio_11
Making features
makeFeatures: max memory 932184064, total allocated 90177536, free 50283872, used 39893664, increment -35912592
Gustavia_santanderiensis_6 bio_11: 
Regularization values: linear/quadratic/product: 0.423, categorical: 0.250, threshold: 1.790, hinge: 0.500
21 samples
Density: max memory 932184064, total allocated 90177536, free 50203704, used 39973832, increment 80168
linearPredictor: max memory 932184064, total allocated 90177536, free 50123536, used 40054000, increment 80168
FeaturedSpace: max memory 932184064, total allocated 90177536, free 50123536, used 40054000, increment 0
Sequential: max memory 932184064, total allocated 90177536, free 50123536, used 40054000, increment 0
Initial loss: 9.212238569259263
100: time = 0.434000 loss = 8.785255
Resulting gain: 0.4269830709462763
Gustavia_santanderiensis_6 response curves
Time since start: 195.078
Response curve: only bio_12
Making features
makeFeatures: max memory 932184064, total allocated 90177536, free 45225960, used 44951576, increment 4897576
Gustavia_santanderiensis_6 bio_12: 
Regularization values: linear/quadratic/product: 0.423, categorical: 0.250, threshold: 1.790, hinge: 0.500
21 samples
Density: max memory 932184064, total allocated 90177536, free 45225960, used 44951576, increment 0
linearPredictor: max memory 932184064, total allocated 90177536, free 45225960, used 44951576, increment 0
FeaturedSpace: max memory 932184064, total allocated 90177536, free 45225960, used 44951576, increment 0
Sequential: max memory 932184064, total allocated 90177536, free 45225960, used 44951576, increment 0
Initial loss: 9.212238569259263
60: time = 0.234000 loss = 9.082779
Resulting gain: 0.12945936348621068
Gustavia_santanderiensis_6 response curves
Response curve: only bio_13
Making features
makeFeatures: max memory 932184064, total allocated 90177536, free 41107312, used 49070224, increment 4118648
Gustavia_santanderiensis_6 bio_13: 
Regularization values: linear/quadratic/product: 0.423, categorical: 0.250, threshold: 1.790, hinge: 0.500
21 samples
Density: max memory 932184064, total allocated 90177536, free 41107312, used 49070224, increment 0
linearPredictor: max memory 932184064, total allocated 90177536, free 41107312, used 49070224, increment 0
FeaturedSpace: max memory 932184064, total allocated 90177536, free 41107312, used 49070224, increment 0
Sequential: max memory 932184064, total allocated 90177536, free 41107312, used 49070224, increment 0
Initial loss: 9.212238569259263
60: time = 0.232000 loss = 9.194663
Resulting gain: 0.017575700582572296
Gustavia_santanderiensis_6 response curves
Response curve: only bio_14
Making features
makeFeatures: max memory 932184064, total allocated 90177536, free 36995832, used 53181704, increment 4111480
Gustavia_santanderiensis_6 bio_14: 
Regularization values: linear/quadratic/product: 0.423, categorical: 0.250, threshold: 1.790, hinge: 0.500
21 samples
Density: max memory 932184064, total allocated 90177536, free 36915664, used 53261872, increment 80168
linearPredictor: max memory 932184064, total allocated 90177536, free 36835496, used 53342040, increment 80168
FeaturedSpace: max memory 932184064, total allocated 90177536, free 36835496, used 53342040, increment 0
Sequential: max memory 932184064, total allocated 90177536, free 36835496, used 53342040, increment 0
Initial loss: 9.212238569259263
Time since start: 196.092
60: time = 0.231000 loss = 9.074547
Resulting gain: 0.13769151590562956
Gustavia_santanderiensis_6 response curves
Response curve: only bio_15
Making features
makeFeatures: max memory 932184064, total allocated 90177536, free 32643264, used 57534272, increment 4192232
Gustavia_santanderiensis_6 bio_15: 
Regularization values: linear/quadratic/product: 0.423, categorical: 0.250, threshold: 1.790, hinge: 0.500
21 samples
Density: max memory 932184064, total allocated 90177536, free 31857224, used 58320312, increment 786040
linearPredictor: max memory 932184064, total allocated 90177536, free 31857224, used 58320312, increment 0
FeaturedSpace: max memory 932184064, total allocated 90177536, free 31857224, used 58320312, increment 0
Sequential: max memory 932184064, total allocated 90177536, free 31857224, used 58320312, increment 0
Initial loss: 9.212238569259263
60: time = 0.224000 loss = 8.990340
Resulting gain: 0.22189822288214067
Gustavia_santanderiensis_6 response curves
Response curve: only bio_16
Making features
makeFeatures: max memory 932184064, total allocated 90177536, free 27744944, used 62432592, increment 4112280
Gustavia_santanderiensis_6 bio_16: 
Regularization values: linear/quadratic/product: 0.423, categorical: 0.250, threshold: 1.790, hinge: 0.500
21 samples
Density: max memory 932184064, total allocated 90177536, free 27744944, used 62432592, increment 0
linearPredictor: max memory 932184064, total allocated 90177536, free 27744944, used 62432592, increment 0
FeaturedSpace: max memory 932184064, total allocated 90177536, free 27744944, used 62432592, increment 0
Sequential: max memory 932184064, total allocated 90177536, free 27744944, used 62432592, increment 0
Initial loss: 9.212238569259263
60: time = 0.225000 loss = 9.184759
Resulting gain: 0.027479545125396854
Gustavia_santanderiensis_6 response curves
Response curve: only bio_17
Making features
makeFeatures: max memory 932184064, total allocated 90177536, free 23517304, used 66660232, increment 4227640
Gustavia_santanderiensis_6 bio_17: 
Regularization values: linear/quadratic/product: 0.423, categorical: 0.250, threshold: 1.790, hinge: 0.500
21 samples
Density: max memory 932184064, total allocated 90177536, free 23517304, used 66660232, increment 0
linearPredictor: max memory 932184064, total allocated 90177536, free 23517304, used 66660232, increment 0
FeaturedSpace: max memory 932184064, total allocated 90177536, free 23517304, used 66660232, increment 0
Sequential: max memory 932184064, total allocated 90177536, free 23517304, used 66660232, increment 0
Initial loss: 9.212238569259263
Time since start: 197.232
60: time = 0.211000 loss = 8.869399
Resulting gain: 0.34283915135308085
Gustavia_santanderiensis_6 response curves
Response curve: only bio_2
Making features
makeFeatures: max memory 932184064, total allocated 90177536, free 19405824, used 70771712, increment 4111480
Gustavia_santanderiensis_6 bio_2: 
Regularization values: linear/quadratic/product: 0.423, categorical: 0.250, threshold: 1.790, hinge: 0.500
21 samples
Density: max memory 932184064, total allocated 90177536, free 19325656, used 70851880, increment 80168
linearPredictor: max memory 932184064, total allocated 90177536, free 19245488, used 70932048, increment 80168
FeaturedSpace: max memory 932184064, total allocated 90177536, free 19245488, used 70932048, increment 0
Sequential: max memory 932184064, total allocated 90177536, free 19245488, used 70932048, increment 0
Initial loss: 9.212238569259263
60: time = 0.338000 loss = 9.154212
Resulting gain: 0.058026076037377194
Gustavia_santanderiensis_6 response curves
Time since start: 198.29
Response curve: only bio_3
Making features
makeFeatures: max memory 932184064, total allocated 90177536, free 14973680, used 75203856, increment 4271808
Gustavia_santanderiensis_6 bio_3: 
Regularization values: linear/quadratic/product: 0.423, categorical: 0.250, threshold: 1.790, hinge: 0.500
21 samples
Density: max memory 932184064, total allocated 90177536, free 14893512, used 75284024, increment 80168
linearPredictor: max memory 932184064, total allocated 90177536, free 14813344, used 75364192, increment 80168
FeaturedSpace: max memory 932184064, total allocated 90177536, free 14813344, used 75364192, increment 0
Sequential: max memory 932184064, total allocated 90177536, free 14813344, used 75364192, increment 0
Initial loss: 9.212238569259263
60: time = 0.219000 loss = 9.100670
Resulting gain: 0.11156903261972673
Gustavia_santanderiensis_6 response curves
Time since start: 200.408
Response curve: only bio_4
Making features
makeFeatures: max memory 932184064, total allocated 90177536, free 50579384, used 39598152, increment -35766040
Gustavia_santanderiensis_6 bio_4: 
Regularization values: linear/quadratic/product: 0.423, categorical: 0.250, threshold: 1.790, hinge: 0.500
21 samples
Density: max memory 932184064, total allocated 90177536, free 50579384, used 39598152, increment 0
linearPredictor: max memory 932184064, total allocated 90177536, free 50579384, used 39598152, increment 0
FeaturedSpace: max memory 932184064, total allocated 90177536, free 50579384, used 39598152, increment 0
Sequential: max memory 932184064, total allocated 90177536, free 50579384, used 39598152, increment 0
Initial loss: 9.212238569259263
60: time = 0.352000 loss = 9.198021
Resulting gain: 0.014217389512380052
Gustavia_santanderiensis_6 response curves
Response curve: only bio_5
Making features
makeFeatures: max memory 932184064, total allocated 90177536, free 46391984, used 43785552, increment 4187400
Gustavia_santanderiensis_6 bio_5: 
Regularization values: linear/quadratic/product: 0.423, categorical: 0.250, threshold: 1.790, hinge: 0.500
21 samples
Density: max memory 932184064, total allocated 90177536, free 46311816, used 43865720, increment 80168
linearPredictor: max memory 932184064, total allocated 90177536, free 46231648, used 43945888, increment 80168
FeaturedSpace: max memory 932184064, total allocated 90177536, free 46231648, used 43945888, increment 0
Sequential: max memory 932184064, total allocated 90177536, free 46231648, used 43945888, increment 0
Initial loss: 9.212238569259263
100: time = 0.334000 loss = 8.846499
Resulting gain: 0.36573961647300024
Gustavia_santanderiensis_6 response curves
Response curve: only bio_6
Making features
makeFeatures: max memory 932184064, total allocated 90177536, free 41438760, used 48738776, increment 4792888
Gustavia_santanderiensis_6 bio_6: 
Regularization values: linear/quadratic/product: 0.423, categorical: 0.250, threshold: 1.790, hinge: 0.500
21 samples
Density: max memory 932184064, total allocated 90177536, free 41438760, used 48738776, increment 0
linearPredictor: max memory 932184064, total allocated 90177536, free 41438760, used 48738776, increment 0
FeaturedSpace: max memory 932184064, total allocated 90177536, free 41438760, used 48738776, increment 0
Sequential: max memory 932184064, total allocated 90177536, free 41438760, used 48738776, increment 0
Initial loss: 9.212238569259263
Time since start: 201.738
100: time = 0.357000 loss = 8.718299
Resulting gain: 0.4939392200485777
Gustavia_santanderiensis_6 response curves
Response curve: only bio_7
Making features
makeFeatures: max memory 932184064, total allocated 90177536, free 37414032, used 52763504, increment 4024728
Gustavia_santanderiensis_6 bio_7: 
Regularization values: linear/quadratic/product: 0.423, categorical: 0.250, threshold: 1.790, hinge: 0.500
21 samples
Density: max memory 932184064, total allocated 90177536, free 37414032, used 52763504, increment 0
linearPredictor: max memory 932184064, total allocated 90177536, free 36649088, used 53528448, increment 764944
FeaturedSpace: max memory 932184064, total allocated 90177536, free 36649088, used 53528448, increment 0
Sequential: max memory 932184064, total allocated 90177536, free 36649088, used 53528448, increment 0
Initial loss: 9.212238569259263
20: time = 0.077000 loss = 9.212218
Resulting gain: 2.0528274763620402E-5
Gustavia_santanderiensis_6 response curves
Response curve: only bio_ai_et0
Making features
makeFeatures: max memory 932184064, total allocated 90177536, free 32621192, used 57556344, increment 4027896
Gustavia_santanderiensis_6 bio_ai_et0: 
Regularization values: linear/quadratic/product: 0.423, categorical: 0.250, threshold: 1.790, hinge: 0.500
21 samples
Density: max memory 932184064, total allocated 90177536, free 32621192, used 57556344, increment 0
linearPredictor: max memory 932184064, total allocated 90177536, free 32621192, used 57556344, increment 0
FeaturedSpace: max memory 932184064, total allocated 90177536, free 32621192, used 57556344, increment 0
Sequential: max memory 932184064, total allocated 90177536, free 32621192, used 57556344, increment 0
Initial loss: 9.212238569259263
60: time = 0.232000 loss = 9.145739
Resulting gain: 0.06649986095768412
Gustavia_santanderiensis_6 response curves
Response curve: only bio_et0_yr
Making features
makeFeatures: max memory 932184064, total allocated 90177536, free 28593992, used 61583544, increment 4027200
Gustavia_santanderiensis_6 bio_et0_yr: 
Regularization values: linear/quadratic/product: 0.423, categorical: 0.250, threshold: 1.790, hinge: 0.500
21 samples
Density: max memory 932184064, total allocated 90177536, free 28513824, used 61663712, increment 80168
linearPredictor: max memory 932184064, total allocated 90177536, free 28433656, used 61743880, increment 80168
FeaturedSpace: max memory 932184064, total allocated 90177536, free 28433656, used 61743880, increment 0
Sequential: max memory 932184064, total allocated 90177536, free 28433656, used 61743880, increment 0
Initial loss: 9.212238569259263
140: time = 0.216000 loss = 9.118763
Resulting gain: 0.09347591949651957
Gustavia_santanderiensis_6 response curves
Time since start: 203.36
Jackknife: leave bio_1 out
Making features
makeFeatures: max memory 932184064, total allocated 85983232, free 37633872, used 48349360, increment -13394520
Gustavia_santanderiensis_6 bio_1: 
Regularization values: linear/quadratic/product: 0.423, categorical: 0.250, threshold: 1.790, hinge: 0.500
21 samples
Density: max memory 932184064, total allocated 85983232, free 37553704, used 48429528, increment 80168
linearPredictor: max memory 932184064, total allocated 85983232, free 37473536, used 48509696, increment 80168
FeaturedSpace: max memory 932184064, total allocated 85983232, free 37473536, used 48509696, increment 0
Sequential: max memory 932184064, total allocated 85983232, free 37473536, used 48509696, increment 0
Initial loss: 9.212238569259263
300: time = 0.492000 loss = 7.278003
Jackknife: leave bio_10 out
Making features
makeFeatures: max memory 932184064, total allocated 85983232, free 34536896, used 51446336, increment 2936640
Gustavia_santanderiensis_6 bio_10: 
Regularization values: linear/quadratic/product: 0.423, categorical: 0.250, threshold: 1.790, hinge: 0.500
21 samples
Density: max memory 932184064, total allocated 85983232, free 34456728, used 51526504, increment 80168
linearPredictor: max memory 932184064, total allocated 85983232, free 34376560, used 51606672, increment 80168
FeaturedSpace: max memory 932184064, total allocated 85983232, free 34376560, used 51606672, increment 0
Sequential: max memory 932184064, total allocated 85983232, free 34376560, used 51606672, increment 0
Initial loss: 9.212238569259263
Time since start: 204.383
320: time = 0.509000 loss = 7.275621
Jackknife: leave bio_11 out
Making features
makeFeatures: max memory 932184064, total allocated 85983232, free 31439792, used 54543440, increment 2936768
Gustavia_santanderiensis_6 bio_11: 
Regularization values: linear/quadratic/product: 0.423, categorical: 0.250, threshold: 1.790, hinge: 0.500
21 samples
Density: max memory 932184064, total allocated 85983232, free 30748000, used 55235232, increment 691792
linearPredictor: max memory 932184064, total allocated 85983232, free 30748000, used 55235232, increment 0
FeaturedSpace: max memory 932184064, total allocated 85983232, free 30748000, used 55235232, increment 0
Sequential: max memory 932184064, total allocated 85983232, free 30748000, used 55235232, increment 0
Initial loss: 9.212238569259263
260: time = 0.973000 loss = 7.275622
Jackknife: leave bio_12 out
Making features
makeFeatures: max memory 932184064, total allocated 85983232, free 28342960, used 57640272, increment 2405040
Gustavia_santanderiensis_6 bio_12: 
Regularization values: linear/quadratic/product: 0.423, categorical: 0.250, threshold: 1.790, hinge: 0.500
21 samples
Density: max memory 932184064, total allocated 85983232, free 28262792, used 57720440, increment 80168
linearPredictor: max memory 932184064, total allocated 85983232, free 28182624, used 57800608, increment 80168
Time since start: 205.387
FeaturedSpace: max memory 932184064, total allocated 85983232, free 28182624, used 57800608, increment 0
Sequential: max memory 932184064, total allocated 85983232, free 28182624, used 57800608, increment 0
Initial loss: 9.212238569259263
300: time = 0.539000 loss = 7.275620
Jackknife: leave bio_13 out
Making features
makeFeatures: max memory 932184064, total allocated 85983232, free 25246104, used 60737128, increment 2936520
Gustavia_santanderiensis_6 bio_13: 
Regularization values: linear/quadratic/product: 0.423, categorical: 0.250, threshold: 1.790, hinge: 0.500
21 samples
Density: max memory 932184064, total allocated 85983232, free 25165936, used 60817296, increment 80168
linearPredictor: max memory 932184064, total allocated 85983232, free 25085768, used 60897464, increment 80168
FeaturedSpace: max memory 932184064, total allocated 85983232, free 25085768, used 60897464, increment 0
Sequential: max memory 932184064, total allocated 85983232, free 25085768, used 60897464, increment 0
Initial loss: 9.212238569259263
220: time = 0.431000 loss = 7.275626
Jackknife: leave bio_14 out
Making features
makeFeatures: max memory 932184064, total allocated 85983232, free 22229296, used 63753936, increment 2856472
Gustavia_santanderiensis_6 bio_14: 
Regularization values: linear/quadratic/product: 0.423, categorical: 0.250, threshold: 1.790, hinge: 0.500
21 samples
Time since start: 206.388
Density: max memory 932184064, total allocated 85983232, free 22149128, used 63834104, increment 80168
linearPredictor: max memory 932184064, total allocated 85983232, free 22068960, used 63914272, increment 80168
FeaturedSpace: max memory 932184064, total allocated 85983232, free 22068960, used 63914272, increment 0
Sequential: max memory 932184064, total allocated 85983232, free 22068960, used 63914272, increment 0
Initial loss: 9.212238569259263
300: time = 0.532000 loss = 7.275620
Jackknife: leave bio_15 out
Making features
makeFeatures: max memory 932184064, total allocated 85983232, free 19132416, used 66850816, increment 2936544
Gustavia_santanderiensis_6 bio_15: 
Regularization values: linear/quadratic/product: 0.423, categorical: 0.250, threshold: 1.790, hinge: 0.500
21 samples
Density: max memory 932184064, total allocated 85983232, free 19052248, used 66930984, increment 80168
linearPredictor: max memory 932184064, total allocated 85983232, free 18972080, used 67011152, increment 80168
FeaturedSpace: max memory 932184064, total allocated 85983232, free 18972080, used 67011152, increment 0
Sequential: max memory 932184064, total allocated 85983232, free 18972080, used 67011152, increment 0
Initial loss: 9.212238569259263
Time since start: 207.431
280: time = 0.491000 loss = 7.360565
Jackknife: leave bio_16 out
Making features
makeFeatures: max memory 932184064, total allocated 85983232, free 16065032, used 69918200, increment 2907048
Gustavia_santanderiensis_6 bio_16: 
Regularization values: linear/quadratic/product: 0.423, categorical: 0.250, threshold: 1.790, hinge: 0.500
21 samples
Density: max memory 932184064, total allocated 85983232, free 15984864, used 69998368, increment 80168
linearPredictor: max memory 932184064, total allocated 85983232, free 15904696, used 70078536, increment 80168
FeaturedSpace: max memory 932184064, total allocated 85983232, free 15904696, used 70078536, increment 0
Sequential: max memory 932184064, total allocated 85983232, free 15904696, used 70078536, increment 0
Initial loss: 9.212238569259263
300: time = 0.529000 loss = 7.275621
Jackknife: leave bio_17 out
Making features
makeFeatures: max memory 932184064, total allocated 82313216, free 43144016, used 39169200, increment -30909336
Gustavia_santanderiensis_6 bio_17: 
Regularization values: linear/quadratic/product: 0.423, categorical: 0.250, threshold: 1.790, hinge: 0.500
21 samples
Density: max memory 932184064, total allocated 82313216, free 43063848, used 39249368, increment 80168
linearPredictor: max memory 932184064, total allocated 82313216, free 42387352, used 39925864, increment 676496
FeaturedSpace: max memory 932184064, total allocated 82313216, free 42387352, used 39925864, increment 0
Sequential: max memory 932184064, total allocated 82313216, free 42387352, used 39925864, increment 0
Initial loss: 9.212238569259263
240: time = 0.429000 loss = 7.276699
Jackknife: leave bio_2 out
Making features
makeFeatures: max memory 932184064, total allocated 82313216, free 40062480, used 42250736, increment 2324872
Gustavia_santanderiensis_6 bio_2: 
Regularization values: linear/quadratic/product: 0.423, categorical: 0.250, threshold: 1.790, hinge: 0.500
21 samples
Density: max memory 932184064, total allocated 82313216, free 39982312, used 42330904, increment 80168
linearPredictor: max memory 932184064, total allocated 82313216, free 39902144, used 42411072, increment 80168
FeaturedSpace: max memory 932184064, total allocated 82313216, free 39902144, used 42411072, increment 0
Sequential: max memory 932184064, total allocated 82313216, free 39902144, used 42411072, increment 0
Initial loss: 9.212238569259263
Time since start: 208.969
300: time = 0.541000 loss = 7.275621
Jackknife: leave bio_3 out
Making features
makeFeatures: max memory 932184064, total allocated 82313216, free 36980880, used 45332336, increment 2921264
Gustavia_santanderiensis_6 bio_3: 
Regularization values: linear/quadratic/product: 0.423, categorical: 0.250, threshold: 1.790, hinge: 0.500
21 samples
Density: max memory 932184064, total allocated 82313216, free 36900712, used 45412504, increment 80168
linearPredictor: max memory 932184064, total allocated 82313216, free 36820544, used 45492672, increment 80168
FeaturedSpace: max memory 932184064, total allocated 82313216, free 36820544, used 45492672, increment 0
Sequential: max memory 932184064, total allocated 82313216, free 36820544, used 45492672, increment 0
Initial loss: 9.212238569259263
300: time = 0.521000 loss = 7.324380
Jackknife: leave bio_4 out
Making features
makeFeatures: max memory 932184064, total allocated 82313216, free 33899224, used 48413992, increment 2921320
Gustavia_santanderiensis_6 bio_4: 
Regularization values: linear/quadratic/product: 0.423, categorical: 0.250, threshold: 1.790, hinge: 0.500
21 samples
Density: max memory 932184064, total allocated 82313216, free 33819056, used 48494160, increment 80168
linearPredictor: max memory 932184064, total allocated 82313216, free 33738888, used 48574328, increment 80168
FeaturedSpace: max memory 932184064, total allocated 82313216, free 33738888, used 48574328, increment 0
Sequential: max memory 932184064, total allocated 82313216, free 33738888, used 48574328, increment 0
Initial loss: 9.212238569259263
Time since start: 210.066
260: time = 0.550000 loss = 7.316363
Jackknife: leave bio_5 out
Making features
makeFeatures: max memory 932184064, total allocated 82313216, free 30817536, used 51495680, increment 2921352
Gustavia_santanderiensis_6 bio_5: 
Regularization values: linear/quadratic/product: 0.423, categorical: 0.250, threshold: 1.790, hinge: 0.500
21 samples
Density: max memory 932184064, total allocated 82313216, free 30737368, used 51575848, increment 80168
linearPredictor: max memory 932184064, total allocated 82313216, free 30657200, used 51656016, increment 80168
FeaturedSpace: max memory 932184064, total allocated 82313216, free 30657200, used 51656016, increment 0
Sequential: max memory 932184064, total allocated 82313216, free 30657200, used 51656016, increment 0
Initial loss: 9.212238569259263
320: time = 0.559000 loss = 7.275620
Jackknife: leave bio_6 out
Making features
makeFeatures: max memory 932184064, total allocated 82313216, free 27735976, used 54577240, increment 2921224
Gustavia_santanderiensis_6 bio_6: 
Regularization values: linear/quadratic/product: 0.423, categorical: 0.250, threshold: 1.790, hinge: 0.500
21 samples
Density: max memory 932184064, total allocated 82313216, free 27059480, used 55253736, increment 676496
linearPredictor: max memory 932184064, total allocated 82313216, free 27059480, used 55253736, increment 0
FeaturedSpace: max memory 932184064, total allocated 82313216, free 27059480, used 55253736, increment 0
Sequential: max memory 932184064, total allocated 82313216, free 27059480, used 55253736, increment 0
Initial loss: 9.212238569259263
Time since start: 211.104
280: time = 0.455000 loss = 7.322518
Jackknife: leave bio_7 out
Making features
makeFeatures: max memory 932184064, total allocated 82313216, free 24654440, used 57658776, increment 2405040
Gustavia_santanderiensis_6 bio_7: 
Regularization values: linear/quadratic/product: 0.423, categorical: 0.250, threshold: 1.790, hinge: 0.500
21 samples
Density: max memory 932184064, total allocated 82313216, free 23977944, used 58335272, increment 676496
linearPredictor: max memory 932184064, total allocated 82313216, free 23977944, used 58335272, increment 0
FeaturedSpace: max memory 932184064, total allocated 82313216, free 23977944, used 58335272, increment 0
Sequential: max memory 932184064, total allocated 82313216, free 23977944, used 58335272, increment 0
Initial loss: 9.212238569259263
320: time = 0.541000 loss = 7.275620
Jackknife: leave bio_ai_et0 out
Making features
makeFeatures: max memory 932184064, total allocated 82313216, free 21492736, used 60820480, increment 2485208
Gustavia_santanderiensis_6 bio_ai_et0: 
Regularization values: linear/quadratic/product: 0.423, categorical: 0.250, threshold: 1.790, hinge: 0.500
21 samples
Density: max memory 932184064, total allocated 82313216, free 21412568, used 60900648, increment 80168
linearPredictor: max memory 932184064, total allocated 82313216, free 21332400, used 60980816, increment 80168
FeaturedSpace: max memory 932184064, total allocated 82313216, free 21332400, used 60980816, increment 0
Sequential: max memory 932184064, total allocated 82313216, free 21332400, used 60980816, increment 0
Initial loss: 9.212238569259263
Time since start: 212.195
320: time = 0.526000 loss = 7.275621
Jackknife: leave bio_et0_yr out
Making features
makeFeatures: max memory 932184064, total allocated 82313216, free 18411152, used 63902064, increment 2921248
Gustavia_santanderiensis_6 bio_et0_yr: 
Regularization values: linear/quadratic/product: 0.423, categorical: 0.250, threshold: 1.790, hinge: 0.500
21 samples
Density: max memory 932184064, total allocated 82313216, free 17734656, used 64578560, increment 676496
linearPredictor: max memory 932184064, total allocated 82313216, free 17734656, used 64578560, increment 0
FeaturedSpace: max memory 932184064, total allocated 82313216, free 17734656, used 64578560, increment 0
Sequential: max memory 932184064, total allocated 82313216, free 17734656, used 64578560, increment 0
Initial loss: 9.212238569259263
260: time = 0.461000 loss = 7.395538
Jackknife: only bio_1
Making features
makeFeatures: max memory 932184064, total allocated 82313216, free 17734656, used 64578560, increment 0
Gustavia_santanderiensis_6 bio_1: 
Regularization values: linear/quadratic/product: 0.423, categorical: 0.250, threshold: 1.790, hinge: 0.500
21 samples
Density: max memory 932184064, total allocated 82313216, free 17654488, used 64658728, increment 80168
linearPredictor: max memory 932184064, total allocated 82313216, free 17574320, used 64738896, increment 80168
FeaturedSpace: max memory 932184064, total allocated 82313216, free 17574320, used 64738896, increment 0
Sequential: max memory 932184064, total allocated 82313216, free 17574320, used 64738896, increment 0
Initial loss: 9.212238569259263
100: time = 0.316000 loss = 8.771156
Res.gain: 0.4410830114736157
Jackknife: only bio_10
Making features
makeFeatures: max memory 932184064, total allocated 82313216, free 16897792, used 65415424, increment 676528
Gustavia_santanderiensis_6 bio_10: 
Regularization values: linear/quadratic/product: 0.423, categorical: 0.250, threshold: 1.790, hinge: 0.500
21 samples
Density: max memory 932184064, total allocated 82313216, free 16897792, used 65415424, increment 0
linearPredictor: max memory 932184064, total allocated 82313216, free 16897792, used 65415424, increment 0
FeaturedSpace: max memory 932184064, total allocated 82313216, free 16897792, used 65415424, increment 0
Sequential: max memory 932184064, total allocated 82313216, free 16897792, used 65415424, increment 0
Initial loss: 9.212238569259263
Time since start: 213.374
100: time = 0.381000 loss = 8.820691
Res.gain: 0.391547144019313
Jackknife: only bio_11
Making features
makeFeatures: max memory 932184064, total allocated 82313216, free 16897792, used 65415424, increment 0
Gustavia_santanderiensis_6 bio_11: 
Regularization values: linear/quadratic/product: 0.423, categorical: 0.250, threshold: 1.790, hinge: 0.500
21 samples
Density: max memory 932184064, total allocated 82313216, free 16897792, used 65415424, increment 0
linearPredictor: max memory 932184064, total allocated 82313216, free 16221296, used 66091920, increment 676496
FeaturedSpace: max memory 932184064, total allocated 82313216, free 16221296, used 66091920, increment 0
Sequential: max memory 932184064, total allocated 82313216, free 16221296, used 66091920, increment 0
Initial loss: 9.212238569259263
100: time = 0.395000 loss = 8.785255
Res.gain: 0.4269830709462763
Jackknife: only bio_12
Making features
makeFeatures: max memory 932184064, total allocated 82313216, free 16221296, used 66091920, increment 0
Gustavia_santanderiensis_6 bio_12: 
Regularization values: linear/quadratic/product: 0.423, categorical: 0.250, threshold: 1.790, hinge: 0.500
21 samples
Density: max memory 932184064, total allocated 82313216, free 16221296, used 66091920, increment 0
linearPredictor: max memory 932184064, total allocated 82313216, free 16221296, used 66091920, increment 0
FeaturedSpace: max memory 932184064, total allocated 82313216, free 16221296, used 66091920, increment 0
Sequential: max memory 932184064, total allocated 82313216, free 16221296, used 66091920, increment 0
Initial loss: 9.212238569259263
60: time = 0.221000 loss = 9.082779
Res.gain: 0.12945936348621068
Jackknife: only bio_13
Making features
makeFeatures: max memory 932184064, total allocated 82313216, free 16141128, used 66172088, increment 80168
Gustavia_santanderiensis_6 bio_13: 
Regularization values: linear/quadratic/product: 0.423, categorical: 0.250, threshold: 1.790, hinge: 0.500
21 samples
Density: max memory 932184064, total allocated 82313216, free 16060960, used 66252256, increment 80168
linearPredictor: max memory 932184064, total allocated 82313216, free 15980792, used 66332424, increment 80168
FeaturedSpace: max memory 932184064, total allocated 82313216, free 15980792, used 66332424, increment 0
Sequential: max memory 932184064, total allocated 82313216, free 15980792, used 66332424, increment 0
Initial loss: 9.212238569259263
60: time = 0.229000 loss = 9.194663
Res.gain: 0.017575700582572296
Jackknife: only bio_14
Making features
makeFeatures: max memory 932184064, total allocated 82313216, free 15820456, used 66492760, increment 160336
Gustavia_santanderiensis_6 bio_14: 
Regularization values: linear/quadratic/product: 0.423, categorical: 0.250, threshold: 1.790, hinge: 0.500
21 samples
Density: max memory 932184064, total allocated 82313216, free 15143960, used 67169256, increment 676496
linearPredictor: max memory 932184064, total allocated 82313216, free 15143960, used 67169256, increment 0
FeaturedSpace: max memory 932184064, total allocated 82313216, free 15143960, used 67169256, increment 0
Sequential: max memory 932184064, total allocated 82313216, free 15143960, used 67169256, increment 0
Initial loss: 9.212238569259263
Time since start: 214.444
60: time = 0.213000 loss = 9.074547
Res.gain: 0.13769151590562956
Jackknife: only bio_15
Making features
makeFeatures: max memory 932184064, total allocated 82313216, free 15143960, used 67169256, increment 0
Gustavia_santanderiensis_6 bio_15: 
Regularization values: linear/quadratic/product: 0.423, categorical: 0.250, threshold: 1.790, hinge: 0.500
21 samples
Density: max memory 932184064, total allocated 82313216, free 15143960, used 67169256, increment 0
linearPredictor: max memory 932184064, total allocated 82313216, free 15143960, used 67169256, increment 0
FeaturedSpace: max memory 932184064, total allocated 82313216, free 15143960, used 67169256, increment 0
Sequential: max memory 932184064, total allocated 82313216, free 15143960, used 67169256, increment 0
Initial loss: 9.212238569259263
60: time = 0.210000 loss = 8.990340
Res.gain: 0.22189822288214067
Jackknife: only bio_16
Making features
makeFeatures: max memory 932184064, total allocated 82313216, free 15063792, used 67249424, increment 80168
Gustavia_santanderiensis_6 bio_16: 
Regularization values: linear/quadratic/product: 0.423, categorical: 0.250, threshold: 1.790, hinge: 0.500
21 samples
Density: max memory 932184064, total allocated 82313216, free 14387296, used 67925920, increment 676496
linearPredictor: max memory 932184064, total allocated 82313216, free 14387296, used 67925920, increment 0
FeaturedSpace: max memory 932184064, total allocated 82313216, free 14387296, used 67925920, increment 0
Sequential: max memory 932184064, total allocated 82313216, free 14387296, used 67925920, increment 0
Initial loss: 9.212238569259263
60: time = 0.225000 loss = 9.184759
Res.gain: 0.027479545125396854
Jackknife: only bio_17
Making features
makeFeatures: max memory 932184064, total allocated 82313216, free 14387296, used 67925920, increment 0
Gustavia_santanderiensis_6 bio_17: 
Regularization values: linear/quadratic/product: 0.423, categorical: 0.250, threshold: 1.790, hinge: 0.500
21 samples
Density: max memory 932184064, total allocated 82313216, free 14387296, used 67925920, increment 0
linearPredictor: max memory 932184064, total allocated 82313216, free 14387296, used 67925920, increment 0
FeaturedSpace: max memory 932184064, total allocated 82313216, free 14387296, used 67925920, increment 0
Sequential: max memory 932184064, total allocated 82313216, free 14387296, used 67925920, increment 0
Initial loss: 9.212238569259263
60: time = 0.206000 loss = 8.869399
Res.gain: 0.34283915135308085
Jackknife: only bio_2
Making features
makeFeatures: max memory 932184064, total allocated 82313216, free 14307128, used 68006088, increment 80168
Gustavia_santanderiensis_6 bio_2: 
Regularization values: linear/quadratic/product: 0.423, categorical: 0.250, threshold: 1.790, hinge: 0.500
21 samples
Density: max memory 932184064, total allocated 82313216, free 13630632, used 68682584, increment 676496
linearPredictor: max memory 932184064, total allocated 82313216, free 13630632, used 68682584, increment 0
FeaturedSpace: max memory 932184064, total allocated 82313216, free 13630632, used 68682584, increment 0
Sequential: max memory 932184064, total allocated 82313216, free 13630632, used 68682584, increment 0
Initial loss: 9.212238569259263
60: time = 0.248000 loss = 9.154212
Res.gain: 0.058026076037377194
Jackknife: only bio_3
Making features
makeFeatures: max memory 932184064, total allocated 82313216, free 13630632, used 68682584, increment 0
Gustavia_santanderiensis_6 bio_3: 
Regularization values: linear/quadratic/product: 0.423, categorical: 0.250, threshold: 1.790, hinge: 0.500
21 samples
Density: max memory 932184064, total allocated 82313216, free 13630632, used 68682584, increment 0
linearPredictor: max memory 932184064, total allocated 82313216, free 13630632, used 68682584, increment 0
FeaturedSpace: max memory 932184064, total allocated 82313216, free 13630632, used 68682584, increment 0
Sequential: max memory 932184064, total allocated 82313216, free 13630632, used 68682584, increment 0
Initial loss: 9.212238569259263
Time since start: 215.674
60: time = 0.326000 loss = 9.100670
Res.gain: 0.11156903261972673
Jackknife: only bio_4
Making features
makeFeatures: max memory 932184064, total allocated 82313216, free 13550464, used 68762752, increment 80168
Gustavia_santanderiensis_6 bio_4: 
Regularization values: linear/quadratic/product: 0.423, categorical: 0.250, threshold: 1.790, hinge: 0.500
21 samples
Density: max memory 932184064, total allocated 82313216, free 12873968, used 69439248, increment 676496
linearPredictor: max memory 932184064, total allocated 82313216, free 12873968, used 69439248, increment 0
FeaturedSpace: max memory 932184064, total allocated 82313216, free 12873968, used 69439248, increment 0
Sequential: max memory 932184064, total allocated 82313216, free 12873968, used 69439248, increment 0
Initial loss: 9.212238569259263
60: time = 0.210000 loss = 9.198021
Res.gain: 0.014217389512380052
Jackknife: only bio_5
Making features
makeFeatures: max memory 932184064, total allocated 82313216, free 12873968, used 69439248, increment 0
Gustavia_santanderiensis_6 bio_5: 
Regularization values: linear/quadratic/product: 0.423, categorical: 0.250, threshold: 1.790, hinge: 0.500
21 samples
Density: max memory 932184064, total allocated 82313216, free 12873968, used 69439248, increment 0
linearPredictor: max memory 932184064, total allocated 82313216, free 12873968, used 69439248, increment 0
FeaturedSpace: max memory 932184064, total allocated 82313216, free 12873968, used 69439248, increment 0
Sequential: max memory 932184064, total allocated 82313216, free 12873968, used 69439248, increment 0
Initial loss: 9.212238569259263
100: time = 0.332000 loss = 8.846499
Res.gain: 0.36573961647300024
Jackknife: only bio_6
Making features
makeFeatures: max memory 932184064, total allocated 82313216, free 12713632, used 69599584, increment 160336
Gustavia_santanderiensis_6 bio_6: 
Regularization values: linear/quadratic/product: 0.423, categorical: 0.250, threshold: 1.790, hinge: 0.500
21 samples
Density: max memory 932184064, total allocated 82313216, free 12633464, used 69679752, increment 80168
linearPredictor: max memory 932184064, total allocated 82313216, free 12553296, used 69759920, increment 80168
FeaturedSpace: max memory 932184064, total allocated 82313216, free 12553296, used 69759920, increment 0
Sequential: max memory 932184064, total allocated 82313216, free 12553296, used 69759920, increment 0
Initial loss: 9.212238569259263
100: time = 0.343000 loss = 8.718299
Res.gain: 0.4939392200485777
Jackknife: only bio_7
Making features
makeFeatures: max memory 932184064, total allocated 82313216, free 11876768, used 70436448, increment 676528
Gustavia_santanderiensis_6 bio_7: 
Regularization values: linear/quadratic/product: 0.423, categorical: 0.250, threshold: 1.790, hinge: 0.500
21 samples
Density: max memory 932184064, total allocated 82313216, free 11876768, used 70436448, increment 0
linearPredictor: max memory 932184064, total allocated 82313216, free 11876768, used 70436448, increment 0
FeaturedSpace: max memory 932184064, total allocated 82313216, free 11876768, used 70436448, increment 0
Sequential: max memory 932184064, total allocated 82313216, free 11876768, used 70436448, increment 0
Initial loss: 9.212238569259263
20: time = 0.080000 loss = 9.212218
Res.gain: 2.0528274763620402E-5
Jackknife: only bio_ai_et0
Making features
makeFeatures: max memory 932184064, total allocated 82313216, free 11876768, used 70436448, increment 0
Gustavia_santanderiensis_6 bio_ai_et0: 
Regularization values: linear/quadratic/product: 0.423, categorical: 0.250, threshold: 1.790, hinge: 0.500
21 samples
Density: max memory 932184064, total allocated 82313216, free 11876768, used 70436448, increment 0
linearPredictor: max memory 932184064, total allocated 82313216, free 11796600, used 70516616, increment 80168
FeaturedSpace: max memory 932184064, total allocated 82313216, free 11796600, used 70516616, increment 0
Sequential: max memory 932184064, total allocated 82313216, free 11796600, used 70516616, increment 0
Initial loss: 9.212238569259263
Time since start: 216.889
60: time = 0.234000 loss = 9.145739
Res.gain: 0.06649986095768412
Jackknife: only bio_et0_yr
Making features
makeFeatures: max memory 932184064, total allocated 82313216, free 11636264, used 70676952, increment 160336
Gustavia_santanderiensis_6 bio_et0_yr: 
Regularization values: linear/quadratic/product: 0.423, categorical: 0.250, threshold: 1.790, hinge: 0.500
21 samples
Density: max memory 932184064, total allocated 82313216, free 10959768, used 71353448, increment 676496
linearPredictor: max memory 932184064, total allocated 82313216, free 10959768, used 71353448, increment 0
FeaturedSpace: max memory 932184064, total allocated 82313216, free 10959768, used 71353448, increment 0
Sequential: max memory 932184064, total allocated 82313216, free 10959768, used 71353448, increment 0
Initial loss: 9.212238569259263
140: time = 0.199000 loss = 9.118763
Res.gain: 0.09347591949651957
getSamples: max memory 932184064, total allocated 85458944, free 43397864, used 42061080, increment -29292368
Making features
makeFeatures: max memory 932184064, total allocated 85458944, free 41072992, used 44385952, increment 2324872
Gustavia_santanderiensis_7: 
Regularization values: linear/quadratic/product: 0.423, categorical: 0.250, threshold: 1.790, hinge: 0.500
21 samples
Density: max memory 932184064, total allocated 85458944, free 40992824, used 44466120, increment 80168
linearPredictor: max memory 932184064, total allocated 85458944, free 40912656, used 44546288, increment 80168
FeaturedSpace: max memory 932184064, total allocated 85458944, free 40912656, used 44546288, increment 0
Sequential: max memory 932184064, total allocated 85458944, free 40912656, used 44546288, increment 0
Initial loss: 9.212238569259263
320: time = 0.581000 loss = 7.700504
Resulting gain: 1.511734578260259
Time since start: 218.116
Projecting...
Writing file C:\Users\Camila\Desktop\Modelo opc3\Final_Models\M_3_F_lq_Set_1\Gustavia_santanderiensis_7.asc
Time since start: 220.398
Writing C:\Users\Camila\Desktop\Modelo opc3\Final_Models\M_3_F_lq_Set_1\plots\Gustavia_santanderiensis_7.png
Gustavia_santanderiensis_7 response curves
Time since start: 225.083
Response curve: only bio_1
Making features
makeFeatures: max memory 932184064, total allocated 94896128, free 52192048, used 42704080, increment -1842208
Gustavia_santanderiensis_7 bio_1: 
Regularization values: linear/quadratic/product: 0.423, categorical: 0.250, threshold: 1.790, hinge: 0.500
21 samples
Density: max memory 932184064, total allocated 94896128, free 52192048, used 42704080, increment 0
linearPredictor: max memory 932184064, total allocated 94896128, free 52192048, used 42704080, increment 0
FeaturedSpace: max memory 932184064, total allocated 94896128, free 52192048, used 42704080, increment 0
Sequential: max memory 932184064, total allocated 94896128, free 52192048, used 42704080, increment 0
Initial loss: 9.212238569259263
100: time = 0.473000 loss = 8.840499
Resulting gain: 0.37173916769315696
Gustavia_santanderiensis_7 response curves
Response curve: only bio_10
Making features
makeFeatures: max memory 932184064, total allocated 94896128, free 47625624, used 47270504, increment 4566424
Gustavia_santanderiensis_7 bio_10: 
Regularization values: linear/quadratic/product: 0.423, categorical: 0.250, threshold: 1.790, hinge: 0.500
21 samples
Density: max memory 932184064, total allocated 94896128, free 47625624, used 47270504, increment 0
linearPredictor: max memory 932184064, total allocated 94896128, free 47625624, used 47270504, increment 0
FeaturedSpace: max memory 932184064, total allocated 94896128, free 47625624, used 47270504, increment 0
Sequential: max memory 932184064, total allocated 94896128, free 47625624, used 47270504, increment 0
Initial loss: 9.212238569259263
80: time = 0.298000 loss = 8.873997
Resulting gain: 0.33824108387177887
Gustavia_santanderiensis_7 response curves
Time since start: 226.221
Response curve: only bio_11
Making features
makeFeatures: max memory 932184064, total allocated 94896128, free 43058256, used 51837872, increment 4567368
Gustavia_santanderiensis_7 bio_11: 
Regularization values: linear/quadratic/product: 0.423, categorical: 0.250, threshold: 1.790, hinge: 0.500
21 samples
Density: max memory 932184064, total allocated 94896128, free 43058256, used 51837872, increment 0
linearPredictor: max memory 932184064, total allocated 94896128, free 43058256, used 51837872, increment 0
FeaturedSpace: max memory 932184064, total allocated 94896128, free 43058256, used 51837872, increment 0
Sequential: max memory 932184064, total allocated 94896128, free 43058256, used 51837872, increment 0
Initial loss: 9.212238569259263
100: time = 0.371000 loss = 8.851890
Resulting gain: 0.3603489542896643
Gustavia_santanderiensis_7 response curves
Response curve: only bio_12
Making features
makeFeatures: max memory 932184064, total allocated 94896128, free 39229520, used 55666608, increment 3828736
Gustavia_santanderiensis_7 bio_12: 
Regularization values: linear/quadratic/product: 0.423, categorical: 0.250, threshold: 1.790, hinge: 0.500
21 samples
Density: max memory 932184064, total allocated 94896128, free 39149352, used 55746776, increment 80168
linearPredictor: max memory 932184064, total allocated 94896128, free 39069184, used 55826944, increment 80168
FeaturedSpace: max memory 932184064, total allocated 94896128, free 39069184, used 55826944, increment 0
Sequential: max memory 932184064, total allocated 94896128, free 39069184, used 55826944, increment 0
Initial loss: 9.212238569259263
60: time = 0.370000 loss = 9.138737
Resulting gain: 0.07350157570125049
Gustavia_santanderiensis_7 response curves
Time since start: 227.272
Response curve: only bio_13
Making features
makeFeatures: max memory 932184064, total allocated 94896128, free 34384328, used 60511800, increment 4684856
Gustavia_santanderiensis_7 bio_13: 
Regularization values: linear/quadratic/product: 0.423, categorical: 0.250, threshold: 1.790, hinge: 0.500
21 samples
Density: max memory 932184064, total allocated 94896128, free 34384328, used 60511800, increment 0
linearPredictor: max memory 932184064, total allocated 94896128, free 34384328, used 60511800, increment 0
FeaturedSpace: max memory 932184064, total allocated 94896128, free 34384328, used 60511800, increment 0
Sequential: max memory 932184064, total allocated 94896128, free 34384328, used 60511800, increment 0
Initial loss: 9.212238569259263
60: time = 0.268000 loss = 9.197188
Resulting gain: 0.01505060586848117
Gustavia_santanderiensis_7 response curves
Response curve: only bio_14
Making features
makeFeatures: max memory 932184064, total allocated 94896128, free 29817032, used 65079096, increment 4567296
Gustavia_santanderiensis_7 bio_14: 
Regularization values: linear/quadratic/product: 0.423, categorical: 0.250, threshold: 1.790, hinge: 0.500
21 samples
Density: max memory 932184064, total allocated 94896128, free 29817032, used 65079096, increment 0
linearPredictor: max memory 932184064, total allocated 94896128, free 29817032, used 65079096, increment 0
FeaturedSpace: max memory 932184064, total allocated 94896128, free 29817032, used 65079096, increment 0
Sequential: max memory 932184064, total allocated 94896128, free 29817032, used 65079096, increment 0
Initial loss: 9.212238569259263
60: time = 0.225000 loss = 9.141220
Resulting gain: 0.0710189904338474
Gustavia_santanderiensis_7 response curves
Response curve: only bio_15
Making features
makeFeatures: max memory 932184064, total allocated 94896128, free 26068472, used 68827656, increment 3748560
Gustavia_santanderiensis_7 bio_15: 
Regularization values: linear/quadratic/product: 0.423, categorical: 0.250, threshold: 1.790, hinge: 0.500
21 samples
Density: max memory 932184064, total allocated 94896128, free 25988304, used 68907824, increment 80168
linearPredictor: max memory 932184064, total allocated 94896128, free 25908136, used 68987992, increment 80168
FeaturedSpace: max memory 932184064, total allocated 94896128, free 25908136, used 68987992, increment 0
Sequential: max memory 932184064, total allocated 94896128, free 25908136, used 68987992, increment 0
Initial loss: 9.212238569259263
Time since start: 228.359
60: time = 0.217000 loss = 9.023811
Resulting gain: 0.18842750634510352
Gustavia_santanderiensis_7 response curves
Response curve: only bio_16
Making features
makeFeatures: max memory 932184064, total allocated 94896128, free 21223192, used 73672936, increment 4684944
Gustavia_santanderiensis_7 bio_16: 
Regularization values: linear/quadratic/product: 0.423, categorical: 0.250, threshold: 1.790, hinge: 0.500
21 samples
Density: max memory 932184064, total allocated 94896128, free 21223192, used 73672936, increment 0
linearPredictor: max memory 932184064, total allocated 94896128, free 21223192, used 73672936, increment 0
FeaturedSpace: max memory 932184064, total allocated 94896128, free 21223192, used 73672936, increment 0
Sequential: max memory 932184064, total allocated 94896128, free 21223192, used 73672936, increment 0
Initial loss: 9.212238569259263
60: time = 0.234000 loss = 9.197215
Resulting gain: 0.01502326516731678
Gustavia_santanderiensis_7 response curves
Response curve: only bio_17
Making features
makeFeatures: max memory 932184064, total allocated 88080384, free 57197896, used 30882488, increment -42790448
Gustavia_santanderiensis_7 bio_17: 
Regularization values: linear/quadratic/product: 0.423, categorical: 0.250, threshold: 1.790, hinge: 0.500
21 samples
Density: max memory 932184064, total allocated 88080384, free 57197896, used 30882488, increment 0
linearPredictor: max memory 932184064, total allocated 88080384, free 57197896, used 30882488, increment 0
FeaturedSpace: max memory 932184064, total allocated 88080384, free 57197896, used 30882488, increment 0
Sequential: max memory 932184064, total allocated 88080384, free 57197896, used 30882488, increment 0
Initial loss: 9.212238569259263
120: time = 0.189000 loss = 8.915342
Resulting gain: 0.2968966208392043
Gustavia_santanderiensis_7 response curves
Response curve: only bio_2
Making features
makeFeatures: max memory 932184064, total allocated 88080384, free 52725024, used 35355360, increment 4472872
Gustavia_santanderiensis_7 bio_2: 
Regularization values: linear/quadratic/product: 0.423, categorical: 0.250, threshold: 1.790, hinge: 0.500
21 samples
Density: max memory 932184064, total allocated 88080384, free 52725024, used 35355360, increment 0
linearPredictor: max memory 932184064, total allocated 88080384, free 52725024, used 35355360, increment 0
FeaturedSpace: max memory 932184064, total allocated 88080384, free 52725024, used 35355360, increment 0
Sequential: max memory 932184064, total allocated 88080384, free 52725024, used 35355360, increment 0
Initial loss: 9.212238569259263
Time since start: 229.541
60: time = 0.228000 loss = 9.145155
Resulting gain: 0.06708343351905377
Gustavia_santanderiensis_7 response curves
Response curve: only bio_3
Making features
makeFeatures: max memory 932184064, total allocated 88080384, free 48249728, used 39830656, increment 4475296
Gustavia_santanderiensis_7 bio_3: 
Regularization values: linear/quadratic/product: 0.423, categorical: 0.250, threshold: 1.790, hinge: 0.500
21 samples
Density: max memory 932184064, total allocated 88080384, free 48249728, used 39830656, increment 0
linearPredictor: max memory 932184064, total allocated 88080384, free 48249728, used 39830656, increment 0
FeaturedSpace: max memory 932184064, total allocated 88080384, free 48249728, used 39830656, increment 0
Sequential: max memory 932184064, total allocated 88080384, free 48249728, used 39830656, increment 0
Initial loss: 9.212238569259263
60: time = 0.230000 loss = 9.169621
Resulting gain: 0.04261784395441914
Gustavia_santanderiensis_7 response curves
Response curve: only bio_4
Making features
makeFeatures: max memory 932184064, total allocated 88080384, free 44491752, used 43588632, increment 3757976
Gustavia_santanderiensis_7 bio_4: 
Regularization values: linear/quadratic/product: 0.423, categorical: 0.250, threshold: 1.790, hinge: 0.500
21 samples
Density: max memory 932184064, total allocated 88080384, free 44411584, used 43668800, increment 80168
linearPredictor: max memory 932184064, total allocated 88080384, free 44331416, used 43748968, increment 80168
FeaturedSpace: max memory 932184064, total allocated 88080384, free 44331416, used 43748968, increment 0
Sequential: max memory 932184064, total allocated 88080384, free 44331416, used 43748968, increment 0
Initial loss: 9.212238569259263
60: time = 0.216000 loss = 9.210256
Resulting gain: 0.0019822654081558255
Gustavia_santanderiensis_7 response curves
Time since start: 230.965
Response curve: only bio_5
Making features
makeFeatures: max memory 932184064, total allocated 88080384, free 39859368, used 48221016, increment 4472048
Gustavia_santanderiensis_7 bio_5: 
Regularization values: linear/quadratic/product: 0.423, categorical: 0.250, threshold: 1.790, hinge: 0.500
21 samples
Density: max memory 932184064, total allocated 88080384, free 39859368, used 48221016, increment 0
linearPredictor: max memory 932184064, total allocated 88080384, free 39859368, used 48221016, increment 0
FeaturedSpace: max memory 932184064, total allocated 88080384, free 39859368, used 48221016, increment 0
Sequential: max memory 932184064, total allocated 88080384, free 39859368, used 48221016, increment 0
Initial loss: 9.212238569259263
100: time = 0.397000 loss = 8.875220
Resulting gain: 0.3370187985895967
Gustavia_santanderiensis_7 response curves
Response curve: only bio_6
Making features
makeFeatures: max memory 932184064, total allocated 88080384, free 35269440, used 52810944, increment 4589928
Gustavia_santanderiensis_7 bio_6: 
Regularization values: linear/quadratic/product: 0.423, categorical: 0.250, threshold: 1.790, hinge: 0.500
21 samples
Density: max memory 932184064, total allocated 88080384, free 35269440, used 52810944, increment 0
linearPredictor: max memory 932184064, total allocated 88080384, free 35269440, used 52810944, increment 0
FeaturedSpace: max memory 932184064, total allocated 88080384, free 35269440, used 52810944, increment 0
Sequential: max memory 932184064, total allocated 88080384, free 35269440, used 52810944, increment 0
Initial loss: 9.212238569259263
Time since start: 232.192
100: time = 0.665000 loss = 8.824877
Resulting gain: 0.38736139152205773
Gustavia_santanderiensis_7 response curves
Response curve: only bio_7
Making features
makeFeatures: max memory 932184064, total allocated 88080384, free 30797368, used 57283016, increment 4472072
Gustavia_santanderiensis_7 bio_7: 
Regularization values: linear/quadratic/product: 0.423, categorical: 0.250, threshold: 1.790, hinge: 0.500
21 samples
Density: max memory 932184064, total allocated 88080384, free 30797368, used 57283016, increment 0
linearPredictor: max memory 932184064, total allocated 88080384, free 30797368, used 57283016, increment 0
FeaturedSpace: max memory 932184064, total allocated 88080384, free 30797368, used 57283016, increment 0
Sequential: max memory 932184064, total allocated 88080384, free 30797368, used 57283016, increment 0
Initial loss: 9.212238569259263
60: time = 0.297000 loss = 9.209756
Resulting gain: 0.0024829782515425336
Gustavia_santanderiensis_7 response curves
Response curve: only bio_ai_et0
Making features
makeFeatures: max memory 932184064, total allocated 88080384, free 26324408, used 61755976, increment 4472960
Gustavia_santanderiensis_7 bio_ai_et0: 
Regularization values: linear/quadratic/product: 0.423, categorical: 0.250, threshold: 1.790, hinge: 0.500
21 samples
Density: max memory 932184064, total allocated 88080384, free 26324408, used 61755976, increment 0
linearPredictor: max memory 932184064, total allocated 88080384, free 26324408, used 61755976, increment 0
FeaturedSpace: max memory 932184064, total allocated 88080384, free 26324408, used 61755976, increment 0
Sequential: max memory 932184064, total allocated 88080384, free 26324408, used 61755976, increment 0
Initial loss: 9.212238569259263
Time since start: 233.203
60: time = 0.215000 loss = 9.186268
Resulting gain: 0.02597021490515594
Gustavia_santanderiensis_7 response curves
Response curve: only bio_et0_yr
Making features
makeFeatures: max memory 932184064, total allocated 88080384, free 21851448, used 66228936, increment 4472960
Gustavia_santanderiensis_7 bio_et0_yr: 
Regularization values: linear/quadratic/product: 0.423, categorical: 0.250, threshold: 1.790, hinge: 0.500
21 samples
Density: max memory 932184064, total allocated 88080384, free 21851448, used 66228936, increment 0
linearPredictor: max memory 932184064, total allocated 88080384, free 21851448, used 66228936, increment 0
FeaturedSpace: max memory 932184064, total allocated 88080384, free 21851448, used 66228936, increment 0
Sequential: max memory 932184064, total allocated 88080384, free 21851448, used 66228936, increment 0
Initial loss: 9.212238569259263
60: time = 0.230000 loss = 9.159593
Resulting gain: 0.05264566259746317
Gustavia_santanderiensis_7 response curves
Time since start: 234.301
Jackknife: leave bio_1 out
Making features
makeFeatures: max memory 932184064, total allocated 83886080, free 52539008, used 31347072, increment -34881864
Gustavia_santanderiensis_7 bio_1: 
Regularization values: linear/quadratic/product: 0.423, categorical: 0.250, threshold: 1.790, hinge: 0.500
21 samples
Density: max memory 932184064, total allocated 83886080, free 51742784, used 32143296, increment 796224
linearPredictor: max memory 932184064, total allocated 83886080, free 51742784, used 32143296, increment 0
FeaturedSpace: max memory 932184064, total allocated 83886080, free 51742784, used 32143296, increment 0
Sequential: max memory 932184064, total allocated 83886080, free 51742784, used 32143296, increment 0
Initial loss: 9.212238569259263
240: time = 0.416000 loss = 7.703962
Jackknife: leave bio_10 out
Making features
makeFeatures: max memory 932184064, total allocated 83886080, free 49498080, used 34388000, increment 2244704
Gustavia_santanderiensis_7 bio_10: 
Regularization values: linear/quadratic/product: 0.423, categorical: 0.250, threshold: 1.790, hinge: 0.500
21 samples
Density: max memory 932184064, total allocated 83886080, free 48701856, used 35184224, increment 796224
linearPredictor: max memory 932184064, total allocated 83886080, free 48701856, used 35184224, increment 0
FeaturedSpace: max memory 932184064, total allocated 83886080, free 48701856, used 35184224, increment 0
Sequential: max memory 932184064, total allocated 83886080, free 48701856, used 35184224, increment 0
Initial loss: 9.212238569259263
320: time = 0.518000 loss = 7.700499
Jackknife: leave bio_11 out
Making features
makeFeatures: max memory 932184064, total allocated 83886080, free 46376984, used 37509096, increment 2324872
Gustavia_santanderiensis_7 bio_11: 
Regularization values: linear/quadratic/product: 0.423, categorical: 0.250, threshold: 1.790, hinge: 0.500
21 samples
Density: max memory 932184064, total allocated 83886080, free 45580760, used 38305320, increment 796224
linearPredictor: max memory 932184064, total allocated 83886080, free 45580760, used 38305320, increment 0
FeaturedSpace: max memory 932184064, total allocated 83886080, free 45580760, used 38305320, increment 0
Sequential: max memory 932184064, total allocated 83886080, free 45580760, used 38305320, increment 0
Initial loss: 9.212238569259263
Time since start: 235.717
260: time = 0.448000 loss = 7.700499
Jackknife: leave bio_12 out
Making features
makeFeatures: max memory 932184064, total allocated 83886080, free 43261344, used 40624736, increment 2319416
Gustavia_santanderiensis_7 bio_12: 
Regularization values: linear/quadratic/product: 0.423, categorical: 0.250, threshold: 1.790, hinge: 0.500
21 samples
Density: max memory 932184064, total allocated 83886080, free 43181176, used 40704904, increment 80168
linearPredictor: max memory 932184064, total allocated 83886080, free 43101008, used 40785072, increment 80168
FeaturedSpace: max memory 932184064, total allocated 83886080, free 43101008, used 40785072, increment 0
Sequential: max memory 932184064, total allocated 83886080, free 43101008, used 40785072, increment 0
Initial loss: 9.212238569259263
360: time = 0.626000 loss = 7.700498
Jackknife: leave bio_13 out
Making features
makeFeatures: max memory 932184064, total allocated 83886080, free 40140160, used 43745920, increment 2960848
Gustavia_santanderiensis_7 bio_13: 
Regularization values: linear/quadratic/product: 0.423, categorical: 0.250, threshold: 1.790, hinge: 0.500
21 samples
Density: max memory 932184064, total allocated 83886080, free 39343936, used 44542144, increment 796224
linearPredictor: max memory 932184064, total allocated 83886080, free 39343936, used 44542144, increment 0
FeaturedSpace: max memory 932184064, total allocated 83886080, free 39343936, used 44542144, increment 0
Sequential: max memory 932184064, total allocated 83886080, free 39343936, used 44542144, increment 0
Initial loss: 9.212238569259263
Time since start: 236.978
360: time = 0.609000 loss = 7.700498
Jackknife: leave bio_14 out
Making features
makeFeatures: max memory 932184064, total allocated 83886080, free 36938896, used 46947184, increment 2405040
Gustavia_santanderiensis_7 bio_14: 
Regularization values: linear/quadratic/product: 0.423, categorical: 0.250, threshold: 1.790, hinge: 0.500
21 samples
Density: max memory 932184064, total allocated 83886080, free 36858728, used 47027352, increment 80168
linearPredictor: max memory 932184064, total allocated 83886080, free 36778560, used 47107520, increment 80168
FeaturedSpace: max memory 932184064, total allocated 83886080, free 36778560, used 47107520, increment 0
Sequential: max memory 932184064, total allocated 83886080, free 36778560, used 47107520, increment 0
Initial loss: 9.212238569259263
240: time = 0.435000 loss = 7.706517
Jackknife: leave bio_15 out
Making features
makeFeatures: max memory 932184064, total allocated 83886080, free 33897696, used 49988384, increment 2880864
Gustavia_santanderiensis_7 bio_15: 
Regularization values: linear/quadratic/product: 0.423, categorical: 0.250, threshold: 1.790, hinge: 0.500
21 samples
Density: max memory 932184064, total allocated 83886080, free 33817528, used 50068552, increment 80168
linearPredictor: max memory 932184064, total allocated 83886080, free 33737360, used 50148720, increment 80168
FeaturedSpace: max memory 932184064, total allocated 83886080, free 33737360, used 50148720, increment 0
Sequential: max memory 932184064, total allocated 83886080, free 33737360, used 50148720, increment 0
Initial loss: 9.212238569259263
280: time = 0.461000 loss = 7.885412
Jackknife: leave bio_16 out
Making features
makeFeatures: max memory 932184064, total allocated 83886080, free 30856688, used 53029392, increment 2880672
Gustavia_santanderiensis_7 bio_16: 
Regularization values: linear/quadratic/product: 0.423, categorical: 0.250, threshold: 1.790, hinge: 0.500
21 samples
Density: max memory 932184064, total allocated 83886080, free 30060464, used 53825616, increment 796224
linearPredictor: max memory 932184064, total allocated 83886080, free 30060464, used 53825616, increment 0
FeaturedSpace: max memory 932184064, total allocated 83886080, free 30060464, used 53825616, increment 0
Sequential: max memory 932184064, total allocated 83886080, free 30060464, used 53825616, increment 0
Initial loss: 9.212238569259263
Time since start: 238.457
340: time = 0.546000 loss = 7.700498
Jackknife: leave bio_17 out
Making features
makeFeatures: max memory 932184064, total allocated 83886080, free 27660880, used 56225200, increment 2399584
Gustavia_santanderiensis_7 bio_17: 
Regularization values: linear/quadratic/product: 0.423, categorical: 0.250, threshold: 1.790, hinge: 0.500
21 samples
Density: max memory 932184064, total allocated 83886080, free 27580712, used 56305368, increment 80168
linearPredictor: max memory 932184064, total allocated 83886080, free 27500544, used 56385536, increment 80168
FeaturedSpace: max memory 932184064, total allocated 83886080, free 27500544, used 56385536, increment 0
Sequential: max memory 932184064, total allocated 83886080, free 27500544, used 56385536, increment 0
Initial loss: 9.212238569259263
320: time = 0.508000 loss = 7.701684
Jackknife: leave bio_2 out
Making features
makeFeatures: max memory 932184064, total allocated 83886080, free 24539640, used 59346440, increment 2960904
Gustavia_santanderiensis_7 bio_2: 
Regularization values: linear/quadratic/product: 0.423, categorical: 0.250, threshold: 1.790, hinge: 0.500
21 samples
Density: max memory 932184064, total allocated 83886080, free 24459472, used 59426608, increment 80168
linearPredictor: max memory 932184064, total allocated 83886080, free 24379304, used 59506776, increment 80168
FeaturedSpace: max memory 932184064, total allocated 83886080, free 24379304, used 59506776, increment 0
Sequential: max memory 932184064, total allocated 83886080, free 24379304, used 59506776, increment 0
Initial loss: 9.212238569259263
Time since start: 239.519
340: time = 0.530000 loss = 7.700498
Jackknife: leave bio_3 out
Making features
makeFeatures: max memory 932184064, total allocated 83886080, free 21418512, used 62467568, increment 2960792
Gustavia_santanderiensis_7 bio_3: 
Regularization values: linear/quadratic/product: 0.423, categorical: 0.250, threshold: 1.790, hinge: 0.500
21 samples
Density: max memory 932184064, total allocated 83886080, free 21338344, used 62547736, increment 80168
linearPredictor: max memory 932184064, total allocated 83886080, free 21258176, used 62627904, increment 80168
FeaturedSpace: max memory 932184064, total allocated 83886080, free 21258176, used 62627904, increment 0
Sequential: max memory 932184064, total allocated 83886080, free 21258176, used 62627904, increment 0
Initial loss: 9.212238569259263
200: time = 0.365000 loss = 7.716967
Jackknife: leave bio_4 out
Making features
makeFeatures: max memory 932184064, total allocated 83886080, free 18457704, used 65428376, increment 2800472
Gustavia_santanderiensis_7 bio_4: 
Regularization values: linear/quadratic/product: 0.423, categorical: 0.250, threshold: 1.790, hinge: 0.500
21 samples
Density: max memory 932184064, total allocated 83886080, free 17661480, used 66224600, increment 796224
linearPredictor: max memory 932184064, total allocated 83886080, free 17661480, used 66224600, increment 0
FeaturedSpace: max memory 932184064, total allocated 83886080, free 17661480, used 66224600, increment 0
Sequential: max memory 932184064, total allocated 83886080, free 17661480, used 66224600, increment 0
Initial loss: 9.212238569259263
220: time = 0.392000 loss = 7.717061
Jackknife: leave bio_5 out
Making features
makeFeatures: max memory 932184064, total allocated 87556096, free 57199552, used 30356544, increment -35868056
Gustavia_santanderiensis_7 bio_5: 
Regularization values: linear/quadratic/product: 0.423, categorical: 0.250, threshold: 1.790, hinge: 0.500
21 samples
Density: max memory 932184064, total allocated 87556096, free 57119384, used 30436712, increment 80168
linearPredictor: max memory 932184064, total allocated 87556096, free 57039216, used 30516880, increment 80168
FeaturedSpace: max memory 932184064, total allocated 87556096, free 57039216, used 30516880, increment 0
Sequential: max memory 932184064, total allocated 87556096, free 57039216, used 30516880, increment 0
Initial loss: 9.212238569259263
Time since start: 240.815
300: time = 0.502000 loss = 7.700507
Jackknife: leave bio_6 out
Making features
makeFeatures: max memory 932184064, total allocated 87556096, free 54104632, used 33451464, increment 2934584
Gustavia_santanderiensis_7 bio_6: 
Regularization values: linear/quadratic/product: 0.423, categorical: 0.250, threshold: 1.790, hinge: 0.500
21 samples
Density: max memory 932184064, total allocated 87556096, free 54024464, used 33531632, increment 80168
linearPredictor: max memory 932184064, total allocated 87556096, free 53944296, used 33611800, increment 80168
FeaturedSpace: max memory 932184064, total allocated 87556096, free 53944296, used 33611800, increment 0
Sequential: max memory 932184064, total allocated 87556096, free 53944296, used 33611800, increment 0
Initial loss: 9.212238569259263
200: time = 0.367000 loss = 7.701580
Jackknife: leave bio_7 out
Making features
makeFeatures: max memory 932184064, total allocated 87556096, free 51090096, used 36466000, increment 2854200
Gustavia_santanderiensis_7 bio_7: 
Regularization values: linear/quadratic/product: 0.423, categorical: 0.250, threshold: 1.790, hinge: 0.500
21 samples
Density: max memory 932184064, total allocated 87556096, free 51009928, used 36546168, increment 80168
linearPredictor: max memory 932184064, total allocated 87556096, free 50929760, used 36626336, increment 80168
FeaturedSpace: max memory 932184064, total allocated 87556096, free 50929760, used 36626336, increment 0
Sequential: max memory 932184064, total allocated 87556096, free 50929760, used 36626336, increment 0
Initial loss: 9.212238569259263
360: time = 0.563000 loss = 7.700498
Jackknife: leave bio_ai_et0 out
Making features
makeFeatures: max memory 932184064, total allocated 87556096, free 47947136, used 39608960, increment 2982624
Gustavia_santanderiensis_7 bio_ai_et0: 
Regularization values: linear/quadratic/product: 0.423, categorical: 0.250, threshold: 1.790, hinge: 0.500
21 samples
Density: max memory 932184064, total allocated 87556096, free 47866968, used 39689128, increment 80168
linearPredictor: max memory 932184064, total allocated 87556096, free 47786800, used 39769296, increment 80168
FeaturedSpace: max memory 932184064, total allocated 87556096, free 47786800, used 39769296, increment 0
Sequential: max memory 932184064, total allocated 87556096, free 47786800, used 39769296, increment 0
Initial loss: 9.212238569259263
Time since start: 242.306
320: time = 0.519000 loss = 7.700498
Jackknife: leave bio_et0_yr out
Making features
makeFeatures: max memory 932184064, total allocated 87556096, free 44852408, used 42703688, increment 2934392
Gustavia_santanderiensis_7 bio_et0_yr: 
Regularization values: linear/quadratic/product: 0.423, categorical: 0.250, threshold: 1.790, hinge: 0.500
21 samples
Density: max memory 932184064, total allocated 87556096, free 44082632, used 43473464, increment 769776
linearPredictor: max memory 932184064, total allocated 87556096, free 44082632, used 43473464, increment 0
FeaturedSpace: max memory 932184064, total allocated 87556096, free 44082632, used 43473464, increment 0
Sequential: max memory 932184064, total allocated 87556096, free 44082632, used 43473464, increment 0
Initial loss: 9.212238569259263
240: time = 0.400000 loss = 7.707569
Jackknife: only bio_1
Making features
makeFeatures: max memory 932184064, total allocated 87556096, free 44082632, used 43473464, increment 0
Gustavia_santanderiensis_7 bio_1: 
Regularization values: linear/quadratic/product: 0.423, categorical: 0.250, threshold: 1.790, hinge: 0.500
21 samples
Density: max memory 932184064, total allocated 87556096, free 44082632, used 43473464, increment 0
linearPredictor: max memory 932184064, total allocated 87556096, free 44082632, used 43473464, increment 0
FeaturedSpace: max memory 932184064, total allocated 87556096, free 43312624, used 44243472, increment 770008
Sequential: max memory 932184064, total allocated 87556096, free 43312624, used 44243472, increment 0
Initial loss: 9.212238569259263
100: time = 0.368000 loss = 8.840499
Res.gain: 0.37173916769315696
Jackknife: only bio_10
Making features
makeFeatures: max memory 932184064, total allocated 87556096, free 43312624, used 44243472, increment 0
Gustavia_santanderiensis_7 bio_10: 
Regularization values: linear/quadratic/product: 0.423, categorical: 0.250, threshold: 1.790, hinge: 0.500
21 samples
Density: max memory 932184064, total allocated 87556096, free 43312624, used 44243472, increment 0
linearPredictor: max memory 932184064, total allocated 87556096, free 43312624, used 44243472, increment 0
FeaturedSpace: max memory 932184064, total allocated 87556096, free 43312624, used 44243472, increment 0
Sequential: max memory 932184064, total allocated 87556096, free 43312624, used 44243472, increment 0
Initial loss: 9.212238569259263
Time since start: 243.368
80: time = 0.275000 loss = 8.873997
Res.gain: 0.33824108387177887
Jackknife: only bio_11
Making features
makeFeatures: max memory 932184064, total allocated 87556096, free 43312624, used 44243472, increment 0
Gustavia_santanderiensis_7 bio_11: 
Regularization values: linear/quadratic/product: 0.423, categorical: 0.250, threshold: 1.790, hinge: 0.500
21 samples
Density: max memory 932184064, total allocated 87556096, free 43312624, used 44243472, increment 0
linearPredictor: max memory 932184064, total allocated 87556096, free 43232456, used 44323640, increment 80168
FeaturedSpace: max memory 932184064, total allocated 87556096, free 43232456, used 44323640, increment 0
Sequential: max memory 932184064, total allocated 87556096, free 43232456, used 44323640, increment 0
Initial loss: 9.212238569259263
100: time = 0.348000 loss = 8.851890
Res.gain: 0.3603489542896643
Jackknife: only bio_12
Making features
makeFeatures: max memory 932184064, total allocated 87556096, free 42462648, used 45093448, increment 769808
Gustavia_santanderiensis_7 bio_12: 
Regularization values: linear/quadratic/product: 0.423, categorical: 0.250, threshold: 1.790, hinge: 0.500
21 samples
Density: max memory 932184064, total allocated 87556096, free 42462648, used 45093448, increment 0
linearPredictor: max memory 932184064, total allocated 87556096, free 42462648, used 45093448, increment 0
FeaturedSpace: max memory 932184064, total allocated 87556096, free 42462648, used 45093448, increment 0
Sequential: max memory 932184064, total allocated 87556096, free 42462648, used 45093448, increment 0
Initial loss: 9.212238569259263
60: time = 0.202000 loss = 9.138737
Res.gain: 0.07350157570125049
Jackknife: only bio_13
Making features
makeFeatures: max memory 932184064, total allocated 87556096, free 42462648, used 45093448, increment 0
Gustavia_santanderiensis_7 bio_13: 
Regularization values: linear/quadratic/product: 0.423, categorical: 0.250, threshold: 1.790, hinge: 0.500
21 samples
Density: max memory 932184064, total allocated 87556096, free 42462648, used 45093448, increment 0
linearPredictor: max memory 932184064, total allocated 87556096, free 42462648, used 45093448, increment 0
FeaturedSpace: max memory 932184064, total allocated 87556096, free 42462648, used 45093448, increment 0
Sequential: max memory 932184064, total allocated 87556096, free 42462648, used 45093448, increment 0
Initial loss: 9.212238569259263
60: time = 0.242000 loss = 9.197188
Res.gain: 0.01505060586848117
Jackknife: only bio_14
Making features
makeFeatures: max memory 932184064, total allocated 87556096, free 41612704, used 45943392, increment 849944
Gustavia_santanderiensis_7 bio_14: 
Regularization values: linear/quadratic/product: 0.423, categorical: 0.250, threshold: 1.790, hinge: 0.500
21 samples
Density: max memory 932184064, total allocated 87556096, free 41612704, used 45943392, increment 0
linearPredictor: max memory 932184064, total allocated 87556096, free 41612704, used 45943392, increment 0
FeaturedSpace: max memory 932184064, total allocated 87556096, free 41612704, used 45943392, increment 0
Sequential: max memory 932184064, total allocated 87556096, free 41612704, used 45943392, increment 0
Initial loss: 9.212238569259263
Time since start: 244.397
60: time = 0.225000 loss = 9.141220
Res.gain: 0.0710189904338474
Jackknife: only bio_15
Making features
makeFeatures: max memory 932184064, total allocated 87556096, free 41612704, used 45943392, increment 0
Gustavia_santanderiensis_7 bio_15: 
Regularization values: linear/quadratic/product: 0.423, categorical: 0.250, threshold: 1.790, hinge: 0.500
21 samples
Density: max memory 932184064, total allocated 87556096, free 41612704, used 45943392, increment 0
linearPredictor: max memory 932184064, total allocated 87556096, free 41612704, used 45943392, increment 0
FeaturedSpace: max memory 932184064, total allocated 87556096, free 41612704, used 45943392, increment 0
Sequential: max memory 932184064, total allocated 87556096, free 41612704, used 45943392, increment 0
Initial loss: 9.212238569259263
60: time = 0.217000 loss = 9.023811
Res.gain: 0.18842750634510352
Jackknife: only bio_16
Making features
makeFeatures: max memory 932184064, total allocated 87556096, free 41532536, used 46023560, increment 80168
Gustavia_santanderiensis_7 bio_16: 
Regularization values: linear/quadratic/product: 0.423, categorical: 0.250, threshold: 1.790, hinge: 0.500
21 samples
Density: max memory 932184064, total allocated 87556096, free 41452368, used 46103728, increment 80168
linearPredictor: max memory 932184064, total allocated 87556096, free 40682592, used 46873504, increment 769776
FeaturedSpace: max memory 932184064, total allocated 87556096, free 40682592, used 46873504, increment 0
Sequential: max memory 932184064, total allocated 87556096, free 40682592, used 46873504, increment 0
Initial loss: 9.212238569259263
60: time = 0.264000 loss = 9.197215
Res.gain: 0.01502326516731678
Jackknife: only bio_17
Making features
makeFeatures: max memory 932184064, total allocated 87556096, free 40682592, used 46873504, increment 0
Gustavia_santanderiensis_7 bio_17: 
Regularization values: linear/quadratic/product: 0.423, categorical: 0.250, threshold: 1.790, hinge: 0.500
21 samples
Density: max memory 932184064, total allocated 87556096, free 40682592, used 46873504, increment 0
linearPredictor: max memory 932184064, total allocated 87556096, free 40682592, used 46873504, increment 0
FeaturedSpace: max memory 932184064, total allocated 87556096, free 40682592, used 46873504, increment 0
Sequential: max memory 932184064, total allocated 87556096, free 40682592, used 46873504, increment 0
Initial loss: 9.212238569259263
120: time = 0.201000 loss = 8.915342
Res.gain: 0.2968966208392043
Jackknife: only bio_2
Making features
makeFeatures: max memory 932184064, total allocated 87556096, free 40682592, used 46873504, increment 0
Gustavia_santanderiensis_7 bio_2: 
Regularization values: linear/quadratic/product: 0.423, categorical: 0.250, threshold: 1.790, hinge: 0.500
21 samples
Density: max memory 932184064, total allocated 87556096, free 40602424, used 46953672, increment 80168
linearPredictor: max memory 932184064, total allocated 87556096, free 40522256, used 47033840, increment 80168
FeaturedSpace: max memory 932184064, total allocated 87556096, free 40522256, used 47033840, increment 0
Sequential: max memory 932184064, total allocated 87556096, free 40522256, used 47033840, increment 0
Initial loss: 9.212238569259263
60: time = 0.232000 loss = 9.145155
Res.gain: 0.06708343351905377
Jackknife: only bio_3
Making features
makeFeatures: max memory 932184064, total allocated 87556096, free 40361920, used 47194176, increment 160336
Gustavia_santanderiensis_7 bio_3: 
Regularization values: linear/quadratic/product: 0.423, categorical: 0.250, threshold: 1.790, hinge: 0.500
21 samples
Density: max memory 932184064, total allocated 87556096, free 39592144, used 47963952, increment 769776
linearPredictor: max memory 932184064, total allocated 87556096, free 39592144, used 47963952, increment 0
FeaturedSpace: max memory 932184064, total allocated 87556096, free 39592144, used 47963952, increment 0
Sequential: max memory 932184064, total allocated 87556096, free 39592144, used 47963952, increment 0
Initial loss: 9.212238569259263
Time since start: 245.564
60: time = 0.230000 loss = 9.169621
Res.gain: 0.04261784395441914
Jackknife: only bio_4
Making features
makeFeatures: max memory 932184064, total allocated 87556096, free 39592144, used 47963952, increment 0
Gustavia_santanderiensis_7 bio_4: 
Regularization values: linear/quadratic/product: 0.423, categorical: 0.250, threshold: 1.790, hinge: 0.500
21 samples
Density: max memory 932184064, total allocated 87556096, free 39592144, used 47963952, increment 0
linearPredictor: max memory 932184064, total allocated 87556096, free 39592144, used 47963952, increment 0
FeaturedSpace: max memory 932184064, total allocated 87556096, free 39592144, used 47963952, increment 0
Sequential: max memory 932184064, total allocated 87556096, free 39592144, used 47963952, increment 0
Initial loss: 9.212238569259263
60: time = 0.230000 loss = 9.210256
Res.gain: 0.0019822654081558255
Jackknife: only bio_5
Making features
makeFeatures: max memory 932184064, total allocated 87556096, free 39592144, used 47963952, increment 0
Gustavia_santanderiensis_7 bio_5: 
Regularization values: linear/quadratic/product: 0.423, categorical: 0.250, threshold: 1.790, hinge: 0.500
21 samples
Density: max memory 932184064, total allocated 87556096, free 39511976, used 48044120, increment 80168
linearPredictor: max memory 932184064, total allocated 87556096, free 39431808, used 48124288, increment 80168
FeaturedSpace: max memory 932184064, total allocated 87556096, free 39431808, used 48124288, increment 0
Sequential: max memory 932184064, total allocated 87556096, free 39431808, used 48124288, increment 0
Initial loss: 9.212238569259263
100: time = 0.526000 loss = 8.875220
Res.gain: 0.3370187985895967
Jackknife: only bio_6
Making features
makeFeatures: max memory 932184064, total allocated 87556096, free 38662008, used 48894088, increment 769800
Gustavia_santanderiensis_7 bio_6: 
Regularization values: linear/quadratic/product: 0.423, categorical: 0.250, threshold: 1.790, hinge: 0.500
21 samples
Density: max memory 932184064, total allocated 87556096, free 38662008, used 48894088, increment 0
linearPredictor: max memory 932184064, total allocated 87556096, free 38662008, used 48894088, increment 0
FeaturedSpace: max memory 932184064, total allocated 87556096, free 38662008, used 48894088, increment 0
Sequential: max memory 932184064, total allocated 87556096, free 38662008, used 48894088, increment 0
Initial loss: 9.212238569259263
Time since start: 246.716
100: time = 0.387000 loss = 8.824877
Res.gain: 0.38736139152205773
Jackknife: only bio_7
Making features
makeFeatures: max memory 932184064, total allocated 87556096, free 38662008, used 48894088, increment 0
Gustavia_santanderiensis_7 bio_7: 
Regularization values: linear/quadratic/product: 0.423, categorical: 0.250, threshold: 1.790, hinge: 0.500
21 samples
Density: max memory 932184064, total allocated 87556096, free 38662008, used 48894088, increment 0
linearPredictor: max memory 932184064, total allocated 87556096, free 38581840, used 48974256, increment 80168
FeaturedSpace: max memory 932184064, total allocated 87556096, free 38581840, used 48974256, increment 0
Sequential: max memory 932184064, total allocated 87556096, free 38581840, used 48974256, increment 0
Initial loss: 9.212238569259263
60: time = 0.250000 loss = 9.209756
Res.gain: 0.0024829782515425336
Jackknife: only bio_ai_et0
Making features
makeFeatures: max memory 932184064, total allocated 87556096, free 37731896, used 49824200, increment 849944
Gustavia_santanderiensis_7 bio_ai_et0: 
Regularization values: linear/quadratic/product: 0.423, categorical: 0.250, threshold: 1.790, hinge: 0.500
21 samples
Density: max memory 932184064, total allocated 87556096, free 37731896, used 49824200, increment 0
linearPredictor: max memory 932184064, total allocated 87556096, free 37731896, used 49824200, increment 0
FeaturedSpace: max memory 932184064, total allocated 87556096, free 37731896, used 49824200, increment 0
Sequential: max memory 932184064, total allocated 87556096, free 37731896, used 49824200, increment 0
Initial loss: 9.212238569259263
60: time = 0.211000 loss = 9.186268
Res.gain: 0.02597021490515594
Jackknife: only bio_et0_yr
Making features
makeFeatures: max memory 932184064, total allocated 87556096, free 37731896, used 49824200, increment 0
Gustavia_santanderiensis_7 bio_et0_yr: 
Regularization values: linear/quadratic/product: 0.423, categorical: 0.250, threshold: 1.790, hinge: 0.500
21 samples
Density: max memory 932184064, total allocated 87556096, free 37731896, used 49824200, increment 0
linearPredictor: max memory 932184064, total allocated 87556096, free 37731896, used 49824200, increment 0
FeaturedSpace: max memory 932184064, total allocated 87556096, free 37731896, used 49824200, increment 0
Sequential: max memory 932184064, total allocated 87556096, free 37731896, used 49824200, increment 0
Initial loss: 9.212238569259263
60: time = 0.218000 loss = 9.159593
Res.gain: 0.05264566259746317
getSamples: max memory 932184064, total allocated 87556096, free 32407320, used 55148776, increment 5324576
Making features
makeFeatures: max memory 932184064, total allocated 87556096, free 30001800, used 57554296, increment 2405520
Gustavia_santanderiensis_8: 
Regularization values: linear/quadratic/product: 0.423, categorical: 0.250, threshold: 1.790, hinge: 0.500
21 samples
Density: max memory 932184064, total allocated 87556096, free 29921616, used 57634480, increment 80184
linearPredictor: max memory 932184064, total allocated 87556096, free 29841432, used 57714664, increment 80184
FeaturedSpace: max memory 932184064, total allocated 87556096, free 29841432, used 57714664, increment 0
Sequential: max memory 932184064, total allocated 87556096, free 29841432, used 57714664, increment 0
Initial loss: 9.212438170058329
Time since start: 247.926
180: time = 0.394000 loss = 7.803639
Resulting gain: 1.4087990842647287
Projecting...
Writing file C:\Users\Camila\Desktop\Modelo opc3\Final_Models\M_3_F_lq_Set_1\Gustavia_santanderiensis_8.asc
Time since start: 252.446
Writing C:\Users\Camila\Desktop\Modelo opc3\Final_Models\M_3_F_lq_Set_1\plots\Gustavia_santanderiensis_8.png
Gustavia_santanderiensis_8 response curves
Time since start: 257.849
Response curve: only bio_1
Making features
makeFeatures: max memory 932184064, total allocated 88604672, free 63223048, used 25381624, increment -32333040
Gustavia_santanderiensis_8 bio_1: 
Regularization values: linear/quadratic/product: 0.423, categorical: 0.250, threshold: 1.790, hinge: 0.500
21 samples
Density: max memory 932184064, total allocated 88604672, free 63142864, used 25461808, increment 80184
linearPredictor: max memory 932184064, total allocated 88604672, free 63062680, used 25541992, increment 80184
FeaturedSpace: max memory 932184064, total allocated 88604672, free 63062680, used 25541992, increment 0
Sequential: max memory 932184064, total allocated 88604672, free 63062680, used 25541992, increment 0
Initial loss: 9.212438170058329
80: time = 0.301000 loss = 8.893087
Resulting gain: 0.31935087852396826
Gustavia_santanderiensis_8 response curves
Response curve: only bio_10
Making features
makeFeatures: max memory 932184064, total allocated 88604672, free 58143776, used 30460896, increment 4918904
Gustavia_santanderiensis_8 bio_10: 
Regularization values: linear/quadratic/product: 0.423, categorical: 0.250, threshold: 1.790, hinge: 0.500
21 samples
Density: max memory 932184064, total allocated 88604672, free 58143776, used 30460896, increment 0
linearPredictor: max memory 932184064, total allocated 88604672, free 58143776, used 30460896, increment 0
FeaturedSpace: max memory 932184064, total allocated 88604672, free 58143776, used 30460896, increment 0
Sequential: max memory 932184064, total allocated 88604672, free 58143776, used 30460896, increment 0
Initial loss: 9.212438170058329
Time since start: 259.147
80: time = 0.796000 loss = 8.914831
Resulting gain: 0.29760670098929687
Gustavia_santanderiensis_8 response curves
Response curve: only bio_11
Making features
makeFeatures: max memory 932184064, total allocated 88604672, free 54078536, used 34526136, increment 4065240
Gustavia_santanderiensis_8 bio_11: 
Regularization values: linear/quadratic/product: 0.423, categorical: 0.250, threshold: 1.790, hinge: 0.500
21 samples
Density: max memory 932184064, total allocated 88604672, free 54078536, used 34526136, increment 0
linearPredictor: max memory 932184064, total allocated 88604672, free 54078536, used 34526136, increment 0
FeaturedSpace: max memory 932184064, total allocated 88604672, free 54078536, used 34526136, increment 0
Sequential: max memory 932184064, total allocated 88604672, free 54078536, used 34526136, increment 0
Initial loss: 9.212438170058329
80: time = 0.568000 loss = 8.908657
Resulting gain: 0.303781423931758
Gustavia_santanderiensis_8 response curves
Response curve: only bio_12
Making features
makeFeatures: max memory 932184064, total allocated 88604672, free 49933944, used 38670728, increment 4144592
Gustavia_santanderiensis_8 bio_12: 
Regularization values: linear/quadratic/product: 0.423, categorical: 0.250, threshold: 1.790, hinge: 0.500
21 samples
Density: max memory 932184064, total allocated 88604672, free 49853760, used 38750912, increment 80184
linearPredictor: max memory 932184064, total allocated 88604672, free 49773576, used 38831096, increment 80184
FeaturedSpace: max memory 932184064, total allocated 88604672, free 49773576, used 38831096, increment 0
Sequential: max memory 932184064, total allocated 88604672, free 49773576, used 38831096, increment 0
Initial loss: 9.212438170058329
Time since start: 260.379
60: time = 0.266000 loss = 9.156717
Resulting gain: 0.055721163326200696
Gustavia_santanderiensis_8 response curves
Response curve: only bio_13
Making features
makeFeatures: max memory 932184064, total allocated 88604672, free 44934856, used 43669816, increment 4838720
Gustavia_santanderiensis_8 bio_13: 
Regularization values: linear/quadratic/product: 0.423, categorical: 0.250, threshold: 1.790, hinge: 0.500
21 samples
Density: max memory 932184064, total allocated 88604672, free 44934856, used 43669816, increment 0
linearPredictor: max memory 932184064, total allocated 88604672, free 44934856, used 43669816, increment 0
FeaturedSpace: max memory 932184064, total allocated 88604672, free 44934856, used 43669816, increment 0
Sequential: max memory 932184064, total allocated 88604672, free 44934856, used 43669816, increment 0
Initial loss: 9.212438170058329
60: time = 0.249000 loss = 9.203230
Resulting gain: 0.009208098372525342
Gustavia_santanderiensis_8 response curves
Response curve: only bio_14
Making features
makeFeatures: max memory 932184064, total allocated 88604672, free 40869616, used 47735056, increment 4065240
Gustavia_santanderiensis_8 bio_14: 
Regularization values: linear/quadratic/product: 0.423, categorical: 0.250, threshold: 1.790, hinge: 0.500
21 samples
Density: max memory 932184064, total allocated 88604672, free 40869616, used 47735056, increment 0
linearPredictor: max memory 932184064, total allocated 88604672, free 40869616, used 47735056, increment 0
FeaturedSpace: max memory 932184064, total allocated 88604672, free 40869616, used 47735056, increment 0
Sequential: max memory 932184064, total allocated 88604672, free 40869616, used 47735056, increment 0
Initial loss: 9.212438170058329
60: time = 0.203000 loss = 9.148525
Resulting gain: 0.06391363708972264
Gustavia_santanderiensis_8 response curves
Time since start: 261.852
Response curve: only bio_15
Making features
makeFeatures: max memory 932184064, total allocated 88604672, free 36725024, used 51879648, increment 4144592
Gustavia_santanderiensis_8 bio_15: 
Regularization values: linear/quadratic/product: 0.423, categorical: 0.250, threshold: 1.790, hinge: 0.500
21 samples
Density: max memory 932184064, total allocated 84410368, free 71069664, used 13340704, increment -38538944
linearPredictor: max memory 932184064, total allocated 84410368, free 70321400, used 14088968, increment 748264
FeaturedSpace: max memory 932184064, total allocated 84410368, free 70321400, used 14088968, increment 0
Sequential: max memory 932184064, total allocated 84410368, free 70321400, used 14088968, increment 0
Initial loss: 9.212438170058329
60: time = 0.205000 loss = 9.011698
Resulting gain: 0.2007405464891061
Gustavia_santanderiensis_8 response curves
Response curve: only bio_16
Making features
makeFeatures: max memory 932184064, total allocated 84410368, free 66360224, used 18050144, increment 3961176
Gustavia_santanderiensis_8 bio_16: 
Regularization values: linear/quadratic/product: 0.423, categorical: 0.250, threshold: 1.790, hinge: 0.500
21 samples
Density: max memory 932184064, total allocated 84410368, free 66360224, used 18050144, increment 0
linearPredictor: max memory 932184064, total allocated 84410368, free 66360224, used 18050144, increment 0
FeaturedSpace: max memory 932184064, total allocated 84410368, free 66360224, used 18050144, increment 0
Sequential: max memory 932184064, total allocated 84410368, free 66360224, used 18050144, increment 0
Initial loss: 9.212438170058329
60: time = 0.241000 loss = 9.205847
Resulting gain: 0.0065915677406245266
Gustavia_santanderiensis_8 response curves
Response curve: only bio_17
Making features
makeFeatures: max memory 932184064, total allocated 84410368, free 62322080, used 22088288, increment 4038144
Gustavia_santanderiensis_8 bio_17: 
Regularization values: linear/quadratic/product: 0.423, categorical: 0.250, threshold: 1.790, hinge: 0.500
21 samples
Density: max memory 932184064, total allocated 84410368, free 61573816, used 22836552, increment 748264
linearPredictor: max memory 932184064, total allocated 84410368, free 61573816, used 22836552, increment 0
FeaturedSpace: max memory 932184064, total allocated 84410368, free 61573816, used 22836552, increment 0
Sequential: max memory 932184064, total allocated 84410368, free 61573816, used 22836552, increment 0
Initial loss: 9.212438170058329
100: time = 0.180000 loss = 8.905103
Resulting gain: 0.3073351782185316
Gustavia_santanderiensis_8 response curves
Time since start: 263.033
Response curve: only bio_2
Making features
makeFeatures: max memory 932184064, total allocated 84410368, free 57615024, used 26795344, increment 3958792
Gustavia_santanderiensis_8 bio_2: 
Regularization values: linear/quadratic/product: 0.423, categorical: 0.250, threshold: 1.790, hinge: 0.500
21 samples
Density: max memory 932184064, total allocated 84410368, free 57615024, used 26795344, increment 0
linearPredictor: max memory 932184064, total allocated 84410368, free 57615024, used 26795344, increment 0
FeaturedSpace: max memory 932184064, total allocated 84410368, free 57615024, used 26795344, increment 0
Sequential: max memory 932184064, total allocated 84410368, free 57615024, used 26795344, increment 0
Initial loss: 9.212438170058329
60: time = 0.817000 loss = 9.157512
Resulting gain: 0.05492646320320205
Gustavia_santanderiensis_8 response curves
Response curve: only bio_3
Making features
makeFeatures: max memory 932184064, total allocated 84410368, free 52905560, used 31504808, increment 4709464
Gustavia_santanderiensis_8 bio_3: 
Regularization values: linear/quadratic/product: 0.423, categorical: 0.250, threshold: 1.790, hinge: 0.500
21 samples
Density: max memory 932184064, total allocated 84410368, free 52905560, used 31504808, increment 0
linearPredictor: max memory 932184064, total allocated 84410368, free 52905560, used 31504808, increment 0
FeaturedSpace: max memory 932184064, total allocated 84410368, free 52905560, used 31504808, increment 0
Sequential: max memory 932184064, total allocated 84410368, free 52905560, used 31504808, increment 0
Initial loss: 9.212438170058329
Time since start: 264.244
60: time = 0.238000 loss = 9.170233
Resulting gain: 0.04220487432685793
Gustavia_santanderiensis_8 response curves
Response curve: only bio_4
Making features
makeFeatures: max memory 932184064, total allocated 84410368, free 48947656, used 35462712, increment 3957904
Gustavia_santanderiensis_8 bio_4: 
Regularization values: linear/quadratic/product: 0.423, categorical: 0.250, threshold: 1.790, hinge: 0.500
21 samples
Density: max memory 932184064, total allocated 84410368, free 48947656, used 35462712, increment 0
linearPredictor: max memory 932184064, total allocated 84410368, free 48199392, used 36210976, increment 748264
FeaturedSpace: max memory 932184064, total allocated 84410368, free 48199392, used 36210976, increment 0
Sequential: max memory 932184064, total allocated 84410368, free 48199392, used 36210976, increment 0
Initial loss: 9.212438170058329
20: time = 0.106000 loss = 9.212438
Resulting gain: 0.0
Gustavia_santanderiensis_8 response curves
Response curve: only bio_5
Making features
makeFeatures: max memory 932184064, total allocated 84410368, free 44238216, used 40172152, increment 3961176
Gustavia_santanderiensis_8 bio_5: 
Regularization values: linear/quadratic/product: 0.423, categorical: 0.250, threshold: 1.790, hinge: 0.500
21 samples
Density: max memory 932184064, total allocated 84410368, free 44238216, used 40172152, increment 0
linearPredictor: max memory 932184064, total allocated 84410368, free 44238216, used 40172152, increment 0
FeaturedSpace: max memory 932184064, total allocated 84410368, free 44238216, used 40172152, increment 0
Sequential: max memory 932184064, total allocated 84410368, free 44238216, used 40172152, increment 0
Initial loss: 9.212438170058329
80: time = 0.280000 loss = 8.911070
Resulting gain: 0.30136851472759574
Gustavia_santanderiensis_8 response curves
Response curve: only bio_6
Making features
makeFeatures: max memory 932184064, total allocated 84410368, free 39449424, used 44960944, increment 4788792
Gustavia_santanderiensis_8 bio_6: 
Regularization values: linear/quadratic/product: 0.423, categorical: 0.250, threshold: 1.790, hinge: 0.500
21 samples
Density: max memory 932184064, total allocated 84410368, free 39449424, used 44960944, increment 0
linearPredictor: max memory 932184064, total allocated 84410368, free 39449424, used 44960944, increment 0
FeaturedSpace: max memory 932184064, total allocated 84410368, free 39449424, used 44960944, increment 0
Sequential: max memory 932184064, total allocated 84410368, free 39449424, used 44960944, increment 0
Initial loss: 9.212438170058329
Time since start: 265.412
80: time = 0.284000 loss = 8.866932
Resulting gain: 0.34550592658931656
Gustavia_santanderiensis_8 response curves
Response curve: only bio_7
Making features
makeFeatures: max memory 932184064, total allocated 84410368, free 35488248, used 48922120, increment 3961176
Gustavia_santanderiensis_8 bio_7: 
Regularization values: linear/quadratic/product: 0.423, categorical: 0.250, threshold: 1.790, hinge: 0.500
21 samples
Density: max memory 932184064, total allocated 84410368, free 35488248, used 48922120, increment 0
linearPredictor: max memory 932184064, total allocated 84410368, free 35488248, used 48922120, increment 0
FeaturedSpace: max memory 932184064, total allocated 84410368, free 35488248, used 48922120, increment 0
Sequential: max memory 932184064, total allocated 84410368, free 35488248, used 48922120, increment 0
Initial loss: 9.212438170058329
40: time = 0.142000 loss = 9.212112
Resulting gain: 3.2579207902827534E-4
Gustavia_santanderiensis_8 response curves
Response curve: only bio_ai_et0
Making features
makeFeatures: max memory 932184064, total allocated 88080384, free 69328400, used 18751984, increment -30170136
Gustavia_santanderiensis_8 bio_ai_et0: 
Regularization values: linear/quadratic/product: 0.423, categorical: 0.250, threshold: 1.790, hinge: 0.500
21 samples
Density: max memory 932184064, total allocated 88080384, free 69328400, used 18751984, increment 0
linearPredictor: max memory 932184064, total allocated 88080384, free 69328400, used 18751984, increment 0
FeaturedSpace: max memory 932184064, total allocated 88080384, free 69328400, used 18751984, increment 0
Sequential: max memory 932184064, total allocated 88080384, free 69328400, used 18751984, increment 0
Initial loss: 9.212438170058329
Time since start: 266.613
60: time = 0.726000 loss = 9.197307
Resulting gain: 0.01513163497300063
Gustavia_santanderiensis_8 response curves
Response curve: only bio_et0_yr
Making features
makeFeatures: max memory 932184064, total allocated 88080384, free 64711448, used 23368936, increment 4616952
Gustavia_santanderiensis_8 bio_et0_yr: 
Regularization values: linear/quadratic/product: 0.423, categorical: 0.250, threshold: 1.790, hinge: 0.500
21 samples
Density: max memory 932184064, total allocated 88080384, free 64711448, used 23368936, increment 0
linearPredictor: max memory 932184064, total allocated 88080384, free 64711448, used 23368936, increment 0
FeaturedSpace: max memory 932184064, total allocated 88080384, free 64711448, used 23368936, increment 0
Sequential: max memory 932184064, total allocated 88080384, free 64711448, used 23368936, increment 0
Initial loss: 9.212438170058329
60: time = 0.220000 loss = 9.159326
Resulting gain: 0.05311235417648419
Gustavia_santanderiensis_8 response curves
Time since start: 267.81
Jackknife: leave bio_1 out
Making features
makeFeatures: max memory 932184064, total allocated 81264640, free 33320424, used 47944216, increment 24575280
Gustavia_santanderiensis_8 bio_1: 
Regularization values: linear/quadratic/product: 0.423, categorical: 0.250, threshold: 1.790, hinge: 0.500
21 samples
Density: max memory 932184064, total allocated 81264640, free 33240240, used 48024400, increment 80184
linearPredictor: max memory 932184064, total allocated 81264640, free 33160056, used 48104584, increment 80184
FeaturedSpace: max memory 932184064, total allocated 81264640, free 33160056, used 48104584, increment 0
Sequential: max memory 932184064, total allocated 81264640, free 33160056, used 48104584, increment 0
Initial loss: 9.212438170058329
180: time = 0.890000 loss = 7.803639
Jackknife: leave bio_10 out
Making features
makeFeatures: max memory 932184064, total allocated 83886080, free 66515136, used 17370944, increment -30733640
Gustavia_santanderiensis_8 bio_10: 
Regularization values: linear/quadratic/product: 0.423, categorical: 0.250, threshold: 1.790, hinge: 0.500
21 samples
Density: max memory 932184064, total allocated 83886080, free 66434952, used 17451128, increment 80184
linearPredictor: max memory 932184064, total allocated 83886080, free 65758920, used 18127160, increment 676032
FeaturedSpace: max memory 932184064, total allocated 83886080, free 65758920, used 18127160, increment 0
Sequential: max memory 932184064, total allocated 83886080, free 65758920, used 18127160, increment 0
Initial loss: 9.212438170058329
Time since start: 269.142
180: time = 0.402000 loss = 7.803639
Jackknife: leave bio_11 out
Making features
makeFeatures: max memory 932184064, total allocated 83886080, free 63513768, used 20372312, increment 2245152
Gustavia_santanderiensis_8 bio_11: 
Regularization values: linear/quadratic/product: 0.423, categorical: 0.250, threshold: 1.790, hinge: 0.500
21 samples
Density: max memory 932184064, total allocated 83886080, free 63433584, used 20452496, increment 80184
linearPredictor: max memory 932184064, total allocated 83886080, free 63353400, used 20532680, increment 80184
FeaturedSpace: max memory 932184064, total allocated 83886080, free 63353400, used 20532680, increment 0
Sequential: max memory 932184064, total allocated 83886080, free 63353400, used 20532680, increment 0
Initial loss: 9.212438170058329
180: time = 0.407000 loss = 7.803639
Jackknife: leave bio_12 out
Making features
makeFeatures: max memory 932184064, total allocated 83886080, free 60557976, used 23328104, increment 2795424
Gustavia_santanderiensis_8 bio_12: 
Regularization values: linear/quadratic/product: 0.423, categorical: 0.250, threshold: 1.790, hinge: 0.500
21 samples
Density: max memory 932184064, total allocated 83886080, free 59881944, used 24004136, increment 676032
linearPredictor: max memory 932184064, total allocated 83886080, free 59881944, used 24004136, increment 0
FeaturedSpace: max memory 932184064, total allocated 83886080, free 59881944, used 24004136, increment 0
Sequential: max memory 932184064, total allocated 83886080, free 59881944, used 24004136, increment 0
Initial loss: 9.212438170058329
180: time = 0.448000 loss = 7.803639
Jackknife: leave bio_13 out
Making features
makeFeatures: max memory 932184064, total allocated 83886080, free 57556608, used 26329472, increment 2325336
Gustavia_santanderiensis_8 bio_13: 
Regularization values: linear/quadratic/product: 0.423, categorical: 0.250, threshold: 1.790, hinge: 0.500
21 samples
Density: max memory 932184064, total allocated 83886080, free 57476424, used 26409656, increment 80184
linearPredictor: max memory 932184064, total allocated 83886080, free 57396240, used 26489840, increment 80184
FeaturedSpace: max memory 932184064, total allocated 83886080, free 57396240, used 26489840, increment 0
Sequential: max memory 932184064, total allocated 83886080, free 57396240, used 26489840, increment 0
Initial loss: 9.212438170058329
Time since start: 270.445
180: time = 0.385000 loss = 7.803639
Jackknife: leave bio_14 out
Making features
makeFeatures: max memory 932184064, total allocated 83886080, free 54600744, used 29285336, increment 2795496
Gustavia_santanderiensis_8 bio_14: 
Regularization values: linear/quadratic/product: 0.423, categorical: 0.250, threshold: 1.790, hinge: 0.500
21 samples
Density: max memory 932184064, total allocated 83886080, free 53924712, used 29961368, increment 676032
linearPredictor: max memory 932184064, total allocated 83886080, free 53924712, used 29961368, increment 0
FeaturedSpace: max memory 932184064, total allocated 83886080, free 53924712, used 29961368, increment 0
Sequential: max memory 932184064, total allocated 83886080, free 53924712, used 29961368, increment 0
Initial loss: 9.212438170058329
180: time = 0.401000 loss = 7.814305
Jackknife: leave bio_15 out
Making features
makeFeatures: max memory 932184064, total allocated 83886080, free 51599376, used 32286704, increment 2325336
Gustavia_santanderiensis_8 bio_15: 
Regularization values: linear/quadratic/product: 0.423, categorical: 0.250, threshold: 1.790, hinge: 0.500
21 samples
Density: max memory 932184064, total allocated 83886080, free 51519192, used 32366888, increment 80184
linearPredictor: max memory 932184064, total allocated 83886080, free 51439008, used 32447072, increment 80184
FeaturedSpace: max memory 932184064, total allocated 83886080, free 51439008, used 32447072, increment 0
Sequential: max memory 932184064, total allocated 83886080, free 51439008, used 32447072, increment 0
Initial loss: 9.212438170058329
200: time = 0.489000 loss = 8.032890
Jackknife: leave bio_16 out
Making features
makeFeatures: max memory 932184064, total allocated 83886080, free 48597984, used 35288096, increment 2841024
Gustavia_santanderiensis_8 bio_16: 
Regularization values: linear/quadratic/product: 0.423, categorical: 0.250, threshold: 1.790, hinge: 0.500
21 samples
Density: max memory 932184064, total allocated 83886080, free 48517800, used 35368280, increment 80184
linearPredictor: max memory 932184064, total allocated 83886080, free 48437616, used 35448464, increment 80184
FeaturedSpace: max memory 932184064, total allocated 83886080, free 48437616, used 35448464, increment 0
Sequential: max memory 932184064, total allocated 83886080, free 48437616, used 35448464, increment 0
Initial loss: 9.212438170058329
Time since start: 271.835
160: time = 0.452000 loss = 7.803639
Jackknife: leave bio_17 out
Making features
makeFeatures: max memory 932184064, total allocated 83886080, free 45676752, used 38209328, increment 2760864
Gustavia_santanderiensis_8 bio_17: 
Regularization values: linear/quadratic/product: 0.423, categorical: 0.250, threshold: 1.790, hinge: 0.500
21 samples
Density: max memory 932184064, total allocated 83886080, free 45596568, used 38289512, increment 80184
linearPredictor: max memory 932184064, total allocated 83886080, free 45516384, used 38369696, increment 80184
FeaturedSpace: max memory 932184064, total allocated 83886080, free 45516384, used 38369696, increment 0
Sequential: max memory 932184064, total allocated 83886080, free 45516384, used 38369696, increment 0
Initial loss: 9.212438170058329
140: time = 0.344000 loss = 7.808726
Jackknife: leave bio_2 out
Making features
makeFeatures: max memory 932184064, total allocated 83886080, free 42755464, used 41130616, increment 2760920
Gustavia_santanderiensis_8 bio_2: 
Regularization values: linear/quadratic/product: 0.423, categorical: 0.250, threshold: 1.790, hinge: 0.500
21 samples
Density: max memory 932184064, total allocated 83886080, free 42079432, used 41806648, increment 676032
linearPredictor: max memory 932184064, total allocated 83886080, free 42079432, used 41806648, increment 0
FeaturedSpace: max memory 932184064, total allocated 83886080, free 42079432, used 41806648, increment 0
Sequential: max memory 932184064, total allocated 83886080, free 42079432, used 41806648, increment 0
Initial loss: 9.212438170058329
160: time = 0.323000 loss = 7.803639
Jackknife: leave bio_3 out
Making features
makeFeatures: max memory 932184064, total allocated 83886080, free 39754096, used 44131984, increment 2325336
Gustavia_santanderiensis_8 bio_3: 
Regularization values: linear/quadratic/product: 0.423, categorical: 0.250, threshold: 1.790, hinge: 0.500
21 samples
Density: max memory 932184064, total allocated 83886080, free 39673912, used 44212168, increment 80184
linearPredictor: max memory 932184064, total allocated 83886080, free 39593728, used 44292352, increment 80184
FeaturedSpace: max memory 932184064, total allocated 83886080, free 39593728, used 44292352, increment 0
Sequential: max memory 932184064, total allocated 83886080, free 39593728, used 44292352, increment 0
Initial loss: 9.212438170058329
Time since start: 272.978
200: time = 0.429000 loss = 7.803639
Jackknife: leave bio_4 out
Making features
makeFeatures: max memory 932184064, total allocated 83886080, free 36798208, used 47087872, increment 2795520
Gustavia_santanderiensis_8 bio_4: 
Regularization values: linear/quadratic/product: 0.423, categorical: 0.250, threshold: 1.790, hinge: 0.500
21 samples
Density: max memory 932184064, total allocated 83886080, free 36122176, used 47763904, increment 676032
linearPredictor: max memory 932184064, total allocated 83886080, free 36122176, used 47763904, increment 0
FeaturedSpace: max memory 932184064, total allocated 83886080, free 36122176, used 47763904, increment 0
Sequential: max memory 932184064, total allocated 83886080, free 36122176, used 47763904, increment 0
Initial loss: 9.212438170058329
180: time = 0.361000 loss = 7.803639
Jackknife: leave bio_5 out
Making features
makeFeatures: max memory 932184064, total allocated 82313216, free 64365616, used 17947600, increment -29816304
Gustavia_santanderiensis_8 bio_5: 
Regularization values: linear/quadratic/product: 0.423, categorical: 0.250, threshold: 1.790, hinge: 0.500
21 samples
Density: max memory 932184064, total allocated 82313216, free 64365616, used 17947600, increment 0
linearPredictor: max memory 932184064, total allocated 82313216, free 64365616, used 17947600, increment 0
FeaturedSpace: max memory 932184064, total allocated 82313216, free 64365616, used 17947600, increment 0
Sequential: max memory 932184064, total allocated 82313216, free 64365616, used 17947600, increment 0
Initial loss: 9.212438170058329
180: time = 0.351000 loss = 7.821715
Jackknife: leave bio_6 out
Making features
makeFeatures: max memory 932184064, total allocated 82313216, free 61960096, used 20353120, increment 2405520
Gustavia_santanderiensis_8 bio_6: 
Regularization values: linear/quadratic/product: 0.423, categorical: 0.250, threshold: 1.790, hinge: 0.500
21 samples
Density: max memory 932184064, total allocated 82313216, free 61293272, used 21019944, increment 666824
linearPredictor: max memory 932184064, total allocated 82313216, free 61293272, used 21019944, increment 0
FeaturedSpace: max memory 932184064, total allocated 82313216, free 61293272, used 21019944, increment 0
Sequential: max memory 932184064, total allocated 82313216, free 61293272, used 21019944, increment 0
Initial loss: 9.212438170058329
Time since start: 274.098
200: time = 0.359000 loss = 7.817359
Jackknife: leave bio_7 out
Making features
makeFeatures: max memory 932184064, total allocated 82313216, free 58967936, used 23345280, increment 2325336
Gustavia_santanderiensis_8 bio_7: 
Regularization values: linear/quadratic/product: 0.423, categorical: 0.250, threshold: 1.790, hinge: 0.500
21 samples
Density: max memory 932184064, total allocated 82313216, free 58301112, used 24012104, increment 666824
linearPredictor: max memory 932184064, total allocated 82313216, free 58301112, used 24012104, increment 0
FeaturedSpace: max memory 932184064, total allocated 82313216, free 58301112, used 24012104, increment 0
Sequential: max memory 932184064, total allocated 82313216, free 58301112, used 24012104, increment 0
Initial loss: 9.212438170058329
160: time = 0.316000 loss = 7.803639
Jackknife: leave bio_ai_et0 out
Making features
makeFeatures: max memory 932184064, total allocated 82313216, free 55975776, used 26337440, increment 2325336
Gustavia_santanderiensis_8 bio_ai_et0: 
Regularization values: linear/quadratic/product: 0.423, categorical: 0.250, threshold: 1.790, hinge: 0.500
21 samples
Density: max memory 932184064, total allocated 82313216, free 55895592, used 26417624, increment 80184
linearPredictor: max memory 932184064, total allocated 82313216, free 55815408, used 26497808, increment 80184
FeaturedSpace: max memory 932184064, total allocated 82313216, free 55815408, used 26497808, increment 0
Sequential: max memory 932184064, total allocated 82313216, free 55815408, used 26497808, increment 0
Initial loss: 9.212438170058329
160: time = 0.323000 loss = 7.803639
Jackknife: leave bio_et0_yr out
Making features
makeFeatures: max memory 932184064, total allocated 82313216, free 53063656, used 29249560, increment 2751752
Gustavia_santanderiensis_8 bio_et0_yr: 
Regularization values: linear/quadratic/product: 0.423, categorical: 0.250, threshold: 1.790, hinge: 0.500
21 samples
Density: max memory 932184064, total allocated 82313216, free 52396832, used 29916384, increment 666824
linearPredictor: max memory 932184064, total allocated 82313216, free 52396832, used 29916384, increment 0
FeaturedSpace: max memory 932184064, total allocated 82313216, free 52396832, used 29916384, increment 0
Sequential: max memory 932184064, total allocated 82313216, free 52396832, used 29916384, increment 0
Initial loss: 9.212438170058329
Time since start: 275.107
160: time = 0.328000 loss = 7.803639
Jackknife: only bio_1
Making features
makeFeatures: max memory 932184064, total allocated 82313216, free 52396832, used 29916384, increment 0
Gustavia_santanderiensis_8 bio_1: 
Regularization values: linear/quadratic/product: 0.423, categorical: 0.250, threshold: 1.790, hinge: 0.500
21 samples
Density: max memory 932184064, total allocated 82313216, free 52396832, used 29916384, increment 0
linearPredictor: max memory 932184064, total allocated 82313216, free 52316648, used 29996568, increment 80184
FeaturedSpace: max memory 932184064, total allocated 82313216, free 52316648, used 29996568, increment 0
Sequential: max memory 932184064, total allocated 82313216, free 52316648, used 29996568, increment 0
Initial loss: 9.212438170058329
80: time = 0.264000 loss = 8.893087
Res.gain: 0.31935087852396826
Jackknife: only bio_10
Making features
makeFeatures: max memory 932184064, total allocated 82313216, free 51569640, used 30743576, increment 747008
Gustavia_santanderiensis_8 bio_10: 
Regularization values: linear/quadratic/product: 0.423, categorical: 0.250, threshold: 1.790, hinge: 0.500
21 samples
Density: max memory 932184064, total allocated 82313216, free 51569640, used 30743576, increment 0
linearPredictor: max memory 932184064, total allocated 82313216, free 51569640, used 30743576, increment 0
FeaturedSpace: max memory 932184064, total allocated 82313216, free 51569640, used 30743576, increment 0
Sequential: max memory 932184064, total allocated 82313216, free 51569640, used 30743576, increment 0
Initial loss: 9.212438170058329
80: time = 0.286000 loss = 8.914831
Res.gain: 0.29760670098929687
Jackknife: only bio_11
Making features
makeFeatures: max memory 932184064, total allocated 82313216, free 51569640, used 30743576, increment 0
Gustavia_santanderiensis_8 bio_11: 
Regularization values: linear/quadratic/product: 0.423, categorical: 0.250, threshold: 1.790, hinge: 0.500
21 samples
Density: max memory 932184064, total allocated 82313216, free 51569640, used 30743576, increment 0
linearPredictor: max memory 932184064, total allocated 82313216, free 51569640, used 30743576, increment 0
FeaturedSpace: max memory 932184064, total allocated 82313216, free 51569640, used 30743576, increment 0
Sequential: max memory 932184064, total allocated 82313216, free 51569640, used 30743576, increment 0
Initial loss: 9.212438170058329
80: time = 0.271000 loss = 8.908657
Res.gain: 0.303781423931758
Jackknife: only bio_12
Making features
makeFeatures: max memory 932184064, total allocated 82313216, free 50902696, used 31410520, increment 666944
Gustavia_santanderiensis_8 bio_12: 
Regularization values: linear/quadratic/product: 0.423, categorical: 0.250, threshold: 1.790, hinge: 0.500
21 samples
Density: max memory 932184064, total allocated 82313216, free 50902696, used 31410520, increment 0
linearPredictor: max memory 932184064, total allocated 82313216, free 50902696, used 31410520, increment 0
FeaturedSpace: max memory 932184064, total allocated 82313216, free 50902696, used 31410520, increment 0
Sequential: max memory 932184064, total allocated 82313216, free 50902696, used 31410520, increment 0
Initial loss: 9.212438170058329
Time since start: 276.19
60: time = 0.247000 loss = 9.156717
Res.gain: 0.055721163326200696
Jackknife: only bio_13
Making features
makeFeatures: max memory 932184064, total allocated 82313216, free 50902696, used 31410520, increment 0
Gustavia_santanderiensis_8 bio_13: 
Regularization values: linear/quadratic/product: 0.423, categorical: 0.250, threshold: 1.790, hinge: 0.500
21 samples
Density: max memory 932184064, total allocated 82313216, free 50902696, used 31410520, increment 0
linearPredictor: max memory 932184064, total allocated 82313216, free 50822512, used 31490704, increment 80184
FeaturedSpace: max memory 932184064, total allocated 82313216, free 50822512, used 31490704, increment 0
Sequential: max memory 932184064, total allocated 82313216, free 50822512, used 31490704, increment 0
Initial loss: 9.212438170058329
60: time = 0.230000 loss = 9.203230
Res.gain: 0.009208098372525342
Jackknife: only bio_14
Making features
makeFeatures: max memory 932184064, total allocated 82313216, free 50155568, used 32157648, increment 666944
Gustavia_santanderiensis_8 bio_14: 
Regularization values: linear/quadratic/product: 0.423, categorical: 0.250, threshold: 1.790, hinge: 0.500
21 samples
Density: max memory 932184064, total allocated 82313216, free 50155568, used 32157648, increment 0
linearPredictor: max memory 932184064, total allocated 82313216, free 50155568, used 32157648, increment 0
FeaturedSpace: max memory 932184064, total allocated 82313216, free 50155568, used 32157648, increment 0
Sequential: max memory 932184064, total allocated 82313216, free 50155568, used 32157648, increment 0
Initial loss: 9.212438170058329
60: time = 0.204000 loss = 9.148525
Res.gain: 0.06391363708972264
Jackknife: only bio_15
Making features
makeFeatures: max memory 932184064, total allocated 82313216, free 50155568, used 32157648, increment 0
Gustavia_santanderiensis_8 bio_15: 
Regularization values: linear/quadratic/product: 0.423, categorical: 0.250, threshold: 1.790, hinge: 0.500
21 samples
Density: max memory 932184064, total allocated 82313216, free 50155568, used 32157648, increment 0
linearPredictor: max memory 932184064, total allocated 82313216, free 50075384, used 32237832, increment 80184
FeaturedSpace: max memory 932184064, total allocated 82313216, free 50075384, used 32237832, increment 0
Sequential: max memory 932184064, total allocated 82313216, free 50075384, used 32237832, increment 0
Initial loss: 9.212438170058329
60: time = 0.195000 loss = 9.011698
Res.gain: 0.2007405464891061
Jackknife: only bio_16
Making features
makeFeatures: max memory 932184064, total allocated 82313216, free 49408536, used 32904680, increment 666848
Gustavia_santanderiensis_8 bio_16: 
Regularization values: linear/quadratic/product: 0.423, categorical: 0.250, threshold: 1.790, hinge: 0.500
21 samples
Density: max memory 932184064, total allocated 82313216, free 49408536, used 32904680, increment 0
linearPredictor: max memory 932184064, total allocated 82313216, free 49408536, used 32904680, increment 0
FeaturedSpace: max memory 932184064, total allocated 82313216, free 49408536, used 32904680, increment 0
Sequential: max memory 932184064, total allocated 82313216, free 49408536, used 32904680, increment 0
Initial loss: 9.212438170058329
60: time = 0.235000 loss = 9.205847
Res.gain: 0.0065915677406245266
Jackknife: only bio_17
Making features
makeFeatures: max memory 932184064, total allocated 82313216, free 49408536, used 32904680, increment 0
Gustavia_santanderiensis_8 bio_17: 
Regularization values: linear/quadratic/product: 0.423, categorical: 0.250, threshold: 1.790, hinge: 0.500
21 samples
Density: max memory 932184064, total allocated 82313216, free 49408536, used 32904680, increment 0
linearPredictor: max memory 932184064, total allocated 82313216, free 48741712, used 33571504, increment 666824
FeaturedSpace: max memory 932184064, total allocated 82313216, free 48741712, used 33571504, increment 0
Sequential: max memory 932184064, total allocated 82313216, free 48741712, used 33571504, increment 0
Initial loss: 9.212438170058329
Time since start: 277.238
100: time = 0.168000 loss = 8.905103
Res.gain: 0.3073351782185316
Jackknife: only bio_2
Making features
makeFeatures: max memory 932184064, total allocated 82313216, free 48741712, used 33571504, increment 0
Gustavia_santanderiensis_8 bio_2: 
Regularization values: linear/quadratic/product: 0.423, categorical: 0.250, threshold: 1.790, hinge: 0.500
21 samples
Density: max memory 932184064, total allocated 82313216, free 48741712, used 33571504, increment 0
linearPredictor: max memory 932184064, total allocated 82313216, free 48741712, used 33571504, increment 0
FeaturedSpace: max memory 932184064, total allocated 82313216, free 48741712, used 33571504, increment 0
Sequential: max memory 932184064, total allocated 82313216, free 48741712, used 33571504, increment 0
Initial loss: 9.212438170058329
60: time = 0.234000 loss = 9.157512
Res.gain: 0.05492646320320205
Jackknife: only bio_3
Making features
makeFeatures: max memory 932184064, total allocated 82313216, free 48661528, used 33651688, increment 80184
Gustavia_santanderiensis_8 bio_3: 
Regularization values: linear/quadratic/product: 0.423, categorical: 0.250, threshold: 1.790, hinge: 0.500
21 samples
Density: max memory 932184064, total allocated 82313216, free 48581344, used 33731872, increment 80184
linearPredictor: max memory 932184064, total allocated 82313216, free 48501160, used 33812056, increment 80184
FeaturedSpace: max memory 932184064, total allocated 82313216, free 48501160, used 33812056, increment 0
Sequential: max memory 932184064, total allocated 82313216, free 48501160, used 33812056, increment 0
Initial loss: 9.212438170058329
60: time = 0.230000 loss = 9.170233
Res.gain: 0.04220487432685793
Jackknife: only bio_4
Making features
makeFeatures: max memory 932184064, total allocated 82313216, free 47754152, used 34559064, increment 747008
Gustavia_santanderiensis_8 bio_4: 
Regularization values: linear/quadratic/product: 0.423, categorical: 0.250, threshold: 1.790, hinge: 0.500
21 samples
Density: max memory 932184064, total allocated 82313216, free 47754152, used 34559064, increment 0
linearPredictor: max memory 932184064, total allocated 82313216, free 47754152, used 34559064, increment 0
FeaturedSpace: max memory 932184064, total allocated 82313216, free 47754152, used 34559064, increment 0
Sequential: max memory 932184064, total allocated 82313216, free 47754152, used 34559064, increment 0
Initial loss: 9.212438170058329
20: time = 0.101000 loss = 9.212438
Res.gain: 0.0
Jackknife: only bio_5
Making features
makeFeatures: max memory 932184064, total allocated 82313216, free 47754152, used 34559064, increment 0
Gustavia_santanderiensis_8 bio_5: 
Regularization values: linear/quadratic/product: 0.423, categorical: 0.250, threshold: 1.790, hinge: 0.500
21 samples
Density: max memory 932184064, total allocated 82313216, free 47754152, used 34559064, increment 0
linearPredictor: max memory 932184064, total allocated 82313216, free 47754152, used 34559064, increment 0
FeaturedSpace: max memory 932184064, total allocated 82313216, free 47754152, used 34559064, increment 0
Sequential: max memory 932184064, total allocated 82313216, free 47754152, used 34559064, increment 0
Initial loss: 9.212438170058329
80: time = 0.255000 loss = 8.911070
Res.gain: 0.30136851472759574
Jackknife: only bio_6
Making features
makeFeatures: max memory 932184064, total allocated 82313216, free 47593784, used 34719432, increment 160368
Gustavia_santanderiensis_8 bio_6: 
Regularization values: linear/quadratic/product: 0.423, categorical: 0.250, threshold: 1.790, hinge: 0.500
21 samples
Density: max memory 932184064, total allocated 82313216, free 46926960, used 35386256, increment 666824
linearPredictor: max memory 932184064, total allocated 82313216, free 46926960, used 35386256, increment 0
FeaturedSpace: max memory 932184064, total allocated 82313216, free 46926960, used 35386256, increment 0
Sequential: max memory 932184064, total allocated 82313216, free 46926960, used 35386256, increment 0
Initial loss: 9.212438170058329
Time since start: 278.355
80: time = 0.279000 loss = 8.866932
Res.gain: 0.34550592658931656
Jackknife: only bio_7
Making features
makeFeatures: max memory 932184064, total allocated 82313216, free 46926960, used 35386256, increment 0
Gustavia_santanderiensis_8 bio_7: 
Regularization values: linear/quadratic/product: 0.423, categorical: 0.250, threshold: 1.790, hinge: 0.500
21 samples
Density: max memory 932184064, total allocated 82313216, free 46926960, used 35386256, increment 0
linearPredictor: max memory 932184064, total allocated 82313216, free 46926960, used 35386256, increment 0
FeaturedSpace: max memory 932184064, total allocated 82313216, free 46926960, used 35386256, increment 0
Sequential: max memory 932184064, total allocated 82313216, free 46926960, used 35386256, increment 0
Initial loss: 9.212438170058329
40: time = 0.141000 loss = 9.212112
Res.gain: 3.2579207902827534E-4
Jackknife: only bio_ai_et0
Making features
makeFeatures: max memory 932184064, total allocated 82313216, free 46766592, used 35546624, increment 160368
Gustavia_santanderiensis_8 bio_ai_et0: 
Regularization values: linear/quadratic/product: 0.423, categorical: 0.250, threshold: 1.790, hinge: 0.500
21 samples
Density: max memory 932184064, total allocated 82313216, free 46686408, used 35626808, increment 80184
linearPredictor: max memory 932184064, total allocated 82313216, free 46606224, used 35706992, increment 80184
FeaturedSpace: max memory 932184064, total allocated 82313216, free 46606224, used 35706992, increment 0
Sequential: max memory 932184064, total allocated 82313216, free 46606224, used 35706992, increment 0
Initial loss: 9.212438170058329
60: time = 0.233000 loss = 9.197307
Res.gain: 0.01513163497300063
Jackknife: only bio_et0_yr
Making features
makeFeatures: max memory 932184064, total allocated 82313216, free 46445856, used 35867360, increment 160368
Gustavia_santanderiensis_8 bio_et0_yr: 
Regularization values: linear/quadratic/product: 0.423, categorical: 0.250, threshold: 1.790, hinge: 0.500
21 samples
Density: max memory 932184064, total allocated 82313216, free 46365672, used 35947544, increment 80184
linearPredictor: max memory 932184064, total allocated 82313216, free 45698848, used 36614368, increment 666824
FeaturedSpace: max memory 932184064, total allocated 82313216, free 45698848, used 36614368, increment 0
Sequential: max memory 932184064, total allocated 82313216, free 45698848, used 36614368, increment 0
Initial loss: 9.212438170058329
60: time = 0.214000 loss = 9.159326
Res.gain: 0.05311235417648419
getSamples: max memory 932184064, total allocated 82313216, free 40889032, used 41424184, increment 4809816
Making features
makeFeatures: max memory 932184064, total allocated 82313216, free 38403824, used 43909392, increment 2485208
Gustavia_santanderiensis_9: 
Regularization values: linear/quadratic/product: 0.423, categorical: 0.250, threshold: 1.790, hinge: 0.500
21 samples
Density: max memory 932184064, total allocated 82313216, free 38323656, used 43989560, increment 80168
linearPredictor: max memory 932184064, total allocated 82313216, free 38243488, used 44069728, increment 80168
FeaturedSpace: max memory 932184064, total allocated 82313216, free 38243488, used 44069728, increment 0
Sequential: max memory 932184064, total allocated 82313216, free 38243488, used 44069728, increment 0
Initial loss: 9.212238569259263
Time since start: 279.513
220: time = 0.416000 loss = 7.588776
Resulting gain: 1.6234622612348204
Projecting...
Writing file C:\Users\Camila\Desktop\Modelo opc3\Final_Models\M_3_F_lq_Set_1\Gustavia_santanderiensis_9.asc
Time since start: 281.924
Writing C:\Users\Camila\Desktop\Modelo opc3\Final_Models\M_3_F_lq_Set_1\plots\Gustavia_santanderiensis_9.png
Gustavia_santanderiensis_9 response curves
Time since start: 285.884
Response curve: only bio_1
Making features
makeFeatures: max memory 932184064, total allocated 95420416, free 45637152, used 49783264, increment 5713536
Gustavia_santanderiensis_9 bio_1: 
Regularization values: linear/quadratic/product: 0.423, categorical: 0.250, threshold: 1.790, hinge: 0.500
21 samples
Density: max memory 932184064, total allocated 95420416, free 44767368, used 50653048, increment 869784
linearPredictor: max memory 932184064, total allocated 95420416, free 44767368, used 50653048, increment 0
FeaturedSpace: max memory 932184064, total allocated 95420416, free 44767368, used 50653048, increment 0
Sequential: max memory 932184064, total allocated 95420416, free 44767368, used 50653048, increment 0
Initial loss: 9.212238569259263
100: time = 0.821000 loss = 8.858579
Resulting gain: 0.3536592743773639
Gustavia_santanderiensis_9 response curves
Response curve: only bio_10
Making features
makeFeatures: max memory 932184064, total allocated 95420416, free 41113376, used 54307040, increment 3653992
Gustavia_santanderiensis_9 bio_10: 
Regularization values: linear/quadratic/product: 0.423, categorical: 0.250, threshold: 1.790, hinge: 0.500
21 samples
Density: max memory 932184064, total allocated 95420416, free 41033208, used 54387208, increment 80168
linearPredictor: max memory 932184064, total allocated 95420416, free 40953040, used 54467376, increment 80168
FeaturedSpace: max memory 932184064, total allocated 95420416, free 40953040, used 54467376, increment 0
Sequential: max memory 932184064, total allocated 95420416, free 40953040, used 54467376, increment 0
Initial loss: 9.212238569259263
Time since start: 287.149
80: time = 0.272000 loss = 8.893980
Resulting gain: 0.3182586759084032
Gustavia_santanderiensis_9 response curves
Response curve: only bio_11
Making features
makeFeatures: max memory 932184064, total allocated 95420416, free 36392080, used 59028336, increment 4560960
Gustavia_santanderiensis_9 bio_11: 
Regularization values: linear/quadratic/product: 0.423, categorical: 0.250, threshold: 1.790, hinge: 0.500
21 samples
Density: max memory 932184064, total allocated 95420416, free 36392080, used 59028336, increment 0
linearPredictor: max memory 932184064, total allocated 95420416, free 36392080, used 59028336, increment 0
FeaturedSpace: max memory 932184064, total allocated 95420416, free 36392080, used 59028336, increment 0
Sequential: max memory 932184064, total allocated 95420416, free 36392080, used 59028336, increment 0
Initial loss: 9.212238569259263
100: time = 0.357000 loss = 8.871320
Resulting gain: 0.3409183356171752
Gustavia_santanderiensis_9 response curves
Response curve: only bio_12
Making features
makeFeatures: max memory 932184064, total allocated 95420416, free 31950968, used 63469448, increment 4441112
Gustavia_santanderiensis_9 bio_12: 
Regularization values: linear/quadratic/product: 0.423, categorical: 0.250, threshold: 1.790, hinge: 0.500
21 samples
Density: max memory 932184064, total allocated 95420416, free 31950968, used 63469448, increment 0
linearPredictor: max memory 932184064, total allocated 95420416, free 31950968, used 63469448, increment 0
FeaturedSpace: max memory 932184064, total allocated 95420416, free 31950968, used 63469448, increment 0
Sequential: max memory 932184064, total allocated 95420416, free 31950968, used 63469448, increment 0
Initial loss: 9.212238569259263
Time since start: 288.603
60: time = 0.758000 loss = 9.085226
Resulting gain: 0.12701227271416649
Gustavia_santanderiensis_9 response curves
Response curve: only bio_13
Making features
makeFeatures: max memory 932184064, total allocated 95420416, free 27507568, used 67912848, increment 4443400
Gustavia_santanderiensis_9 bio_13: 
Regularization values: linear/quadratic/product: 0.423, categorical: 0.250, threshold: 1.790, hinge: 0.500
21 samples
Density: max memory 932184064, total allocated 95420416, free 27507568, used 67912848, increment 0
linearPredictor: max memory 932184064, total allocated 95420416, free 27507568, used 67912848, increment 0
FeaturedSpace: max memory 932184064, total allocated 95420416, free 27507568, used 67912848, increment 0
Sequential: max memory 932184064, total allocated 95420416, free 27507568, used 67912848, increment 0
Initial loss: 9.212238569259263
60: time = 0.242000 loss = 9.189183
Resulting gain: 0.023055984529502638
Gustavia_santanderiensis_9 response curves
Response curve: only bio_14
Making features
makeFeatures: max memory 932184064, total allocated 95420416, free 23046856, used 72373560, increment 4460712
Gustavia_santanderiensis_9 bio_14: 
Regularization values: linear/quadratic/product: 0.423, categorical: 0.250, threshold: 1.790, hinge: 0.500
21 samples
Density: max memory 932184064, total allocated 95420416, free 23046856, used 72373560, increment 0
linearPredictor: max memory 932184064, total allocated 95420416, free 23046856, used 72373560, increment 0
FeaturedSpace: max memory 932184064, total allocated 95420416, free 23046856, used 72373560, increment 0
Sequential: max memory 932184064, total allocated 95420416, free 23046856, used 72373560, increment 0
Initial loss: 9.212238569259263
60: time = 0.234000 loss = 9.088764
Resulting gain: 0.12347446920858118
Gustavia_santanderiensis_9 response curves
Time since start: 289.655
Response curve: only bio_15
Making features
makeFeatures: max memory 932184064, total allocated 95420416, free 18602496, used 76817920, increment 4444360
Gustavia_santanderiensis_9 bio_15: 
Regularization values: linear/quadratic/product: 0.423, categorical: 0.250, threshold: 1.790, hinge: 0.500
21 samples
Density: max memory 932184064, total allocated 95420416, free 18602496, used 76817920, increment 0
linearPredictor: max memory 932184064, total allocated 95420416, free 18602496, used 76817920, increment 0
FeaturedSpace: max memory 932184064, total allocated 95420416, free 18602496, used 76817920, increment 0
Sequential: max memory 932184064, total allocated 95420416, free 18602496, used 76817920, increment 0
Initial loss: 9.212238569259263
60: time = 0.213000 loss = 8.980964
Resulting gain: 0.23127428640707848
Gustavia_santanderiensis_9 response curves
Response curve: only bio_16
Making features
makeFeatures: max memory 932184064, total allocated 92274688, free 54654392, used 37620296, increment -39197624
Gustavia_santanderiensis_9 bio_16: 
Regularization values: linear/quadratic/product: 0.423, categorical: 0.250, threshold: 1.790, hinge: 0.500
21 samples
Density: max memory 932184064, total allocated 92274688, free 54574224, used 37700464, increment 80168
linearPredictor: max memory 932184064, total allocated 92274688, free 54494056, used 37780632, increment 80168
FeaturedSpace: max memory 932184064, total allocated 92274688, free 54494056, used 37780632, increment 0
Sequential: max memory 932184064, total allocated 92274688, free 54494056, used 37780632, increment 0
Initial loss: 9.212238569259263
60: time = 0.223000 loss = 9.179755
Resulting gain: 0.03248352879066374
Gustavia_santanderiensis_9 response curves
Response curve: only bio_17
Making features
makeFeatures: max memory 932184064, total allocated 92274688, free 50132280, used 42142408, increment 4361776
Gustavia_santanderiensis_9 bio_17: 
Regularization values: linear/quadratic/product: 0.423, categorical: 0.250, threshold: 1.790, hinge: 0.500
21 samples
Density: max memory 932184064, total allocated 92274688, free 50132280, used 42142408, increment 0
linearPredictor: max memory 932184064, total allocated 92274688, free 50052112, used 42222576, increment 80168
FeaturedSpace: max memory 932184064, total allocated 92274688, free 50052112, used 42222576, increment 0
Sequential: max memory 932184064, total allocated 92274688, free 50052112, used 42222576, increment 0
Initial loss: 9.212238569259263
100: time = 0.165000 loss = 8.812060
Resulting gain: 0.4001783285347589
Gustavia_santanderiensis_9 response curves
Time since start: 290.726
Response curve: only bio_2
Making features
makeFeatures: max memory 932184064, total allocated 92274688, free 45690360, used 46584328, increment 4361752
Gustavia_santanderiensis_9 bio_2: 
Regularization values: linear/quadratic/product: 0.423, categorical: 0.250, threshold: 1.790, hinge: 0.500
21 samples
Density: max memory 932184064, total allocated 92274688, free 45690360, used 46584328, increment 0
linearPredictor: max memory 932184064, total allocated 92274688, free 45690360, used 46584328, increment 0
FeaturedSpace: max memory 932184064, total allocated 92274688, free 45690360, used 46584328, increment 0
Sequential: max memory 932184064, total allocated 92274688, free 45690360, used 46584328, increment 0
Initial loss: 9.212238569259263
60: time = 0.740000 loss = 9.171836
Resulting gain: 0.040403025519450964
Gustavia_santanderiensis_9 response curves
Response curve: only bio_3
Making features
makeFeatures: max memory 932184064, total allocated 92274688, free 41328600, used 50946088, increment 4361760
Gustavia_santanderiensis_9 bio_3: 
Regularization values: linear/quadratic/product: 0.423, categorical: 0.250, threshold: 1.790, hinge: 0.500
21 samples
Density: max memory 932184064, total allocated 92274688, free 41328600, used 50946088, increment 0
linearPredictor: max memory 932184064, total allocated 92274688, free 41248432, used 51026256, increment 80168
FeaturedSpace: max memory 932184064, total allocated 92274688, free 41248432, used 51026256, increment 0
Sequential: max memory 932184064, total allocated 92274688, free 41248432, used 51026256, increment 0
Initial loss: 9.212238569259263
Time since start: 291.868
60: time = 0.239000 loss = 9.135574
Resulting gain: 0.07666486330868238
Gustavia_santanderiensis_9 response curves
Response curve: only bio_4
Making features
makeFeatures: max memory 932184064, total allocated 92274688, free 36886648, used 55388040, increment 4361784
Gustavia_santanderiensis_9 bio_4: 
Regularization values: linear/quadratic/product: 0.423, categorical: 0.250, threshold: 1.790, hinge: 0.500
21 samples
Density: max memory 932184064, total allocated 92274688, free 36886648, used 55388040, increment 0
linearPredictor: max memory 932184064, total allocated 92274688, free 36806480, used 55468208, increment 80168
FeaturedSpace: max memory 932184064, total allocated 92274688, free 36806480, used 55468208, increment 0
Sequential: max memory 932184064, total allocated 92274688, free 36806480, used 55468208, increment 0
Initial loss: 9.212238569259263
60: time = 0.237000 loss = 9.204815
Resulting gain: 0.007423370106707239
Gustavia_santanderiensis_9 response curves
Response curve: only bio_5
Making features
makeFeatures: max memory 932184064, total allocated 92274688, free 32444688, used 59830000, increment 4361792
Gustavia_santanderiensis_9 bio_5: 
Regularization values: linear/quadratic/product: 0.423, categorical: 0.250, threshold: 1.790, hinge: 0.500
21 samples
Density: max memory 932184064, total allocated 92274688, free 32444688, used 59830000, increment 0
linearPredictor: max memory 932184064, total allocated 92274688, free 32364520, used 59910168, increment 80168
FeaturedSpace: max memory 932184064, total allocated 92274688, free 32364520, used 59910168, increment 0
Sequential: max memory 932184064, total allocated 92274688, free 32364520, used 59910168, increment 0
Initial loss: 9.212238569259263
80: time = 0.322000 loss = 8.909037
Resulting gain: 0.3032017123546211
Gustavia_santanderiensis_9 response curves
Time since start: 293.54
Response curve: only bio_6
Making features
makeFeatures: max memory 932184064, total allocated 92274688, free 28002736, used 64271952, increment 4361784
Gustavia_santanderiensis_9 bio_6: 
Regularization values: linear/quadratic/product: 0.423, categorical: 0.250, threshold: 1.790, hinge: 0.500
21 samples
Density: max memory 932184064, total allocated 92274688, free 28002736, used 64271952, increment 0
linearPredictor: max memory 932184064, total allocated 92274688, free 27922568, used 64352120, increment 80168
FeaturedSpace: max memory 932184064, total allocated 92274688, free 27922568, used 64352120, increment 0
Sequential: max memory 932184064, total allocated 92274688, free 27922568, used 64352120, increment 0
Initial loss: 9.212238569259263
100: time = 0.258000 loss = 8.817337
Resulting gain: 0.39490119892492004
Gustavia_santanderiensis_9 response curves
Response curve: only bio_7
Making features
makeFeatures: max memory 932184064, total allocated 92274688, free 23560816, used 68713872, increment 4361752
Gustavia_santanderiensis_9 bio_7: 
Regularization values: linear/quadratic/product: 0.423, categorical: 0.250, threshold: 1.790, hinge: 0.500
21 samples
Density: max memory 932184064, total allocated 92274688, free 23560816, used 68713872, increment 0
linearPredictor: max memory 932184064, total allocated 92274688, free 23480648, used 68794040, increment 80168
FeaturedSpace: max memory 932184064, total allocated 92274688, free 23480648, used 68794040, increment 0
Sequential: max memory 932184064, total allocated 92274688, free 23480648, used 68794040, increment 0
Initial loss: 9.212238569259263
20: time = 0.105000 loss = 9.212239
Resulting gain: 0.0
Gustavia_santanderiensis_9 response curves
Response curve: only bio_ai_et0
Making features
makeFeatures: max memory 932184064, total allocated 92274688, free 19118864, used 73155824, increment 4361784
Gustavia_santanderiensis_9 bio_ai_et0: 
Regularization values: linear/quadratic/product: 0.423, categorical: 0.250, threshold: 1.790, hinge: 0.500
21 samples
Density: max memory 932184064, total allocated 92274688, free 19118864, used 73155824, increment 0
linearPredictor: max memory 932184064, total allocated 92274688, free 19118864, used 73155824, increment 0
FeaturedSpace: max memory 932184064, total allocated 92274688, free 19118864, used 73155824, increment 0
Sequential: max memory 932184064, total allocated 92274688, free 19118864, used 73155824, increment 0
Initial loss: 9.212238569259263
60: time = 0.231000 loss = 9.147559
Resulting gain: 0.06467992002525236
Gustavia_santanderiensis_9 response curves
Time since start: 294.651
Response curve: only bio_et0_yr
Making features
makeFeatures: max memory 932184064, total allocated 92274688, free 14757080, used 77517608, increment 4361784
Gustavia_santanderiensis_9 bio_et0_yr: 
Regularization values: linear/quadratic/product: 0.423, categorical: 0.250, threshold: 1.790, hinge: 0.500
21 samples
Density: max memory 932184064, total allocated 92274688, free 14757080, used 77517608, increment 0
linearPredictor: max memory 932184064, total allocated 92274688, free 14676912, used 77597776, increment 80168
FeaturedSpace: max memory 932184064, total allocated 92274688, free 14676912, used 77597776, increment 0
Sequential: max memory 932184064, total allocated 92274688, free 14676912, used 77597776, increment 0
Initial loss: 9.212238569259263
60: time = 0.236000 loss = 9.159509
Resulting gain: 0.052729678498662835
Gustavia_santanderiensis_9 response curves
Jackknife: leave bio_1 out
Making features
makeFeatures: max memory 932184064, total allocated 85983232, free 38411624, used 47571608, increment -30026168
Gustavia_santanderiensis_9 bio_1: 
Regularization values: linear/quadratic/product: 0.423, categorical: 0.250, threshold: 1.790, hinge: 0.500
21 samples
Density: max memory 932184064, total allocated 85983232, free 38331456, used 47651776, increment 80168
linearPredictor: max memory 932184064, total allocated 85983232, free 38251288, used 47731944, increment 80168
FeaturedSpace: max memory 932184064, total allocated 85983232, free 38251288, used 47731944, increment 0
Sequential: max memory 932184064, total allocated 85983232, free 38251288, used 47731944, increment 0
Initial loss: 9.212238569259263
Time since start: 296.377
200: time = 0.855000 loss = 7.588776
Jackknife: leave bio_10 out
Making features
makeFeatures: max memory 932184064, total allocated 85983232, free 35402912, used 50580320, increment 2848376
Gustavia_santanderiensis_9 bio_10: 
Regularization values: linear/quadratic/product: 0.423, categorical: 0.250, threshold: 1.790, hinge: 0.500
21 samples
Density: max memory 932184064, total allocated 85983232, free 35322744, used 50660488, increment 80168
linearPredictor: max memory 932184064, total allocated 85983232, free 35242576, used 50740656, increment 80168
FeaturedSpace: max memory 932184064, total allocated 85983232, free 35242576, used 50740656, increment 0
Sequential: max memory 932184064, total allocated 85983232, free 35242576, used 50740656, increment 0
Initial loss: 9.212238569259263
200: time = 0.385000 loss = 7.588777
Jackknife: leave bio_11 out
Making features
makeFeatures: max memory 932184064, total allocated 85983232, free 32432144, used 53551088, increment 2810432
Gustavia_santanderiensis_9 bio_11: 
Regularization values: linear/quadratic/product: 0.423, categorical: 0.250, threshold: 1.790, hinge: 0.500
21 samples
Density: max memory 932184064, total allocated 85983232, free 32351976, used 53631256, increment 80168
linearPredictor: max memory 932184064, total allocated 85983232, free 32271808, used 53711424, increment 80168
FeaturedSpace: max memory 932184064, total allocated 85983232, free 32271808, used 53711424, increment 0
Sequential: max memory 932184064, total allocated 85983232, free 32271808, used 53711424, increment 0
Initial loss: 9.212238569259263
200: time = 0.426000 loss = 7.588776
Jackknife: leave bio_12 out
Making features
makeFeatures: max memory 932184064, total allocated 85983232, free 29423552, used 56559680, increment 2848256
Gustavia_santanderiensis_9 bio_12: 
Regularization values: linear/quadratic/product: 0.423, categorical: 0.250, threshold: 1.790, hinge: 0.500
21 samples
Density: max memory 932184064, total allocated 85983232, free 29343384, used 56639848, increment 80168
linearPredictor: max memory 932184064, total allocated 85983232, free 29263216, used 56720016, increment 80168
FeaturedSpace: max memory 932184064, total allocated 85983232, free 29263216, used 56720016, increment 0
Sequential: max memory 932184064, total allocated 85983232, free 29263216, used 56720016, increment 0
Initial loss: 9.212238569259263
Time since start: 297.643
200: time = 0.408000 loss = 7.588776
Jackknife: leave bio_13 out
Making features
makeFeatures: max memory 932184064, total allocated 85983232, free 26414968, used 59568264, increment 2848248
Gustavia_santanderiensis_9 bio_13: 
Regularization values: linear/quadratic/product: 0.423, categorical: 0.250, threshold: 1.790, hinge: 0.500
21 samples
Density: max memory 932184064, total allocated 85983232, free 26334800, used 59648432, increment 80168
linearPredictor: max memory 932184064, total allocated 85983232, free 26254632, used 59728600, increment 80168
FeaturedSpace: max memory 932184064, total allocated 85983232, free 26254632, used 59728600, increment 0
Sequential: max memory 932184064, total allocated 85983232, free 26254632, used 59728600, increment 0
Initial loss: 9.212238569259263
200: time = 0.363000 loss = 7.588776
Jackknife: leave bio_14 out
Making features
makeFeatures: max memory 932184064, total allocated 85983232, free 22883280, used 63099952, increment 3371352
Gustavia_santanderiensis_9 bio_14: 
Regularization values: linear/quadratic/product: 0.423, categorical: 0.250, threshold: 1.790, hinge: 0.500
21 samples
Density: max memory 932184064, total allocated 85983232, free 22883280, used 63099952, increment 0
linearPredictor: max memory 932184064, total allocated 85983232, free 22883280, used 63099952, increment 0
FeaturedSpace: max memory 932184064, total allocated 85983232, free 22883280, used 63099952, increment 0
Sequential: max memory 932184064, total allocated 85983232, free 22883280, used 63099952, increment 0
Initial loss: 9.212238569259263
200: time = 0.353000 loss = 7.611963
Jackknife: leave bio_15 out
Making features
makeFeatures: max memory 932184064, total allocated 85983232, free 20478240, used 65504992, increment 2405040
Gustavia_santanderiensis_9 bio_15: 
Regularization values: linear/quadratic/product: 0.423, categorical: 0.250, threshold: 1.790, hinge: 0.500
21 samples
Density: max memory 932184064, total allocated 85983232, free 19714456, used 66268776, increment 763784
linearPredictor: max memory 932184064, total allocated 85983232, free 19714456, used 66268776, increment 0
FeaturedSpace: max memory 932184064, total allocated 85983232, free 19714456, used 66268776, increment 0
Sequential: max memory 932184064, total allocated 85983232, free 19714456, used 66268776, increment 0
Initial loss: 9.212238569259263
Time since start: 298.818
220: time = 0.422000 loss = 7.749304
Jackknife: leave bio_16 out
Making features
makeFeatures: max memory 932184064, total allocated 85983232, free 17469752, used 68513480, increment 2244704
Gustavia_santanderiensis_9 bio_16: 
Regularization values: linear/quadratic/product: 0.423, categorical: 0.250, threshold: 1.790, hinge: 0.500
21 samples
Density: max memory 932184064, total allocated 85983232, free 16705864, used 69277368, increment 763888
linearPredictor: max memory 932184064, total allocated 85983232, free 16705864, used 69277368, increment 0
FeaturedSpace: max memory 932184064, total allocated 85983232, free 16705864, used 69277368, increment 0
Sequential: max memory 932184064, total allocated 85983232, free 16705864, used 69277368, increment 0
Initial loss: 9.212238569259263
200: time = 0.355000 loss = 7.588776
Jackknife: leave bio_17 out
Making features
makeFeatures: max memory 932184064, total allocated 85983232, free 14461160, used 71522072, increment 2244704
Gustavia_santanderiensis_9 bio_17: 
Regularization values: linear/quadratic/product: 0.423, categorical: 0.250, threshold: 1.790, hinge: 0.500
21 samples
Density: max memory 932184064, total allocated 85983232, free 14380992, used 71602240, increment 80168
linearPredictor: max memory 932184064, total allocated 85983232, free 13617256, used 72365976, increment 763736
FeaturedSpace: max memory 932184064, total allocated 85983232, free 13617256, used 72365976, increment 0
Sequential: max memory 932184064, total allocated 85983232, free 13617256, used 72365976, increment 0
Initial loss: 9.212238569259263
180: time = 0.350000 loss = 7.613280
Jackknife: leave bio_2 out
Making features
makeFeatures: max memory 932184064, total allocated 84934656, free 47276008, used 37658648, increment -34707328
Gustavia_santanderiensis_9 bio_2: 
Regularization values: linear/quadratic/product: 0.423, categorical: 0.250, threshold: 1.790, hinge: 0.500
21 samples
Density: max memory 932184064, total allocated 84934656, free 46537848, used 38396808, increment 738160
linearPredictor: max memory 932184064, total allocated 84934656, free 46537848, used 38396808, increment 0
FeaturedSpace: max memory 932184064, total allocated 84934656, free 46537848, used 38396808, increment 0
Sequential: max memory 932184064, total allocated 84934656, free 46537848, used 38396808, increment 0
Initial loss: 9.212238569259263
Time since start: 299.919
200: time = 0.356000 loss = 7.588776
Jackknife: leave bio_3 out
Making features
makeFeatures: max memory 932184064, total allocated 84934656, free 43618808, used 41315848, increment 2919040
Gustavia_santanderiensis_9 bio_3: 
Regularization values: linear/quadratic/product: 0.423, categorical: 0.250, threshold: 1.790, hinge: 0.500
21 samples
Density: max memory 932184064, total allocated 84934656, free 43618808, used 41315848, increment 0
linearPredictor: max memory 932184064, total allocated 84934656, free 43618808, used 41315848, increment 0
FeaturedSpace: max memory 932184064, total allocated 84934656, free 43618808, used 41315848, increment 0
Sequential: max memory 932184064, total allocated 84934656, free 43618808, used 41315848, increment 0
Initial loss: 9.212238569259263
200: time = 0.352000 loss = 7.588776
Jackknife: leave bio_4 out
Making features
makeFeatures: max memory 932184064, total allocated 84934656, free 41213768, used 43720888, increment 2405040
Gustavia_santanderiensis_9 bio_4: 
Regularization values: linear/quadratic/product: 0.423, categorical: 0.250, threshold: 1.790, hinge: 0.500
21 samples
Density: max memory 932184064, total allocated 84934656, free 41133600, used 43801056, increment 80168
linearPredictor: max memory 932184064, total allocated 84934656, free 41053432, used 43881224, increment 80168
FeaturedSpace: max memory 932184064, total allocated 84934656, free 41053432, used 43881224, increment 0
Sequential: max memory 932184064, total allocated 84934656, free 41053432, used 43881224, increment 0
Initial loss: 9.212238569259263
200: time = 0.373000 loss = 7.592936
Jackknife: leave bio_5 out
Making features
makeFeatures: max memory 932184064, total allocated 84934656, free 38231000, used 46703656, increment 2822432
Gustavia_santanderiensis_9 bio_5: 
Regularization values: linear/quadratic/product: 0.423, categorical: 0.250, threshold: 1.790, hinge: 0.500
21 samples
Density: max memory 932184064, total allocated 84934656, free 38150832, used 46783824, increment 80168
linearPredictor: max memory 932184064, total allocated 84934656, free 38070664, used 46863992, increment 80168
FeaturedSpace: max memory 932184064, total allocated 84934656, free 38070664, used 46863992, increment 0
Sequential: max memory 932184064, total allocated 84934656, free 38070664, used 46863992, increment 0
Initial loss: 9.212238569259263
Time since start: 301.119
240: time = 0.435000 loss = 7.594099
Jackknife: leave bio_6 out
Making features
makeFeatures: max memory 932184064, total allocated 84934656, free 35248240, used 49686416, increment 2822424
Gustavia_santanderiensis_9 bio_6: 
Regularization values: linear/quadratic/product: 0.423, categorical: 0.250, threshold: 1.790, hinge: 0.500
21 samples
Density: max memory 932184064, total allocated 84934656, free 34510184, used 50424472, increment 738056
linearPredictor: max memory 932184064, total allocated 84934656, free 34510184, used 50424472, increment 0
FeaturedSpace: max memory 932184064, total allocated 84934656, free 34510184, used 50424472, increment 0
Sequential: max memory 932184064, total allocated 84934656, free 34510184, used 50424472, increment 0
Initial loss: 9.212238569259263
180: time = 0.327000 loss = 7.603150
Jackknife: leave bio_7 out
Making features
makeFeatures: max memory 932184064, total allocated 84934656, free 32265480, used 52669176, increment 2244704
Gustavia_santanderiensis_9 bio_7: 
Regularization values: linear/quadratic/product: 0.423, categorical: 0.250, threshold: 1.790, hinge: 0.500
21 samples
Density: max memory 932184064, total allocated 84934656, free 31527472, used 53407184, increment 738008
linearPredictor: max memory 932184064, total allocated 84934656, free 31527472, used 53407184, increment 0
FeaturedSpace: max memory 932184064, total allocated 84934656, free 31527472, used 53407184, increment 0
Sequential: max memory 932184064, total allocated 84934656, free 31527472, used 53407184, increment 0
Initial loss: 9.212238569259263
220: time = 0.388000 loss = 7.588776
Jackknife: leave bio_ai_et0 out
Making features
makeFeatures: max memory 932184064, total allocated 84934656, free 29202600, used 55732056, increment 2324872
Gustavia_santanderiensis_9 bio_ai_et0: 
Regularization values: linear/quadratic/product: 0.423, categorical: 0.250, threshold: 1.790, hinge: 0.500
21 samples
Density: max memory 932184064, total allocated 84934656, free 29122432, used 55812224, increment 80168
linearPredictor: max memory 932184064, total allocated 84934656, free 29042264, used 55892392, increment 80168
FeaturedSpace: max memory 932184064, total allocated 84934656, free 29042264, used 55892392, increment 0
Sequential: max memory 932184064, total allocated 84934656, free 29042264, used 55892392, increment 0
Initial loss: 9.212238569259263
Time since start: 302.238
200: time = 0.367000 loss = 7.588776
Jackknife: leave bio_et0_yr out
Making features
makeFeatures: max memory 932184064, total allocated 84934656, free 26219840, used 58714816, increment 2822424
Gustavia_santanderiensis_9 bio_et0_yr: 
Regularization values: linear/quadratic/product: 0.423, categorical: 0.250, threshold: 1.790, hinge: 0.500
21 samples
Density: max memory 932184064, total allocated 84934656, free 26139672, used 58794984, increment 80168
linearPredictor: max memory 932184064, total allocated 84934656, free 26059504, used 58875152, increment 80168
FeaturedSpace: max memory 932184064, total allocated 84934656, free 26059504, used 58875152, increment 0
Sequential: max memory 932184064, total allocated 84934656, free 26059504, used 58875152, increment 0
Initial loss: 9.212238569259263
200: time = 0.374000 loss = 7.588776
Jackknife: only bio_1
Making features
makeFeatures: max memory 932184064, total allocated 84934656, free 25321368, used 59613288, increment 738136
Gustavia_santanderiensis_9 bio_1: 
Regularization values: linear/quadratic/product: 0.423, categorical: 0.250, threshold: 1.790, hinge: 0.500
21 samples
Density: max memory 932184064, total allocated 84934656, free 25321368, used 59613288, increment 0
linearPredictor: max memory 932184064, total allocated 84934656, free 25321368, used 59613288, increment 0
FeaturedSpace: max memory 932184064, total allocated 84934656, free 25321368, used 59613288, increment 0
Sequential: max memory 932184064, total allocated 84934656, free 25321368, used 59613288, increment 0
Initial loss: 9.212238569259263
100: time = 0.328000 loss = 8.858579
Res.gain: 0.3536592743773639
Jackknife: only bio_10
Making features
makeFeatures: max memory 932184064, total allocated 84934656, free 25241200, used 59693456, increment 80168
Gustavia_santanderiensis_9 bio_10: 
Regularization values: linear/quadratic/product: 0.423, categorical: 0.250, threshold: 1.790, hinge: 0.500
21 samples
Density: max memory 932184064, total allocated 84934656, free 25161032, used 59773624, increment 80168
linearPredictor: max memory 932184064, total allocated 84934656, free 25080864, used 59853792, increment 80168
FeaturedSpace: max memory 932184064, total allocated 84934656, free 25080864, used 59853792, increment 0
Sequential: max memory 932184064, total allocated 84934656, free 25080864, used 59853792, increment 0
Initial loss: 9.212238569259263
80: time = 0.265000 loss = 8.893980
Res.gain: 0.3182586759084032
Jackknife: only bio_11
Making features
makeFeatures: max memory 932184064, total allocated 84934656, free 24342856, used 60591800, increment 738008
Gustavia_santanderiensis_9 bio_11: 
Regularization values: linear/quadratic/product: 0.423, categorical: 0.250, threshold: 1.790, hinge: 0.500
21 samples
Density: max memory 932184064, total allocated 84934656, free 24342856, used 60591800, increment 0
linearPredictor: max memory 932184064, total allocated 84934656, free 24342856, used 60591800, increment 0
FeaturedSpace: max memory 932184064, total allocated 84934656, free 24342856, used 60591800, increment 0
Sequential: max memory 932184064, total allocated 84934656, free 24342856, used 60591800, increment 0
Initial loss: 9.212238569259263
Time since start: 303.566
100: time = 0.338000 loss = 8.871320
Res.gain: 0.3409183356171752
Jackknife: only bio_12
Making features
makeFeatures: max memory 932184064, total allocated 84934656, free 24342856, used 60591800, increment 0
Gustavia_santanderiensis_9 bio_12: 
Regularization values: linear/quadratic/product: 0.423, categorical: 0.250, threshold: 1.790, hinge: 0.500
21 samples
Density: max memory 932184064, total allocated 84934656, free 24342856, used 60591800, increment 0
linearPredictor: max memory 932184064, total allocated 84934656, free 24342856, used 60591800, increment 0
FeaturedSpace: max memory 932184064, total allocated 84934656, free 24342856, used 60591800, increment 0
Sequential: max memory 932184064, total allocated 84934656, free 24342856, used 60591800, increment 0
Initial loss: 9.212238569259263
60: time = 0.215000 loss = 9.085226
Res.gain: 0.12701227271416649
Jackknife: only bio_13
Making features
makeFeatures: max memory 932184064, total allocated 84934656, free 23604816, used 61329840, increment 738040
Gustavia_santanderiensis_9 bio_13: 
Regularization values: linear/quadratic/product: 0.423, categorical: 0.250, threshold: 1.790, hinge: 0.500
21 samples
Density: max memory 932184064, total allocated 84934656, free 23604816, used 61329840, increment 0
linearPredictor: max memory 932184064, total allocated 84934656, free 23604816, used 61329840, increment 0
FeaturedSpace: max memory 932184064, total allocated 84934656, free 23604816, used 61329840, increment 0
Sequential: max memory 932184064, total allocated 84934656, free 23604816, used 61329840, increment 0
Initial loss: 9.212238569259263
60: time = 0.226000 loss = 9.189183
Res.gain: 0.023055984529502638
Jackknife: only bio_14
Making features
makeFeatures: max memory 932184064, total allocated 84934656, free 23604816, used 61329840, increment 0
Gustavia_santanderiensis_9 bio_14: 
Regularization values: linear/quadratic/product: 0.423, categorical: 0.250, threshold: 1.790, hinge: 0.500
21 samples
Density: max memory 932184064, total allocated 84934656, free 23604816, used 61329840, increment 0
linearPredictor: max memory 932184064, total allocated 84934656, free 23524648, used 61410008, increment 80168
FeaturedSpace: max memory 932184064, total allocated 84934656, free 23524648, used 61410008, increment 0
Sequential: max memory 932184064, total allocated 84934656, free 23524648, used 61410008, increment 0
Initial loss: 9.212238569259263
60: time = 0.212000 loss = 9.088764
Res.gain: 0.12347446920858118
Jackknife: only bio_15
Making features
makeFeatures: max memory 932184064, total allocated 84934656, free 23364312, used 61570344, increment 160336
Gustavia_santanderiensis_9 bio_15: 
Regularization values: linear/quadratic/product: 0.423, categorical: 0.250, threshold: 1.790, hinge: 0.500
21 samples
Density: max memory 932184064, total allocated 84934656, free 23284144, used 61650512, increment 80168
linearPredictor: max memory 932184064, total allocated 84934656, free 23203976, used 61730680, increment 80168
FeaturedSpace: max memory 932184064, total allocated 84934656, free 23203976, used 61730680, increment 0
Sequential: max memory 932184064, total allocated 84934656, free 23203976, used 61730680, increment 0
Initial loss: 9.212238569259263
60: time = 0.194000 loss = 8.980964
Res.gain: 0.23127428640707848
Jackknife: only bio_16
Making features
makeFeatures: max memory 932184064, total allocated 84934656, free 22465936, used 62468720, increment 738040
Gustavia_santanderiensis_9 bio_16: 
Regularization values: linear/quadratic/product: 0.423, categorical: 0.250, threshold: 1.790, hinge: 0.500
21 samples
Density: max memory 932184064, total allocated 84934656, free 22465936, used 62468720, increment 0
linearPredictor: max memory 932184064, total allocated 84934656, free 22465936, used 62468720, increment 0
FeaturedSpace: max memory 932184064, total allocated 84934656, free 22465936, used 62468720, increment 0
Sequential: max memory 932184064, total allocated 84934656, free 22465936, used 62468720, increment 0
Initial loss: 9.212238569259263
Time since start: 304.646
60: time = 0.218000 loss = 9.179755
Res.gain: 0.03248352879066374
Jackknife: only bio_17
Making features
makeFeatures: max memory 932184064, total allocated 84934656, free 22465936, used 62468720, increment 0
Gustavia_santanderiensis_9 bio_17: 
Regularization values: linear/quadratic/product: 0.423, categorical: 0.250, threshold: 1.790, hinge: 0.500
21 samples
Density: max memory 932184064, total allocated 84934656, free 22465936, used 62468720, increment 0
linearPredictor: max memory 932184064, total allocated 84934656, free 22465936, used 62468720, increment 0
FeaturedSpace: max memory 932184064, total allocated 84934656, free 22465936, used 62468720, increment 0
Sequential: max memory 932184064, total allocated 84934656, free 22465936, used 62468720, increment 0
Initial loss: 9.212238569259263
100: time = 0.164000 loss = 8.812060
Res.gain: 0.4001783285347589
Jackknife: only bio_2
Making features
makeFeatures: max memory 932184064, total allocated 84934656, free 21727904, used 63206752, increment 738032
Gustavia_santanderiensis_9 bio_2: 
Regularization values: linear/quadratic/product: 0.423, categorical: 0.250, threshold: 1.790, hinge: 0.500
21 samples
Density: max memory 932184064, total allocated 84934656, free 21727904, used 63206752, increment 0
linearPredictor: max memory 932184064, total allocated 84934656, free 21727904, used 63206752, increment 0
FeaturedSpace: max memory 932184064, total allocated 84934656, free 21727904, used 63206752, increment 0
Sequential: max memory 932184064, total allocated 84934656, free 21727904, used 63206752, increment 0
Initial loss: 9.212238569259263
60: time = 0.225000 loss = 9.171836
Res.gain: 0.040403025519450964
Jackknife: only bio_3
Making features
makeFeatures: max memory 932184064, total allocated 84934656, free 21727904, used 63206752, increment 0
Gustavia_santanderiensis_9 bio_3: 
Regularization values: linear/quadratic/product: 0.423, categorical: 0.250, threshold: 1.790, hinge: 0.500
21 samples
Density: max memory 932184064, total allocated 84934656, free 21727904, used 63206752, increment 0
linearPredictor: max memory 932184064, total allocated 84934656, free 21647736, used 63286920, increment 80168
FeaturedSpace: max memory 932184064, total allocated 84934656, free 21647736, used 63286920, increment 0
Sequential: max memory 932184064, total allocated 84934656, free 21647736, used 63286920, increment 0
Initial loss: 9.212238569259263
60: time = 0.227000 loss = 9.135574
Res.gain: 0.07666486330868238
Jackknife: only bio_4
Making features
makeFeatures: max memory 932184064, total allocated 84934656, free 20829560, used 64105096, increment 818176
Gustavia_santanderiensis_9 bio_4: 
Regularization values: linear/quadratic/product: 0.423, categorical: 0.250, threshold: 1.790, hinge: 0.500
21 samples
Density: max memory 932184064, total allocated 84934656, free 20829560, used 64105096, increment 0
linearPredictor: max memory 932184064, total allocated 84934656, free 20829560, used 64105096, increment 0
FeaturedSpace: max memory 932184064, total allocated 84934656, free 20829560, used 64105096, increment 0
Sequential: max memory 932184064, total allocated 84934656, free 20829560, used 64105096, increment 0
Initial loss: 9.212238569259263
60: time = 0.224000 loss = 9.204815
Res.gain: 0.007423370106707239
Jackknife: only bio_5
Making features
makeFeatures: max memory 932184064, total allocated 84934656, free 20829560, used 64105096, increment 0
Gustavia_santanderiensis_9 bio_5: 
Regularization values: linear/quadratic/product: 0.423, categorical: 0.250, threshold: 1.790, hinge: 0.500
21 samples
Density: max memory 932184064, total allocated 84934656, free 20829560, used 64105096, increment 0
linearPredictor: max memory 932184064, total allocated 84934656, free 20829560, used 64105096, increment 0
FeaturedSpace: max memory 932184064, total allocated 84934656, free 20829560, used 64105096, increment 0
Sequential: max memory 932184064, total allocated 84934656, free 20829560, used 64105096, increment 0
Initial loss: 9.212238569259263
Time since start: 305.769
80: time = 0.268000 loss = 8.909037
Res.gain: 0.3032017123546211
Jackknife: only bio_6
Making features
makeFeatures: max memory 932184064, total allocated 84934656, free 20669224, used 64265432, increment 160336
Gustavia_santanderiensis_9 bio_6: 
Regularization values: linear/quadratic/product: 0.423, categorical: 0.250, threshold: 1.790, hinge: 0.500
21 samples
Density: max memory 932184064, total allocated 84934656, free 20589056, used 64345600, increment 80168
linearPredictor: max memory 932184064, total allocated 84934656, free 20508888, used 64425768, increment 80168
FeaturedSpace: max memory 932184064, total allocated 84934656, free 20508888, used 64425768, increment 0
Sequential: max memory 932184064, total allocated 84934656, free 20508888, used 64425768, increment 0
Initial loss: 9.212238569259263
100: time = 0.238000 loss = 8.817337
Res.gain: 0.39490119892492004
Jackknife: only bio_7
Making features
makeFeatures: max memory 932184064, total allocated 84934656, free 19770856, used 65163800, increment 738032
Gustavia_santanderiensis_9 bio_7: 
Regularization values: linear/quadratic/product: 0.423, categorical: 0.250, threshold: 1.790, hinge: 0.500
21 samples
Density: max memory 932184064, total allocated 84934656, free 19770856, used 65163800, increment 0
linearPredictor: max memory 932184064, total allocated 84934656, free 19770856, used 65163800, increment 0
FeaturedSpace: max memory 932184064, total allocated 84934656, free 19770856, used 65163800, increment 0
Sequential: max memory 932184064, total allocated 84934656, free 19770856, used 65163800, increment 0
Initial loss: 9.212238569259263
20: time = 0.098000 loss = 9.212239
Res.gain: 0.0
Jackknife: only bio_ai_et0
Making features
makeFeatures: max memory 932184064, total allocated 84934656, free 19770856, used 65163800, increment 0
Gustavia_santanderiensis_9 bio_ai_et0: 
Regularization values: linear/quadratic/product: 0.423, categorical: 0.250, threshold: 1.790, hinge: 0.500
21 samples
Density: max memory 932184064, total allocated 84934656, free 19770856, used 65163800, increment 0
linearPredictor: max memory 932184064, total allocated 84934656, free 19770856, used 65163800, increment 0
FeaturedSpace: max memory 932184064, total allocated 84934656, free 19770856, used 65163800, increment 0
Sequential: max memory 932184064, total allocated 84934656, free 19770856, used 65163800, increment 0
Initial loss: 9.212238569259263
60: time = 0.220000 loss = 9.147559
Res.gain: 0.06467992002525236
Jackknife: only bio_et0_yr
Making features
makeFeatures: max memory 932184064, total allocated 84934656, free 19032816, used 65901840, increment 738040
Gustavia_santanderiensis_9 bio_et0_yr: 
Regularization values: linear/quadratic/product: 0.423, categorical: 0.250, threshold: 1.790, hinge: 0.500
21 samples
Density: max memory 932184064, total allocated 84934656, free 19032816, used 65901840, increment 0
linearPredictor: max memory 932184064, total allocated 84934656, free 19032816, used 65901840, increment 0
FeaturedSpace: max memory 932184064, total allocated 84934656, free 19032816, used 65901840, increment 0
Sequential: max memory 932184064, total allocated 84934656, free 19032816, used 65901840, increment 0
Initial loss: 9.212238569259263
60: time = 0.219000 loss = 9.159509
Res.gain: 0.052729678498662835
Time since start: 307.169
Creating average grid, stddev grid etc.
Writing file C:\Users\Camila\Desktop\Modelo opc3\Final_Models\M_3_F_lq_Set_1\Gustavia_santanderiensis_avg.asc
Writing file C:\Users\Camila\Desktop\Modelo opc3\Final_Models\M_3_F_lq_Set_1\Gustavia_santanderiensis_stddev.asc
Writing file C:\Users\Camila\Desktop\Modelo opc3\Final_Models\M_3_F_lq_Set_1\Gustavia_santanderiensis_min.asc
Writing file C:\Users\Camila\Desktop\Modelo opc3\Final_Models\M_3_F_lq_Set_1\Gustavia_santanderiensis_max.asc
Writing file C:\Users\Camila\Desktop\Modelo opc3\Final_Models\M_3_F_lq_Set_1\Gustavia_santanderiensis_median.asc
Time since start: 313.735
Writing C:\Users\Camila\Desktop\Modelo opc3\Final_Models\M_3_F_lq_Set_1\plots\Gustavia_santanderiensis_avg.png
Writing C:\Users\Camila\Desktop\Modelo opc3\Final_Models\M_3_F_lq_Set_1\plots\Gustavia_santanderiensis_stddev.png
Writing C:\Users\Camila\Desktop\Modelo opc3\Final_Models\M_3_F_lq_Set_1\plots\Gustavia_santanderiensis_min.png
Time since start: 315.335
Writing C:\Users\Camila\Desktop\Modelo opc3\Final_Models\M_3_F_lq_Set_1\plots\Gustavia_santanderiensis_max.png
Writing C:\Users\Camila\Desktop\Modelo opc3\Final_Models\M_3_F_lq_Set_1\plots\Gustavia_santanderiensis_median.png
Gustavia_santanderiensis average response curves
Time since start: 325.509
Ending
