Fri Apr 18 11:58:39 COT 2025
MaxEnt version 3.4.4
Checking header of C:\Users\Camila\Desktop\Modelo opc3\M_variables\Set_1\bio_1.asc
Checking header of C:\Users\Camila\Desktop\Modelo opc3\M_variables\Set_1\bio_10.asc
Checking header of C:\Users\Camila\Desktop\Modelo opc3\M_variables\Set_1\bio_11.asc
Checking header of C:\Users\Camila\Desktop\Modelo opc3\M_variables\Set_1\bio_12.asc
Checking header of C:\Users\Camila\Desktop\Modelo opc3\M_variables\Set_1\bio_13.asc
Checking header of C:\Users\Camila\Desktop\Modelo opc3\M_variables\Set_1\bio_14.asc
Checking header of C:\Users\Camila\Desktop\Modelo opc3\M_variables\Set_1\bio_15.asc
Checking header of C:\Users\Camila\Desktop\Modelo opc3\M_variables\Set_1\bio_16.asc
Checking header of C:\Users\Camila\Desktop\Modelo opc3\M_variables\Set_1\bio_17.asc
Checking header of C:\Users\Camila\Desktop\Modelo opc3\M_variables\Set_1\bio_2.asc
Checking header of C:\Users\Camila\Desktop\Modelo opc3\M_variables\Set_1\bio_3.asc
Checking header of C:\Users\Camila\Desktop\Modelo opc3\M_variables\Set_1\bio_4.asc
Checking header of C:\Users\Camila\Desktop\Modelo opc3\M_variables\Set_1\bio_5.asc
Checking header of C:\Users\Camila\Desktop\Modelo opc3\M_variables\Set_1\bio_6.asc
Checking header of C:\Users\Camila\Desktop\Modelo opc3\M_variables\Set_1\bio_7.asc
Checking header of C:\Users\Camila\Desktop\Modelo opc3\M_variables\Set_1\bio_ai_et0.asc
Checking header of C:\Users\Camila\Desktop\Modelo opc3\M_variables\Set_1\bio_et0_yr.asc
Reading samples from gustavia_joint.csv
Read samples: max memory 932184064, total allocated 96468992, free 79739824, used 16729168, increment 16729168
Extractor: max memory 932184064, total allocated 96468992, free 78699360, used 17769632, increment 1040464
Extracting random background and sample data
Time since start: 1.581
236229 points with values for all grids
Adding samples to background in feature space
Command line used:  environmentallayers=C:\Users\Camila\Desktop\Modelo opc3\M_variables\Set_1 samplesfile=C:\Users\Camila\Desktop\Modelo opc3\gustavia_joint.csv outputdirectory=C:\Users\Camila\Desktop\Modelo opc3\Final_Models\M_2_F_lq_Set_1 betamultiplier=2 autofeature=false linear=true quadratic=true product=false threshold=false hinge=false replicates=10 replicatetype=Bootstrap jackknife=true outputformat=cloglog extrapolate=false doclamp=false writeclampgrid=false writemess=false responsecurves=true warnings=false visible=false redoifexists autorun
Command line to repeat: java density.MaxEnt nowarnings noprefixes responsecurves jackknife "outputdirectory=C:\Users\Camila\Desktop\Modelo opc3\Final_Models\M_2_F_lq_Set_1" "samplesfile=C:\Users\Camila\Desktop\Modelo opc3\gustavia_joint.csv" "environmentallayers=C:\Users\Camila\Desktop\Modelo opc3\M_variables\Set_1" randomseed nowarnings noaskoverwrite nowriteclampgrid nowritemess betamultiplier=2.0 replicates=10 replicatetype=bootstrap noproduct nohinge autorun noextrapolate novisible noautofeature nodoclamp
Species: Gustavia_santanderiensis_0 Gustavia_santanderiensis_1 Gustavia_santanderiensis_2 Gustavia_santanderiensis_3 Gustavia_santanderiensis_4 Gustavia_santanderiensis_5 Gustavia_santanderiensis_6 Gustavia_santanderiensis_7 Gustavia_santanderiensis_8 Gustavia_santanderiensis_9
Layers: bio_1 bio_10 bio_11 bio_12 bio_13 bio_14 bio_15 bio_16 bio_17 bio_2 bio_3 bio_4 bio_5 bio_6 bio_7 bio_ai_et0 bio_et0_yr
Layertypes: Continuous Continuous Continuous Continuous Continuous Continuous Continuous Continuous Continuous Continuous Continuous Continuous Continuous Continuous Continuous Continuous Continuous
responsecurves: true
jackknife: true
outputdirectory: C:\Users\Camila\Desktop\Modelo opc3\Final_Models\M_2_F_lq_Set_1
samplesfile: C:\Users\Camila\Desktop\Modelo opc3\gustavia_joint.csv
environmentallayers: C:\Users\Camila\Desktop\Modelo opc3\M_variables\Set_1
randomseed: true
warnings: false
askoverwrite: false
writeclampgrid: false
writemess: false
betamultiplier: 2.0
replicates: 10
replicatetype: bootstrap
product: false
hinge: false
autorun: true
extrapolate: false
visible: false
autofeature: false
doclamp: false

getSamples: max memory 932184064, total allocated 96468992, free 89033040, used 7435952, increment -10333680
Making features
makeFeatures: max memory 932184064, total allocated 96468992, free 86467664, used 10001328, increment 2565376
Gustavia_santanderiensis_0: 
Regularization values: linear/quadratic/product: 0.423, categorical: 0.250, threshold: 1.790, hinge: 0.500
21 samples
Density: max memory 932184064, total allocated 96468992, free 85953016, used 10515976, increment 514648
linearPredictor: max memory 932184064, total allocated 96468992, free 85953016, used 10515976, increment 0
FeaturedSpace: max memory 932184064, total allocated 96468992, free 85953016, used 10515976, increment 0
Sequential: max memory 932184064, total allocated 96468992, free 85953016, used 10515976, increment 0
Initial loss: 9.212238569259263
240: time = 0.546000 loss = 7.349792
Resulting gain: 1.862447055288893
Time since start: 3.756
Projecting...
Writing file C:\Users\Camila\Desktop\Modelo opc3\Final_Models\M_2_F_lq_Set_1\Gustavia_santanderiensis_0.asc
Time since start: 5.624
Writing C:\Users\Camila\Desktop\Modelo opc3\Final_Models\M_2_F_lq_Set_1\plots\Gustavia_santanderiensis_0.png
Gustavia_santanderiensis_0 response curves
Time since start: 14.328
Response curve: only bio_1
Making features
makeFeatures: max memory 932184064, total allocated 178257920, free 136050904, used 42207016, increment 31691040
Gustavia_santanderiensis_0 bio_1: 
Regularization values: linear/quadratic/product: 0.423, categorical: 0.250, threshold: 1.790, hinge: 0.500
21 samples
Density: max memory 932184064, total allocated 178257920, free 136050904, used 42207016, increment 0
linearPredictor: max memory 932184064, total allocated 178257920, free 136050904, used 42207016, increment 0
FeaturedSpace: max memory 932184064, total allocated 178257920, free 136050904, used 42207016, increment 0
Sequential: max memory 932184064, total allocated 178257920, free 136050904, used 42207016, increment 0
Initial loss: 9.212238569259263
100: time = 0.374000 loss = 8.841516
Resulting gain: 0.37072290149687426
Gustavia_santanderiensis_0 response curves
Response curve: only bio_10
Making features
makeFeatures: max memory 932184064, total allocated 178257920, free 133029568, used 45228352, increment 3021336
Gustavia_santanderiensis_0 bio_10: 
Regularization values: linear/quadratic/product: 0.423, categorical: 0.250, threshold: 1.790, hinge: 0.500
21 samples
Density: max memory 932184064, total allocated 178257920, free 132949400, used 45308520, increment 80168
linearPredictor: max memory 932184064, total allocated 178257920, free 132869232, used 45388688, increment 80168
FeaturedSpace: max memory 932184064, total allocated 178257920, free 132869232, used 45388688, increment 0
Sequential: max memory 932184064, total allocated 178257920, free 132869232, used 45388688, increment 0
Initial loss: 9.212238569259263
100: time = 0.333000 loss = 8.876251
Resulting gain: 0.3359871045110818
Gustavia_santanderiensis_0 response curves
Time since start: 15.414
Response curve: only bio_11
Making features
makeFeatures: max memory 932184064, total allocated 178257920, free 126929592, used 51328328, increment 5939640
Gustavia_santanderiensis_0 bio_11: 
Regularization values: linear/quadratic/product: 0.423, categorical: 0.250, threshold: 1.790, hinge: 0.500
21 samples
Density: max memory 932184064, total allocated 178257920, free 126929592, used 51328328, increment 0
linearPredictor: max memory 932184064, total allocated 178257920, free 126929592, used 51328328, increment 0
FeaturedSpace: max memory 932184064, total allocated 178257920, free 126929592, used 51328328, increment 0
Sequential: max memory 932184064, total allocated 178257920, free 126929592, used 51328328, increment 0
Initial loss: 9.212238569259263
100: time = 0.928000 loss = 8.857092
Resulting gain: 0.3551463281868994
Gustavia_santanderiensis_0 response curves
Time since start: 16.489
Response curve: only bio_12
Making features
makeFeatures: max memory 932184064, total allocated 178257920, free 122967280, used 55290640, increment 3962312
Gustavia_santanderiensis_0 bio_12: 
Regularization values: linear/quadratic/product: 0.423, categorical: 0.250, threshold: 1.790, hinge: 0.500
21 samples
Density: max memory 932184064, total allocated 178257920, free 122967280, used 55290640, increment 0
linearPredictor: max memory 932184064, total allocated 178257920, free 122967280, used 55290640, increment 0
FeaturedSpace: max memory 932184064, total allocated 178257920, free 122967280, used 55290640, increment 0
Sequential: max memory 932184064, total allocated 178257920, free 122967280, used 55290640, increment 0
Initial loss: 9.212238569259263
60: time = 0.203000 loss = 9.120898
Resulting gain: 0.09134019160834228
Gustavia_santanderiensis_0 response curves
Response curve: only bio_13
Making features
makeFeatures: max memory 932184064, total allocated 178257920, free 118048912, used 60209008, increment 4918368
Gustavia_santanderiensis_0 bio_13: 
Regularization values: linear/quadratic/product: 0.423, categorical: 0.250, threshold: 1.790, hinge: 0.500
21 samples
Density: max memory 932184064, total allocated 178257920, free 118048912, used 60209008, increment 0
linearPredictor: max memory 932184064, total allocated 178257920, free 118048912, used 60209008, increment 0
FeaturedSpace: max memory 932184064, total allocated 178257920, free 118048912, used 60209008, increment 0
Sequential: max memory 932184064, total allocated 178257920, free 118048912, used 60209008, increment 0
Initial loss: 9.212238569259263
120: time = 0.315000 loss = 9.160757
Resulting gain: 0.051481278760737936
Gustavia_santanderiensis_0 response curves
Time since start: 17.871
Response curve: only bio_14
Making features
makeFeatures: max memory 932184064, total allocated 178257920, free 114088752, used 64169168, increment 3960160
Gustavia_santanderiensis_0 bio_14: 
Regularization values: linear/quadratic/product: 0.423, categorical: 0.250, threshold: 1.790, hinge: 0.500
21 samples
Density: max memory 932184064, total allocated 178257920, free 114088752, used 64169168, increment 0
linearPredictor: max memory 932184064, total allocated 178257920, free 114088752, used 64169168, increment 0
FeaturedSpace: max memory 932184064, total allocated 178257920, free 114088752, used 64169168, increment 0
Sequential: max memory 932184064, total allocated 178257920, free 114088752, used 64169168, increment 0
Initial loss: 9.212238569259263
60: time = 0.209000 loss = 8.939769
Resulting gain: 0.2724691777677606
Gustavia_santanderiensis_0 response curves
Response curve: only bio_15
Making features
makeFeatures: max memory 932184064, total allocated 178257920, free 109170384, used 69087536, increment 4918368
Gustavia_santanderiensis_0 bio_15: 
Regularization values: linear/quadratic/product: 0.423, categorical: 0.250, threshold: 1.790, hinge: 0.500
21 samples
Density: max memory 932184064, total allocated 178257920, free 109170384, used 69087536, increment 0
linearPredictor: max memory 932184064, total allocated 178257920, free 109170384, used 69087536, increment 0
FeaturedSpace: max memory 932184064, total allocated 178257920, free 109170384, used 69087536, increment 0
Sequential: max memory 932184064, total allocated 178257920, free 109170384, used 69087536, increment 0
Initial loss: 9.212238569259263
60: time = 0.208000 loss = 8.921353
Resulting gain: 0.29088518683240316
Gustavia_santanderiensis_0 response curves
Response curve: only bio_16
Making features
makeFeatures: max memory 932184064, total allocated 178257920, free 105202288, used 73055632, increment 3968096
Gustavia_santanderiensis_0 bio_16: 
Regularization values: linear/quadratic/product: 0.423, categorical: 0.250, threshold: 1.790, hinge: 0.500
21 samples
Density: max memory 932184064, total allocated 178257920, free 105202288, used 73055632, increment 0
linearPredictor: max memory 932184064, total allocated 178257920, free 105202288, used 73055632, increment 0
FeaturedSpace: max memory 932184064, total allocated 178257920, free 105202288, used 73055632, increment 0
Sequential: max memory 932184064, total allocated 178257920, free 105202288, used 73055632, increment 0
Initial loss: 9.212238569259263
80: time = 0.153000 loss = 9.194905
Resulting gain: 0.017333625523642482
Gustavia_santanderiensis_0 response curves
Time since start: 18.946
Response curve: only bio_17
Making features
makeFeatures: max memory 932184064, total allocated 178257920, free 100281528, used 77976392, increment 4920760
Gustavia_santanderiensis_0 bio_17: 
Regularization values: linear/quadratic/product: 0.423, categorical: 0.250, threshold: 1.790, hinge: 0.500
21 samples
Density: max memory 932184064, total allocated 178257920, free 100281528, used 77976392, increment 0
linearPredictor: max memory 932184064, total allocated 178257920, free 100281528, used 77976392, increment 0
FeaturedSpace: max memory 932184064, total allocated 178257920, free 100281528, used 77976392, increment 0
Sequential: max memory 932184064, total allocated 178257920, free 100281528, used 77976392, increment 0
Initial loss: 9.212238569259263
100: time = 0.177000 loss = 8.787725
Resulting gain: 0.42451339192700566
Gustavia_santanderiensis_0 response curves
Response curve: only bio_2
Making features
makeFeatures: max memory 932184064, total allocated 178257920, free 96321616, used 81936304, increment 3959912
Gustavia_santanderiensis_0 bio_2: 
Regularization values: linear/quadratic/product: 0.423, categorical: 0.250, threshold: 1.790, hinge: 0.500
21 samples
Density: max memory 932184064, total allocated 178257920, free 96321616, used 81936304, increment 0
linearPredictor: max memory 932184064, total allocated 178257920, free 96321616, used 81936304, increment 0
FeaturedSpace: max memory 932184064, total allocated 178257920, free 96321616, used 81936304, increment 0
Sequential: max memory 932184064, total allocated 178257920, free 96321616, used 81936304, increment 0
Initial loss: 9.212238569259263
60: time = 0.235000 loss = 9.156668
Resulting gain: 0.05557062944258995
Gustavia_santanderiensis_0 response curves
Response curve: only bio_3
Making features
makeFeatures: max memory 932184064, total allocated 178257920, free 91400856, used 86857064, increment 4920760
Gustavia_santanderiensis_0 bio_3: 
Regularization values: linear/quadratic/product: 0.423, categorical: 0.250, threshold: 1.790, hinge: 0.500
21 samples
Density: max memory 932184064, total allocated 178257920, free 91400856, used 86857064, increment 0
linearPredictor: max memory 932184064, total allocated 178257920, free 91400856, used 86857064, increment 0
FeaturedSpace: max memory 932184064, total allocated 178257920, free 91400856, used 86857064, increment 0
Sequential: max memory 932184064, total allocated 178257920, free 91400856, used 86857064, increment 0
Initial loss: 9.212238569259263
60: time = 0.215000 loss = 9.144006
Resulting gain: 0.06823265623394903
Gustavia_santanderiensis_0 response curves
Time since start: 20.031
Response curve: only bio_4
Making features
makeFeatures: max memory 932184064, total allocated 178257920, free 87440944, used 90816976, increment 3959912
Gustavia_santanderiensis_0 bio_4: 
Regularization values: linear/quadratic/product: 0.423, categorical: 0.250, threshold: 1.790, hinge: 0.500
21 samples
Density: max memory 932184064, total allocated 178257920, free 87440944, used 90816976, increment 0
linearPredictor: max memory 932184064, total allocated 178257920, free 87440944, used 90816976, increment 0
FeaturedSpace: max memory 932184064, total allocated 178257920, free 87440944, used 90816976, increment 0
Sequential: max memory 932184064, total allocated 178257920, free 87440944, used 90816976, increment 0
Initial loss: 9.212238569259263
60: time = 0.780000 loss = 9.211388
Resulting gain: 8.508904570536657E-4
Gustavia_santanderiensis_0 response curves
Response curve: only bio_5
Making features
makeFeatures: max memory 932184064, total allocated 178257920, free 82520184, used 95737736, increment 4920760
Gustavia_santanderiensis_0 bio_5: 
Regularization values: linear/quadratic/product: 0.423, categorical: 0.250, threshold: 1.790, hinge: 0.500
21 samples
Density: max memory 932184064, total allocated 178257920, free 82520184, used 95737736, increment 0
linearPredictor: max memory 932184064, total allocated 178257920, free 82520184, used 95737736, increment 0
FeaturedSpace: max memory 932184064, total allocated 178257920, free 82520184, used 95737736, increment 0
Sequential: max memory 932184064, total allocated 178257920, free 82520184, used 95737736, increment 0
Initial loss: 9.212238569259263
Time since start: 21.239
80: time = 0.279000 loss = 8.881795
Resulting gain: 0.33044338765002124
Gustavia_santanderiensis_0 response curves
Response curve: only bio_6
Making features
makeFeatures: max memory 932184064, total allocated 178257920, free 79579016, used 98678904, increment 2941168
Gustavia_santanderiensis_0 bio_6: 
Regularization values: linear/quadratic/product: 0.423, categorical: 0.250, threshold: 1.790, hinge: 0.500
21 samples
Density: max memory 932184064, total allocated 178257920, free 77520112, used 100737808, increment 2058904
linearPredictor: max memory 932184064, total allocated 178257920, free 77520112, used 100737808, increment 0
FeaturedSpace: max memory 932184064, total allocated 178257920, free 77520112, used 100737808, increment 0
Sequential: max memory 932184064, total allocated 178257920, free 77520112, used 100737808, increment 0
Initial loss: 9.212238569259263
100: time = 0.408000 loss = 8.808914
Resulting gain: 0.4033244636272837
Gustavia_santanderiensis_0 response curves
Time since start: 22.498
Response curve: only bio_7
Making features
makeFeatures: max memory 932184064, total allocated 178257920, free 73559368, used 104698552, increment 3960744
Gustavia_santanderiensis_0 bio_7: 
Regularization values: linear/quadratic/product: 0.423, categorical: 0.250, threshold: 1.790, hinge: 0.500
21 samples
Density: max memory 932184064, total allocated 178257920, free 73559368, used 104698552, increment 0
linearPredictor: max memory 932184064, total allocated 178257920, free 73559368, used 104698552, increment 0
FeaturedSpace: max memory 932184064, total allocated 178257920, free 73559368, used 104698552, increment 0
Sequential: max memory 932184064, total allocated 178257920, free 73559368, used 104698552, increment 0
Initial loss: 9.212238569259263
60: time = 0.262000 loss = 9.211729
Resulting gain: 5.091918656479066E-4
Gustavia_santanderiensis_0 response curves
Response curve: only bio_ai_et0
Making features
makeFeatures: max memory 932184064, total allocated 178257920, free 70540424, used 107717496, increment 3018944
Gustavia_santanderiensis_0 bio_ai_et0: 
Regularization values: linear/quadratic/product: 0.423, categorical: 0.250, threshold: 1.790, hinge: 0.500
21 samples
Density: max memory 932184064, total allocated 178257920, free 70460256, used 107797664, increment 80168
linearPredictor: max memory 932184064, total allocated 178257920, free 70380088, used 107877832, increment 80168
FeaturedSpace: max memory 932184064, total allocated 178257920, free 70380088, used 107877832, increment 0
Sequential: max memory 932184064, total allocated 178257920, free 70380088, used 107877832, increment 0
Initial loss: 9.212238569259263
60: time = 0.229000 loss = 9.173201
Resulting gain: 0.039037844453467585
Gustavia_santanderiensis_0 response curves
Response curve: only bio_et0_yr
Making features
makeFeatures: max memory 932184064, total allocated 166723584, free 150252704, used 16470880, increment -91406952
Gustavia_santanderiensis_0 bio_et0_yr: 
Regularization values: linear/quadratic/product: 0.423, categorical: 0.250, threshold: 1.790, hinge: 0.500
21 samples
Density: max memory 932184064, total allocated 166723584, free 150252704, used 16470880, increment 0
linearPredictor: max memory 932184064, total allocated 166723584, free 150252704, used 16470880, increment 0
FeaturedSpace: max memory 932184064, total allocated 166723584, free 150252704, used 16470880, increment 0
Sequential: max memory 932184064, total allocated 166723584, free 150252704, used 16470880, increment 0
Initial loss: 9.212238569259263
Time since start: 23.56
60: time = 0.227000 loss = 9.154803
Resulting gain: 0.057435595383442006
Gustavia_santanderiensis_0 response curves
Time since start: 24.606
Jackknife: leave bio_1 out
Making features
makeFeatures: max memory 932184064, total allocated 163053568, free 103788520, used 59265048, increment 42794168
Gustavia_santanderiensis_0 bio_1: 
Regularization values: linear/quadratic/product: 0.423, categorical: 0.250, threshold: 1.790, hinge: 0.500
21 samples
Density: max memory 932184064, total allocated 163053568, free 103708352, used 59345216, increment 80168
linearPredictor: max memory 932184064, total allocated 163053568, free 103628184, used 59425384, increment 80168
FeaturedSpace: max memory 932184064, total allocated 163053568, free 103628184, used 59425384, increment 0
Sequential: max memory 932184064, total allocated 163053568, free 103628184, used 59425384, increment 0
Initial loss: 9.212238569259263
240: time = 0.972000 loss = 7.349792
Jackknife: leave bio_10 out
Making features
makeFeatures: max memory 932184064, total allocated 163053568, free 100670296, used 62383272, increment 2957888
Gustavia_santanderiensis_0 bio_10: 
Regularization values: linear/quadratic/product: 0.423, categorical: 0.250, threshold: 1.790, hinge: 0.500
21 samples
Density: max memory 932184064, total allocated 163053568, free 98754592, used 64298976, increment 1915704
linearPredictor: max memory 932184064, total allocated 163053568, free 98754592, used 64298976, increment 0
Time since start: 25.609
FeaturedSpace: max memory 932184064, total allocated 163053568, free 98754592, used 64298976, increment 0
Sequential: max memory 932184064, total allocated 163053568, free 98754592, used 64298976, increment 0
Initial loss: 9.212238569259263
240: time = 0.474000 loss = 7.349791
Jackknife: leave bio_11 out
Making features
makeFeatures: max memory 932184064, total allocated 163053568, free 96838888, used 66214680, increment 1915704
Gustavia_santanderiensis_0 bio_11: 
Regularization values: linear/quadratic/product: 0.423, categorical: 0.250, threshold: 1.790, hinge: 0.500
21 samples
Density: max memory 932184064, total allocated 163053568, free 96838888, used 66214680, increment 0
linearPredictor: max memory 932184064, total allocated 163053568, free 96838888, used 66214680, increment 0
FeaturedSpace: max memory 932184064, total allocated 163053568, free 96838888, used 66214680, increment 0
Sequential: max memory 932184064, total allocated 163053568, free 96838888, used 66214680, increment 0
Initial loss: 9.212238569259263
240: time = 0.506000 loss = 7.349791
Jackknife: leave bio_12 out
Making features
Time since start: 26.617
makeFeatures: max memory 932184064, total allocated 163053568, free 94353680, used 68699888, increment 2485208
Gustavia_santanderiensis_0 bio_12: 
Regularization values: linear/quadratic/product: 0.423, categorical: 0.250, threshold: 1.790, hinge: 0.500
21 samples
Density: max memory 932184064, total allocated 163053568, free 94273512, used 68780056, increment 80168
linearPredictor: max memory 932184064, total allocated 163053568, free 94193344, used 68860224, increment 80168
FeaturedSpace: max memory 932184064, total allocated 163053568, free 94193344, used 68860224, increment 0
Sequential: max memory 932184064, total allocated 163053568, free 94193344, used 68860224, increment 0
Initial loss: 9.212238569259263
320: time = 0.534000 loss = 7.349792
Jackknife: leave bio_13 out
Making features
makeFeatures: max memory 932184064, total allocated 163053568, free 90441832, used 72611736, increment 3751512
Gustavia_santanderiensis_0 bio_13: 
Regularization values: linear/quadratic/product: 0.423, categorical: 0.250, threshold: 1.790, hinge: 0.500
21 samples
Density: max memory 932184064, total allocated 163053568, free 90441832, used 72611736, increment 0
linearPredictor: max memory 932184064, total allocated 163053568, free 90441832, used 72611736, increment 0
FeaturedSpace: max memory 932184064, total allocated 163053568, free 90441832, used 72611736, increment 0
Sequential: max memory 932184064, total allocated 163053568, free 90441832, used 72611736, increment 0
Initial loss: 9.212238569259263
Time since start: 27.618
260: time = 0.447000 loss = 7.384359
Jackknife: leave bio_14 out
Making features
makeFeatures: max memory 932184064, total allocated 163053568, free 87956624, used 75096944, increment 2485208
Gustavia_santanderiensis_0 bio_14: 
Regularization values: linear/quadratic/product: 0.423, categorical: 0.250, threshold: 1.790, hinge: 0.500
21 samples
Density: max memory 932184064, total allocated 163053568, free 86040920, used 77012648, increment 1915704
linearPredictor: max memory 932184064, total allocated 163053568, free 86040920, used 77012648, increment 0
FeaturedSpace: max memory 932184064, total allocated 163053568, free 85971264, used 77082304, increment 69656
Sequential: max memory 932184064, total allocated 163053568, free 85971264, used 77082304, increment 0
Initial loss: 9.212238569259263
280: time = 0.487000 loss = 7.349791
Jackknife: leave bio_15 out
Making features
makeFeatures: max memory 932184064, total allocated 163053568, free 83975392, used 79078176, increment 1995872
Gustavia_santanderiensis_0 bio_15: 
Regularization values: linear/quadratic/product: 0.423, categorical: 0.250, threshold: 1.790, hinge: 0.500
21 samples
Density: max memory 932184064, total allocated 163053568, free 83975392, used 79078176, increment 0
linearPredictor: max memory 932184064, total allocated 163053568, free 83975392, used 79078176, increment 0
FeaturedSpace: max memory 932184064, total allocated 163053568, free 83975392, used 79078176, increment 0
Sequential: max memory 932184064, total allocated 163053568, free 83975392, used 79078176, increment 0
Initial loss: 9.212238569259263
260: time = 0.481000 loss = 7.445249
Jackknife: leave bio_16 out
Making features
Time since start: 28.623
makeFeatures: max memory 932184064, total allocated 163053568, free 81490184, used 81563384, increment 2485208
Gustavia_santanderiensis_0 bio_16: 
Regularization values: linear/quadratic/product: 0.423, categorical: 0.250, threshold: 1.790, hinge: 0.500
21 samples
Density: max memory 932184064, total allocated 163053568, free 79574480, used 83479088, increment 1915704
linearPredictor: max memory 932184064, total allocated 163053568, free 79574480, used 83479088, increment 0
FeaturedSpace: max memory 932184064, total allocated 163053568, free 79574480, used 83479088, increment 0
Sequential: max memory 932184064, total allocated 163053568, free 79574480, used 83479088, increment 0
Initial loss: 9.212238569259263
320: time = 0.515000 loss = 7.349792
Jackknife: leave bio_17 out
Making features
makeFeatures: max memory 932184064, total allocated 163053568, free 78211624, used 84841944, increment 1362856
Gustavia_santanderiensis_0 bio_17: 
Regularization values: linear/quadratic/product: 0.423, categorical: 0.250, threshold: 1.790, hinge: 0.500
21 samples
Density: max memory 932184064, total allocated 163053568, free 76295920, used 86757648, increment 1915704
linearPredictor: max memory 932184064, total allocated 163053568, free 76295920, used 86757648, increment 0
FeaturedSpace: max memory 932184064, total allocated 163053568, free 76295920, used 86757648, increment 0
Sequential: max memory 932184064, total allocated 163053568, free 76295920, used 86757648, increment 0
Initial loss: 9.212238569259263
240: time = 0.434000 loss = 7.379790
Jackknife: leave bio_2 out
Making features
makeFeatures: max memory 932184064, total allocated 163053568, free 74380216, used 88673352, increment 1915704
Gustavia_santanderiensis_0 bio_2: 
Regularization values: linear/quadratic/product: 0.423, categorical: 0.250, threshold: 1.790, hinge: 0.500
21 samples
Density: max memory 932184064, total allocated 163053568, free 74380216, used 88673352, increment 0
linearPredictor: max memory 932184064, total allocated 163053568, free 74380216, used 88673352, increment 0
FeaturedSpace: max memory 932184064, total allocated 163053568, free 74380216, used 88673352, increment 0
Sequential: max memory 932184064, total allocated 163053568, free 74380216, used 88673352, increment 0
Initial loss: 9.212238569259263
Time since start: 30.064
280: time = 0.463000 loss = 7.349792
Jackknife: leave bio_3 out
Making features
makeFeatures: max memory 932184064, total allocated 163053568, free 71823168, used 91230400, increment 2557048
Gustavia_santanderiensis_0 bio_3: 
Regularization values: linear/quadratic/product: 0.423, categorical: 0.250, threshold: 1.790, hinge: 0.500
21 samples
Density: max memory 932184064, total allocated 163053568, free 71743000, used 91310568, increment 80168
linearPredictor: max memory 932184064, total allocated 163053568, free 71662832, used 91390736, increment 80168
FeaturedSpace: max memory 932184064, total allocated 163053568, free 71662832, used 91390736, increment 0
Sequential: max memory 932184064, total allocated 163053568, free 71662832, used 91390736, increment 0
Initial loss: 9.212238569259263
300: time = 0.490000 loss = 7.353564
Jackknife: leave bio_4 out
Making features
makeFeatures: max memory 932184064, total allocated 163053568, free 68624776, used 94428792, increment 3038056
Gustavia_santanderiensis_0 bio_4: 
Regularization values: linear/quadratic/product: 0.423, categorical: 0.250, threshold: 1.790, hinge: 0.500
21 samples
Density: max memory 932184064, total allocated 163053568, free 66709072, used 96344496, increment 1915704
linearPredictor: max memory 932184064, total allocated 163053568, free 66709072, used 96344496, increment 0
FeaturedSpace: max memory 932184064, total allocated 163053568, free 66709072, used 96344496, increment 0
Sequential: max memory 932184064, total allocated 163053568, free 66709072, used 96344496, increment 0
Initial loss: 9.212238569259263
280: time = 0.446000 loss = 7.362658
Jackknife: leave bio_5 out
Making features
makeFeatures: max memory 932184064, total allocated 163053568, free 63831352, used 99222216, increment 2877720
Gustavia_santanderiensis_0 bio_5: 
Regularization values: linear/quadratic/product: 0.423, categorical: 0.250, threshold: 1.790, hinge: 0.500
21 samples
Density: max memory 932184064, total allocated 163053568, free 63831352, used 99222216, increment 0
linearPredictor: max memory 932184064, total allocated 163053568, free 63831352, used 99222216, increment 0
FeaturedSpace: max memory 932184064, total allocated 163053568, free 63831352, used 99222216, increment 0
Sequential: max memory 932184064, total allocated 163053568, free 63831352, used 99222216, increment 0
Initial loss: 9.212238569259263
Time since start: 31.487
280: time = 0.450000 loss = 7.351947
Jackknife: leave bio_6 out
Making features
makeFeatures: max memory 932184064, total allocated 163053568, free 61915648, used 101137920, increment 1915704
Gustavia_santanderiensis_0 bio_6: 
Regularization values: linear/quadratic/product: 0.423, categorical: 0.250, threshold: 1.790, hinge: 0.500
21 samples
Density: max memory 932184064, total allocated 163053568, free 61915648, used 101137920, increment 0
linearPredictor: max memory 932184064, total allocated 163053568, free 61915648, used 101137920, increment 0
FeaturedSpace: max memory 932184064, total allocated 163053568, free 61915648, used 101137920, increment 0
Sequential: max memory 932184064, total allocated 163053568, free 61915648, used 101137920, increment 0
Initial loss: 9.212238569259263
260: time = 0.421000 loss = 7.361254
Jackknife: leave bio_7 out
Making features
makeFeatures: max memory 932184064, total allocated 163053568, free 58164264, used 104889304, increment 3751384
Gustavia_santanderiensis_0 bio_7: 
Regularization values: linear/quadratic/product: 0.423, categorical: 0.250, threshold: 1.790, hinge: 0.500
21 samples
Density: max memory 932184064, total allocated 163053568, free 58164264, used 104889304, increment 0
linearPredictor: max memory 932184064, total allocated 163053568, free 58164264, used 104889304, increment 0
FeaturedSpace: max memory 932184064, total allocated 163053568, free 58164264, used 104889304, increment 0
Sequential: max memory 932184064, total allocated 163053568, free 58164264, used 104889304, increment 0
Initial loss: 9.212238569259263
Time since start: 32.506
360: time = 0.568000 loss = 7.349792
Jackknife: leave bio_ai_et0 out
Making features
makeFeatures: max memory 932184064, total allocated 158859264, free 143531704, used 15327560, increment -89561744
Gustavia_santanderiensis_0 bio_ai_et0: 
Regularization values: linear/quadratic/product: 0.423, categorical: 0.250, threshold: 1.790, hinge: 0.500
21 samples
Density: max memory 932184064, total allocated 158859264, free 143531704, used 15327560, increment 0
linearPredictor: max memory 932184064, total allocated 158859264, free 143531704, used 15327560, increment 0
FeaturedSpace: max memory 932184064, total allocated 158859264, free 143531704, used 15327560, increment 0
Sequential: max memory 932184064, total allocated 158859264, free 143531704, used 15327560, increment 0
Initial loss: 9.212238569259263
360: time = 0.552000 loss = 7.349792
Jackknife: leave bio_et0_yr out
Making features
makeFeatures: max memory 932184064, total allocated 158859264, free 141768008, used 17091256, increment 1763696
Gustavia_santanderiensis_0 bio_et0_yr: 
Regularization values: linear/quadratic/product: 0.423, categorical: 0.250, threshold: 1.790, hinge: 0.500
21 samples
Density: max memory 932184064, total allocated 158859264, free 139926640, used 18932624, increment 1841368
linearPredictor: max memory 932184064, total allocated 158859264, free 139926640, used 18932624, increment 0
FeaturedSpace: max memory 932184064, total allocated 158859264, free 139926640, used 18932624, increment 0
Sequential: max memory 932184064, total allocated 158859264, free 139926640, used 18932624, increment 0
Initial loss: 9.212238569259263
Time since start: 33.633
360: time = 0.547000 loss = 7.349792
Jackknife: only bio_1
Making features
makeFeatures: max memory 932184064, total allocated 158859264, free 139926640, used 18932624, increment 0
Gustavia_santanderiensis_0 bio_1: 
Regularization values: linear/quadratic/product: 0.423, categorical: 0.250, threshold: 1.790, hinge: 0.500
21 samples
Density: max memory 932184064, total allocated 158859264, free 139926640, used 18932624, increment 0
linearPredictor: max memory 932184064, total allocated 158859264, free 139926640, used 18932624, increment 0
FeaturedSpace: max memory 932184064, total allocated 158859264, free 139926640, used 18932624, increment 0
Sequential: max memory 932184064, total allocated 158859264, free 139926640, used 18932624, increment 0
Initial loss: 9.212238569259263
100: time = 0.335000 loss = 8.841516
Res.gain: 0.37072290149687426
Jackknife: only bio_10
Making features
makeFeatures: max memory 932184064, total allocated 158859264, free 139926640, used 18932624, increment 0
Gustavia_santanderiensis_0 bio_10: 
Regularization values: linear/quadratic/product: 0.423, categorical: 0.250, threshold: 1.790, hinge: 0.500
21 samples
Density: max memory 932184064, total allocated 158859264, free 139926640, used 18932624, increment 0
linearPredictor: max memory 932184064, total allocated 158859264, free 139926640, used 18932624, increment 0
FeaturedSpace: max memory 932184064, total allocated 158859264, free 139926640, used 18932624, increment 0
Sequential: max memory 932184064, total allocated 158859264, free 139926640, used 18932624, increment 0
Initial loss: 9.212238569259263
100: time = 0.292000 loss = 8.876251
Res.gain: 0.3359871045110818
Jackknife: only bio_11
Making features
makeFeatures: max memory 932184064, total allocated 158859264, free 139926640, used 18932624, increment 0
Gustavia_santanderiensis_0 bio_11: 
Regularization values: linear/quadratic/product: 0.423, categorical: 0.250, threshold: 1.790, hinge: 0.500
21 samples
Density: max memory 932184064, total allocated 158859264, free 139926640, used 18932624, increment 0
linearPredictor: max memory 932184064, total allocated 158859264, free 139926640, used 18932624, increment 0
FeaturedSpace: max memory 932184064, total allocated 158859264, free 139926640, used 18932624, increment 0
Sequential: max memory 932184064, total allocated 158859264, free 139926640, used 18932624, increment 0
Initial loss: 9.212238569259263
Time since start: 34.635
100: time = 0.364000 loss = 8.857092
Res.gain: 0.3551463281868994
Jackknife: only bio_12
Making features
makeFeatures: max memory 932184064, total allocated 158859264, free 139766304, used 19092960, increment 160336
Gustavia_santanderiensis_0 bio_12: 
Regularization values: linear/quadratic/product: 0.423, categorical: 0.250, threshold: 1.790, hinge: 0.500
21 samples
Density: max memory 932184064, total allocated 158859264, free 139686136, used 19173128, increment 80168
linearPredictor: max memory 932184064, total allocated 158859264, free 139605968, used 19253296, increment 80168
FeaturedSpace: max memory 932184064, total allocated 158859264, free 139605968, used 19253296, increment 0
Sequential: max memory 932184064, total allocated 158859264, free 139605968, used 19253296, increment 0
Initial loss: 9.212238569259263
60: time = 0.198000 loss = 9.120898
Res.gain: 0.09134019160834228
Jackknife: only bio_13
Making features
makeFeatures: max memory 932184064, total allocated 158859264, free 137764600, used 21094664, increment 1841368
Gustavia_santanderiensis_0 bio_13: 
Regularization values: linear/quadratic/product: 0.423, categorical: 0.250, threshold: 1.790, hinge: 0.500
21 samples
Density: max memory 932184064, total allocated 158859264, free 137764600, used 21094664, increment 0
linearPredictor: max memory 932184064, total allocated 158859264, free 137764600, used 21094664, increment 0
FeaturedSpace: max memory 932184064, total allocated 158859264, free 137764600, used 21094664, increment 0
Sequential: max memory 932184064, total allocated 158859264, free 137764600, used 21094664, increment 0
Initial loss: 9.212238569259263
120: time = 0.179000 loss = 9.160757
Res.gain: 0.051481278760737936
Jackknife: only bio_14
Making features
makeFeatures: max memory 932184064, total allocated 158859264, free 137764600, used 21094664, increment 0
Gustavia_santanderiensis_0 bio_14: 
Regularization values: linear/quadratic/product: 0.423, categorical: 0.250, threshold: 1.790, hinge: 0.500
21 samples
Density: max memory 932184064, total allocated 158859264, free 137764600, used 21094664, increment 0
linearPredictor: max memory 932184064, total allocated 158859264, free 137764600, used 21094664, increment 0
FeaturedSpace: max memory 932184064, total allocated 158859264, free 137764600, used 21094664, increment 0
Sequential: max memory 932184064, total allocated 158859264, free 137764600, used 21094664, increment 0
Initial loss: 9.212238569259263
60: time = 0.195000 loss = 8.939769
Res.gain: 0.2724691777677606
Jackknife: only bio_15
Making features
makeFeatures: max memory 932184064, total allocated 158859264, free 137764600, used 21094664, increment 0
Gustavia_santanderiensis_0 bio_15: 
Regularization values: linear/quadratic/product: 0.423, categorical: 0.250, threshold: 1.790, hinge: 0.500
21 samples
Density: max memory 932184064, total allocated 158859264, free 137764600, used 21094664, increment 0
linearPredictor: max memory 932184064, total allocated 158859264, free 137764600, used 21094664, increment 0
FeaturedSpace: max memory 932184064, total allocated 158859264, free 137764600, used 21094664, increment 0
Sequential: max memory 932184064, total allocated 158859264, free 137764600, used 21094664, increment 0
Initial loss: 9.212238569259263
60: time = 0.191000 loss = 8.921353
Res.gain: 0.29088518683240316
Jackknife: only bio_16
Making features
makeFeatures: max memory 932184064, total allocated 158859264, free 137764600, used 21094664, increment 0
Gustavia_santanderiensis_0 bio_16: 
Regularization values: linear/quadratic/product: 0.423, categorical: 0.250, threshold: 1.790, hinge: 0.500
21 samples
Density: max memory 932184064, total allocated 158859264, free 137764600, used 21094664, increment 0
linearPredictor: max memory 932184064, total allocated 158859264, free 137764600, used 21094664, increment 0
FeaturedSpace: max memory 932184064, total allocated 158859264, free 137764600, used 21094664, increment 0
Sequential: max memory 932184064, total allocated 158859264, free 137764600, used 21094664, increment 0
Initial loss: 9.212238569259263
80: time = 0.143000 loss = 9.194905
Res.gain: 0.017333625523642482
Jackknife: only bio_17
Making features
makeFeatures: max memory 932184064, total allocated 158859264, free 137764600, used 21094664, increment 0
Gustavia_santanderiensis_0 bio_17: 
Regularization values: linear/quadratic/product: 0.423, categorical: 0.250, threshold: 1.790, hinge: 0.500
21 samples
Density: max memory 932184064, total allocated 158859264, free 137764600, used 21094664, increment 0
linearPredictor: max memory 932184064, total allocated 158859264, free 137684432, used 21174832, increment 80168
FeaturedSpace: max memory 932184064, total allocated 158859264, free 137684432, used 21174832, increment 0
Sequential: max memory 932184064, total allocated 158859264, free 137684432, used 21174832, increment 0
Initial loss: 9.212238569259263
Time since start: 35.724
100: time = 0.164000 loss = 8.787725
Res.gain: 0.42451339192700566
Jackknife: only bio_2
Making features
makeFeatures: max memory 932184064, total allocated 158859264, free 135923112, used 22936152, increment 1761320
Gustavia_santanderiensis_0 bio_2: 
Regularization values: linear/quadratic/product: 0.423, categorical: 0.250, threshold: 1.790, hinge: 0.500
21 samples
Density: max memory 932184064, total allocated 158859264, free 135923112, used 22936152, increment 0
linearPredictor: max memory 932184064, total allocated 158859264, free 135923112, used 22936152, increment 0
FeaturedSpace: max memory 932184064, total allocated 158859264, free 135923112, used 22936152, increment 0
Sequential: max memory 932184064, total allocated 158859264, free 135923112, used 22936152, increment 0
Initial loss: 9.212238569259263
60: time = 0.224000 loss = 9.156668
Res.gain: 0.05557062944258995
Jackknife: only bio_3
Making features
makeFeatures: max memory 932184064, total allocated 158859264, free 135923112, used 22936152, increment 0
Gustavia_santanderiensis_0 bio_3: 
Regularization values: linear/quadratic/product: 0.423, categorical: 0.250, threshold: 1.790, hinge: 0.500
21 samples
Density: max memory 932184064, total allocated 158859264, free 135923112, used 22936152, increment 0
linearPredictor: max memory 932184064, total allocated 158859264, free 135923112, used 22936152, increment 0
FeaturedSpace: max memory 932184064, total allocated 158859264, free 135923112, used 22936152, increment 0
Sequential: max memory 932184064, total allocated 158859264, free 135923112, used 22936152, increment 0
Initial loss: 9.212238569259263
60: time = 0.209000 loss = 9.144006
Res.gain: 0.06823265623394903
Jackknife: only bio_4
Making features
makeFeatures: max memory 932184064, total allocated 158859264, free 135923112, used 22936152, increment 0
Gustavia_santanderiensis_0 bio_4: 
Regularization values: linear/quadratic/product: 0.423, categorical: 0.250, threshold: 1.790, hinge: 0.500
21 samples
Density: max memory 932184064, total allocated 158859264, free 135923112, used 22936152, increment 0
linearPredictor: max memory 932184064, total allocated 158859264, free 135923112, used 22936152, increment 0
FeaturedSpace: max memory 932184064, total allocated 158859264, free 135923112, used 22936152, increment 0
Sequential: max memory 932184064, total allocated 158859264, free 135923112, used 22936152, increment 0
Initial loss: 9.212238569259263
60: time = 0.238000 loss = 9.211388
Res.gain: 8.508904570536657E-4
Jackknife: only bio_5
Making features
makeFeatures: max memory 932184064, total allocated 158859264, free 135923112, used 22936152, increment 0
Gustavia_santanderiensis_0 bio_5: 
Regularization values: linear/quadratic/product: 0.423, categorical: 0.250, threshold: 1.790, hinge: 0.500
21 samples
Density: max memory 932184064, total allocated 158859264, free 135923112, used 22936152, increment 0
linearPredictor: max memory 932184064, total allocated 158859264, free 135923112, used 22936152, increment 0
FeaturedSpace: max memory 932184064, total allocated 158859264, free 135923112, used 22936152, increment 0
Sequential: max memory 932184064, total allocated 158859264, free 135923112, used 22936152, increment 0
Initial loss: 9.212238569259263
80: time = 0.259000 loss = 8.881795
Res.gain: 0.33044338765002124
Jackknife: only bio_6
Making features
makeFeatures: max memory 932184064, total allocated 158859264, free 135923112, used 22936152, increment 0
Gustavia_santanderiensis_0 bio_6: 
Regularization values: linear/quadratic/product: 0.423, categorical: 0.250, threshold: 1.790, hinge: 0.500
21 samples
Density: max memory 932184064, total allocated 158859264, free 135842944, used 23016320, increment 80168
linearPredictor: max memory 932184064, total allocated 158859264, free 135762776, used 23096488, increment 80168
FeaturedSpace: max memory 932184064, total allocated 158859264, free 135762776, used 23096488, increment 0
Sequential: max memory 932184064, total allocated 158859264, free 135762776, used 23096488, increment 0
Initial loss: 9.212238569259263
Time since start: 37.027
100: time = 0.357000 loss = 8.808914
Res.gain: 0.4033244636272837
Jackknife: only bio_7
Making features
makeFeatures: max memory 932184064, total allocated 158859264, free 134001528, used 24857736, increment 1761248
Gustavia_santanderiensis_0 bio_7: 
Regularization values: linear/quadratic/product: 0.423, categorical: 0.250, threshold: 1.790, hinge: 0.500
21 samples
Density: max memory 932184064, total allocated 158859264, free 134001528, used 24857736, increment 0
linearPredictor: max memory 932184064, total allocated 158859264, free 134001528, used 24857736, increment 0
FeaturedSpace: max memory 932184064, total allocated 158859264, free 134001528, used 24857736, increment 0
Sequential: max memory 932184064, total allocated 158859264, free 134001528, used 24857736, increment 0
Initial loss: 9.212238569259263
60: time = 0.240000 loss = 9.211729
Res.gain: 5.091918656479066E-4
Jackknife: only bio_ai_et0
Making features
makeFeatures: max memory 932184064, total allocated 158859264, free 134001528, used 24857736, increment 0
Gustavia_santanderiensis_0 bio_ai_et0: 
Regularization values: linear/quadratic/product: 0.423, categorical: 0.250, threshold: 1.790, hinge: 0.500
21 samples
Density: max memory 932184064, total allocated 158859264, free 134001528, used 24857736, increment 0
linearPredictor: max memory 932184064, total allocated 158859264, free 134001528, used 24857736, increment 0
FeaturedSpace: max memory 932184064, total allocated 158859264, free 134001528, used 24857736, increment 0
Sequential: max memory 932184064, total allocated 158859264, free 134001528, used 24857736, increment 0
Initial loss: 9.212238569259263
60: time = 0.216000 loss = 9.173201
Res.gain: 0.039037844453467585
Jackknife: only bio_et0_yr
Making features
makeFeatures: max memory 932184064, total allocated 158859264, free 134001528, used 24857736, increment 0
Gustavia_santanderiensis_0 bio_et0_yr: 
Regularization values: linear/quadratic/product: 0.423, categorical: 0.250, threshold: 1.790, hinge: 0.500
21 samples
Density: max memory 932184064, total allocated 158859264, free 134001528, used 24857736, increment 0
linearPredictor: max memory 932184064, total allocated 158859264, free 134001528, used 24857736, increment 0
FeaturedSpace: max memory 932184064, total allocated 158859264, free 134001528, used 24857736, increment 0
Sequential: max memory 932184064, total allocated 158859264, free 134001528, used 24857736, increment 0
Initial loss: 9.212238569259263
60: time = 0.207000 loss = 9.154803
Res.gain: 0.057435595383442006
getSamples: max memory 932184064, total allocated 158859264, free 129011880, used 29847384, increment 4989648
Making features
makeFeatures: max memory 932184064, total allocated 158859264, free 126689504, used 32169760, increment 2322376
Gustavia_santanderiensis_1: 
Regularization values: linear/quadratic/product: 0.423, categorical: 0.250, threshold: 1.790, hinge: 0.500
21 samples
Density: max memory 932184064, total allocated 158859264, free 126609336, used 32249928, increment 80168
linearPredictor: max memory 932184064, total allocated 158859264, free 126529168, used 32330096, increment 80168
FeaturedSpace: max memory 932184064, total allocated 158859264, free 126529168, used 32330096, increment 0
Sequential: max memory 932184064, total allocated 158859264, free 126529168, used 32330096, increment 0
Initial loss: 9.212238569259263
Time since start: 38.248
240: time = 0.411000 loss = 7.569442
Resulting gain: 1.6427962350990484
Projecting...
Writing file C:\Users\Camila\Desktop\Modelo opc3\Final_Models\M_2_F_lq_Set_1\Gustavia_santanderiensis_1.asc
Time since start: 40.756
Writing C:\Users\Camila\Desktop\Modelo opc3\Final_Models\M_2_F_lq_Set_1\plots\Gustavia_santanderiensis_1.png
Gustavia_santanderiensis_1 response curves
Time since start: 44.689
Response curve: only bio_1
Making features
makeFeatures: max memory 932184064, total allocated 200278016, free 90453392, used 109824624, increment 77494528
Gustavia_santanderiensis_1 bio_1: 
Regularization values: linear/quadratic/product: 0.423, categorical: 0.250, threshold: 1.790, hinge: 0.500
21 samples
Density: max memory 932184064, total allocated 200278016, free 90453392, used 109824624, increment 0
linearPredictor: max memory 932184064, total allocated 200278016, free 90453392, used 109824624, increment 0
FeaturedSpace: max memory 932184064, total allocated 200278016, free 90453392, used 109824624, increment 0
Sequential: max memory 932184064, total allocated 200278016, free 90453392, used 109824624, increment 0
Initial loss: 9.212238569259263
100: time = 0.202000 loss = 8.859451
Resulting gain: 0.3527875384995198
Gustavia_santanderiensis_1 response curves
Response curve: only bio_10
Making features
makeFeatures: max memory 932184064, total allocated 200278016, free 86847024, used 113430992, increment 3606368
Gustavia_santanderiensis_1 bio_10: 
Regularization values: linear/quadratic/product: 0.423, categorical: 0.250, threshold: 1.790, hinge: 0.500
21 samples
Density: max memory 932184064, total allocated 200278016, free 86847024, used 113430992, increment 0
linearPredictor: max memory 932184064, total allocated 200278016, free 86847024, used 113430992, increment 0
FeaturedSpace: max memory 932184064, total allocated 200278016, free 86847024, used 113430992, increment 0
Sequential: max memory 932184064, total allocated 200278016, free 86847024, used 113430992, increment 0
Initial loss: 9.212238569259263
Time since start: 45.795
80: time = 0.279000 loss = 8.877202
Resulting gain: 0.3350361372169264
Gustavia_santanderiensis_1 response curves
Response curve: only bio_11
Making features
makeFeatures: max memory 932184064, total allocated 200278016, free 81556736, used 118721280, increment 5290288
Gustavia_santanderiensis_1 bio_11: 
Regularization values: linear/quadratic/product: 0.423, categorical: 0.250, threshold: 1.790, hinge: 0.500
21 samples
Density: max memory 932184064, total allocated 200278016, free 81556736, used 118721280, increment 0
linearPredictor: max memory 932184064, total allocated 200278016, free 81556736, used 118721280, increment 0
FeaturedSpace: max memory 932184064, total allocated 200278016, free 81556736, used 118721280, increment 0
Sequential: max memory 932184064, total allocated 200278016, free 81556736, used 118721280, increment 0
Initial loss: 9.212238569259263
80: time = 0.263000 loss = 8.878718
Resulting gain: 0.3335207989289959
Gustavia_santanderiensis_1 response curves
Response curve: only bio_12
Making features
makeFeatures: max memory 932184064, total allocated 200278016, free 77950368, used 122327648, increment 3606368
Gustavia_santanderiensis_1 bio_12: 
Regularization values: linear/quadratic/product: 0.423, categorical: 0.250, threshold: 1.790, hinge: 0.500
21 samples
Density: max memory 932184064, total allocated 200278016, free 77950368, used 122327648, increment 0
linearPredictor: max memory 932184064, total allocated 200278016, free 77950368, used 122327648, increment 0
FeaturedSpace: max memory 932184064, total allocated 200278016, free 77950368, used 122327648, increment 0
Sequential: max memory 932184064, total allocated 200278016, free 77950368, used 122327648, increment 0
Initial loss: 9.212238569259263
60: time = 0.233000 loss = 9.169909
Resulting gain: 0.042329558785699106
Gustavia_santanderiensis_1 response curves
Response curve: only bio_13
Making features
makeFeatures: max memory 932184064, total allocated 200278016, free 71701624, used 128576392, increment 6248744
Gustavia_santanderiensis_1 bio_13: 
Regularization values: linear/quadratic/product: 0.423, categorical: 0.250, threshold: 1.790, hinge: 0.500
21 samples
Density: max memory 932184064, total allocated 200278016, free 71701624, used 128576392, increment 0
linearPredictor: max memory 932184064, total allocated 200278016, free 71701624, used 128576392, increment 0
FeaturedSpace: max memory 932184064, total allocated 200278016, free 71701624, used 128576392, increment 0
Sequential: max memory 932184064, total allocated 200278016, free 71701624, used 128576392, increment 0
Initial loss: 9.212238569259263
Time since start: 47.05
60: time = 0.270000 loss = 9.209951
Resulting gain: 0.002287087443598068
Gustavia_santanderiensis_1 response curves
Response curve: only bio_14
Making features
makeFeatures: max memory 932184064, total allocated 200278016, free 69055272, used 131222744, increment 2646352
Gustavia_santanderiensis_1 bio_14: 
Regularization values: linear/quadratic/product: 0.423, categorical: 0.250, threshold: 1.790, hinge: 0.500
21 samples
Density: max memory 932184064, total allocated 200278016, free 69055272, used 131222744, increment 0
linearPredictor: max memory 932184064, total allocated 200278016, free 69055272, used 131222744, increment 0
FeaturedSpace: max memory 932184064, total allocated 200278016, free 69055272, used 131222744, increment 0
Sequential: max memory 932184064, total allocated 200278016, free 69055272, used 131222744, increment 0
Initial loss: 9.212238569259263
60: time = 0.224000 loss = 9.136213
Resulting gain: 0.07602542619882158
Gustavia_santanderiensis_1 response curves
Response curve: only bio_15
Making features
makeFeatures: max memory 932184064, total allocated 200278016, free 62724800, used 137553216, increment 6330472
Gustavia_santanderiensis_1 bio_15: 
Regularization values: linear/quadratic/product: 0.423, categorical: 0.250, threshold: 1.790, hinge: 0.500
21 samples
Density: max memory 932184064, total allocated 200278016, free 62724800, used 137553216, increment 0
linearPredictor: max memory 932184064, total allocated 200278016, free 62724800, used 137553216, increment 0
FeaturedSpace: max memory 932184064, total allocated 200278016, free 62724800, used 137553216, increment 0
Sequential: max memory 932184064, total allocated 200278016, free 62724800, used 137553216, increment 0
Initial loss: 9.212238569259263
60: time = 0.207000 loss = 8.968734
Resulting gain: 0.24350485632052177
Gustavia_santanderiensis_1 response curves
Response curve: only bio_16
Making features
makeFeatures: max memory 932184064, total allocated 200278016, free 60078448, used 140199568, increment 2646352
Gustavia_santanderiensis_1 bio_16: 
Regularization values: linear/quadratic/product: 0.423, categorical: 0.250, threshold: 1.790, hinge: 0.500
21 samples
Density: max memory 932184064, total allocated 200278016, free 60078448, used 140199568, increment 0
linearPredictor: max memory 932184064, total allocated 200278016, free 60078448, used 140199568, increment 0
FeaturedSpace: max memory 932184064, total allocated 200278016, free 60078448, used 140199568, increment 0
Sequential: max memory 932184064, total allocated 200278016, free 60078448, used 140199568, increment 0
Initial loss: 9.212238569259263
Time since start: 48.133
60: time = 0.229000 loss = 9.208453
Resulting gain: 0.0037855853580524013
Gustavia_santanderiensis_1 response curves
Response curve: only bio_17
Making features
makeFeatures: max memory 932184064, total allocated 200278016, free 56472080, used 143805936, increment 3606368
Gustavia_santanderiensis_1 bio_17: 
Regularization values: linear/quadratic/product: 0.423, categorical: 0.250, threshold: 1.790, hinge: 0.500
21 samples
Density: max memory 932184064, total allocated 200278016, free 56391912, used 143886104, increment 80168
linearPredictor: max memory 932184064, total allocated 200278016, free 56311744, used 143966272, increment 80168
FeaturedSpace: max memory 932184064, total allocated 200278016, free 56311744, used 143966272, increment 0
Sequential: max memory 932184064, total allocated 200278016, free 56311744, used 143966272, increment 0
Initial loss: 9.212238569259263
60: time = 0.203000 loss = 8.892040
Resulting gain: 0.32019881230424474
Gustavia_santanderiensis_1 response curves
Response curve: only bio_2
Making features
makeFeatures: max memory 932184064, total allocated 200278016, free 51005056, used 149272960, increment 5306688
Gustavia_santanderiensis_1 bio_2: 
Regularization values: linear/quadratic/product: 0.423, categorical: 0.250, threshold: 1.790, hinge: 0.500
21 samples
Density: max memory 932184064, total allocated 200278016, free 51005056, used 149272960, increment 0
linearPredictor: max memory 932184064, total allocated 200278016, free 51005056, used 149272960, increment 0
FeaturedSpace: max memory 932184064, total allocated 200278016, free 51005056, used 149272960, increment 0
Sequential: max memory 932184064, total allocated 200278016, free 51005056, used 149272960, increment 0
Initial loss: 9.212238569259263
60: time = 0.228000 loss = 9.136619
Resulting gain: 0.07561916410005054
Gustavia_santanderiensis_1 response curves
Response curve: only bio_3
Making features
makeFeatures: max memory 932184064, total allocated 200278016, free 47398688, used 152879328, increment 3606368
Gustavia_santanderiensis_1 bio_3: 
Regularization values: linear/quadratic/product: 0.423, categorical: 0.250, threshold: 1.790, hinge: 0.500
21 samples
Density: max memory 932184064, total allocated 200278016, free 47398688, used 152879328, increment 0
linearPredictor: max memory 932184064, total allocated 200278016, free 47398688, used 152879328, increment 0
FeaturedSpace: max memory 932184064, total allocated 200278016, free 47398688, used 152879328, increment 0
Sequential: max memory 932184064, total allocated 200278016, free 47398688, used 152879328, increment 0
Initial loss: 9.212238569259263
Time since start: 49.322
60: time = 0.224000 loss = 9.171593
Resulting gain: 0.0406452007944349
Gustavia_santanderiensis_1 response curves
Response curve: only bio_4
Making features
makeFeatures: max memory 932184064, total allocated 198705152, free 169808408, used 28896744, increment -123982584
Gustavia_santanderiensis_1 bio_4: 
Regularization values: linear/quadratic/product: 0.423, categorical: 0.250, threshold: 1.790, hinge: 0.500
21 samples
Density: max memory 932184064, total allocated 198705152, free 169808408, used 28896744, increment 0
linearPredictor: max memory 932184064, total allocated 198705152, free 169808408, used 28896744, increment 0
FeaturedSpace: max memory 932184064, total allocated 198705152, free 169808408, used 28896744, increment 0
Sequential: max memory 932184064, total allocated 198705152, free 169808408, used 28896744, increment 0
Initial loss: 9.212238569259263
60: time = 0.239000 loss = 9.211617
Resulting gain: 6.214677287506021E-4
Gustavia_santanderiensis_1 response curves
Time since start: 50.38
Response curve: only bio_5
Making features
makeFeatures: max memory 932184064, total allocated 198705152, free 166322336, used 32382816, increment 3486072
Gustavia_santanderiensis_1 bio_5: 
Regularization values: linear/quadratic/product: 0.423, categorical: 0.250, threshold: 1.790, hinge: 0.500
21 samples
Density: max memory 932184064, total allocated 198705152, free 166322336, used 32382816, increment 0
linearPredictor: max memory 932184064, total allocated 198705152, free 166322336, used 32382816, increment 0
FeaturedSpace: max memory 932184064, total allocated 198705152, free 166322336, used 32382816, increment 0
Sequential: max memory 932184064, total allocated 198705152, free 166322336, used 32382816, increment 0
Initial loss: 9.212238569259263
80: time = 0.289000 loss = 8.866518
Resulting gain: 0.34572101228999763
Gustavia_santanderiensis_1 response curves
Response curve: only bio_6
Making features
makeFeatures: max memory 932184064, total allocated 198705152, free 161256240, used 37448912, increment 5066096
Gustavia_santanderiensis_1 bio_6: 
Regularization values: linear/quadratic/product: 0.423, categorical: 0.250, threshold: 1.790, hinge: 0.500
21 samples
Density: max memory 932184064, total allocated 198705152, free 161256240, used 37448912, increment 0
linearPredictor: max memory 932184064, total allocated 198705152, free 161256240, used 37448912, increment 0
FeaturedSpace: max memory 932184064, total allocated 198705152, free 161256240, used 37448912, increment 0
Sequential: max memory 932184064, total allocated 198705152, free 161256240, used 37448912, increment 0
Initial loss: 9.212238569259263
100: time = 0.365000 loss = 8.833720
Resulting gain: 0.37851890171974745
Gustavia_santanderiensis_1 response curves
Response curve: only bio_7
Making features
makeFeatures: max memory 932184064, total allocated 198705152, free 157609832, used 41095320, increment 3646408
Gustavia_santanderiensis_1 bio_7: 
Regularization values: linear/quadratic/product: 0.423, categorical: 0.250, threshold: 1.790, hinge: 0.500
21 samples
Density: max memory 932184064, total allocated 198705152, free 157529664, used 41175488, increment 80168
linearPredictor: max memory 932184064, total allocated 198705152, free 157449496, used 41255656, increment 80168
FeaturedSpace: max memory 932184064, total allocated 198705152, free 157449496, used 41255656, increment 0
Sequential: max memory 932184064, total allocated 198705152, free 157449496, used 41255656, increment 0
Initial loss: 9.212238569259263
Time since start: 52.217
60: time = 0.862000 loss = 9.207486
Resulting gain: 0.00475218593165927
Gustavia_santanderiensis_1 response curves
Response curve: only bio_ai_et0
Making features
makeFeatures: max memory 932184064, total allocated 198705152, free 152399752, used 46305400, increment 5049744
Gustavia_santanderiensis_1 bio_ai_et0: 
Regularization values: linear/quadratic/product: 0.423, categorical: 0.250, threshold: 1.790, hinge: 0.500
21 samples
Density: max memory 932184064, total allocated 198705152, free 152399752, used 46305400, increment 0
linearPredictor: max memory 932184064, total allocated 198705152, free 152399752, used 46305400, increment 0
FeaturedSpace: max memory 932184064, total allocated 198705152, free 152399752, used 46305400, increment 0
Sequential: max memory 932184064, total allocated 198705152, free 152399752, used 46305400, increment 0
Initial loss: 9.212238569259263
60: time = 0.248000 loss = 9.204074
Resulting gain: 0.008164361013434984
Gustavia_santanderiensis_1 response curves
Response curve: only bio_et0_yr
Making features
makeFeatures: max memory 932184064, total allocated 198705152, free 148753344, used 49951808, increment 3646408
Gustavia_santanderiensis_1 bio_et0_yr: 
Regularization values: linear/quadratic/product: 0.423, categorical: 0.250, threshold: 1.790, hinge: 0.500
21 samples
Density: max memory 932184064, total allocated 198705152, free 148673176, used 50031976, increment 80168
linearPredictor: max memory 932184064, total allocated 198705152, free 148593008, used 50112144, increment 80168
FeaturedSpace: max memory 932184064, total allocated 198705152, free 148593008, used 50112144, increment 0
Sequential: max memory 932184064, total allocated 198705152, free 148593008, used 50112144, increment 0
Initial loss: 9.212238569259263
120: time = 0.212000 loss = 9.139890
Resulting gain: 0.07234857988727406
Gustavia_santanderiensis_1 response curves
Time since start: 53.99
Jackknife: leave bio_1 out
Making features
makeFeatures: max memory 932184064, total allocated 191365120, free 130087200, used 61277920, increment 11165776
Gustavia_santanderiensis_1 bio_1: 
Regularization values: linear/quadratic/product: 0.423, categorical: 0.250, threshold: 1.790, hinge: 0.500
21 samples
Density: max memory 932184064, total allocated 191365120, free 130087200, used 61277920, increment 0
linearPredictor: max memory 932184064, total allocated 191365120, free 130087200, used 61277920, increment 0
FeaturedSpace: max memory 932184064, total allocated 191365120, free 130087200, used 61277920, increment 0
Sequential: max memory 932184064, total allocated 191365120, free 130087200, used 61277920, increment 0
Initial loss: 9.212238569259263
240: time = 0.412000 loss = 7.569443
Jackknife: leave bio_10 out
Making features
makeFeatures: max memory 932184064, total allocated 191365120, free 127579808, used 63785312, increment 2507392
Gustavia_santanderiensis_1 bio_10: 
Regularization values: linear/quadratic/product: 0.423, categorical: 0.250, threshold: 1.790, hinge: 0.500
21 samples
Density: max memory 932184064, total allocated 191365120, free 127579808, used 63785312, increment 0
linearPredictor: max memory 932184064, total allocated 191365120, free 127579808, used 63785312, increment 0
FeaturedSpace: max memory 932184064, total allocated 191365120, free 127579808, used 63785312, increment 0
Sequential: max memory 932184064, total allocated 191365120, free 127579808, used 63785312, increment 0
Initial loss: 9.212238569259263
Time since start: 55.442
260: time = 1.016000 loss = 7.569442
Jackknife: leave bio_11 out
Making features
makeFeatures: max memory 932184064, total allocated 191365120, free 125072416, used 66292704, increment 2507392
Gustavia_santanderiensis_1 bio_11: 
Regularization values: linear/quadratic/product: 0.423, categorical: 0.250, threshold: 1.790, hinge: 0.500
21 samples
Density: max memory 932184064, total allocated 191365120, free 124992248, used 66372872, increment 80168
linearPredictor: max memory 932184064, total allocated 191365120, free 124912080, used 66453040, increment 80168
FeaturedSpace: max memory 932184064, total allocated 191365120, free 124912080, used 66453040, increment 0
Sequential: max memory 932184064, total allocated 191365120, free 124912080, used 66453040, increment 0
Initial loss: 9.212238569259263
240: time = 0.441000 loss = 7.569442
Jackknife: leave bio_12 out
Making features
makeFeatures: max memory 932184064, total allocated 191365120, free 122083872, used 69281248, increment 2828208
Gustavia_santanderiensis_1 bio_12: 
Regularization values: linear/quadratic/product: 0.423, categorical: 0.250, threshold: 1.790, hinge: 0.500
21 samples
Density: max memory 932184064, total allocated 191365120, free 119576480, used 71788640, increment 2507392
linearPredictor: max memory 932184064, total allocated 191365120, free 119576480, used 71788640, increment 0
FeaturedSpace: max memory 932184064, total allocated 191365120, free 119576480, used 71788640, increment 0
Sequential: max memory 932184064, total allocated 191365120, free 119576480, used 71788640, increment 0
Initial loss: 9.212238569259263
Time since start: 56.461
260: time = 0.547000 loss = 7.569445
Jackknife: leave bio_13 out
Making features
makeFeatures: max memory 932184064, total allocated 191365120, free 117069088, used 74296032, increment 2507392
Gustavia_santanderiensis_1 bio_13: 
Regularization values: linear/quadratic/product: 0.423, categorical: 0.250, threshold: 1.790, hinge: 0.500
21 samples
Density: max memory 932184064, total allocated 191365120, free 117069088, used 74296032, increment 0
linearPredictor: max memory 932184064, total allocated 191365120, free 117069088, used 74296032, increment 0
FeaturedSpace: max memory 932184064, total allocated 191365120, free 117069088, used 74296032, increment 0
Sequential: max memory 932184064, total allocated 191365120, free 117069088, used 74296032, increment 0
Initial loss: 9.212238569259263
240: time = 0.448000 loss = 7.574997
Jackknife: leave bio_14 out
Making features
makeFeatures: max memory 932184064, total allocated 191365120, free 114561696, used 76803424, increment 2507392
Gustavia_santanderiensis_1 bio_14: 
Regularization values: linear/quadratic/product: 0.423, categorical: 0.250, threshold: 1.790, hinge: 0.500
21 samples
Density: max memory 932184064, total allocated 191365120, free 114561696, used 76803424, increment 0
linearPredictor: max memory 932184064, total allocated 191365120, free 114561696, used 76803424, increment 0
FeaturedSpace: max memory 932184064, total allocated 191365120, free 114561696, used 76803424, increment 0
Sequential: max memory 932184064, total allocated 191365120, free 114561696, used 76803424, increment 0
Initial loss: 9.212238569259263
220: time = 0.378000 loss = 7.574436
Jackknife: leave bio_15 out
Making features
makeFeatures: max memory 932184064, total allocated 191365120, free 112878168, used 78486952, increment 1683528
Gustavia_santanderiensis_1 bio_15: 
Regularization values: linear/quadratic/product: 0.423, categorical: 0.250, threshold: 1.790, hinge: 0.500
21 samples
Density: max memory 932184064, total allocated 191365120, free 110370776, used 80994344, increment 2507392
linearPredictor: max memory 932184064, total allocated 191365120, free 110370776, used 80994344, increment 0
FeaturedSpace: max memory 932184064, total allocated 191365120, free 110370776, used 80994344, increment 0
Sequential: max memory 932184064, total allocated 191365120, free 110370776, used 80994344, increment 0
Initial loss: 9.212238569259263
Time since start: 57.685
180: time = 0.359000 loss = 7.743427
Jackknife: leave bio_16 out
Making features
makeFeatures: max memory 932184064, total allocated 191365120, free 107863384, used 83501736, increment 2507392
Gustavia_santanderiensis_1 bio_16: 
Regularization values: linear/quadratic/product: 0.423, categorical: 0.250, threshold: 1.790, hinge: 0.500
21 samples
Density: max memory 932184064, total allocated 191365120, free 107863384, used 83501736, increment 0
linearPredictor: max memory 932184064, total allocated 191365120, free 107863384, used 83501736, increment 0
FeaturedSpace: max memory 932184064, total allocated 191365120, free 107863384, used 83501736, increment 0
Sequential: max memory 932184064, total allocated 191365120, free 107863384, used 83501736, increment 0
Initial loss: 9.212238569259263
240: time = 0.407000 loss = 7.569442
Jackknife: leave bio_17 out
Making features
makeFeatures: max memory 932184064, total allocated 191365120, free 105355992, used 86009128, increment 2507392
Gustavia_santanderiensis_1 bio_17: 
Regularization values: linear/quadratic/product: 0.423, categorical: 0.250, threshold: 1.790, hinge: 0.500
21 samples
Density: max memory 932184064, total allocated 191365120, free 105355992, used 86009128, increment 0
linearPredictor: max memory 932184064, total allocated 191365120, free 105355992, used 86009128, increment 0
FeaturedSpace: max memory 932184064, total allocated 191365120, free 105355992, used 86009128, increment 0
Sequential: max memory 932184064, total allocated 191365120, free 105355992, used 86009128, increment 0
Initial loss: 9.212238569259263
200: time = 0.405000 loss = 7.573483
Jackknife: leave bio_2 out
Making features
makeFeatures: max memory 932184064, total allocated 191365120, free 103752632, used 87612488, increment 1603360
Gustavia_santanderiensis_1 bio_2: 
Regularization values: linear/quadratic/product: 0.423, categorical: 0.250, threshold: 1.790, hinge: 0.500
21 samples
Density: max memory 932184064, total allocated 191365120, free 103672464, used 87692656, increment 80168
linearPredictor: max memory 932184064, total allocated 191365120, free 103592296, used 87772824, increment 80168
FeaturedSpace: max memory 932184064, total allocated 191365120, free 103592296, used 87772824, increment 0
Sequential: max memory 932184064, total allocated 191365120, free 103592296, used 87772824, increment 0
Initial loss: 9.212238569259263
Time since start: 58.97
260: time = 0.436000 loss = 7.569442
Jackknife: leave bio_3 out
Making features
makeFeatures: max memory 932184064, total allocated 191365120, free 98657560, used 92707560, increment 4934736
Gustavia_santanderiensis_1 bio_3: 
Regularization values: linear/quadratic/product: 0.423, categorical: 0.250, threshold: 1.790, hinge: 0.500
21 samples
Density: max memory 932184064, total allocated 191365120, free 98657560, used 92707560, increment 0
linearPredictor: max memory 932184064, total allocated 191365120, free 98657560, used 92707560, increment 0
FeaturedSpace: max memory 932184064, total allocated 191365120, free 98657560, used 92707560, increment 0
Sequential: max memory 932184064, total allocated 191365120, free 98657560, used 92707560, increment 0
Initial loss: 9.212238569259263
260: time = 0.437000 loss = 7.569442
Jackknife: leave bio_4 out
Making features
makeFeatures: max memory 932184064, total allocated 191365120, free 96150168, used 95214952, increment 2507392
Gustavia_santanderiensis_1 bio_4: 
Regularization values: linear/quadratic/product: 0.423, categorical: 0.250, threshold: 1.790, hinge: 0.500
21 samples
Density: max memory 932184064, total allocated 191365120, free 96150168, used 95214952, increment 0
linearPredictor: max memory 932184064, total allocated 191365120, free 96150168, used 95214952, increment 0
FeaturedSpace: max memory 932184064, total allocated 191365120, free 96150168, used 95214952, increment 0
Sequential: max memory 932184064, total allocated 191365120, free 96150168, used 95214952, increment 0
Initial loss: 9.212238569259263
240: time = 0.399000 loss = 7.570489
Jackknife: leave bio_5 out
Making features
makeFeatures: max memory 932184064, total allocated 191365120, free 93642776, used 97722344, increment 2507392
Gustavia_santanderiensis_1 bio_5: 
Regularization values: linear/quadratic/product: 0.423, categorical: 0.250, threshold: 1.790, hinge: 0.500
21 samples
Density: max memory 932184064, total allocated 191365120, free 93642776, used 97722344, increment 0
linearPredictor: max memory 932184064, total allocated 191365120, free 93642776, used 97722344, increment 0
FeaturedSpace: max memory 932184064, total allocated 191365120, free 93642776, used 97722344, increment 0
Sequential: max memory 932184064, total allocated 191365120, free 93642776, used 97722344, increment 0
Initial loss: 9.212238569259263
Time since start: 60.304
280: time = 0.461000 loss = 7.589796
Jackknife: leave bio_6 out
Making features
makeFeatures: max memory 932184064, total allocated 191365120, free 91478240, used 99886880, increment 2164536
Gustavia_santanderiensis_1 bio_6: 
Regularization values: linear/quadratic/product: 0.423, categorical: 0.250, threshold: 1.790, hinge: 0.500
21 samples
Density: max memory 932184064, total allocated 191365120, free 91398072, used 99967048, increment 80168
linearPredictor: max memory 932184064, total allocated 191365120, free 91317904, used 100047216, increment 80168
FeaturedSpace: max memory 932184064, total allocated 191365120, free 91317904, used 100047216, increment 0
Sequential: max memory 932184064, total allocated 191365120, free 91317904, used 100047216, increment 0
Initial loss: 9.212238569259263
320: time = 0.510000 loss = 7.593765
Jackknife: leave bio_7 out
Making features
makeFeatures: max memory 932184064, total allocated 191365120, free 86383016, used 104982104, increment 4934888
Gustavia_santanderiensis_1 bio_7: 
Regularization values: linear/quadratic/product: 0.423, categorical: 0.250, threshold: 1.790, hinge: 0.500
21 samples
Density: max memory 932184064, total allocated 191365120, free 86383016, used 104982104, increment 0
linearPredictor: max memory 932184064, total allocated 191365120, free 86383016, used 104982104, increment 0
FeaturedSpace: max memory 932184064, total allocated 191365120, free 86383016, used 104982104, increment 0
Sequential: max memory 932184064, total allocated 191365120, free 86383016, used 104982104, increment 0
Initial loss: 9.212238569259263
240: time = 0.414000 loss = 7.569442
Jackknife: leave bio_ai_et0 out
Making features
makeFeatures: max memory 932184064, total allocated 191365120, free 83875624, used 107489496, increment 2507392
Gustavia_santanderiensis_1 bio_ai_et0: 
Regularization values: linear/quadratic/product: 0.423, categorical: 0.250, threshold: 1.790, hinge: 0.500
21 samples
Density: max memory 932184064, total allocated 191365120, free 83875624, used 107489496, increment 0
linearPredictor: max memory 932184064, total allocated 191365120, free 83875624, used 107489496, increment 0
FeaturedSpace: max memory 932184064, total allocated 191365120, free 83875624, used 107489496, increment 0
Sequential: max memory 932184064, total allocated 191365120, free 83875624, used 107489496, increment 0
Initial loss: 9.212238569259263
Time since start: 61.711
260: time = 0.446000 loss = 7.569442
Jackknife: leave bio_et0_yr out
Making features
makeFeatures: max memory 932184064, total allocated 191365120, free 81368232, used 109996888, increment 2507392
Gustavia_santanderiensis_1 bio_et0_yr: 
Regularization values: linear/quadratic/product: 0.423, categorical: 0.250, threshold: 1.790, hinge: 0.500
21 samples
Density: max memory 932184064, total allocated 191365120, free 81368232, used 109996888, increment 0
linearPredictor: max memory 932184064, total allocated 191365120, free 81368232, used 109996888, increment 0
FeaturedSpace: max memory 932184064, total allocated 191365120, free 81368232, used 109996888, increment 0
Sequential: max memory 932184064, total allocated 191365120, free 81368232, used 109996888, increment 0
Initial loss: 9.212238569259263
260: time = 0.442000 loss = 7.569442
Jackknife: only bio_1
Making features
makeFeatures: max memory 932184064, total allocated 191365120, free 81368232, used 109996888, increment 0
Gustavia_santanderiensis_1 bio_1: 
Regularization values: linear/quadratic/product: 0.423, categorical: 0.250, threshold: 1.790, hinge: 0.500
21 samples
Density: max memory 932184064, total allocated 191365120, free 81368232, used 109996888, increment 0
linearPredictor: max memory 932184064, total allocated 191365120, free 81368232, used 109996888, increment 0
FeaturedSpace: max memory 932184064, total allocated 191365120, free 81368232, used 109996888, increment 0
Sequential: max memory 932184064, total allocated 191365120, free 81368232, used 109996888, increment 0
Initial loss: 9.212238569259263
100: time = 0.200000 loss = 8.859451
Res.gain: 0.3527875384995198
Jackknife: only bio_10
Making features
makeFeatures: max memory 932184064, total allocated 191365120, free 78860840, used 112504280, increment 2507392
Gustavia_santanderiensis_1 bio_10: 
Regularization values: linear/quadratic/product: 0.423, categorical: 0.250, threshold: 1.790, hinge: 0.500
21 samples
Density: max memory 932184064, total allocated 191365120, free 78860840, used 112504280, increment 0
linearPredictor: max memory 932184064, total allocated 191365120, free 78860840, used 112504280, increment 0
FeaturedSpace: max memory 932184064, total allocated 191365120, free 78860840, used 112504280, increment 0
Sequential: max memory 932184064, total allocated 191365120, free 78860840, used 112504280, increment 0
Initial loss: 9.212238569259263
80: time = 0.262000 loss = 8.877202
Res.gain: 0.3350361372169264
Jackknife: only bio_11
Making features
makeFeatures: max memory 932184064, total allocated 191365120, free 78860840, used 112504280, increment 0
Gustavia_santanderiensis_1 bio_11: 
Regularization values: linear/quadratic/product: 0.423, categorical: 0.250, threshold: 1.790, hinge: 0.500
21 samples
Density: max memory 932184064, total allocated 191365120, free 78860840, used 112504280, increment 0
linearPredictor: max memory 932184064, total allocated 191365120, free 78860840, used 112504280, increment 0
FeaturedSpace: max memory 932184064, total allocated 191365120, free 78860840, used 112504280, increment 0
Sequential: max memory 932184064, total allocated 191365120, free 78860840, used 112504280, increment 0
Initial loss: 9.212238569259263
Time since start: 62.874
80: time = 0.237000 loss = 8.878718
Res.gain: 0.3335207989289959
Jackknife: only bio_12
Making features
makeFeatures: max memory 932184064, total allocated 191365120, free 78860840, used 112504280, increment 0
Gustavia_santanderiensis_1 bio_12: 
Regularization values: linear/quadratic/product: 0.423, categorical: 0.250, threshold: 1.790, hinge: 0.500
21 samples
Density: max memory 932184064, total allocated 191365120, free 78860840, used 112504280, increment 0
linearPredictor: max memory 932184064, total allocated 191365120, free 78860840, used 112504280, increment 0
FeaturedSpace: max memory 932184064, total allocated 191365120, free 78860840, used 112504280, increment 0
Sequential: max memory 932184064, total allocated 191365120, free 78860840, used 112504280, increment 0
Initial loss: 9.212238569259263
60: time = 0.208000 loss = 9.169909
Res.gain: 0.042329558785699106
Jackknife: only bio_13
Making features
makeFeatures: max memory 932184064, total allocated 191365120, free 78860840, used 112504280, increment 0
Gustavia_santanderiensis_1 bio_13: 
Regularization values: linear/quadratic/product: 0.423, categorical: 0.250, threshold: 1.790, hinge: 0.500
21 samples
Density: max memory 932184064, total allocated 191365120, free 78860840, used 112504280, increment 0
linearPredictor: max memory 932184064, total allocated 191365120, free 78860840, used 112504280, increment 0
FeaturedSpace: max memory 932184064, total allocated 191365120, free 78860840, used 112504280, increment 0
Sequential: max memory 932184064, total allocated 191365120, free 78860840, used 112504280, increment 0
Initial loss: 9.212238569259263
60: time = 0.237000 loss = 9.209951
Res.gain: 0.002287087443598068
Jackknife: only bio_14
Making features
makeFeatures: max memory 932184064, total allocated 191365120, free 78860840, used 112504280, increment 0
Gustavia_santanderiensis_1 bio_14: 
Regularization values: linear/quadratic/product: 0.423, categorical: 0.250, threshold: 1.790, hinge: 0.500
21 samples
Density: max memory 932184064, total allocated 191365120, free 78860840, used 112504280, increment 0
linearPredictor: max memory 932184064, total allocated 191365120, free 78860840, used 112504280, increment 0
FeaturedSpace: max memory 932184064, total allocated 191365120, free 78860840, used 112504280, increment 0
Sequential: max memory 932184064, total allocated 191365120, free 78860840, used 112504280, increment 0
Initial loss: 9.212238569259263
60: time = 0.221000 loss = 9.136213
Res.gain: 0.07602542619882158
Jackknife: only bio_15
Making features
makeFeatures: max memory 932184064, total allocated 191365120, free 78860840, used 112504280, increment 0
Gustavia_santanderiensis_1 bio_15: 
Regularization values: linear/quadratic/product: 0.423, categorical: 0.250, threshold: 1.790, hinge: 0.500
21 samples
Density: max memory 932184064, total allocated 191365120, free 78860840, used 112504280, increment 0
linearPredictor: max memory 932184064, total allocated 191365120, free 78860840, used 112504280, increment 0
FeaturedSpace: max memory 932184064, total allocated 191365120, free 78860840, used 112504280, increment 0
Sequential: max memory 932184064, total allocated 191365120, free 78860840, used 112504280, increment 0
Initial loss: 9.212238569259263
60: time = 0.202000 loss = 8.968734
Res.gain: 0.24350485632052177
Jackknife: only bio_16
Making features
makeFeatures: max memory 932184064, total allocated 191365120, free 78860840, used 112504280, increment 0
Gustavia_santanderiensis_1 bio_16: 
Regularization values: linear/quadratic/product: 0.423, categorical: 0.250, threshold: 1.790, hinge: 0.500
21 samples
Density: max memory 932184064, total allocated 191365120, free 78780672, used 112584448, increment 80168
linearPredictor: max memory 932184064, total allocated 191365120, free 78700504, used 112664616, increment 80168
FeaturedSpace: max memory 932184064, total allocated 191365120, free 78700504, used 112664616, increment 0
Sequential: max memory 932184064, total allocated 191365120, free 78700504, used 112664616, increment 0
Initial loss: 9.212238569259263
Time since start: 63.987
60: time = 0.228000 loss = 9.208453
Res.gain: 0.0037855853580524013
Jackknife: only bio_17
Making features
makeFeatures: max memory 932184064, total allocated 191365120, free 76193112, used 115172008, increment 2507392
Gustavia_santanderiensis_1 bio_17: 
Regularization values: linear/quadratic/product: 0.423, categorical: 0.250, threshold: 1.790, hinge: 0.500
21 samples
Density: max memory 932184064, total allocated 191365120, free 76193112, used 115172008, increment 0
linearPredictor: max memory 932184064, total allocated 191365120, free 76193112, used 115172008, increment 0
FeaturedSpace: max memory 932184064, total allocated 191365120, free 76193112, used 115172008, increment 0
Sequential: max memory 932184064, total allocated 191365120, free 76193112, used 115172008, increment 0
Initial loss: 9.212238569259263
60: time = 0.198000 loss = 8.892040
Res.gain: 0.32019881230424474
Jackknife: only bio_2
Making features
makeFeatures: max memory 932184064, total allocated 191365120, free 76193112, used 115172008, increment 0
Gustavia_santanderiensis_1 bio_2: 
Regularization values: linear/quadratic/product: 0.423, categorical: 0.250, threshold: 1.790, hinge: 0.500
21 samples
Density: max memory 932184064, total allocated 191365120, free 76193112, used 115172008, increment 0
linearPredictor: max memory 932184064, total allocated 191365120, free 76193112, used 115172008, increment 0
FeaturedSpace: max memory 932184064, total allocated 191365120, free 76193112, used 115172008, increment 0
Sequential: max memory 932184064, total allocated 191365120, free 76193112, used 115172008, increment 0
Initial loss: 9.212238569259263
60: time = 0.227000 loss = 9.136619
Res.gain: 0.07561916410005054
Jackknife: only bio_3
Making features
makeFeatures: max memory 932184064, total allocated 191365120, free 76193112, used 115172008, increment 0
Gustavia_santanderiensis_1 bio_3: 
Regularization values: linear/quadratic/product: 0.423, categorical: 0.250, threshold: 1.790, hinge: 0.500
21 samples
Density: max memory 932184064, total allocated 191365120, free 76193112, used 115172008, increment 0
linearPredictor: max memory 932184064, total allocated 191365120, free 76193112, used 115172008, increment 0
FeaturedSpace: max memory 932184064, total allocated 191365120, free 76193112, used 115172008, increment 0
Sequential: max memory 932184064, total allocated 191365120, free 76193112, used 115172008, increment 0
Initial loss: 9.212238569259263
60: time = 0.224000 loss = 9.171593
Res.gain: 0.0406452007944349
Jackknife: only bio_4
Making features
makeFeatures: max memory 932184064, total allocated 191365120, free 76193112, used 115172008, increment 0
Gustavia_santanderiensis_1 bio_4: 
Regularization values: linear/quadratic/product: 0.423, categorical: 0.250, threshold: 1.790, hinge: 0.500
21 samples
Density: max memory 932184064, total allocated 191365120, free 76193112, used 115172008, increment 0
linearPredictor: max memory 932184064, total allocated 191365120, free 76193112, used 115172008, increment 0
FeaturedSpace: max memory 932184064, total allocated 191365120, free 76193112, used 115172008, increment 0
Sequential: max memory 932184064, total allocated 191365120, free 76193112, used 115172008, increment 0
Initial loss: 9.212238569259263
60: time = 0.239000 loss = 9.211617
Res.gain: 6.214677287506021E-4
Jackknife: only bio_5
Making features
makeFeatures: max memory 932184064, total allocated 191365120, free 76193112, used 115172008, increment 0
Gustavia_santanderiensis_1 bio_5: 
Regularization values: linear/quadratic/product: 0.423, categorical: 0.250, threshold: 1.790, hinge: 0.500
21 samples
Density: max memory 932184064, total allocated 191365120, free 76193112, used 115172008, increment 0
linearPredictor: max memory 932184064, total allocated 191365120, free 76193112, used 115172008, increment 0
FeaturedSpace: max memory 932184064, total allocated 191365120, free 76193112, used 115172008, increment 0
Sequential: max memory 932184064, total allocated 191365120, free 76193112, used 115172008, increment 0
Initial loss: 9.212238569259263
Time since start: 65.159
80: time = 0.268000 loss = 8.866518
Res.gain: 0.34572101228999763
Jackknife: only bio_6
Making features
makeFeatures: max memory 932184064, total allocated 191365120, free 76193112, used 115172008, increment 0
Gustavia_santanderiensis_1 bio_6: 
Regularization values: linear/quadratic/product: 0.423, categorical: 0.250, threshold: 1.790, hinge: 0.500
21 samples
Density: max memory 932184064, total allocated 191365120, free 76193112, used 115172008, increment 0
linearPredictor: max memory 932184064, total allocated 191365120, free 76193112, used 115172008, increment 0
FeaturedSpace: max memory 932184064, total allocated 191365120, free 76193112, used 115172008, increment 0
Sequential: max memory 932184064, total allocated 191365120, free 76193112, used 115172008, increment 0
Initial loss: 9.212238569259263
100: time = 0.347000 loss = 8.833720
Res.gain: 0.37851890171974745
Jackknife: only bio_7
Making features
makeFeatures: max memory 932184064, total allocated 191365120, free 76193112, used 115172008, increment 0
Gustavia_santanderiensis_1 bio_7: 
Regularization values: linear/quadratic/product: 0.423, categorical: 0.250, threshold: 1.790, hinge: 0.500
21 samples
Density: max memory 932184064, total allocated 191365120, free 73685720, used 117679400, increment 2507392
linearPredictor: max memory 932184064, total allocated 191365120, free 73685720, used 117679400, increment 0
FeaturedSpace: max memory 932184064, total allocated 191365120, free 73685720, used 117679400, increment 0
Sequential: max memory 932184064, total allocated 191365120, free 73685720, used 117679400, increment 0
Initial loss: 9.212238569259263
60: time = 0.243000 loss = 9.207486
Res.gain: 0.00475218593165927
Jackknife: only bio_ai_et0
Making features
makeFeatures: max memory 932184064, total allocated 191365120, free 73685720, used 117679400, increment 0
Gustavia_santanderiensis_1 bio_ai_et0: 
Regularization values: linear/quadratic/product: 0.423, categorical: 0.250, threshold: 1.790, hinge: 0.500
21 samples
Density: max memory 932184064, total allocated 191365120, free 73685720, used 117679400, increment 0
linearPredictor: max memory 932184064, total allocated 191365120, free 73685720, used 117679400, increment 0
FeaturedSpace: max memory 932184064, total allocated 191365120, free 73685720, used 117679400, increment 0
Sequential: max memory 932184064, total allocated 191365120, free 73685720, used 117679400, increment 0
Initial loss: 9.212238569259263
60: time = 0.222000 loss = 9.204074
Res.gain: 0.008164361013434984
Jackknife: only bio_et0_yr
Making features
makeFeatures: max memory 932184064, total allocated 191365120, free 73685720, used 117679400, increment 0
Gustavia_santanderiensis_1 bio_et0_yr: 
Regularization values: linear/quadratic/product: 0.423, categorical: 0.250, threshold: 1.790, hinge: 0.500
21 samples
Density: max memory 932184064, total allocated 191365120, free 73685720, used 117679400, increment 0
linearPredictor: max memory 932184064, total allocated 191365120, free 73685720, used 117679400, increment 0
FeaturedSpace: max memory 932184064, total allocated 191365120, free 73685720, used 117679400, increment 0
Sequential: max memory 932184064, total allocated 191365120, free 73685720, used 117679400, increment 0
Initial loss: 9.212238569259263
Time since start: 66.169
120: time = 0.184000 loss = 9.139890
Res.gain: 0.07234857988727406
getSamples: max memory 932184064, total allocated 191365120, free 68817240, used 122547880, increment 4868480
Making features
makeFeatures: max memory 932184064, total allocated 191365120, free 67374072, used 123991048, increment 1443168
Gustavia_santanderiensis_2: 
Regularization values: linear/quadratic/product: 0.423, categorical: 0.250, threshold: 1.790, hinge: 0.500
21 samples
Density: max memory 932184064, total allocated 191365120, free 67293896, used 124071224, increment 80176
linearPredictor: max memory 932184064, total allocated 191365120, free 67213720, used 124151400, increment 80176
FeaturedSpace: max memory 932184064, total allocated 191365120, free 67213720, used 124151400, increment 0
Sequential: max memory 932184064, total allocated 191365120, free 67213720, used 124151400, increment 0
Initial loss: 9.212338374638856
240: time = 0.470000 loss = 7.468128
Resulting gain: 1.7442103808211362
Projecting...
Time since start: 67.187
Writing file C:\Users\Camila\Desktop\Modelo opc3\Final_Models\M_2_F_lq_Set_1\Gustavia_santanderiensis_2.asc
Time since start: 69.321
Writing C:\Users\Camila\Desktop\Modelo opc3\Final_Models\M_2_F_lq_Set_1\plots\Gustavia_santanderiensis_2.png
Gustavia_santanderiensis_2 response curves
Time since start: 73.275
Response curve: only bio_1
Making features
makeFeatures: max memory 932184064, total allocated 176160768, free 69185144, used 106975624, increment -17175776
Gustavia_santanderiensis_2 bio_1: 
Regularization values: linear/quadratic/product: 0.423, categorical: 0.250, threshold: 1.790, hinge: 0.500
21 samples
Density: max memory 932184064, total allocated 176160768, free 69185144, used 106975624, increment 0
linearPredictor: max memory 932184064, total allocated 176160768, free 69185144, used 106975624, increment 0
FeaturedSpace: max memory 932184064, total allocated 176160768, free 69185144, used 106975624, increment 0
Sequential: max memory 932184064, total allocated 176160768, free 69185144, used 106975624, increment 0
Initial loss: 9.212338374638856
100: time = 0.878000 loss = 8.856130
Resulting gain: 0.35620814265556966
Gustavia_santanderiensis_2 response curves
Time since start: 74.292
Response curve: only bio_10
Making features
makeFeatures: max memory 932184064, total allocated 176160768, free 64852152, used 111308616, increment 4332992
Gustavia_santanderiensis_2 bio_10: 
Regularization values: linear/quadratic/product: 0.423, categorical: 0.250, threshold: 1.790, hinge: 0.500
21 samples
Density: max memory 932184064, total allocated 176160768, free 64852152, used 111308616, increment 0
linearPredictor: max memory 932184064, total allocated 176160768, free 64852152, used 111308616, increment 0
FeaturedSpace: max memory 932184064, total allocated 176160768, free 64852152, used 111308616, increment 0
Sequential: max memory 932184064, total allocated 176160768, free 64852152, used 111308616, increment 0
Initial loss: 9.212338374638856
80: time = 0.276000 loss = 8.888603
Resulting gain: 0.32373538073832897
Gustavia_santanderiensis_2 response curves
Response curve: only bio_11
Making features
makeFeatures: max memory 932184064, total allocated 176160768, free 60519160, used 115641608, increment 4332992
Gustavia_santanderiensis_2 bio_11: 
Regularization values: linear/quadratic/product: 0.423, categorical: 0.250, threshold: 1.790, hinge: 0.500
21 samples
Density: max memory 932184064, total allocated 176160768, free 60438984, used 115721784, increment 80176
linearPredictor: max memory 932184064, total allocated 176160768, free 60358808, used 115801960, increment 80176
FeaturedSpace: max memory 932184064, total allocated 176160768, free 60358808, used 115801960, increment 0
Sequential: max memory 932184064, total allocated 176160768, free 60358808, used 115801960, increment 0
Initial loss: 9.212338374638856
Time since start: 75.649
100: time = 0.936000 loss = 8.870703
Resulting gain: 0.34163523708439314
Gustavia_santanderiensis_2 response curves
Response curve: only bio_12
Making features
makeFeatures: max memory 932184064, total allocated 176160768, free 56025800, used 120134968, increment 4333008
Gustavia_santanderiensis_2 bio_12: 
Regularization values: linear/quadratic/product: 0.423, categorical: 0.250, threshold: 1.790, hinge: 0.500
21 samples
Density: max memory 932184064, total allocated 176160768, free 56025800, used 120134968, increment 0
linearPredictor: max memory 932184064, total allocated 176160768, free 55945624, used 120215144, increment 80176
FeaturedSpace: max memory 932184064, total allocated 176160768, free 55945624, used 120215144, increment 0
Sequential: max memory 932184064, total allocated 176160768, free 55945624, used 120215144, increment 0
Initial loss: 9.212338374638856
60: time = 0.243000 loss = 9.103516
Resulting gain: 0.10882222953502207
Gustavia_santanderiensis_2 response curves
Response curve: only bio_13
Making features
makeFeatures: max memory 932184064, total allocated 176160768, free 51612608, used 124548160, increment 4333016
Gustavia_santanderiensis_2 bio_13: 
Regularization values: linear/quadratic/product: 0.423, categorical: 0.250, threshold: 1.790, hinge: 0.500
21 samples
Density: max memory 932184064, total allocated 176160768, free 51612608, used 124548160, increment 0
linearPredictor: max memory 932184064, total allocated 176160768, free 51532432, used 124628336, increment 80176
FeaturedSpace: max memory 932184064, total allocated 176160768, free 51532432, used 124628336, increment 0
Sequential: max memory 932184064, total allocated 176160768, free 51532432, used 124628336, increment 0
Initial loss: 9.212338374638856
60: time = 0.250000 loss = 9.186074
Resulting gain: 0.02626469156736988
Gustavia_santanderiensis_2 response curves
Time since start: 76.655
Response curve: only bio_14
Making features
makeFeatures: max memory 932184064, total allocated 176160768, free 47199440, used 128961328, increment 4332992
Gustavia_santanderiensis_2 bio_14: 
Regularization values: linear/quadratic/product: 0.423, categorical: 0.250, threshold: 1.790, hinge: 0.500
21 samples
Density: max memory 932184064, total allocated 176160768, free 47199440, used 128961328, increment 0
linearPredictor: max memory 932184064, total allocated 176160768, free 47119264, used 129041504, increment 80176
FeaturedSpace: max memory 932184064, total allocated 176160768, free 47119264, used 129041504, increment 0
Sequential: max memory 932184064, total allocated 176160768, free 47119264, used 129041504, increment 0
Initial loss: 9.212338374638856
60: time = 0.225000 loss = 8.995880
Resulting gain: 0.21645856427246812
Gustavia_santanderiensis_2 response curves
Response curve: only bio_15
Making features
makeFeatures: max memory 932184064, total allocated 176160768, free 42782280, used 133378488, increment 4336984
Gustavia_santanderiensis_2 bio_15: 
Regularization values: linear/quadratic/product: 0.423, categorical: 0.250, threshold: 1.790, hinge: 0.500
21 samples
Density: max memory 932184064, total allocated 176160768, free 42782280, used 133378488, increment 0
linearPredictor: max memory 932184064, total allocated 176160768, free 42782280, used 133378488, increment 0
FeaturedSpace: max memory 932184064, total allocated 176160768, free 42782280, used 133378488, increment 0
Sequential: max memory 932184064, total allocated 176160768, free 42782280, used 133378488, increment 0
Initial loss: 9.212338374638856
60: time = 0.190000 loss = 8.940705
Resulting gain: 0.27163310315616407
Gustavia_santanderiensis_2 response curves
Response curve: only bio_16
Making features
makeFeatures: max memory 932184064, total allocated 176160768, free 38443072, used 137717696, increment 4339208
Gustavia_santanderiensis_2 bio_16: 
Regularization values: linear/quadratic/product: 0.423, categorical: 0.250, threshold: 1.790, hinge: 0.500
21 samples
Density: max memory 932184064, total allocated 176160768, free 38362896, used 137797872, increment 80176
linearPredictor: max memory 932184064, total allocated 176160768, free 38282720, used 137878048, increment 80176
FeaturedSpace: max memory 932184064, total allocated 176160768, free 38282720, used 137878048, increment 0
Sequential: max memory 932184064, total allocated 176160768, free 38282720, used 137878048, increment 0
Initial loss: 9.212338374638856
60: time = 0.225000 loss = 9.177975
Resulting gain: 0.03436343215457249
Gustavia_santanderiensis_2 response curves
Time since start: 77.795
Response curve: only bio_17
Making features
makeFeatures: max memory 932184064, total allocated 176160768, free 33945736, used 142215032, increment 4336984
Gustavia_santanderiensis_2 bio_17: 
Regularization values: linear/quadratic/product: 0.423, categorical: 0.250, threshold: 1.790, hinge: 0.500
21 samples
Density: max memory 932184064, total allocated 176160768, free 33945736, used 142215032, increment 0
linearPredictor: max memory 932184064, total allocated 176160768, free 33945736, used 142215032, increment 0
FeaturedSpace: max memory 932184064, total allocated 176160768, free 33945736, used 142215032, increment 0
Sequential: max memory 932184064, total allocated 176160768, free 33945736, used 142215032, increment 0
Initial loss: 9.212338374638856
80: time = 0.148000 loss = 8.759893
Resulting gain: 0.4524456712112457
Gustavia_santanderiensis_2 response curves
Response curve: only bio_2
Making features
makeFeatures: max memory 932184064, total allocated 180355072, free 137894272, used 42460800, increment -99754232
Gustavia_santanderiensis_2 bio_2: 
Regularization values: linear/quadratic/product: 0.423, categorical: 0.250, threshold: 1.790, hinge: 0.500
21 samples
Density: max memory 932184064, total allocated 180355072, free 137894272, used 42460800, increment 0
linearPredictor: max memory 932184064, total allocated 180355072, free 137894272, used 42460800, increment 0
FeaturedSpace: max memory 932184064, total allocated 180355072, free 137894272, used 42460800, increment 0
Sequential: max memory 932184064, total allocated 180355072, free 137894272, used 42460800, increment 0
Initial loss: 9.212338374638856
Time since start: 78.957
60: time = 0.255000 loss = 9.168956
Resulting gain: 0.04338230869027804
Gustavia_santanderiensis_2 response curves
Response curve: only bio_3
Making features
makeFeatures: max memory 932184064, total allocated 180355072, free 134688464, used 45666608, increment 3205808
Gustavia_santanderiensis_2 bio_3: 
Regularization values: linear/quadratic/product: 0.423, categorical: 0.250, threshold: 1.790, hinge: 0.500
21 samples
Density: max memory 932184064, total allocated 180355072, free 134608288, used 45746784, increment 80176
linearPredictor: max memory 932184064, total allocated 180355072, free 134528112, used 45826960, increment 80176
FeaturedSpace: max memory 932184064, total allocated 180355072, free 134528112, used 45826960, increment 0
Sequential: max memory 932184064, total allocated 180355072, free 134528112, used 45826960, increment 0
Initial loss: 9.212338374638856
60: time = 0.229000 loss = 9.137963
Resulting gain: 0.07437556276823365
Gustavia_santanderiensis_2 response curves
Response curve: only bio_4
Making features
makeFeatures: max memory 932184064, total allocated 180355072, free 130279416, used 50075656, increment 4248696
Gustavia_santanderiensis_2 bio_4: 
Regularization values: linear/quadratic/product: 0.423, categorical: 0.250, threshold: 1.790, hinge: 0.500
21 samples
Density: max memory 932184064, total allocated 180355072, free 130199240, used 50155832, increment 80176
linearPredictor: max memory 932184064, total allocated 180355072, free 130119064, used 50236008, increment 80176
FeaturedSpace: max memory 932184064, total allocated 180355072, free 130119064, used 50236008, increment 0
Sequential: max memory 932184064, total allocated 180355072, free 130119064, used 50236008, increment 0
Initial loss: 9.212338374638856
60: time = 0.282000 loss = 9.209924
Resulting gain: 0.002414272321267674
Gustavia_santanderiensis_2 response curves
Time since start: 80.634
Response curve: only bio_5
Making features
makeFeatures: max memory 932184064, total allocated 180355072, free 125854024, used 54501048, increment 4265040
Gustavia_santanderiensis_2 bio_5: 
Regularization values: linear/quadratic/product: 0.423, categorical: 0.250, threshold: 1.790, hinge: 0.500
21 samples
Density: max memory 932184064, total allocated 180355072, free 125773848, used 54581224, increment 80176
linearPredictor: max memory 932184064, total allocated 180355072, free 125693672, used 54661400, increment 80176
FeaturedSpace: max memory 932184064, total allocated 180355072, free 125693672, used 54661400, increment 0
Sequential: max memory 932184064, total allocated 180355072, free 125693672, used 54661400, increment 0
Initial loss: 9.212338374638856
100: time = 0.497000 loss = 8.899231
Resulting gain: 0.31310692893394787
Gustavia_santanderiensis_2 response curves
Response curve: only bio_6
Making features
makeFeatures: max memory 932184064, total allocated 180355072, free 121444944, used 58910128, increment 4248728
Gustavia_santanderiensis_2 bio_6: 
Regularization values: linear/quadratic/product: 0.423, categorical: 0.250, threshold: 1.790, hinge: 0.500
21 samples
Density: max memory 932184064, total allocated 180355072, free 121364768, used 58990304, increment 80176
linearPredictor: max memory 932184064, total allocated 180355072, free 121284592, used 59070480, increment 80176
FeaturedSpace: max memory 932184064, total allocated 180355072, free 121284592, used 59070480, increment 0
Sequential: max memory 932184064, total allocated 180355072, free 121284592, used 59070480, increment 0
Initial loss: 9.212338374638856
Time since start: 81.808
100: time = 0.450000 loss = 8.821075
Resulting gain: 0.3912636608888729
Gustavia_santanderiensis_2 response curves
Response curve: only bio_7
Making features
makeFeatures: max memory 932184064, total allocated 180355072, free 114952904, used 65402168, increment 6331688
Gustavia_santanderiensis_2 bio_7: 
Regularization values: linear/quadratic/product: 0.423, categorical: 0.250, threshold: 1.790, hinge: 0.500
21 samples
Density: max memory 932184064, total allocated 180355072, free 114952904, used 65402168, increment 0
linearPredictor: max memory 932184064, total allocated 180355072, free 114952904, used 65402168, increment 0
FeaturedSpace: max memory 932184064, total allocated 180355072, free 114952904, used 65402168, increment 0
Sequential: max memory 932184064, total allocated 180355072, free 114952904, used 65402168, increment 0
Initial loss: 9.212338374638856
20: time = 0.091000 loss = 9.212338
Resulting gain: 2.8537990459653884E-7
Gustavia_santanderiensis_2 response curves
Response curve: only bio_ai_et0
Making features
makeFeatures: max memory 932184064, total allocated 180355072, free 110783584, used 69571488, increment 4169320
Gustavia_santanderiensis_2 bio_ai_et0: 
Regularization values: linear/quadratic/product: 0.423, categorical: 0.250, threshold: 1.790, hinge: 0.500
21 samples
Density: max memory 932184064, total allocated 180355072, free 110783584, used 69571488, increment 0
linearPredictor: max memory 932184064, total allocated 180355072, free 110783584, used 69571488, increment 0
FeaturedSpace: max memory 932184064, total allocated 180355072, free 110783584, used 69571488, increment 0
Sequential: max memory 932184064, total allocated 180355072, free 110783584, used 69571488, increment 0
Initial loss: 9.212338374638856
Time since start: 83.005
60: time = 0.234000 loss = 9.160217
Resulting gain: 0.05212130029084072
Gustavia_santanderiensis_2 response curves
Response curve: only bio_et0_yr
Making features
makeFeatures: max memory 932184064, total allocated 180355072, free 106614264, used 73740808, increment 4169320
Gustavia_santanderiensis_2 bio_et0_yr: 
Regularization values: linear/quadratic/product: 0.423, categorical: 0.250, threshold: 1.790, hinge: 0.500
21 samples
Density: max memory 932184064, total allocated 180355072, free 106614264, used 73740808, increment 0
linearPredictor: max memory 932184064, total allocated 180355072, free 106614264, used 73740808, increment 0
FeaturedSpace: max memory 932184064, total allocated 180355072, free 106614264, used 73740808, increment 0
Sequential: max memory 932184064, total allocated 180355072, free 106614264, used 73740808, increment 0
Initial loss: 9.212338374638856
120: time = 0.195000 loss = 9.148036
Resulting gain: 0.06430272418752203
Gustavia_santanderiensis_2 response curves
Time since start: 84.758
Jackknife: leave bio_1 out
Making features
makeFeatures: max memory 932184064, total allocated 169345024, free 68988992, used 100356032, increment 26615224
Gustavia_santanderiensis_2 bio_1: 
Regularization values: linear/quadratic/product: 0.423, categorical: 0.250, threshold: 1.790, hinge: 0.500
21 samples
Density: max memory 932184064, total allocated 169345024, free 68908816, used 100436208, increment 80176
linearPredictor: max memory 932184064, total allocated 169345024, free 68828640, used 100516384, increment 80176
FeaturedSpace: max memory 932184064, total allocated 169345024, free 68828640, used 100516384, increment 0
Sequential: max memory 932184064, total allocated 169345024, free 68828640, used 100516384, increment 0
Initial loss: 9.212338374638856
240: time = 0.440000 loss = 7.468128
Jackknife: leave bio_10 out
Making features
makeFeatures: max memory 932184064, total allocated 169345024, free 65946520, used 103398504, increment 2882120
Gustavia_santanderiensis_2 bio_10: 
Regularization values: linear/quadratic/product: 0.423, categorical: 0.250, threshold: 1.790, hinge: 0.500
21 samples
Density: max memory 932184064, total allocated 169345024, free 65866344, used 103478680, increment 80176
linearPredictor: max memory 932184064, total allocated 169345024, free 65786168, used 103558856, increment 80176
FeaturedSpace: max memory 932184064, total allocated 169345024, free 65786168, used 103558856, increment 0
Sequential: max memory 932184064, total allocated 169345024, free 65786168, used 103558856, increment 0
Initial loss: 9.212338374638856
220: time = 0.464000 loss = 7.468128
Jackknife: leave bio_11 out
Making features
makeFeatures: max memory 932184064, total allocated 169345024, free 61705768, used 107639256, increment 4080400
Gustavia_santanderiensis_2 bio_11: 
Regularization values: linear/quadratic/product: 0.423, categorical: 0.250, threshold: 1.790, hinge: 0.500
21 samples
Density: max memory 932184064, total allocated 169345024, free 61705768, used 107639256, increment 0
linearPredictor: max memory 932184064, total allocated 169345024, free 61705768, used 107639256, increment 0
FeaturedSpace: max memory 932184064, total allocated 169345024, free 61705768, used 107639256, increment 0
Sequential: max memory 932184064, total allocated 169345024, free 61705768, used 107639256, increment 0
Initial loss: 9.212338374638856
Time since start: 86.156
220: time = 0.439000 loss = 7.468128
Jackknife: leave bio_12 out
Making features
makeFeatures: max memory 932184064, total allocated 169345024, free 59384968, used 109960056, increment 2320800
Gustavia_santanderiensis_2 bio_12: 
Regularization values: linear/quadratic/product: 0.423, categorical: 0.250, threshold: 1.790, hinge: 0.500
21 samples
Density: max memory 932184064, total allocated 169345024, free 59384968, used 109960056, increment 0
linearPredictor: max memory 932184064, total allocated 169345024, free 59384968, used 109960056, increment 0
FeaturedSpace: max memory 932184064, total allocated 169345024, free 59384968, used 109960056, increment 0
Sequential: max memory 932184064, total allocated 169345024, free 59384968, used 109960056, increment 0
Initial loss: 9.212338374638856
220: time = 0.385000 loss = 7.468235
Jackknife: leave bio_13 out
Making features
makeFeatures: max memory 932184064, total allocated 169345024, free 56823640, used 112521384, increment 2561328
Gustavia_santanderiensis_2 bio_13: 
Regularization values: linear/quadratic/product: 0.423, categorical: 0.250, threshold: 1.790, hinge: 0.500
21 samples
Density: max memory 932184064, total allocated 169345024, free 56743464, used 112601560, increment 80176
linearPredictor: max memory 932184064, total allocated 169345024, free 56663288, used 112681736, increment 80176
FeaturedSpace: max memory 932184064, total allocated 169345024, free 56663288, used 112681736, increment 0
Sequential: max memory 932184064, total allocated 169345024, free 56663288, used 112681736, increment 0
Initial loss: 9.212338374638856
240: time = 0.404000 loss = 7.468128
Jackknife: leave bio_14 out
Making features
makeFeatures: max memory 932184064, total allocated 169345024, free 52582648, used 116762376, increment 4080640
Gustavia_santanderiensis_2 bio_14: 
Regularization values: linear/quadratic/product: 0.423, categorical: 0.250, threshold: 1.790, hinge: 0.500
21 samples
Density: max memory 932184064, total allocated 169345024, free 52582648, used 116762376, increment 0
linearPredictor: max memory 932184064, total allocated 169345024, free 52582648, used 116762376, increment 0
FeaturedSpace: max memory 932184064, total allocated 169345024, free 52582648, used 116762376, increment 0
Sequential: max memory 932184064, total allocated 169345024, free 52582648, used 116762376, increment 0
Initial loss: 9.212338374638856
Time since start: 87.445
280: time = 0.463000 loss = 7.468128
Jackknife: leave bio_15 out
Making features
makeFeatures: max memory 932184064, total allocated 169345024, free 50738600, used 118606424, increment 1844048
Gustavia_santanderiensis_2 bio_15: 
Regularization values: linear/quadratic/product: 0.423, categorical: 0.250, threshold: 1.790, hinge: 0.500
21 samples
Density: max memory 932184064, total allocated 169345024, free 48658328, used 120686696, increment 2080272
linearPredictor: max memory 932184064, total allocated 169345024, free 48658328, used 120686696, increment 0
FeaturedSpace: max memory 932184064, total allocated 169345024, free 48658328, used 120686696, increment 0
Sequential: max memory 932184064, total allocated 169345024, free 48658328, used 120686696, increment 0
Initial loss: 9.212338374638856
300: time = 0.490000 loss = 7.624844
Jackknife: leave bio_16 out
Making features
makeFeatures: max memory 932184064, total allocated 169345024, free 47616040, used 121728984, increment 1042288
Gustavia_santanderiensis_2 bio_16: 
Regularization values: linear/quadratic/product: 0.423, categorical: 0.250, threshold: 1.790, hinge: 0.500
21 samples
Density: max memory 932184064, total allocated 169345024, free 45535768, used 123809256, increment 2080272
linearPredictor: max memory 932184064, total allocated 169345024, free 45535768, used 123809256, increment 0
FeaturedSpace: max memory 932184064, total allocated 169345024, free 45535768, used 123809256, increment 0
Sequential: max memory 932184064, total allocated 169345024, free 45535768, used 123809256, increment 0
Initial loss: 9.212338374638856
220: time = 0.380000 loss = 7.468128
Jackknife: leave bio_17 out
Making features
makeFeatures: max memory 932184064, total allocated 169345024, free 44573656, used 124771368, increment 962112
Gustavia_santanderiensis_2 bio_17: 
Regularization values: linear/quadratic/product: 0.423, categorical: 0.250, threshold: 1.790, hinge: 0.500
21 samples
Density: max memory 932184064, total allocated 169345024, free 42493384, used 126851640, increment 2080272
linearPredictor: max memory 932184064, total allocated 169345024, free 42493384, used 126851640, increment 0
FeaturedSpace: max memory 932184064, total allocated 169345024, free 42493384, used 126851640, increment 0
Sequential: max memory 932184064, total allocated 169345024, free 42493384, used 126851640, increment 0
Initial loss: 9.212338374638856
Time since start: 88.744
220: time = 0.391000 loss = 7.488680
Jackknife: leave bio_2 out
Making features
makeFeatures: max memory 932184064, total allocated 169345024, free 41531272, used 127813752, increment 962112
Gustavia_santanderiensis_2 bio_2: 
Regularization values: linear/quadratic/product: 0.423, categorical: 0.250, threshold: 1.790, hinge: 0.500
21 samples
Density: max memory 932184064, total allocated 169345024, free 39451000, used 129894024, increment 2080272
linearPredictor: max memory 932184064, total allocated 169345024, free 39451000, used 129894024, increment 0
FeaturedSpace: max memory 932184064, total allocated 169345024, free 39451000, used 129894024, increment 0
Sequential: max memory 932184064, total allocated 169345024, free 39451000, used 129894024, increment 0
Initial loss: 9.212338374638856
240: time = 0.445000 loss = 7.468128
Jackknife: leave bio_3 out
Making features
makeFeatures: max memory 932184064, total allocated 169345024, free 37370728, used 131974296, increment 2080272
Gustavia_santanderiensis_2 bio_3: 
Regularization values: linear/quadratic/product: 0.423, categorical: 0.250, threshold: 1.790, hinge: 0.500
21 samples
Density: max memory 932184064, total allocated 169345024, free 37370728, used 131974296, increment 0
linearPredictor: max memory 932184064, total allocated 169345024, free 37370728, used 131974296, increment 0
FeaturedSpace: max memory 932184064, total allocated 169345024, free 37370728, used 131974296, increment 0
Sequential: max memory 932184064, total allocated 169345024, free 37370728, used 131974296, increment 0
Initial loss: 9.212338374638856
300: time = 0.508000 loss = 7.489652
Jackknife: leave bio_4 out
Making features
makeFeatures: max memory 932184064, total allocated 169345024, free 35290456, used 134054568, increment 2080272
Gustavia_santanderiensis_2 bio_4: 
Regularization values: linear/quadratic/product: 0.423, categorical: 0.250, threshold: 1.790, hinge: 0.500
21 samples
Density: max memory 932184064, total allocated 169345024, free 35210280, used 134134744, increment 80176
linearPredictor: max memory 932184064, total allocated 169345024, free 35130104, used 134214920, increment 80176
FeaturedSpace: max memory 932184064, total allocated 169345024, free 35130104, used 134214920, increment 0
Sequential: max memory 932184064, total allocated 169345024, free 35130104, used 134214920, increment 0
Initial loss: 9.212338374638856
Time since start: 90.136
240: time = 0.403000 loss = 7.485582
Jackknife: leave bio_5 out
Making features
makeFeatures: max memory 932184064, total allocated 169345024, free 31049464, used 138295560, increment 4080640
Gustavia_santanderiensis_2 bio_5: 
Regularization values: linear/quadratic/product: 0.423, categorical: 0.250, threshold: 1.790, hinge: 0.500
21 samples
Density: max memory 932184064, total allocated 169345024, free 31049464, used 138295560, increment 0
linearPredictor: max memory 932184064, total allocated 169345024, free 31049464, used 138295560, increment 0
FeaturedSpace: max memory 932184064, total allocated 169345024, free 31049464, used 138295560, increment 0
Sequential: max memory 932184064, total allocated 169345024, free 31049464, used 138295560, increment 0
Initial loss: 9.212338374638856
260: time = 0.440000 loss = 7.471969
Jackknife: leave bio_6 out
Making features
makeFeatures: max memory 932184064, total allocated 165150720, free 124645728, used 40504992, increment -97790568
Gustavia_santanderiensis_2 bio_6: 
Regularization values: linear/quadratic/product: 0.423, categorical: 0.250, threshold: 1.790, hinge: 0.500
21 samples
Density: max memory 932184064, total allocated 165150720, free 124645728, used 40504992, increment 0
linearPredictor: max memory 932184064, total allocated 165150720, free 124645728, used 40504992, increment 0
FeaturedSpace: max memory 932184064, total allocated 165150720, free 124645728, used 40504992, increment 0
Sequential: max memory 932184064, total allocated 165150720, free 124645728, used 40504992, increment 0
Initial loss: 9.212338374638856
200: time = 0.354000 loss = 7.491322
Jackknife: leave bio_7 out
Making features
makeFeatures: max memory 932184064, total allocated 165150720, free 122400800, used 42749920, increment 2244928
Gustavia_santanderiensis_2 bio_7: 
Regularization values: linear/quadratic/product: 0.423, categorical: 0.250, threshold: 1.790, hinge: 0.500
21 samples
Density: max memory 932184064, total allocated 165150720, free 120408824, used 44741896, increment 1991976
linearPredictor: max memory 932184064, total allocated 165150720, free 120408824, used 44741896, increment 0
FeaturedSpace: max memory 932184064, total allocated 165150720, free 120408824, used 44741896, increment 0
Sequential: max memory 932184064, total allocated 165150720, free 120408824, used 44741896, increment 0
Initial loss: 9.212338374638856
Time since start: 91.391
240: time = 0.421000 loss = 7.468128
Jackknife: leave bio_ai_et0 out
Making features
makeFeatures: max memory 932184064, total allocated 165150720, free 118416848, used 46733872, increment 1991976
Gustavia_santanderiensis_2 bio_ai_et0: 
Regularization values: linear/quadratic/product: 0.423, categorical: 0.250, threshold: 1.790, hinge: 0.500
21 samples
Density: max memory 932184064, total allocated 165150720, free 118416848, used 46733872, increment 0
linearPredictor: max memory 932184064, total allocated 165150720, free 118416848, used 46733872, increment 0
FeaturedSpace: max memory 932184064, total allocated 165150720, free 118416848, used 46733872, increment 0
Sequential: max memory 932184064, total allocated 165150720, free 118416848, used 46733872, increment 0
Initial loss: 9.212338374638856
220: time = 0.396000 loss = 7.468128
Jackknife: leave bio_et0_yr out
Making features
makeFeatures: max memory 932184064, total allocated 165150720, free 116264520, used 48886200, increment 2152328
Gustavia_santanderiensis_2 bio_et0_yr: 
Regularization values: linear/quadratic/product: 0.423, categorical: 0.250, threshold: 1.790, hinge: 0.500
21 samples
Density: max memory 932184064, total allocated 165150720, free 116184344, used 48966376, increment 80176
linearPredictor: max memory 932184064, total allocated 165150720, free 116104168, used 49046552, increment 80176
FeaturedSpace: max memory 932184064, total allocated 165150720, free 116104168, used 49046552, increment 0
Sequential: max memory 932184064, total allocated 165150720, free 116104168, used 49046552, increment 0
Initial loss: 9.212338374638856
240: time = 0.423000 loss = 7.468128
Jackknife: only bio_1
Making features
makeFeatures: max memory 932184064, total allocated 165150720, free 114192096, used 50958624, increment 1912072
Gustavia_santanderiensis_2 bio_1: 
Regularization values: linear/quadratic/product: 0.423, categorical: 0.250, threshold: 1.790, hinge: 0.500
21 samples
Density: max memory 932184064, total allocated 165150720, free 114192096, used 50958624, increment 0
linearPredictor: max memory 932184064, total allocated 165150720, free 114192096, used 50958624, increment 0
FeaturedSpace: max memory 932184064, total allocated 165150720, free 114192096, used 50958624, increment 0
Sequential: max memory 932184064, total allocated 165150720, free 114192096, used 50958624, increment 0
Initial loss: 9.212338374638856
Time since start: 92.62
100: time = 0.382000 loss = 8.856130
Res.gain: 0.35620814265556966
Jackknife: only bio_10
Making features
makeFeatures: max memory 932184064, total allocated 165150720, free 114192096, used 50958624, increment 0
Gustavia_santanderiensis_2 bio_10: 
Regularization values: linear/quadratic/product: 0.423, categorical: 0.250, threshold: 1.790, hinge: 0.500
21 samples
Density: max memory 932184064, total allocated 165150720, free 114192096, used 50958624, increment 0
linearPredictor: max memory 932184064, total allocated 165150720, free 114192096, used 50958624, increment 0
FeaturedSpace: max memory 932184064, total allocated 165150720, free 114192096, used 50958624, increment 0
Sequential: max memory 932184064, total allocated 165150720, free 114192096, used 50958624, increment 0
Initial loss: 9.212338374638856
80: time = 0.259000 loss = 8.888603
Res.gain: 0.32373538073832897
Jackknife: only bio_11
Making features
makeFeatures: max memory 932184064, total allocated 165150720, free 114192096, used 50958624, increment 0
Gustavia_santanderiensis_2 bio_11: 
Regularization values: linear/quadratic/product: 0.423, categorical: 0.250, threshold: 1.790, hinge: 0.500
21 samples
Density: max memory 932184064, total allocated 165150720, free 114192096, used 50958624, increment 0
linearPredictor: max memory 932184064, total allocated 165150720, free 114192096, used 50958624, increment 0
FeaturedSpace: max memory 932184064, total allocated 165150720, free 114192096, used 50958624, increment 0
Sequential: max memory 932184064, total allocated 165150720, free 114192096, used 50958624, increment 0
Initial loss: 9.212338374638856
100: time = 0.379000 loss = 8.870703
Res.gain: 0.34163523708439314
Jackknife: only bio_12
Making features
makeFeatures: max memory 932184064, total allocated 165150720, free 114192096, used 50958624, increment 0
Gustavia_santanderiensis_2 bio_12: 
Regularization values: linear/quadratic/product: 0.423, categorical: 0.250, threshold: 1.790, hinge: 0.500
21 samples
Density: max memory 932184064, total allocated 165150720, free 114192096, used 50958624, increment 0
linearPredictor: max memory 932184064, total allocated 165150720, free 114192096, used 50958624, increment 0
FeaturedSpace: max memory 932184064, total allocated 165150720, free 114192096, used 50958624, increment 0
Sequential: max memory 932184064, total allocated 165150720, free 114192096, used 50958624, increment 0
Initial loss: 9.212338374638856
60: time = 0.210000 loss = 9.103516
Res.gain: 0.10882222953502207
Jackknife: only bio_13
Making features
makeFeatures: max memory 932184064, total allocated 165150720, free 114111920, used 51038800, increment 80176
Gustavia_santanderiensis_2 bio_13: 
Regularization values: linear/quadratic/product: 0.423, categorical: 0.250, threshold: 1.790, hinge: 0.500
21 samples
Density: max memory 932184064, total allocated 165150720, free 112119944, used 53030776, increment 1991976
linearPredictor: max memory 932184064, total allocated 165150720, free 112119944, used 53030776, increment 0
FeaturedSpace: max memory 932184064, total allocated 165150720, free 112119944, used 53030776, increment 0
Sequential: max memory 932184064, total allocated 165150720, free 112119944, used 53030776, increment 0
Initial loss: 9.212338374638856
Time since start: 93.713
60: time = 0.232000 loss = 9.186074
Res.gain: 0.02626469156736988
Jackknife: only bio_14
Making features
makeFeatures: max memory 932184064, total allocated 165150720, free 112119944, used 53030776, increment 0
Gustavia_santanderiensis_2 bio_14: 
Regularization values: linear/quadratic/product: 0.423, categorical: 0.250, threshold: 1.790, hinge: 0.500
21 samples
Density: max memory 932184064, total allocated 165150720, free 112119944, used 53030776, increment 0
linearPredictor: max memory 932184064, total allocated 165150720, free 112119944, used 53030776, increment 0
FeaturedSpace: max memory 932184064, total allocated 165150720, free 112119944, used 53030776, increment 0
Sequential: max memory 932184064, total allocated 165150720, free 112119944, used 53030776, increment 0
Initial loss: 9.212338374638856
60: time = 0.206000 loss = 8.995880
Res.gain: 0.21645856427246812
Jackknife: only bio_15
Making features
makeFeatures: max memory 932184064, total allocated 165150720, free 112119944, used 53030776, increment 0
Gustavia_santanderiensis_2 bio_15: 
Regularization values: linear/quadratic/product: 0.423, categorical: 0.250, threshold: 1.790, hinge: 0.500
21 samples
Density: max memory 932184064, total allocated 165150720, free 112119944, used 53030776, increment 0
linearPredictor: max memory 932184064, total allocated 165150720, free 112119944, used 53030776, increment 0
FeaturedSpace: max memory 932184064, total allocated 165150720, free 112119944, used 53030776, increment 0
Sequential: max memory 932184064, total allocated 165150720, free 112119944, used 53030776, increment 0
Initial loss: 9.212338374638856
60: time = 0.233000 loss = 8.940705
Res.gain: 0.27163310315616407
Jackknife: only bio_16
Making features
makeFeatures: max memory 932184064, total allocated 165150720, free 112119944, used 53030776, increment 0
Gustavia_santanderiensis_2 bio_16: 
Regularization values: linear/quadratic/product: 0.423, categorical: 0.250, threshold: 1.790, hinge: 0.500
21 samples
Density: max memory 932184064, total allocated 165150720, free 112119944, used 53030776, increment 0
linearPredictor: max memory 932184064, total allocated 165150720, free 112119944, used 53030776, increment 0
FeaturedSpace: max memory 932184064, total allocated 165150720, free 112119944, used 53030776, increment 0
Sequential: max memory 932184064, total allocated 165150720, free 112119944, used 53030776, increment 0
Initial loss: 9.212338374638856
60: time = 0.229000 loss = 9.177975
Res.gain: 0.03436343215457249
Jackknife: only bio_17
Making features
makeFeatures: max memory 932184064, total allocated 165150720, free 112119944, used 53030776, increment 0
Gustavia_santanderiensis_2 bio_17: 
Regularization values: linear/quadratic/product: 0.423, categorical: 0.250, threshold: 1.790, hinge: 0.500
21 samples
Density: max memory 932184064, total allocated 165150720, free 112119944, used 53030776, increment 0
linearPredictor: max memory 932184064, total allocated 165150720, free 112119944, used 53030776, increment 0
FeaturedSpace: max memory 932184064, total allocated 165150720, free 112119944, used 53030776, increment 0
Sequential: max memory 932184064, total allocated 165150720, free 112119944, used 53030776, increment 0
Initial loss: 9.212338374638856
80: time = 0.144000 loss = 8.759893
Res.gain: 0.4524456712112457
Jackknife: only bio_2
Making features
makeFeatures: max memory 932184064, total allocated 165150720, free 112119944, used 53030776, increment 0
Gustavia_santanderiensis_2 bio_2: 
Regularization values: linear/quadratic/product: 0.423, categorical: 0.250, threshold: 1.790, hinge: 0.500
21 samples
Density: max memory 932184064, total allocated 165150720, free 112119944, used 53030776, increment 0
linearPredictor: max memory 932184064, total allocated 165150720, free 110127968, used 55022752, increment 1991976
FeaturedSpace: max memory 932184064, total allocated 165150720, free 110127968, used 55022752, increment 0
Sequential: max memory 932184064, total allocated 165150720, free 110127968, used 55022752, increment 0
Initial loss: 9.212338374638856
Time since start: 94.765
60: time = 0.223000 loss = 9.168956
Res.gain: 0.04338230869027804
Jackknife: only bio_3
Making features
makeFeatures: max memory 932184064, total allocated 165150720, free 110127968, used 55022752, increment 0
Gustavia_santanderiensis_2 bio_3: 
Regularization values: linear/quadratic/product: 0.423, categorical: 0.250, threshold: 1.790, hinge: 0.500
21 samples
Density: max memory 932184064, total allocated 165150720, free 110127968, used 55022752, increment 0
linearPredictor: max memory 932184064, total allocated 165150720, free 110127968, used 55022752, increment 0
FeaturedSpace: max memory 932184064, total allocated 165150720, free 110127968, used 55022752, increment 0
Sequential: max memory 932184064, total allocated 165150720, free 110127968, used 55022752, increment 0
Initial loss: 9.212338374638856
60: time = 0.202000 loss = 9.137963
Res.gain: 0.07437556276823365
Jackknife: only bio_4
Making features
makeFeatures: max memory 932184064, total allocated 165150720, free 110127968, used 55022752, increment 0
Gustavia_santanderiensis_2 bio_4: 
Regularization values: linear/quadratic/product: 0.423, categorical: 0.250, threshold: 1.790, hinge: 0.500
21 samples
Density: max memory 932184064, total allocated 165150720, free 110127968, used 55022752, increment 0
linearPredictor: max memory 932184064, total allocated 165150720, free 110127968, used 55022752, increment 0
FeaturedSpace: max memory 932184064, total allocated 165150720, free 110127968, used 55022752, increment 0
Sequential: max memory 932184064, total allocated 165150720, free 110127968, used 55022752, increment 0
Initial loss: 9.212338374638856
60: time = 0.236000 loss = 9.209924
Res.gain: 0.002414272321267674
Jackknife: only bio_5
Making features
makeFeatures: max memory 932184064, total allocated 165150720, free 110127968, used 55022752, increment 0
Gustavia_santanderiensis_2 bio_5: 
Regularization values: linear/quadratic/product: 0.423, categorical: 0.250, threshold: 1.790, hinge: 0.500
21 samples
Density: max memory 932184064, total allocated 165150720, free 110127968, used 55022752, increment 0
linearPredictor: max memory 932184064, total allocated 165150720, free 110127968, used 55022752, increment 0
FeaturedSpace: max memory 932184064, total allocated 165150720, free 110127968, used 55022752, increment 0
Sequential: max memory 932184064, total allocated 165150720, free 110127968, used 55022752, increment 0
Initial loss: 9.212338374638856
100: time = 0.349000 loss = 8.899231
Res.gain: 0.31310692893394787
Jackknife: only bio_6
Making features
makeFeatures: max memory 932184064, total allocated 165150720, free 110127968, used 55022752, increment 0
Gustavia_santanderiensis_2 bio_6: 
Regularization values: linear/quadratic/product: 0.423, categorical: 0.250, threshold: 1.790, hinge: 0.500
21 samples
Density: max memory 932184064, total allocated 165150720, free 110127968, used 55022752, increment 0
linearPredictor: max memory 932184064, total allocated 165150720, free 110127968, used 55022752, increment 0
FeaturedSpace: max memory 932184064, total allocated 165150720, free 110127968, used 55022752, increment 0
Sequential: max memory 932184064, total allocated 165150720, free 110127968, used 55022752, increment 0
Initial loss: 9.212338374638856
Time since start: 95.94
100: time = 0.375000 loss = 8.821075
Res.gain: 0.3912636608888729
Jackknife: only bio_7
Making features
makeFeatures: max memory 932184064, total allocated 165150720, free 110127968, used 55022752, increment 0
Gustavia_santanderiensis_2 bio_7: 
Regularization values: linear/quadratic/product: 0.423, categorical: 0.250, threshold: 1.790, hinge: 0.500
21 samples
Density: max memory 932184064, total allocated 165150720, free 110127968, used 55022752, increment 0
linearPredictor: max memory 932184064, total allocated 165150720, free 110047792, used 55102928, increment 80176
FeaturedSpace: max memory 932184064, total allocated 165150720, free 110047792, used 55102928, increment 0
Sequential: max memory 932184064, total allocated 165150720, free 110047792, used 55102928, increment 0
Initial loss: 9.212338374638856
20: time = 0.084000 loss = 9.212338
Res.gain: 2.8537990459653884E-7
Jackknife: only bio_ai_et0
Making features
makeFeatures: max memory 932184064, total allocated 165150720, free 109887440, used 55263280, increment 160352
Gustavia_santanderiensis_2 bio_ai_et0: 
Regularization values: linear/quadratic/product: 0.423, categorical: 0.250, threshold: 1.790, hinge: 0.500
21 samples
Density: max memory 932184064, total allocated 165150720, free 107895464, used 57255256, increment 1991976
linearPredictor: max memory 932184064, total allocated 165150720, free 107895464, used 57255256, increment 0
FeaturedSpace: max memory 932184064, total allocated 165150720, free 107895464, used 57255256, increment 0
Sequential: max memory 932184064, total allocated 165150720, free 107895464, used 57255256, increment 0
Initial loss: 9.212338374638856
60: time = 0.221000 loss = 9.160217
Res.gain: 0.05212130029084072
Jackknife: only bio_et0_yr
Making features
makeFeatures: max memory 932184064, total allocated 165150720, free 107895464, used 57255256, increment 0
Gustavia_santanderiensis_2 bio_et0_yr: 
Regularization values: linear/quadratic/product: 0.423, categorical: 0.250, threshold: 1.790, hinge: 0.500
21 samples
Density: max memory 932184064, total allocated 165150720, free 107895464, used 57255256, increment 0
linearPredictor: max memory 932184064, total allocated 165150720, free 107895464, used 57255256, increment 0
FeaturedSpace: max memory 932184064, total allocated 165150720, free 107895464, used 57255256, increment 0
Sequential: max memory 932184064, total allocated 165150720, free 107895464, used 57255256, increment 0
Initial loss: 9.212338374638856
120: time = 0.183000 loss = 9.148036
Res.gain: 0.06430272418752203
getSamples: max memory 932184064, total allocated 165150720, free 102607176, used 62543544, increment 5288288
Making features
makeFeatures: max memory 932184064, total allocated 165150720, free 101484824, used 63665896, increment 1122352
Gustavia_santanderiensis_3: 
Regularization values: linear/quadratic/product: 0.423, categorical: 0.250, threshold: 1.790, hinge: 0.500
21 samples
Density: max memory 932184064, total allocated 165150720, free 99492856, used 65657864, increment 1991968
linearPredictor: max memory 932184064, total allocated 165150720, free 99492856, used 65657864, increment 0
FeaturedSpace: max memory 932184064, total allocated 165150720, free 99492856, used 65657864, increment 0
Sequential: max memory 932184064, total allocated 165150720, free 99492856, used 65657864, increment 0
Initial loss: 9.212238569259263
Time since start: 97.027
260: time = 0.459000 loss = 7.309117
Resulting gain: 1.9031217018058415
Projecting...
Writing file C:\Users\Camila\Desktop\Modelo opc3\Final_Models\M_2_F_lq_Set_1\Gustavia_santanderiensis_3.asc
Time since start: 100.126
Writing C:\Users\Camila\Desktop\Modelo opc3\Final_Models\M_2_F_lq_Set_1\plots\Gustavia_santanderiensis_3.png
Gustavia_santanderiensis_3 response curves
Time since start: 104.072
Response curve: only bio_1
Making features
makeFeatures: max memory 932184064, total allocated 154140672, free 33903432, used 120237240, increment 54579376
Gustavia_santanderiensis_3 bio_1: 
Regularization values: linear/quadratic/product: 0.423, categorical: 0.250, threshold: 1.790, hinge: 0.500
21 samples
Density: max memory 932184064, total allocated 154140672, free 33903432, used 120237240, increment 0
linearPredictor: max memory 932184064, total allocated 154140672, free 33903432, used 120237240, increment 0
FeaturedSpace: max memory 932184064, total allocated 154140672, free 33903432, used 120237240, increment 0
Sequential: max memory 932184064, total allocated 154140672, free 33903432, used 120237240, increment 0
Initial loss: 9.212238569259263
100: time = 0.910000 loss = 8.864104
Resulting gain: 0.3481346886886971
Gustavia_santanderiensis_3 response curves
Time since start: 105.136
Response curve: only bio_10
Making features
makeFeatures: max memory 932184064, total allocated 154140672, free 29502728, used 124637944, increment 4400704
Gustavia_santanderiensis_3 bio_10: 
Regularization values: linear/quadratic/product: 0.423, categorical: 0.250, threshold: 1.790, hinge: 0.500
21 samples
Density: max memory 932184064, total allocated 154140672, free 29502728, used 124637944, increment 0
linearPredictor: max memory 932184064, total allocated 154140672, free 29502728, used 124637944, increment 0
FeaturedSpace: max memory 932184064, total allocated 154140672, free 29502728, used 124637944, increment 0
Sequential: max memory 932184064, total allocated 154140672, free 29502728, used 124637944, increment 0
Initial loss: 9.212238569259263
80: time = 0.320000 loss = 8.896278
Resulting gain: 0.31596034755395586
Gustavia_santanderiensis_3 response curves
Response curve: only bio_11
Making features
makeFeatures: max memory 932184064, total allocated 154140672, free 25099936, used 129040736, increment 4402792
Gustavia_santanderiensis_3 bio_11: 
Regularization values: linear/quadratic/product: 0.423, categorical: 0.250, threshold: 1.790, hinge: 0.500
21 samples
Density: max memory 932184064, total allocated 154140672, free 25099936, used 129040736, increment 0
linearPredictor: max memory 932184064, total allocated 154140672, free 25099936, used 129040736, increment 0
FeaturedSpace: max memory 932184064, total allocated 154140672, free 25099936, used 129040736, increment 0
Sequential: max memory 932184064, total allocated 154140672, free 25099936, used 129040736, increment 0
Initial loss: 9.212238569259263
Time since start: 107.035
100: time = 1.385000 loss = 8.879993
Resulting gain: 0.33224577124566856
Gustavia_santanderiensis_3 response curves
Response curve: only bio_12
Making features
makeFeatures: max memory 932184064, total allocated 158334976, free 106513888, used 51821088, increment -77219648
Gustavia_santanderiensis_3 bio_12: 
Regularization values: linear/quadratic/product: 0.423, categorical: 0.250, threshold: 1.790, hinge: 0.500
21 samples
Density: max memory 932184064, total allocated 158334976, free 106513888, used 51821088, increment 0
linearPredictor: max memory 932184064, total allocated 158334976, free 106513888, used 51821088, increment 0
FeaturedSpace: max memory 932184064, total allocated 158334976, free 106513888, used 51821088, increment 0
Sequential: max memory 932184064, total allocated 158334976, free 106513888, used 51821088, increment 0
Initial loss: 9.212238569259263
60: time = 0.317000 loss = 9.094030
Resulting gain: 0.11820880340001416
Gustavia_santanderiensis_3 response curves
Response curve: only bio_13
Making features
makeFeatures: max memory 932184064, total allocated 158334976, free 102232984, used 56101992, increment 4280904
Gustavia_santanderiensis_3 bio_13: 
Regularization values: linear/quadratic/product: 0.423, categorical: 0.250, threshold: 1.790, hinge: 0.500
21 samples
Density: max memory 932184064, total allocated 158334976, free 102232984, used 56101992, increment 0
linearPredictor: max memory 932184064, total allocated 158334976, free 102232984, used 56101992, increment 0
FeaturedSpace: max memory 932184064, total allocated 158334976, free 102232984, used 56101992, increment 0
Sequential: max memory 932184064, total allocated 158334976, free 102232984, used 56101992, increment 0
Initial loss: 9.212238569259263
Time since start: 108.193
60: time = 0.304000 loss = 9.197605
Resulting gain: 0.014633774343044692
Gustavia_santanderiensis_3 response curves
Response curve: only bio_14
Making features
makeFeatures: max memory 932184064, total allocated 158334976, free 97951248, used 60383728, increment 4281736
Gustavia_santanderiensis_3 bio_14: 
Regularization values: linear/quadratic/product: 0.423, categorical: 0.250, threshold: 1.790, hinge: 0.500
21 samples
Density: max memory 932184064, total allocated 158334976, free 97951248, used 60383728, increment 0
linearPredictor: max memory 932184064, total allocated 158334976, free 97951248, used 60383728, increment 0
FeaturedSpace: max memory 932184064, total allocated 158334976, free 97951248, used 60383728, increment 0
Sequential: max memory 932184064, total allocated 158334976, free 97951248, used 60383728, increment 0
Initial loss: 9.212238569259263
60: time = 0.251000 loss = 8.917164
Resulting gain: 0.29507449497851823
Gustavia_santanderiensis_3 response curves
Response curve: only bio_15
Making features
makeFeatures: max memory 932184064, total allocated 158334976, free 93669504, used 64665472, increment 4281744
Gustavia_santanderiensis_3 bio_15: 
Regularization values: linear/quadratic/product: 0.423, categorical: 0.250, threshold: 1.790, hinge: 0.500
21 samples
Density: max memory 932184064, total allocated 158334976, free 93669504, used 64665472, increment 0
linearPredictor: max memory 932184064, total allocated 158334976, free 93669504, used 64665472, increment 0
FeaturedSpace: max memory 932184064, total allocated 158334976, free 93669504, used 64665472, increment 0
Sequential: max memory 932184064, total allocated 158334976, free 93669504, used 64665472, increment 0
Initial loss: 9.212238569259263
Time since start: 109.675
60: time = 0.820000 loss = 8.885385
Resulting gain: 0.32685390789140634
Gustavia_santanderiensis_3 response curves
Response curve: only bio_16
Making features
makeFeatures: max memory 932184064, total allocated 158334976, free 89388624, used 68946352, increment 4280880
Gustavia_santanderiensis_3 bio_16: 
Regularization values: linear/quadratic/product: 0.423, categorical: 0.250, threshold: 1.790, hinge: 0.500
21 samples
Density: max memory 932184064, total allocated 158334976, free 89388624, used 68946352, increment 0
linearPredictor: max memory 932184064, total allocated 158334976, free 89388624, used 68946352, increment 0
FeaturedSpace: max memory 932184064, total allocated 158334976, free 89388624, used 68946352, increment 0
Sequential: max memory 932184064, total allocated 158334976, free 89388624, used 68946352, increment 0
Initial loss: 9.212238569259263
60: time = 0.287000 loss = 9.188958
Resulting gain: 0.023280975764540912
Gustavia_santanderiensis_3 response curves
Response curve: only bio_17
Making features
makeFeatures: max memory 932184064, total allocated 158334976, free 85105328, used 73229648, increment 4283296
Gustavia_santanderiensis_3 bio_17: 
Regularization values: linear/quadratic/product: 0.423, categorical: 0.250, threshold: 1.790, hinge: 0.500
21 samples
Density: max memory 932184064, total allocated 158334976, free 85105328, used 73229648, increment 0
linearPredictor: max memory 932184064, total allocated 158334976, free 85105328, used 73229648, increment 0
FeaturedSpace: max memory 932184064, total allocated 158334976, free 85105328, used 73229648, increment 0
Sequential: max memory 932184064, total allocated 158334976, free 85105328, used 73229648, increment 0
Initial loss: 9.212238569259263
60: time = 0.241000 loss = 8.732584
Resulting gain: 0.47965473988571716
Gustavia_santanderiensis_3 response curves
Time since start: 111.419
Response curve: only bio_2
Making features
makeFeatures: max memory 932184064, total allocated 158334976, free 80824400, used 77510576, increment 4280928
Gustavia_santanderiensis_3 bio_2: 
Regularization values: linear/quadratic/product: 0.423, categorical: 0.250, threshold: 1.790, hinge: 0.500
21 samples
Density: max memory 932184064, total allocated 158334976, free 80824400, used 77510576, increment 0
linearPredictor: max memory 932184064, total allocated 158334976, free 80824400, used 77510576, increment 0
FeaturedSpace: max memory 932184064, total allocated 158334976, free 80824400, used 77510576, increment 0
Sequential: max memory 932184064, total allocated 158334976, free 80824400, used 77510576, increment 0
Initial loss: 9.212238569259263
60: time = 0.279000 loss = 9.171686
Resulting gain: 0.040552941845078294
Gustavia_santanderiensis_3 response curves
Response curve: only bio_3
Making features
makeFeatures: max memory 932184064, total allocated 158334976, free 76541104, used 81793872, increment 4283296
Gustavia_santanderiensis_3 bio_3: 
Regularization values: linear/quadratic/product: 0.423, categorical: 0.250, threshold: 1.790, hinge: 0.500
21 samples
Density: max memory 932184064, total allocated 158334976, free 76541104, used 81793872, increment 0
linearPredictor: max memory 932184064, total allocated 158334976, free 76541104, used 81793872, increment 0
FeaturedSpace: max memory 932184064, total allocated 158334976, free 76541104, used 81793872, increment 0
Sequential: max memory 932184064, total allocated 158334976, free 76541104, used 81793872, increment 0
Initial loss: 9.212238569259263
60: time = 0.253000 loss = 9.143888
Resulting gain: 0.06835050451954139
Gustavia_santanderiensis_3 response curves
Response curve: only bio_4
Making features
makeFeatures: max memory 932184064, total allocated 158334976, free 72260192, used 86074784, increment 4280912
Gustavia_santanderiensis_3 bio_4: 
Regularization values: linear/quadratic/product: 0.423, categorical: 0.250, threshold: 1.790, hinge: 0.500
21 samples
Density: max memory 932184064, total allocated 158334976, free 72260192, used 86074784, increment 0
linearPredictor: max memory 932184064, total allocated 158334976, free 72260192, used 86074784, increment 0
FeaturedSpace: max memory 932184064, total allocated 158334976, free 72260192, used 86074784, increment 0
Sequential: max memory 932184064, total allocated 158334976, free 72260192, used 86074784, increment 0
Initial loss: 9.212238569259263
Time since start: 112.638
60: time = 0.299000 loss = 9.209372
Resulting gain: 0.0028662815463125213
Gustavia_santanderiensis_3 response curves
Response curve: only bio_5
Making features
makeFeatures: max memory 932184064, total allocated 158334976, free 67282472, used 91052504, increment 4977720
Gustavia_santanderiensis_3 bio_5: 
Regularization values: linear/quadratic/product: 0.423, categorical: 0.250, threshold: 1.790, hinge: 0.500
21 samples
Density: max memory 932184064, total allocated 158334976, free 67282472, used 91052504, increment 0
linearPredictor: max memory 932184064, total allocated 158334976, free 67282472, used 91052504, increment 0
FeaturedSpace: max memory 932184064, total allocated 158334976, free 67282472, used 91052504, increment 0
Sequential: max memory 932184064, total allocated 158334976, free 67282472, used 91052504, increment 0
Initial loss: 9.212238569259263
100: time = 0.402000 loss = 8.904922
Resulting gain: 0.3073161087134313
Gustavia_santanderiensis_3 response curves
Response curve: only bio_6
Making features
makeFeatures: max memory 932184064, total allocated 158334976, free 62999176, used 95335800, increment 4283296
Gustavia_santanderiensis_3 bio_6: 
Regularization values: linear/quadratic/product: 0.423, categorical: 0.250, threshold: 1.790, hinge: 0.500
21 samples
Density: max memory 932184064, total allocated 158334976, free 62999176, used 95335800, increment 0
linearPredictor: max memory 932184064, total allocated 158334976, free 62999176, used 95335800, increment 0
FeaturedSpace: max memory 932184064, total allocated 158334976, free 62999176, used 95335800, increment 0
Sequential: max memory 932184064, total allocated 158334976, free 62999176, used 95335800, increment 0
Initial loss: 9.212238569259263
Time since start: 114.205
100: time = 0.810000 loss = 8.824299
Resulting gain: 0.38793994373406093
Gustavia_santanderiensis_3 response curves
Response curve: only bio_7
Making features
makeFeatures: max memory 932184064, total allocated 158334976, free 58715880, used 99619096, increment 4283296
Gustavia_santanderiensis_3 bio_7: 
Regularization values: linear/quadratic/product: 0.423, categorical: 0.250, threshold: 1.790, hinge: 0.500
21 samples
Density: max memory 932184064, total allocated 158334976, free 58715880, used 99619096, increment 0
linearPredictor: max memory 932184064, total allocated 158334976, free 58715880, used 99619096, increment 0
FeaturedSpace: max memory 932184064, total allocated 158334976, free 58715880, used 99619096, increment 0
Sequential: max memory 932184064, total allocated 158334976, free 58715880, used 99619096, increment 0
Initial loss: 9.212238569259263
20: time = 0.093000 loss = 9.212236
Resulting gain: 2.5777141043903384E-6
Gustavia_santanderiensis_3 response curves
Response curve: only bio_ai_et0
Making features
makeFeatures: max memory 932184064, total allocated 158334976, free 54432584, used 103902392, increment 4283296
Gustavia_santanderiensis_3 bio_ai_et0: 
Regularization values: linear/quadratic/product: 0.423, categorical: 0.250, threshold: 1.790, hinge: 0.500
21 samples
Density: max memory 932184064, total allocated 158334976, free 54432584, used 103902392, increment 0
linearPredictor: max memory 932184064, total allocated 158334976, free 54432584, used 103902392, increment 0
FeaturedSpace: max memory 932184064, total allocated 158334976, free 54432584, used 103902392, increment 0
Sequential: max memory 932184064, total allocated 158334976, free 54432584, used 103902392, increment 0
Initial loss: 9.212238569259263
60: time = 0.265000 loss = 9.149955
Resulting gain: 0.062283181633270956
Gustavia_santanderiensis_3 response curves
Response curve: only bio_et0_yr
Making features
makeFeatures: max memory 932184064, total allocated 158334976, free 50151600, used 108183376, increment 4280984
Gustavia_santanderiensis_3 bio_et0_yr: 
Regularization values: linear/quadratic/product: 0.423, categorical: 0.250, threshold: 1.790, hinge: 0.500
21 samples
Density: max memory 932184064, total allocated 158334976, free 50151600, used 108183376, increment 0
linearPredictor: max memory 932184064, total allocated 158334976, free 50151600, used 108183376, increment 0
Time since start: 115.206
FeaturedSpace: max memory 932184064, total allocated 158334976, free 50151600, used 108183376, increment 0
Sequential: max memory 932184064, total allocated 158334976, free 50151600, used 108183376, increment 0
Initial loss: 9.212238569259263
140: time = 0.329000 loss = 9.143397
Resulting gain: 0.06884185959866329
Gustavia_santanderiensis_3 response curves
Time since start: 117.176
Jackknife: leave bio_1 out
Making features
makeFeatures: max memory 932184064, total allocated 145227776, free 68115720, used 77112056, increment -31071320
Gustavia_santanderiensis_3 bio_1: 
Regularization values: linear/quadratic/product: 0.423, categorical: 0.250, threshold: 1.790, hinge: 0.500
21 samples
Density: max memory 932184064, total allocated 145227776, free 68035552, used 77192224, increment 80168
linearPredictor: max memory 932184064, total allocated 145227776, free 67955384, used 77272392, increment 80168
FeaturedSpace: max memory 932184064, total allocated 145227776, free 67955384, used 77272392, increment 0
Sequential: max memory 932184064, total allocated 145227776, free 67955384, used 77272392, increment 0
Initial loss: 9.212238569259263
260: time = 0.579000 loss = 7.309117
Jackknife: leave bio_10 out
Making features
makeFeatures: max memory 932184064, total allocated 145227776, free 65050856, used 80176920, increment 2904528
Gustavia_santanderiensis_3 bio_10: 
Regularization values: linear/quadratic/product: 0.423, categorical: 0.250, threshold: 1.790, hinge: 0.500
21 samples
Density: max memory 932184064, total allocated 145227776, free 64970688, used 80257088, increment 80168
linearPredictor: max memory 932184064, total allocated 145227776, free 64890520, used 80337256, increment 80168
FeaturedSpace: max memory 932184064, total allocated 145227776, free 64890520, used 80337256, increment 0
Sequential: max memory 932184064, total allocated 145227776, free 64890520, used 80337256, increment 0
Initial loss: 9.212238569259263
Time since start: 118.309
260: time = 0.517000 loss = 7.309116
Jackknife: leave bio_11 out
Making features
makeFeatures: max memory 932184064, total allocated 145227776, free 61986232, used 83241544, increment 2904288
Gustavia_santanderiensis_3 bio_11: 
Regularization values: linear/quadratic/product: 0.423, categorical: 0.250, threshold: 1.790, hinge: 0.500
21 samples
Density: max memory 932184064, total allocated 145227776, free 61906064, used 83321712, increment 80168
linearPredictor: max memory 932184064, total allocated 145227776, free 61825896, used 83401880, increment 80168
FeaturedSpace: max memory 932184064, total allocated 145227776, free 61825896, used 83401880, increment 0
Sequential: max memory 932184064, total allocated 145227776, free 61825896, used 83401880, increment 0
Initial loss: 9.212238569259263
240: time = 0.462000 loss = 7.309117
Jackknife: leave bio_12 out
Making features
makeFeatures: max memory 932184064, total allocated 145227776, free 58662784, used 86564992, increment 3163112
Gustavia_santanderiensis_3 bio_12: 
Regularization values: linear/quadratic/product: 0.423, categorical: 0.250, threshold: 1.790, hinge: 0.500
21 samples
Density: max memory 932184064, total allocated 145227776, free 58662784, used 86564992, increment 0
linearPredictor: max memory 932184064, total allocated 145227776, free 58662784, used 86564992, increment 0
FeaturedSpace: max memory 932184064, total allocated 145227776, free 58662784, used 86564992, increment 0
Sequential: max memory 932184064, total allocated 145227776, free 58662784, used 86564992, increment 0
Initial loss: 9.212238569259263
240: time = 0.445000 loss = 7.309119
Jackknife: leave bio_13 out
Making features
makeFeatures: max memory 932184064, total allocated 145227776, free 55918592, used 89309184, increment 2744192
Gustavia_santanderiensis_3 bio_13: 
Regularization values: linear/quadratic/product: 0.423, categorical: 0.250, threshold: 1.790, hinge: 0.500
21 samples
Density: max memory 932184064, total allocated 145227776, free 54297024, used 90930752, increment 1621568
linearPredictor: max memory 932184064, total allocated 145227776, free 54297024, used 90930752, increment 0
FeaturedSpace: max memory 932184064, total allocated 145227776, free 54297024, used 90930752, increment 0
Sequential: max memory 932184064, total allocated 145227776, free 54297024, used 90930752, increment 0
Initial loss: 9.212238569259263
Time since start: 119.706
260: time = 0.452000 loss = 7.309138
Jackknife: leave bio_14 out
Making features
makeFeatures: max memory 932184064, total allocated 145227776, free 52854000, used 92373776, increment 1443024
Gustavia_santanderiensis_3 bio_14: 
Regularization values: linear/quadratic/product: 0.423, categorical: 0.250, threshold: 1.790, hinge: 0.500
21 samples
Density: max memory 932184064, total allocated 145227776, free 51232432, used 93995344, increment 1621568
linearPredictor: max memory 932184064, total allocated 145227776, free 51232432, used 93995344, increment 0
FeaturedSpace: max memory 932184064, total allocated 145227776, free 51232432, used 93995344, increment 0
Sequential: max memory 932184064, total allocated 145227776, free 51232432, used 93995344, increment 0
Initial loss: 9.212238569259263
280: time = 0.484000 loss = 7.309116
Jackknife: leave bio_15 out
Making features
makeFeatures: max memory 932184064, total allocated 145227776, free 49610864, used 95616912, increment 1621568
Gustavia_santanderiensis_3 bio_15: 
Regularization values: linear/quadratic/product: 0.423, categorical: 0.250, threshold: 1.790, hinge: 0.500
21 samples
Density: max memory 932184064, total allocated 145227776, free 49610864, used 95616912, increment 0
linearPredictor: max memory 932184064, total allocated 145227776, free 49530696, used 95697080, increment 80168
FeaturedSpace: max memory 932184064, total allocated 145227776, free 49530696, used 95697080, increment 0
Sequential: max memory 932184064, total allocated 145227776, free 49530696, used 95697080, increment 0
Initial loss: 9.212238569259263
260: time = 0.468000 loss = 7.470198
Jackknife: leave bio_16 out
Making features
makeFeatures: max memory 932184064, total allocated 145227776, free 45565776, used 99662000, increment 3964920
Gustavia_santanderiensis_3 bio_16: 
Regularization values: linear/quadratic/product: 0.423, categorical: 0.250, threshold: 1.790, hinge: 0.500
21 samples
Density: max memory 932184064, total allocated 145227776, free 45565776, used 99662000, increment 0
linearPredictor: max memory 932184064, total allocated 145227776, free 45565776, used 99662000, increment 0
FeaturedSpace: max memory 932184064, total allocated 145227776, free 45565776, used 99662000, increment 0
Sequential: max memory 932184064, total allocated 145227776, free 45565776, used 99662000, increment 0
Initial loss: 9.212238569259263
Time since start: 121.171
260: time = 0.470000 loss = 7.309117
Jackknife: leave bio_17 out
Making features
makeFeatures: max memory 932184064, total allocated 145227776, free 42322640, used 102905136, increment 3243136
Gustavia_santanderiensis_3 bio_17: 
Regularization values: linear/quadratic/product: 0.423, categorical: 0.250, threshold: 1.790, hinge: 0.500
21 samples
Density: max memory 932184064, total allocated 145227776, free 42322640, used 102905136, increment 0
linearPredictor: max memory 932184064, total allocated 145227776, free 42322640, used 102905136, increment 0
FeaturedSpace: max memory 932184064, total allocated 145227776, free 42322640, used 102905136, increment 0
Sequential: max memory 932184064, total allocated 145227776, free 42322640, used 102905136, increment 0
Initial loss: 9.212238569259263
240: time = 0.467000 loss = 7.318899
Jackknife: leave bio_2 out
Making features
makeFeatures: max memory 932184064, total allocated 145227776, free 40558944, used 104668832, increment 1763696
Gustavia_santanderiensis_3 bio_2: 
Regularization values: linear/quadratic/product: 0.423, categorical: 0.250, threshold: 1.790, hinge: 0.500
21 samples
Density: max memory 932184064, total allocated 145227776, free 38937376, used 106290400, increment 1621568
linearPredictor: max memory 932184064, total allocated 145227776, free 38937376, used 106290400, increment 0
FeaturedSpace: max memory 932184064, total allocated 145227776, free 38937376, used 106290400, increment 0
Sequential: max memory 932184064, total allocated 145227776, free 38937376, used 106290400, increment 0
Initial loss: 9.212238569259263
260: time = 0.456000 loss = 7.309116
Jackknife: leave bio_3 out
Making features
makeFeatures: max memory 932184064, total allocated 145227776, free 37494352, used 107733424, increment 1443024
Gustavia_santanderiensis_3 bio_3: 
Regularization values: linear/quadratic/product: 0.423, categorical: 0.250, threshold: 1.790, hinge: 0.500
21 samples
Density: max memory 932184064, total allocated 145227776, free 35872784, used 109354992, increment 1621568
linearPredictor: max memory 932184064, total allocated 145227776, free 35872784, used 109354992, increment 0
FeaturedSpace: max memory 932184064, total allocated 145227776, free 35872784, used 109354992, increment 0
Sequential: max memory 932184064, total allocated 145227776, free 35872784, used 109354992, increment 0
Initial loss: 9.212238569259263
Time since start: 122.546
240: time = 0.412000 loss = 7.332513
Jackknife: leave bio_4 out
Making features
makeFeatures: max memory 932184064, total allocated 145227776, free 34429760, used 110798016, increment 1443024
Gustavia_santanderiensis_3 bio_4: 
Regularization values: linear/quadratic/product: 0.423, categorical: 0.250, threshold: 1.790, hinge: 0.500
21 samples
Density: max memory 932184064, total allocated 145227776, free 34349592, used 110878184, increment 80168
linearPredictor: max memory 932184064, total allocated 145227776, free 34269424, used 110958352, increment 80168
FeaturedSpace: max memory 932184064, total allocated 145227776, free 34269424, used 110958352, increment 0
Sequential: max memory 932184064, total allocated 145227776, free 34269424, used 110958352, increment 0
Initial loss: 9.212238569259263
320: time = 0.677000 loss = 7.332287
Jackknife: leave bio_5 out
Making features
makeFeatures: max memory 932184064, total allocated 145227776, free 31106408, used 114121368, increment 3163016
Gustavia_santanderiensis_3 bio_5: 
Regularization values: linear/quadratic/product: 0.423, categorical: 0.250, threshold: 1.790, hinge: 0.500
21 samples
Density: max memory 932184064, total allocated 145227776, free 31106408, used 114121368, increment 0
linearPredictor: max memory 932184064, total allocated 145227776, free 31106408, used 114121368, increment 0
FeaturedSpace: max memory 932184064, total allocated 145227776, free 31106408, used 114121368, increment 0
Sequential: max memory 932184064, total allocated 145227776, free 31106408, used 114121368, increment 0
Initial loss: 9.212238569259263
Time since start: 123.775
300: time = 0.528000 loss = 7.313711
Jackknife: leave bio_6 out
Making features
makeFeatures: max memory 932184064, total allocated 145227776, free 28202104, used 117025672, increment 2904304
Gustavia_santanderiensis_3 bio_6: 
Regularization values: linear/quadratic/product: 0.423, categorical: 0.250, threshold: 1.790, hinge: 0.500
21 samples
Density: max memory 932184064, total allocated 145227776, free 28121936, used 117105840, increment 80168
linearPredictor: max memory 932184064, total allocated 145227776, free 28041768, used 117186008, increment 80168
FeaturedSpace: max memory 932184064, total allocated 145227776, free 28041768, used 117186008, increment 0
Sequential: max memory 932184064, total allocated 145227776, free 28041768, used 117186008, increment 0
Initial loss: 9.212238569259263
360: time = 0.602000 loss = 7.340926
Jackknife: leave bio_7 out
Making features
makeFeatures: max memory 932184064, total allocated 145227776, free 25057288, used 120170488, increment 2984480
Gustavia_santanderiensis_3 bio_7: 
Regularization values: linear/quadratic/product: 0.423, categorical: 0.250, threshold: 1.790, hinge: 0.500
21 samples
Density: max memory 932184064, total allocated 145227776, free 24977120, used 120250656, increment 80168
linearPredictor: max memory 932184064, total allocated 145227776, free 24896952, used 120330824, increment 80168
FeaturedSpace: max memory 932184064, total allocated 145227776, free 24896952, used 120330824, increment 0
Sequential: max memory 932184064, total allocated 145227776, free 24896952, used 120330824, increment 0
Initial loss: 9.212238569259263
Time since start: 124.877
240: time = 0.470000 loss = 7.309117
Jackknife: leave bio_ai_et0 out
Making features
makeFeatures: max memory 932184064, total allocated 145227776, free 21992648, used 123235128, increment 2904304
Gustavia_santanderiensis_3 bio_ai_et0: 
Regularization values: linear/quadratic/product: 0.423, categorical: 0.250, threshold: 1.790, hinge: 0.500
21 samples
Density: max memory 932184064, total allocated 145227776, free 21912480, used 123315296, increment 80168
linearPredictor: max memory 932184064, total allocated 145227776, free 21832312, used 123395464, increment 80168
FeaturedSpace: max memory 932184064, total allocated 145227776, free 21832312, used 123395464, increment 0
Sequential: max memory 932184064, total allocated 145227776, free 21832312, used 123395464, increment 0
Initial loss: 9.212238569259263
260: time = 0.484000 loss = 7.309117
Jackknife: leave bio_et0_yr out
Making features
makeFeatures: max memory 932184064, total allocated 143654912, free 94987336, used 48667576, increment -74727888
Gustavia_santanderiensis_3 bio_et0_yr: 
Regularization values: linear/quadratic/product: 0.423, categorical: 0.250, threshold: 1.790, hinge: 0.500
21 samples
Density: max memory 932184064, total allocated 143654912, free 93495552, used 50159360, increment 1491784
linearPredictor: max memory 932184064, total allocated 143654912, free 93495552, used 50159360, increment 0
FeaturedSpace: max memory 932184064, total allocated 143654912, free 93495552, used 50159360, increment 0
Sequential: max memory 932184064, total allocated 143654912, free 93495552, used 50159360, increment 0
Initial loss: 9.212238569259263
260: time = 0.473000 loss = 7.310331
Jackknife: only bio_1
Making features
makeFeatures: max memory 932184064, total allocated 143654912, free 93495552, used 50159360, increment 0
Gustavia_santanderiensis_3 bio_1: 
Regularization values: linear/quadratic/product: 0.423, categorical: 0.250, threshold: 1.790, hinge: 0.500
21 samples
Density: max memory 932184064, total allocated 143654912, free 93495552, used 50159360, increment 0
linearPredictor: max memory 932184064, total allocated 143654912, free 93495552, used 50159360, increment 0
FeaturedSpace: max memory 932184064, total allocated 143654912, free 93495552, used 50159360, increment 0
Sequential: max memory 932184064, total allocated 143654912, free 93495552, used 50159360, increment 0
Initial loss: 9.212238569259263
Time since start: 126.173
100: time = 0.302000 loss = 8.864104
Res.gain: 0.3481346886886971
Jackknife: only bio_10
Making features
makeFeatures: max memory 932184064, total allocated 143654912, free 93495552, used 50159360, increment 0
Gustavia_santanderiensis_3 bio_10: 
Regularization values: linear/quadratic/product: 0.423, categorical: 0.250, threshold: 1.790, hinge: 0.500
21 samples
Density: max memory 932184064, total allocated 143654912, free 93495552, used 50159360, increment 0
linearPredictor: max memory 932184064, total allocated 143654912, free 93495552, used 50159360, increment 0
FeaturedSpace: max memory 932184064, total allocated 143654912, free 93495552, used 50159360, increment 0
Sequential: max memory 932184064, total allocated 143654912, free 93495552, used 50159360, increment 0
Initial loss: 9.212238569259263
80: time = 0.277000 loss = 8.896278
Res.gain: 0.31596034755395586
Jackknife: only bio_11
Making features
makeFeatures: max memory 932184064, total allocated 143654912, free 93495552, used 50159360, increment 0
Gustavia_santanderiensis_3 bio_11: 
Regularization values: linear/quadratic/product: 0.423, categorical: 0.250, threshold: 1.790, hinge: 0.500
21 samples
Density: max memory 932184064, total allocated 143654912, free 93415384, used 50239528, increment 80168
linearPredictor: max memory 932184064, total allocated 143654912, free 93335216, used 50319696, increment 80168
FeaturedSpace: max memory 932184064, total allocated 143654912, free 93335216, used 50319696, increment 0
Sequential: max memory 932184064, total allocated 143654912, free 93335216, used 50319696, increment 0
Initial loss: 9.212238569259263
100: time = 0.394000 loss = 8.879993
Res.gain: 0.33224577124566856
Jackknife: only bio_12
Making features
makeFeatures: max memory 932184064, total allocated 143654912, free 91763264, used 51891648, increment 1571952
Gustavia_santanderiensis_3 bio_12: 
Regularization values: linear/quadratic/product: 0.423, categorical: 0.250, threshold: 1.790, hinge: 0.500
21 samples
Density: max memory 932184064, total allocated 143654912, free 91763264, used 51891648, increment 0
linearPredictor: max memory 932184064, total allocated 143654912, free 91763264, used 51891648, increment 0
FeaturedSpace: max memory 932184064, total allocated 143654912, free 91763264, used 51891648, increment 0
Sequential: max memory 932184064, total allocated 143654912, free 91763264, used 51891648, increment 0
Initial loss: 9.212238569259263
60: time = 0.232000 loss = 9.094030
Res.gain: 0.11820880340001416
Jackknife: only bio_13
Making features
makeFeatures: max memory 932184064, total allocated 143654912, free 91763264, used 51891648, increment 0
Gustavia_santanderiensis_3 bio_13: 
Regularization values: linear/quadratic/product: 0.423, categorical: 0.250, threshold: 1.790, hinge: 0.500
21 samples
Density: max memory 932184064, total allocated 143654912, free 91763264, used 51891648, increment 0
linearPredictor: max memory 932184064, total allocated 143654912, free 91763264, used 51891648, increment 0
FeaturedSpace: max memory 932184064, total allocated 143654912, free 91763264, used 51891648, increment 0
Sequential: max memory 932184064, total allocated 143654912, free 91763264, used 51891648, increment 0
Initial loss: 9.212238569259263
Time since start: 127.345
60: time = 0.256000 loss = 9.197605
Res.gain: 0.014633774343044692
Jackknife: only bio_14
Making features
makeFeatures: max memory 932184064, total allocated 143654912, free 91763264, used 51891648, increment 0
Gustavia_santanderiensis_3 bio_14: 
Regularization values: linear/quadratic/product: 0.423, categorical: 0.250, threshold: 1.790, hinge: 0.500
21 samples
Density: max memory 932184064, total allocated 143654912, free 91763264, used 51891648, increment 0
linearPredictor: max memory 932184064, total allocated 143654912, free 91763264, used 51891648, increment 0
FeaturedSpace: max memory 932184064, total allocated 143654912, free 91763264, used 51891648, increment 0
Sequential: max memory 932184064, total allocated 143654912, free 91763264, used 51891648, increment 0
Initial loss: 9.212238569259263
60: time = 0.218000 loss = 8.917164
Res.gain: 0.29507449497851823
Jackknife: only bio_15
Making features
makeFeatures: max memory 932184064, total allocated 143654912, free 91763264, used 51891648, increment 0
Gustavia_santanderiensis_3 bio_15: 
Regularization values: linear/quadratic/product: 0.423, categorical: 0.250, threshold: 1.790, hinge: 0.500
21 samples
Density: max memory 932184064, total allocated 143654912, free 91763264, used 51891648, increment 0
linearPredictor: max memory 932184064, total allocated 143654912, free 91763264, used 51891648, increment 0
FeaturedSpace: max memory 932184064, total allocated 143654912, free 91763264, used 51891648, increment 0
Sequential: max memory 932184064, total allocated 143654912, free 91763264, used 51891648, increment 0
Initial loss: 9.212238569259263
60: time = 0.212000 loss = 8.885385
Res.gain: 0.32685390789140634
Jackknife: only bio_16
Making features
makeFeatures: max memory 932184064, total allocated 143654912, free 91602928, used 52051984, increment 160336
Gustavia_santanderiensis_3 bio_16: 
Regularization values: linear/quadratic/product: 0.423, categorical: 0.250, threshold: 1.790, hinge: 0.500
21 samples
Density: max memory 932184064, total allocated 143654912, free 91522760, used 52132152, increment 80168
linearPredictor: max memory 932184064, total allocated 143654912, free 91442592, used 52212320, increment 80168
FeaturedSpace: max memory 932184064, total allocated 143654912, free 91442592, used 52212320, increment 0
Sequential: max memory 932184064, total allocated 143654912, free 91442592, used 52212320, increment 0
Initial loss: 9.212238569259263
60: time = 0.237000 loss = 9.188958
Res.gain: 0.023280975764540912
Jackknife: only bio_17
Making features
makeFeatures: max memory 932184064, total allocated 143654912, free 89870640, used 53784272, increment 1571952
Gustavia_santanderiensis_3 bio_17: 
Regularization values: linear/quadratic/product: 0.423, categorical: 0.250, threshold: 1.790, hinge: 0.500
21 samples
Density: max memory 932184064, total allocated 143654912, free 89870640, used 53784272, increment 0
linearPredictor: max memory 932184064, total allocated 143654912, free 89870640, used 53784272, increment 0
FeaturedSpace: max memory 932184064, total allocated 143654912, free 89870640, used 53784272, increment 0
Sequential: max memory 932184064, total allocated 143654912, free 89870640, used 53784272, increment 0
Initial loss: 9.212238569259263
60: time = 0.206000 loss = 8.732584
Res.gain: 0.47965473988571716
Jackknife: only bio_2
Making features
makeFeatures: max memory 932184064, total allocated 143654912, free 89870640, used 53784272, increment 0
Gustavia_santanderiensis_3 bio_2: 
Regularization values: linear/quadratic/product: 0.423, categorical: 0.250, threshold: 1.790, hinge: 0.500
21 samples
Density: max memory 932184064, total allocated 143654912, free 89870640, used 53784272, increment 0
linearPredictor: max memory 932184064, total allocated 143654912, free 89870640, used 53784272, increment 0
FeaturedSpace: max memory 932184064, total allocated 143654912, free 89870640, used 53784272, increment 0
Sequential: max memory 932184064, total allocated 143654912, free 89870640, used 53784272, increment 0
Initial loss: 9.212238569259263
Time since start: 128.542
60: time = 0.300000 loss = 9.171686
Res.gain: 0.040552941845078294
Jackknife: only bio_3
Making features
makeFeatures: max memory 932184064, total allocated 143654912, free 89870640, used 53784272, increment 0
Gustavia_santanderiensis_3 bio_3: 
Regularization values: linear/quadratic/product: 0.423, categorical: 0.250, threshold: 1.790, hinge: 0.500
21 samples
Density: max memory 932184064, total allocated 143654912, free 89870640, used 53784272, increment 0
linearPredictor: max memory 932184064, total allocated 143654912, free 89870640, used 53784272, increment 0
FeaturedSpace: max memory 932184064, total allocated 143654912, free 89870640, used 53784272, increment 0
Sequential: max memory 932184064, total allocated 143654912, free 89870640, used 53784272, increment 0
Initial loss: 9.212238569259263
60: time = 0.359000 loss = 9.143888
Res.gain: 0.06835050451954139
Jackknife: only bio_4
Making features
makeFeatures: max memory 932184064, total allocated 143654912, free 89870640, used 53784272, increment 0
Gustavia_santanderiensis_3 bio_4: 
Regularization values: linear/quadratic/product: 0.423, categorical: 0.250, threshold: 1.790, hinge: 0.500
21 samples
Density: max memory 932184064, total allocated 143654912, free 89870640, used 53784272, increment 0
linearPredictor: max memory 932184064, total allocated 143654912, free 89870640, used 53784272, increment 0
FeaturedSpace: max memory 932184064, total allocated 143654912, free 89870640, used 53784272, increment 0
Sequential: max memory 932184064, total allocated 143654912, free 89870640, used 53784272, increment 0
Initial loss: 9.212238569259263
60: time = 0.258000 loss = 9.209372
Res.gain: 0.0028662815463125213
Jackknife: only bio_5
Making features
makeFeatures: max memory 932184064, total allocated 143654912, free 89710304, used 53944608, increment 160336
Gustavia_santanderiensis_3 bio_5: 
Regularization values: linear/quadratic/product: 0.423, categorical: 0.250, threshold: 1.790, hinge: 0.500
21 samples
Density: max memory 932184064, total allocated 143654912, free 89630136, used 54024776, increment 80168
linearPredictor: max memory 932184064, total allocated 143654912, free 89549968, used 54104944, increment 80168
FeaturedSpace: max memory 932184064, total allocated 143654912, free 89549968, used 54104944, increment 0
Sequential: max memory 932184064, total allocated 143654912, free 89549968, used 54104944, increment 0
Initial loss: 9.212238569259263
100: time = 0.339000 loss = 8.904922
Res.gain: 0.3073161087134313
Jackknife: only bio_6
Making features
makeFeatures: max memory 932184064, total allocated 143654912, free 88058136, used 55596776, increment 1491832
Gustavia_santanderiensis_3 bio_6: 
Regularization values: linear/quadratic/product: 0.423, categorical: 0.250, threshold: 1.790, hinge: 0.500
21 samples
Density: max memory 932184064, total allocated 143654912, free 88058136, used 55596776, increment 0
linearPredictor: max memory 932184064, total allocated 143654912, free 88058136, used 55596776, increment 0
FeaturedSpace: max memory 932184064, total allocated 143654912, free 88058136, used 55596776, increment 0
Sequential: max memory 932184064, total allocated 143654912, free 88058136, used 55596776, increment 0
Initial loss: 9.212238569259263
Time since start: 129.791
100: time = 0.280000 loss = 8.824299
Res.gain: 0.38793994373406093
Jackknife: only bio_7
Making features
makeFeatures: max memory 932184064, total allocated 143654912, free 88058136, used 55596776, increment 0
Gustavia_santanderiensis_3 bio_7: 
Regularization values: linear/quadratic/product: 0.423, categorical: 0.250, threshold: 1.790, hinge: 0.500
21 samples
Density: max memory 932184064, total allocated 143654912, free 88058136, used 55596776, increment 0
linearPredictor: max memory 932184064, total allocated 143654912, free 88058136, used 55596776, increment 0
FeaturedSpace: max memory 932184064, total allocated 143654912, free 88058136, used 55596776, increment 0
Sequential: max memory 932184064, total allocated 143654912, free 88058136, used 55596776, increment 0
Initial loss: 9.212238569259263
20: time = 0.082000 loss = 9.212236
Res.gain: 2.5777141043903384E-6
Jackknife: only bio_ai_et0
Making features
makeFeatures: max memory 932184064, total allocated 143654912, free 88058136, used 55596776, increment 0
Gustavia_santanderiensis_3 bio_ai_et0: 
Regularization values: linear/quadratic/product: 0.423, categorical: 0.250, threshold: 1.790, hinge: 0.500
21 samples
Density: max memory 932184064, total allocated 143654912, free 88058136, used 55596776, increment 0
linearPredictor: max memory 932184064, total allocated 143654912, free 88058136, used 55596776, increment 0
FeaturedSpace: max memory 932184064, total allocated 143654912, free 88058136, used 55596776, increment 0
Sequential: max memory 932184064, total allocated 143654912, free 88058136, used 55596776, increment 0
Initial loss: 9.212238569259263
60: time = 0.260000 loss = 9.149955
Res.gain: 0.062283181633270956
Jackknife: only bio_et0_yr
Making features
makeFeatures: max memory 932184064, total allocated 143654912, free 88058136, used 55596776, increment 0
Gustavia_santanderiensis_3 bio_et0_yr: 
Regularization values: linear/quadratic/product: 0.423, categorical: 0.250, threshold: 1.790, hinge: 0.500
21 samples
Density: max memory 932184064, total allocated 143654912, free 88058136, used 55596776, increment 0
linearPredictor: max memory 932184064, total allocated 143654912, free 88058136, used 55596776, increment 0
FeaturedSpace: max memory 932184064, total allocated 143654912, free 88058136, used 55596776, increment 0
Sequential: max memory 932184064, total allocated 143654912, free 88058136, used 55596776, increment 0
Initial loss: 9.212238569259263
140: time = 0.220000 loss = 9.143397
Res.gain: 0.06884185959866329
getSamples: max memory 932184064, total allocated 143654912, free 82115512, used 61539400, increment 5942624
Making features
makeFeatures: max memory 932184064, total allocated 143654912, free 80191480, used 63463432, increment 1924032
Gustavia_santanderiensis_4: 
Regularization values: linear/quadratic/product: 0.423, categorical: 0.250, threshold: 1.790, hinge: 0.500
21 samples
Density: max memory 932184064, total allocated 143654912, free 80111312, used 63543600, increment 80168
linearPredictor: max memory 932184064, total allocated 143654912, free 78619528, used 65035384, increment 1491784
FeaturedSpace: max memory 932184064, total allocated 143654912, free 78619528, used 65035384, increment 0
Sequential: max memory 932184064, total allocated 143654912, free 78619528, used 65035384, increment 0
Initial loss: 9.212238569259263
Time since start: 131.026
320: time = 0.529000 loss = 7.453489
Resulting gain: 1.7587499536895654
Projecting...
Writing file C:\Users\Camila\Desktop\Modelo opc3\Final_Models\M_2_F_lq_Set_1\Gustavia_santanderiensis_4.asc
Time since start: 134.405
Writing C:\Users\Camila\Desktop\Modelo opc3\Final_Models\M_2_F_lq_Set_1\plots\Gustavia_santanderiensis_4.png
Gustavia_santanderiensis_4 response curves
Time since start: 140.523
Response curve: only bio_1
Making features
makeFeatures: max memory 932184064, total allocated 137887744, free 26567936, used 111319808, increment 46284424
Gustavia_santanderiensis_4 bio_1: 
Regularization values: linear/quadratic/product: 0.423, categorical: 0.250, threshold: 1.790, hinge: 0.500
21 samples
Density: max memory 932184064, total allocated 137887744, free 26567936, used 111319808, increment 0
linearPredictor: max memory 932184064, total allocated 137887744, free 26567936, used 111319808, increment 0
FeaturedSpace: max memory 932184064, total allocated 137887744, free 26567936, used 111319808, increment 0
Sequential: max memory 932184064, total allocated 137887744, free 26567936, used 111319808, increment 0
Initial loss: 9.212238569259263
100: time = 0.955000 loss = 8.791564
Resulting gain: 0.4206746729077171
Gustavia_santanderiensis_4 response curves
Time since start: 141.924
Response curve: only bio_10
Making features
makeFeatures: max memory 932184064, total allocated 137887744, free 22986000, used 114901744, increment 3581936
Gustavia_santanderiensis_4 bio_10: 
Regularization values: linear/quadratic/product: 0.423, categorical: 0.250, threshold: 1.790, hinge: 0.500
21 samples
Density: max memory 932184064, total allocated 137887744, free 22986000, used 114901744, increment 0
linearPredictor: max memory 932184064, total allocated 137887744, free 22986000, used 114901744, increment 0
FeaturedSpace: max memory 932184064, total allocated 137887744, free 22986000, used 114901744, increment 0
Sequential: max memory 932184064, total allocated 137887744, free 22986000, used 114901744, increment 0
Initial loss: 9.212238569259263
100: time = 0.392000 loss = 8.822297
Resulting gain: 0.3899416030340319
Gustavia_santanderiensis_4 response curves
Response curve: only bio_11
Making features
makeFeatures: max memory 932184064, total allocated 131072000, free 77576000, used 53496000, increment -61405744
Gustavia_santanderiensis_4 bio_11: 
Regularization values: linear/quadratic/product: 0.423, categorical: 0.250, threshold: 1.790, hinge: 0.500
21 samples
Density: max memory 932184064, total allocated 131072000, free 76308592, used 54763408, increment 1267408
linearPredictor: max memory 932184064, total allocated 131072000, free 76308592, used 54763408, increment 0
FeaturedSpace: max memory 932184064, total allocated 131072000, free 76308592, used 54763408, increment 0
Sequential: max memory 932184064, total allocated 131072000, free 76308592, used 54763408, increment 0
Initial loss: 9.212238569259263
100: time = 0.409000 loss = 8.810699
Resulting gain: 0.4015399397672077
Gustavia_santanderiensis_4 response curves
Time since start: 143.059
Response curve: only bio_12
Making features
makeFeatures: max memory 932184064, total allocated 131072000, free 72808928, used 58263072, increment 3499664
Gustavia_santanderiensis_4 bio_12: 
Regularization values: linear/quadratic/product: 0.423, categorical: 0.250, threshold: 1.790, hinge: 0.500
21 samples
Density: max memory 932184064, total allocated 131072000, free 72808928, used 58263072, increment 0
linearPredictor: max memory 932184064, total allocated 131072000, free 72808928, used 58263072, increment 0
FeaturedSpace: max memory 932184064, total allocated 131072000, free 72808928, used 58263072, increment 0
Sequential: max memory 932184064, total allocated 131072000, free 72808928, used 58263072, increment 0
Initial loss: 9.212238569259263
60: time = 0.225000 loss = 9.134815
Resulting gain: 0.07742327705293128
Gustavia_santanderiensis_4 response curves
Response curve: only bio_13
Making features
makeFeatures: max memory 932184064, total allocated 131072000, free 67726352, used 63345648, increment 5082576
Gustavia_santanderiensis_4 bio_13: 
Regularization values: linear/quadratic/product: 0.423, categorical: 0.250, threshold: 1.790, hinge: 0.500
21 samples
Density: max memory 932184064, total allocated 131072000, free 67726352, used 63345648, increment 0
linearPredictor: max memory 932184064, total allocated 131072000, free 67726352, used 63345648, increment 0
FeaturedSpace: max memory 932184064, total allocated 131072000, free 67726352, used 63345648, increment 0
Sequential: max memory 932184064, total allocated 131072000, free 67726352, used 63345648, increment 0
Initial loss: 9.212238569259263
60: time = 0.614000 loss = 9.194913
Resulting gain: 0.017325477147000612
Gustavia_santanderiensis_4 response curves
Time since start: 144.319
Response curve: only bio_14
Making features
makeFeatures: max memory 932184064, total allocated 131072000, free 64226688, used 66845312, increment 3499664
Gustavia_santanderiensis_4 bio_14: 
Regularization values: linear/quadratic/product: 0.423, categorical: 0.250, threshold: 1.790, hinge: 0.500
21 samples
Density: max memory 932184064, total allocated 131072000, free 64226688, used 66845312, increment 0
linearPredictor: max memory 932184064, total allocated 131072000, free 64146520, used 66925480, increment 80168
FeaturedSpace: max memory 932184064, total allocated 131072000, free 64146520, used 66925480, increment 0
Sequential: max memory 932184064, total allocated 131072000, free 64146520, used 66925480, increment 0
Initial loss: 9.212238569259263
60: time = 0.235000 loss = 9.070586
Resulting gain: 0.1416529807098641
Gustavia_santanderiensis_4 response curves
Response curve: only bio_15
Making features
makeFeatures: max memory 932184064, total allocated 131072000, free 59381720, used 71690280, increment 4764800
Gustavia_santanderiensis_4 bio_15: 
Regularization values: linear/quadratic/product: 0.423, categorical: 0.250, threshold: 1.790, hinge: 0.500
21 samples
Density: max memory 932184064, total allocated 131072000, free 59381720, used 71690280, increment 0
linearPredictor: max memory 932184064, total allocated 131072000, free 59381720, used 71690280, increment 0
FeaturedSpace: max memory 932184064, total allocated 131072000, free 59381720, used 71690280, increment 0
Sequential: max memory 932184064, total allocated 131072000, free 59381720, used 71690280, increment 0
Initial loss: 9.212238569259263
60: time = 0.225000 loss = 8.994525
Resulting gain: 0.21771395151908557
Gustavia_santanderiensis_4 response curves
Response curve: only bio_16
Making features
makeFeatures: max memory 932184064, total allocated 131072000, free 55494496, used 75577504, increment 3887224
Gustavia_santanderiensis_4 bio_16: 
Regularization values: linear/quadratic/product: 0.423, categorical: 0.250, threshold: 1.790, hinge: 0.500
21 samples
Density: max memory 932184064, total allocated 131072000, free 55414328, used 75657672, increment 80168
linearPredictor: max memory 932184064, total allocated 131072000, free 55334160, used 75737840, increment 80168
FeaturedSpace: max memory 932184064, total allocated 131072000, free 55334160, used 75737840, increment 0
Sequential: max memory 932184064, total allocated 131072000, free 55334160, used 75737840, increment 0
Initial loss: 9.212238569259263
Time since start: 145.367
60: time = 0.254000 loss = 9.199467
Resulting gain: 0.012771129578254659
Gustavia_santanderiensis_4 response curves
Response curve: only bio_17
Making features
makeFeatures: max memory 932184064, total allocated 131072000, free 50567064, used 80504936, increment 4767096
Gustavia_santanderiensis_4 bio_17: 
Regularization values: linear/quadratic/product: 0.423, categorical: 0.250, threshold: 1.790, hinge: 0.500
21 samples
Density: max memory 932184064, total allocated 131072000, free 50567064, used 80504936, increment 0
linearPredictor: max memory 932184064, total allocated 131072000, free 50567064, used 80504936, increment 0
FeaturedSpace: max memory 932184064, total allocated 131072000, free 50567064, used 80504936, increment 0
Sequential: max memory 932184064, total allocated 131072000, free 50567064, used 80504936, increment 0
Initial loss: 9.212238569259263
60: time = 0.217000 loss = 8.874524
Resulting gain: 0.33771441707444616
Gustavia_santanderiensis_4 response curves
Response curve: only bio_2
Making features
makeFeatures: max memory 932184064, total allocated 131072000, free 45789848, used 85282152, increment 4777216
Gustavia_santanderiensis_4 bio_2: 
Regularization values: linear/quadratic/product: 0.423, categorical: 0.250, threshold: 1.790, hinge: 0.500
21 samples
Density: max memory 932184064, total allocated 131072000, free 45789848, used 85282152, increment 0
linearPredictor: max memory 932184064, total allocated 131072000, free 45789848, used 85282152, increment 0
FeaturedSpace: max memory 932184064, total allocated 131072000, free 45789848, used 85282152, increment 0
Sequential: max memory 932184064, total allocated 131072000, free 45789848, used 85282152, increment 0
Initial loss: 9.212238569259263
60: time = 0.228000 loss = 9.106886
Resulting gain: 0.10535223468830246
Gustavia_santanderiensis_4 response curves
Time since start: 146.85
Response curve: only bio_3
Making features
makeFeatures: max memory 932184064, total allocated 131072000, free 42290184, used 88781816, increment 3499664
Gustavia_santanderiensis_4 bio_3: 
Regularization values: linear/quadratic/product: 0.423, categorical: 0.250, threshold: 1.790, hinge: 0.500
21 samples
Density: max memory 932184064, total allocated 131072000, free 42210016, used 88861984, increment 80168
linearPredictor: max memory 932184064, total allocated 131072000, free 42129848, used 88942152, increment 80168
FeaturedSpace: max memory 932184064, total allocated 131072000, free 42129848, used 88942152, increment 0
Sequential: max memory 932184064, total allocated 131072000, free 42129848, used 88942152, increment 0
Initial loss: 9.212238569259263
60: time = 0.241000 loss = 9.179541
Resulting gain: 0.03269764840920608
Gustavia_santanderiensis_4 response curves
Response curve: only bio_4
Making features
makeFeatures: max memory 932184064, total allocated 131072000, free 37361168, used 93710832, increment 4768680
Gustavia_santanderiensis_4 bio_4: 
Regularization values: linear/quadratic/product: 0.423, categorical: 0.250, threshold: 1.790, hinge: 0.500
21 samples
Density: max memory 932184064, total allocated 131072000, free 37361168, used 93710832, increment 0
linearPredictor: max memory 932184064, total allocated 131072000, free 37361168, used 93710832, increment 0
FeaturedSpace: max memory 932184064, total allocated 131072000, free 37361168, used 93710832, increment 0
Sequential: max memory 932184064, total allocated 131072000, free 37361168, used 93710832, increment 0
Initial loss: 9.212238569259263
20: time = 0.104000 loss = 9.212239
Resulting gain: 0.0
Gustavia_santanderiensis_4 response curves
Response curve: only bio_5
Making features
makeFeatures: max memory 932184064, total allocated 131072000, free 32586872, used 98485128, increment 4774296
Gustavia_santanderiensis_4 bio_5: 
Regularization values: linear/quadratic/product: 0.423, categorical: 0.250, threshold: 1.790, hinge: 0.500
21 samples
Density: max memory 932184064, total allocated 131072000, free 32586872, used 98485128, increment 0
linearPredictor: max memory 932184064, total allocated 131072000, free 32586872, used 98485128, increment 0
FeaturedSpace: max memory 932184064, total allocated 131072000, free 32586872, used 98485128, increment 0
Sequential: max memory 932184064, total allocated 131072000, free 32586872, used 98485128, increment 0
Initial loss: 9.212238569259263
100: time = 0.248000 loss = 8.809621
Resulting gain: 0.40261758695326044
Gustavia_santanderiensis_4 response curves
Time since start: 147.916
Response curve: only bio_6
Making features
makeFeatures: max memory 932184064, total allocated 131072000, free 29087208, used 101984792, increment 3499664
Gustavia_santanderiensis_4 bio_6: 
Regularization values: linear/quadratic/product: 0.423, categorical: 0.250, threshold: 1.790, hinge: 0.500
21 samples
Density: max memory 932184064, total allocated 131072000, free 29007040, used 102064960, increment 80168
linearPredictor: max memory 932184064, total allocated 131072000, free 28926872, used 102145128, increment 80168
FeaturedSpace: max memory 932184064, total allocated 131072000, free 28926872, used 102145128, increment 0
Sequential: max memory 932184064, total allocated 131072000, free 28926872, used 102145128, increment 0
Initial loss: 9.212238569259263
100: time = 0.397000 loss = 8.779730
Resulting gain: 0.4325084312803291
Gustavia_santanderiensis_4 response curves
Response curve: only bio_7
Making features
makeFeatures: max memory 932184064, total allocated 131072000, free 24159680, used 106912320, increment 4767192
Gustavia_santanderiensis_4 bio_7: 
Regularization values: linear/quadratic/product: 0.423, categorical: 0.250, threshold: 1.790, hinge: 0.500
21 samples
Density: max memory 932184064, total allocated 131072000, free 24159680, used 106912320, increment 0
linearPredictor: max memory 932184064, total allocated 131072000, free 24159680, used 106912320, increment 0
FeaturedSpace: max memory 932184064, total allocated 131072000, free 24159680, used 106912320, increment 0
Sequential: max memory 932184064, total allocated 131072000, free 24159680, used 106912320, increment 0
Initial loss: 9.212238569259263
60: time = 0.238000 loss = 9.197517
Resulting gain: 0.0147212957313414
Gustavia_santanderiensis_4 response curves
Response curve: only bio_ai_et0
Making features
makeFeatures: max memory 932184064, total allocated 131072000, free 19004888, used 112067112, increment 5154792
Gustavia_santanderiensis_4 bio_ai_et0: 
Regularization values: linear/quadratic/product: 0.423, categorical: 0.250, threshold: 1.790, hinge: 0.500
21 samples
Density: max memory 932184064, total allocated 131072000, free 19004888, used 112067112, increment 0
linearPredictor: max memory 932184064, total allocated 131072000, free 19004888, used 112067112, increment 0
FeaturedSpace: max memory 932184064, total allocated 131072000, free 19004888, used 112067112, increment 0
Sequential: max memory 932184064, total allocated 131072000, free 19004888, used 112067112, increment 0
Initial loss: 9.212238569259263
Time since start: 149.46
60: time = 0.654000 loss = 9.185697
Resulting gain: 0.026541691666848166
Gustavia_santanderiensis_4 response curves
Response curve: only bio_et0_yr
Making features
makeFeatures: max memory 932184064, total allocated 131072000, free 15505224, used 115566776, increment 3499664
Gustavia_santanderiensis_4 bio_et0_yr: 
Regularization values: linear/quadratic/product: 0.423, categorical: 0.250, threshold: 1.790, hinge: 0.500
21 samples
Density: max memory 932184064, total allocated 131072000, free 15505224, used 115566776, increment 0
linearPredictor: max memory 932184064, total allocated 131072000, free 15505224, used 115566776, increment 0
FeaturedSpace: max memory 932184064, total allocated 131072000, free 15505224, used 115566776, increment 0
Sequential: max memory 932184064, total allocated 131072000, free 15505224, used 115566776, increment 0
Initial loss: 9.212238569259263
140: time = 0.217000 loss = 9.119489
Resulting gain: 0.09274948573112773
Gustavia_santanderiensis_4 response curves
Time since start: 150.964
Jackknife: leave bio_1 out
Making features
makeFeatures: max memory 932184064, total allocated 128974848, free 61915504, used 67059344, increment -48507432
Gustavia_santanderiensis_4 bio_1: 
Regularization values: linear/quadratic/product: 0.423, categorical: 0.250, threshold: 1.790, hinge: 0.500
21 samples
Density: max memory 932184064, total allocated 128974848, free 61835336, used 67139512, increment 80168
linearPredictor: max memory 932184064, total allocated 128974848, free 61755168, used 67219680, increment 80168
FeaturedSpace: max memory 932184064, total allocated 128974848, free 61755168, used 67219680, increment 0
Sequential: max memory 932184064, total allocated 128974848, free 61755168, used 67219680, increment 0
Initial loss: 9.212238569259263
240: time = 0.433000 loss = 7.453488
Jackknife: leave bio_10 out
Making features
makeFeatures: max memory 932184064, total allocated 128974848, free 58889208, used 70085640, increment 2865960
Gustavia_santanderiensis_4 bio_10: 
Regularization values: linear/quadratic/product: 0.423, categorical: 0.250, threshold: 1.790, hinge: 0.500
21 samples
Density: max memory 932184064, total allocated 128974848, free 57736952, used 71237896, increment 1152256
linearPredictor: max memory 932184064, total allocated 128974848, free 57736952, used 71237896, increment 0
FeaturedSpace: max memory 932184064, total allocated 128974848, free 57736952, used 71237896, increment 0
Sequential: max memory 932184064, total allocated 128974848, free 57736952, used 71237896, increment 0
Initial loss: 9.212238569259263
220: time = 0.391000 loss = 7.453488
Jackknife: leave bio_11 out
Making features
makeFeatures: max memory 932184064, total allocated 128974848, free 55863184, used 73111664, increment 1873768
Gustavia_santanderiensis_4 bio_11: 
Regularization values: linear/quadratic/product: 0.423, categorical: 0.250, threshold: 1.790, hinge: 0.500
21 samples
Density: max memory 932184064, total allocated 128974848, free 54710928, used 74263920, increment 1152256
linearPredictor: max memory 932184064, total allocated 128974848, free 54710928, used 74263920, increment 0
FeaturedSpace: max memory 932184064, total allocated 128974848, free 54710928, used 74263920, increment 0
Sequential: max memory 932184064, total allocated 128974848, free 54710928, used 74263920, increment 0
Initial loss: 9.212238569259263
Time since start: 152.288
260: time = 0.461000 loss = 7.453488
Jackknife: leave bio_12 out
Making features
makeFeatures: max memory 932184064, total allocated 128974848, free 52786896, used 76187952, increment 1924032
Gustavia_santanderiensis_4 bio_12: 
Regularization values: linear/quadratic/product: 0.423, categorical: 0.250, threshold: 1.790, hinge: 0.500
21 samples
Density: max memory 932184064, total allocated 128974848, free 51634640, used 77340208, increment 1152256
linearPredictor: max memory 932184064, total allocated 128974848, free 51634640, used 77340208, increment 0
FeaturedSpace: max memory 932184064, total allocated 128974848, free 51634640, used 77340208, increment 0
Sequential: max memory 932184064, total allocated 128974848, free 51634640, used 77340208, increment 0
Initial loss: 9.212238569259263
260: time = 0.463000 loss = 7.453489
Jackknife: leave bio_13 out
Making features
makeFeatures: max memory 932184064, total allocated 128974848, free 49710608, used 79264240, increment 1924032
Gustavia_santanderiensis_4 bio_13: 
Regularization values: linear/quadratic/product: 0.423, categorical: 0.250, threshold: 1.790, hinge: 0.500
21 samples
Density: max memory 932184064, total allocated 128974848, free 48558352, used 80416496, increment 1152256
linearPredictor: max memory 932184064, total allocated 128974848, free 48558352, used 80416496, increment 0
FeaturedSpace: max memory 932184064, total allocated 128974848, free 48558352, used 80416496, increment 0
Sequential: max memory 932184064, total allocated 128974848, free 48558352, used 80416496, increment 0
Initial loss: 9.212238569259263
260: time = 0.457000 loss = 7.453489
Jackknife: leave bio_14 out
Making features
makeFeatures: max memory 932184064, total allocated 128974848, free 46634320, used 82340528, increment 1924032
Gustavia_santanderiensis_4 bio_14: 
Regularization values: linear/quadratic/product: 0.423, categorical: 0.250, threshold: 1.790, hinge: 0.500
21 samples
Density: max memory 932184064, total allocated 128974848, free 45482064, used 83492784, increment 1152256
linearPredictor: max memory 932184064, total allocated 128974848, free 45482064, used 83492784, increment 0
FeaturedSpace: max memory 932184064, total allocated 128974848, free 45482064, used 83492784, increment 0
Sequential: max memory 932184064, total allocated 128974848, free 45482064, used 83492784, increment 0
Initial loss: 9.212238569259263
Time since start: 153.668
240: time = 0.415000 loss = 7.455665
Jackknife: leave bio_15 out
Making features
makeFeatures: max memory 932184064, total allocated 128974848, free 43558032, used 85416816, increment 1924032
Gustavia_santanderiensis_4 bio_15: 
Regularization values: linear/quadratic/product: 0.423, categorical: 0.250, threshold: 1.790, hinge: 0.500
21 samples
Density: max memory 932184064, total allocated 128974848, free 43477864, used 85496984, increment 80168
linearPredictor: max memory 932184064, total allocated 128974848, free 43397696, used 85577152, increment 80168
FeaturedSpace: max memory 932184064, total allocated 128974848, free 43397696, used 85577152, increment 0
Sequential: max memory 932184064, total allocated 128974848, free 43397696, used 85577152, increment 0
Initial loss: 9.212238569259263
300: time = 0.501000 loss = 7.609991
Jackknife: leave bio_16 out
Making features
makeFeatures: max memory 932184064, total allocated 128974848, free 40481472, used 88493376, increment 2916224
Gustavia_santanderiensis_4 bio_16: 
Regularization values: linear/quadratic/product: 0.423, categorical: 0.250, threshold: 1.790, hinge: 0.500
21 samples
Density: max memory 932184064, total allocated 128974848, free 39329216, used 89645632, increment 1152256
linearPredictor: max memory 932184064, total allocated 128974848, free 39329216, used 89645632, increment 0
FeaturedSpace: max memory 932184064, total allocated 128974848, free 39329216, used 89645632, increment 0
Sequential: max memory 932184064, total allocated 128974848, free 39329216, used 89645632, increment 0
Initial loss: 9.212238569259263
260: time = 0.451000 loss = 7.455709
Jackknife: leave bio_17 out
Making features
makeFeatures: max memory 932184064, total allocated 128974848, free 37405184, used 91569664, increment 1924032
Gustavia_santanderiensis_4 bio_17: 
Regularization values: linear/quadratic/product: 0.423, categorical: 0.250, threshold: 1.790, hinge: 0.500
21 samples
Density: max memory 932184064, total allocated 128974848, free 36252928, used 92721920, increment 1152256
linearPredictor: max memory 932184064, total allocated 128974848, free 36252928, used 92721920, increment 0
FeaturedSpace: max memory 932184064, total allocated 128974848, free 36252928, used 92721920, increment 0
Sequential: max memory 932184064, total allocated 128974848, free 36252928, used 92721920, increment 0
Initial loss: 9.212238569259263
Time since start: 155.138
280: time = 0.481000 loss = 7.462317
Jackknife: leave bio_2 out
Making features
makeFeatures: max memory 932184064, total allocated 128974848, free 34058488, used 94916360, increment 2194440
Gustavia_santanderiensis_4 bio_2: 
Regularization values: linear/quadratic/product: 0.423, categorical: 0.250, threshold: 1.790, hinge: 0.500
21 samples
Density: max memory 932184064, total allocated 128974848, free 34058488, used 94916360, increment 0
linearPredictor: max memory 932184064, total allocated 128974848, free 34058488, used 94916360, increment 0
FeaturedSpace: max memory 932184064, total allocated 128974848, free 34058488, used 94916360, increment 0
Sequential: max memory 932184064, total allocated 128974848, free 34058488, used 94916360, increment 0
Initial loss: 9.212238569259263
260: time = 0.447000 loss = 7.453488
Jackknife: leave bio_3 out
Making features
makeFeatures: max memory 932184064, total allocated 128974848, free 31222632, used 97752216, increment 2835856
Gustavia_santanderiensis_4 bio_3: 
Regularization values: linear/quadratic/product: 0.423, categorical: 0.250, threshold: 1.790, hinge: 0.500
21 samples
Density: max memory 932184064, total allocated 128974848, free 31142464, used 97832384, increment 80168
linearPredictor: max memory 932184064, total allocated 128974848, free 31062296, used 97912552, increment 80168
FeaturedSpace: max memory 932184064, total allocated 128974848, free 31062296, used 97912552, increment 0
Sequential: max memory 932184064, total allocated 128974848, free 31062296, used 97912552, increment 0
Initial loss: 9.212238569259263
260: time = 0.435000 loss = 7.474938
Jackknife: leave bio_4 out
Making features
makeFeatures: max memory 932184064, total allocated 128974848, free 28146272, used 100828576, increment 2916024
Gustavia_santanderiensis_4 bio_4: 
Regularization values: linear/quadratic/product: 0.423, categorical: 0.250, threshold: 1.790, hinge: 0.500
21 samples
Density: max memory 932184064, total allocated 128974848, free 28066104, used 100908744, increment 80168
linearPredictor: max memory 932184064, total allocated 128974848, free 27985936, used 100988912, increment 80168
FeaturedSpace: max memory 932184064, total allocated 128974848, free 27985936, used 100988912, increment 0
Sequential: max memory 932184064, total allocated 128974848, free 27985936, used 100988912, increment 0
Initial loss: 9.212238569259263
Time since start: 156.457
220: time = 0.398000 loss = 7.501544
Jackknife: leave bio_5 out
Making features
makeFeatures: max memory 932184064, total allocated 128974848, free 25150008, used 103824840, increment 2835928
Gustavia_santanderiensis_4 bio_5: 
Regularization values: linear/quadratic/product: 0.423, categorical: 0.250, threshold: 1.790, hinge: 0.500
21 samples
Density: max memory 932184064, total allocated 128974848, free 25069840, used 103905008, increment 80168
linearPredictor: max memory 932184064, total allocated 128974848, free 24989672, used 103985176, increment 80168
FeaturedSpace: max memory 932184064, total allocated 128974848, free 24989672, used 103985176, increment 0
Sequential: max memory 932184064, total allocated 128974848, free 24989672, used 103985176, increment 0
Initial loss: 9.212238569259263
300: time = 0.485000 loss = 7.469223
Jackknife: leave bio_6 out
Making features
makeFeatures: max memory 932184064, total allocated 128974848, free 22073648, used 106901200, increment 2916024
Gustavia_santanderiensis_4 bio_6: 
Regularization values: linear/quadratic/product: 0.423, categorical: 0.250, threshold: 1.790, hinge: 0.500
21 samples
Density: max memory 932184064, total allocated 128974848, free 20921392, used 108053456, increment 1152256
linearPredictor: max memory 932184064, total allocated 128974848, free 20921392, used 108053456, increment 0
FeaturedSpace: max memory 932184064, total allocated 128974848, free 20921392, used 108053456, increment 0
Sequential: max memory 932184064, total allocated 128974848, free 20921392, used 108053456, increment 0
Initial loss: 9.212238569259263
240: time = 0.421000 loss = 7.462329
Jackknife: leave bio_7 out
Making features
makeFeatures: max memory 932184064, total allocated 128974848, free 18997360, used 109977488, increment 1924032
Gustavia_santanderiensis_4 bio_7: 
Regularization values: linear/quadratic/product: 0.423, categorical: 0.250, threshold: 1.790, hinge: 0.500
21 samples
Density: max memory 932184064, total allocated 128974848, free 18917192, used 110057656, increment 80168
linearPredictor: max memory 932184064, total allocated 128974848, free 18837024, used 110137824, increment 80168
FeaturedSpace: max memory 932184064, total allocated 128974848, free 18837024, used 110137824, increment 0
Sequential: max memory 932184064, total allocated 128974848, free 18837024, used 110137824, increment 0
Initial loss: 9.212238569259263
Time since start: 157.889
300: time = 0.489000 loss = 7.453492
Jackknife: leave bio_ai_et0 out
Making features
makeFeatures: max memory 932184064, total allocated 125829120, free 67361256, used 58467864, increment -51669960
Gustavia_santanderiensis_4 bio_ai_et0: 
Regularization values: linear/quadratic/product: 0.423, categorical: 0.250, threshold: 1.790, hinge: 0.500
21 samples
Density: max memory 932184064, total allocated 125829120, free 67361256, used 58467864, increment 0
linearPredictor: max memory 932184064, total allocated 125829120, free 67361256, used 58467864, increment 0
FeaturedSpace: max memory 932184064, total allocated 125829120, free 67361256, used 58467864, increment 0
Sequential: max memory 932184064, total allocated 125829120, free 67361256, used 58467864, increment 0
Initial loss: 9.212238569259263
320: time = 0.529000 loss = 7.453488
Jackknife: leave bio_et0_yr out
Making features
makeFeatures: max memory 932184064, total allocated 125829120, free 65036384, used 60792736, increment 2324872
Gustavia_santanderiensis_4 bio_et0_yr: 
Regularization values: linear/quadratic/product: 0.423, categorical: 0.250, threshold: 1.790, hinge: 0.500
21 samples
Density: max memory 932184064, total allocated 125829120, free 64956216, used 60872904, increment 80168
linearPredictor: max memory 932184064, total allocated 125829120, free 64876048, used 60953072, increment 80168
FeaturedSpace: max memory 932184064, total allocated 125829120, free 64876048, used 60953072, increment 0
Sequential: max memory 932184064, total allocated 125829120, free 64876048, used 60953072, increment 0
Initial loss: 9.212238569259263
Time since start: 158.926
300: time = 0.482000 loss = 7.454347
Jackknife: only bio_1
Making features
makeFeatures: max memory 932184064, total allocated 125829120, free 63763584, used 62065536, increment 1112464
Gustavia_santanderiensis_4 bio_1: 
Regularization values: linear/quadratic/product: 0.423, categorical: 0.250, threshold: 1.790, hinge: 0.500
21 samples
Density: max memory 932184064, total allocated 125829120, free 63763584, used 62065536, increment 0
linearPredictor: max memory 932184064, total allocated 125829120, free 63763584, used 62065536, increment 0
FeaturedSpace: max memory 932184064, total allocated 125829120, free 63763584, used 62065536, increment 0
Sequential: max memory 932184064, total allocated 125829120, free 63763584, used 62065536, increment 0
Initial loss: 9.212238569259263
100: time = 0.348000 loss = 8.791564
Res.gain: 0.4206746729077171
Jackknife: only bio_10
Making features
makeFeatures: max memory 932184064, total allocated 125829120, free 63763584, used 62065536, increment 0
Gustavia_santanderiensis_4 bio_10: 
Regularization values: linear/quadratic/product: 0.423, categorical: 0.250, threshold: 1.790, hinge: 0.500
21 samples
Density: max memory 932184064, total allocated 125829120, free 63763584, used 62065536, increment 0
linearPredictor: max memory 932184064, total allocated 125829120, free 63763584, used 62065536, increment 0
FeaturedSpace: max memory 932184064, total allocated 125829120, free 63763584, used 62065536, increment 0
Sequential: max memory 932184064, total allocated 125829120, free 63763584, used 62065536, increment 0
Initial loss: 9.212238569259263
100: time = 0.358000 loss = 8.822297
Res.gain: 0.3899416030340319
Jackknife: only bio_11
Making features
makeFeatures: max memory 932184064, total allocated 125829120, free 63603248, used 62225872, increment 160336
Gustavia_santanderiensis_4 bio_11: 
Regularization values: linear/quadratic/product: 0.423, categorical: 0.250, threshold: 1.790, hinge: 0.500
21 samples
Density: max memory 932184064, total allocated 125829120, free 62490840, used 63338280, increment 1112408
linearPredictor: max memory 932184064, total allocated 125829120, free 62490840, used 63338280, increment 0
FeaturedSpace: max memory 932184064, total allocated 125829120, free 62490840, used 63338280, increment 0
Sequential: max memory 932184064, total allocated 125829120, free 62490840, used 63338280, increment 0
Initial loss: 9.212238569259263
Time since start: 160.01
100: time = 0.366000 loss = 8.810699
Res.gain: 0.4015399397672077
Jackknife: only bio_12
Making features
makeFeatures: max memory 932184064, total allocated 125829120, free 62490840, used 63338280, increment 0
Gustavia_santanderiensis_4 bio_12: 
Regularization values: linear/quadratic/product: 0.423, categorical: 0.250, threshold: 1.790, hinge: 0.500
21 samples
Density: max memory 932184064, total allocated 125829120, free 62490840, used 63338280, increment 0
linearPredictor: max memory 932184064, total allocated 125829120, free 62490840, used 63338280, increment 0
FeaturedSpace: max memory 932184064, total allocated 125829120, free 62490840, used 63338280, increment 0
Sequential: max memory 932184064, total allocated 125829120, free 62490840, used 63338280, increment 0
Initial loss: 9.212238569259263
60: time = 0.225000 loss = 9.134815
Res.gain: 0.07742327705293128
Jackknife: only bio_13
Making features
makeFeatures: max memory 932184064, total allocated 125829120, free 62490840, used 63338280, increment 0
Gustavia_santanderiensis_4 bio_13: 
Regularization values: linear/quadratic/product: 0.423, categorical: 0.250, threshold: 1.790, hinge: 0.500
21 samples
Density: max memory 932184064, total allocated 125829120, free 62490840, used 63338280, increment 0
linearPredictor: max memory 932184064, total allocated 125829120, free 62490840, used 63338280, increment 0
FeaturedSpace: max memory 932184064, total allocated 125829120, free 62490840, used 63338280, increment 0
Sequential: max memory 932184064, total allocated 125829120, free 62490840, used 63338280, increment 0
Initial loss: 9.212238569259263
60: time = 0.234000 loss = 9.194913
Res.gain: 0.017325477147000612
Jackknife: only bio_14
Making features
makeFeatures: max memory 932184064, total allocated 125829120, free 62410672, used 63418448, increment 80168
Gustavia_santanderiensis_4 bio_14: 
Regularization values: linear/quadratic/product: 0.423, categorical: 0.250, threshold: 1.790, hinge: 0.500
21 samples
Density: max memory 932184064, total allocated 125829120, free 62330504, used 63498616, increment 80168
linearPredictor: max memory 932184064, total allocated 125829120, free 62250336, used 63578784, increment 80168
FeaturedSpace: max memory 932184064, total allocated 125829120, free 62250336, used 63578784, increment 0
Sequential: max memory 932184064, total allocated 125829120, free 62250336, used 63578784, increment 0
Initial loss: 9.212238569259263
60: time = 0.221000 loss = 9.070586
Res.gain: 0.1416529807098641
Jackknife: only bio_15
Making features
makeFeatures: max memory 932184064, total allocated 125829120, free 61137808, used 64691312, increment 1112528
Gustavia_santanderiensis_4 bio_15: 
Regularization values: linear/quadratic/product: 0.423, categorical: 0.250, threshold: 1.790, hinge: 0.500
21 samples
Density: max memory 932184064, total allocated 125829120, free 61137808, used 64691312, increment 0
linearPredictor: max memory 932184064, total allocated 125829120, free 61137808, used 64691312, increment 0
FeaturedSpace: max memory 932184064, total allocated 125829120, free 61137808, used 64691312, increment 0
Sequential: max memory 932184064, total allocated 125829120, free 61137808, used 64691312, increment 0
Initial loss: 9.212238569259263
60: time = 0.195000 loss = 8.994525
Res.gain: 0.21771395151908557
Jackknife: only bio_16
Making features
makeFeatures: max memory 932184064, total allocated 125829120, free 61137808, used 64691312, increment 0
Gustavia_santanderiensis_4 bio_16: 
Regularization values: linear/quadratic/product: 0.423, categorical: 0.250, threshold: 1.790, hinge: 0.500
21 samples
Density: max memory 932184064, total allocated 125829120, free 61137808, used 64691312, increment 0
linearPredictor: max memory 932184064, total allocated 125829120, free 61137808, used 64691312, increment 0
FeaturedSpace: max memory 932184064, total allocated 125829120, free 61137808, used 64691312, increment 0
Sequential: max memory 932184064, total allocated 125829120, free 61137808, used 64691312, increment 0
Initial loss: 9.212238569259263
Time since start: 161.13
60: time = 0.229000 loss = 9.199467
Res.gain: 0.012771129578254659
Jackknife: only bio_17
Making features
makeFeatures: max memory 932184064, total allocated 125829120, free 61137808, used 64691312, increment 0
Gustavia_santanderiensis_4 bio_17: 
Regularization values: linear/quadratic/product: 0.423, categorical: 0.250, threshold: 1.790, hinge: 0.500
21 samples
Density: max memory 932184064, total allocated 125829120, free 61137808, used 64691312, increment 0
linearPredictor: max memory 932184064, total allocated 125829120, free 61137808, used 64691312, increment 0
FeaturedSpace: max memory 932184064, total allocated 125829120, free 61137808, used 64691312, increment 0
Sequential: max memory 932184064, total allocated 125829120, free 61137808, used 64691312, increment 0
Initial loss: 9.212238569259263
60: time = 0.202000 loss = 8.874524
Res.gain: 0.33771441707444616
Jackknife: only bio_2
Making features
makeFeatures: max memory 932184064, total allocated 125829120, free 60025368, used 65803752, increment 1112440
Gustavia_santanderiensis_4 bio_2: 
Regularization values: linear/quadratic/product: 0.423, categorical: 0.250, threshold: 1.790, hinge: 0.500
21 samples
Density: max memory 932184064, total allocated 125829120, free 60025368, used 65803752, increment 0
linearPredictor: max memory 932184064, total allocated 125829120, free 60025368, used 65803752, increment 0
FeaturedSpace: max memory 932184064, total allocated 125829120, free 60025368, used 65803752, increment 0
Sequential: max memory 932184064, total allocated 125829120, free 60025368, used 65803752, increment 0
Initial loss: 9.212238569259263
60: time = 0.223000 loss = 9.106886
Res.gain: 0.10535223468830246
Jackknife: only bio_3
Making features
makeFeatures: max memory 932184064, total allocated 125829120, free 60025368, used 65803752, increment 0
Gustavia_santanderiensis_4 bio_3: 
Regularization values: linear/quadratic/product: 0.423, categorical: 0.250, threshold: 1.790, hinge: 0.500
21 samples
Density: max memory 932184064, total allocated 125829120, free 60025368, used 65803752, increment 0
linearPredictor: max memory 932184064, total allocated 125829120, free 60025368, used 65803752, increment 0
FeaturedSpace: max memory 932184064, total allocated 125829120, free 60025368, used 65803752, increment 0
Sequential: max memory 932184064, total allocated 125829120, free 60025368, used 65803752, increment 0
Initial loss: 9.212238569259263
60: time = 0.219000 loss = 9.179541
Res.gain: 0.03269764840920608
Jackknife: only bio_4
Making features
makeFeatures: max memory 932184064, total allocated 125829120, free 60025368, used 65803752, increment 0
Gustavia_santanderiensis_4 bio_4: 
Regularization values: linear/quadratic/product: 0.423, categorical: 0.250, threshold: 1.790, hinge: 0.500
21 samples
Density: max memory 932184064, total allocated 125829120, free 60025368, used 65803752, increment 0
linearPredictor: max memory 932184064, total allocated 125829120, free 60025368, used 65803752, increment 0
FeaturedSpace: max memory 932184064, total allocated 125829120, free 60025368, used 65803752, increment 0
Sequential: max memory 932184064, total allocated 125829120, free 60025368, used 65803752, increment 0
Initial loss: 9.212238569259263
20: time = 0.099000 loss = 9.212239
Res.gain: 0.0
Jackknife: only bio_5
Making features
makeFeatures: max memory 932184064, total allocated 125829120, free 58912912, used 66916208, increment 1112456
Gustavia_santanderiensis_4 bio_5: 
Regularization values: linear/quadratic/product: 0.423, categorical: 0.250, threshold: 1.790, hinge: 0.500
21 samples
Density: max memory 932184064, total allocated 125829120, free 58912912, used 66916208, increment 0
linearPredictor: max memory 932184064, total allocated 125829120, free 58912912, used 66916208, increment 0
FeaturedSpace: max memory 932184064, total allocated 125829120, free 58912912, used 66916208, increment 0
Sequential: max memory 932184064, total allocated 125829120, free 58912912, used 66916208, increment 0
Initial loss: 9.212238569259263
100: time = 0.230000 loss = 8.809621
Res.gain: 0.40261758695326044
Jackknife: only bio_6
Making features
makeFeatures: max memory 932184064, total allocated 125829120, free 58912912, used 66916208, increment 0
Gustavia_santanderiensis_4 bio_6: 
Regularization values: linear/quadratic/product: 0.423, categorical: 0.250, threshold: 1.790, hinge: 0.500
21 samples
Density: max memory 932184064, total allocated 125829120, free 58912912, used 66916208, increment 0
linearPredictor: max memory 932184064, total allocated 125829120, free 58912912, used 66916208, increment 0
FeaturedSpace: max memory 932184064, total allocated 125829120, free 58912912, used 66916208, increment 0
Sequential: max memory 932184064, total allocated 125829120, free 58912912, used 66916208, increment 0
Initial loss: 9.212238569259263
Time since start: 162.489
100: time = 0.368000 loss = 8.779730
Res.gain: 0.4325084312803291
Jackknife: only bio_7
Making features
makeFeatures: max memory 932184064, total allocated 125829120, free 58912912, used 66916208, increment 0
Gustavia_santanderiensis_4 bio_7: 
Regularization values: linear/quadratic/product: 0.423, categorical: 0.250, threshold: 1.790, hinge: 0.500
21 samples
Density: max memory 932184064, total allocated 125829120, free 58912912, used 66916208, increment 0
linearPredictor: max memory 932184064, total allocated 125829120, free 58832744, used 66996376, increment 80168
FeaturedSpace: max memory 932184064, total allocated 125829120, free 58832744, used 66996376, increment 0
Sequential: max memory 932184064, total allocated 125829120, free 58832744, used 66996376, increment 0
Initial loss: 9.212238569259263
60: time = 0.237000 loss = 9.197517
Res.gain: 0.0147212957313414
Jackknife: only bio_ai_et0
Making features
makeFeatures: max memory 932184064, total allocated 125829120, free 57640168, used 68188952, increment 1192576
Gustavia_santanderiensis_4 bio_ai_et0: 
Regularization values: linear/quadratic/product: 0.423, categorical: 0.250, threshold: 1.790, hinge: 0.500
21 samples
Density: max memory 932184064, total allocated 125829120, free 57640168, used 68188952, increment 0
linearPredictor: max memory 932184064, total allocated 125829120, free 57640168, used 68188952, increment 0
FeaturedSpace: max memory 932184064, total allocated 125829120, free 57640168, used 68188952, increment 0
Sequential: max memory 932184064, total allocated 125829120, free 57640168, used 68188952, increment 0
Initial loss: 9.212238569259263
60: time = 0.237000 loss = 9.185697
Res.gain: 0.026541691666848166
Jackknife: only bio_et0_yr
Making features
makeFeatures: max memory 932184064, total allocated 125829120, free 57640168, used 68188952, increment 0
Gustavia_santanderiensis_4 bio_et0_yr: 
Regularization values: linear/quadratic/product: 0.423, categorical: 0.250, threshold: 1.790, hinge: 0.500
21 samples
Density: max memory 932184064, total allocated 125829120, free 57640168, used 68188952, increment 0
linearPredictor: max memory 932184064, total allocated 125829120, free 57640168, used 68188952, increment 0
FeaturedSpace: max memory 932184064, total allocated 125829120, free 57640168, used 68188952, increment 0
Sequential: max memory 932184064, total allocated 125829120, free 57640168, used 68188952, increment 0
Initial loss: 9.212238569259263
140: time = 0.206000 loss = 9.119489
Res.gain: 0.09274948573112773
getSamples: max memory 932184064, total allocated 125829120, free 52835648, used 72993472, increment 4804520
Making features
makeFeatures: max memory 932184064, total allocated 125829120, free 49879376, used 75949744, increment 2956272
Gustavia_santanderiensis_5: 
Regularization values: linear/quadratic/product: 0.423, categorical: 0.250, threshold: 1.790, hinge: 0.500
21 samples
Density: max memory 932184064, total allocated 125829120, free 49879376, used 75949744, increment 0
linearPredictor: max memory 932184064, total allocated 125829120, free 49879376, used 75949744, increment 0
FeaturedSpace: max memory 932184064, total allocated 125829120, free 49879376, used 75949744, increment 0
Sequential: max memory 932184064, total allocated 125829120, free 49879376, used 75949744, increment 0
Initial loss: 9.212238569259263
Time since start: 163.792
260: time = 0.471000 loss = 7.162030
Resulting gain: 2.0502088125320093
Projecting...
Writing file C:\Users\Camila\Desktop\Modelo opc3\Final_Models\M_2_F_lq_Set_1\Gustavia_santanderiensis_5.asc
Time since start: 166.249
Writing C:\Users\Camila\Desktop\Modelo opc3\Final_Models\M_2_F_lq_Set_1\plots\Gustavia_santanderiensis_5.png
Gustavia_santanderiensis_5 response curves
Time since start: 170.236
Response curve: only bio_1
Making features
makeFeatures: max memory 932184064, total allocated 100139008, free 54708320, used 45430688, increment -30519056
Gustavia_santanderiensis_5 bio_1: 
Regularization values: linear/quadratic/product: 0.423, categorical: 0.250, threshold: 1.790, hinge: 0.500
21 samples
Density: max memory 932184064, total allocated 100139008, free 54708320, used 45430688, increment 0
linearPredictor: max memory 932184064, total allocated 100139008, free 54708320, used 45430688, increment 0
FeaturedSpace: max memory 932184064, total allocated 100139008, free 54708320, used 45430688, increment 0
Sequential: max memory 932184064, total allocated 100139008, free 54708320, used 45430688, increment 0
Initial loss: 9.212238569259263
100: time = 0.826000 loss = 8.874016
Resulting gain: 0.3382223601750862
Gustavia_santanderiensis_5 response curves
Response curve: only bio_10
Making features
makeFeatures: max memory 932184064, total allocated 100139008, free 50852912, used 49286096, increment 3855408
Gustavia_santanderiensis_5 bio_10: 
Regularization values: linear/quadratic/product: 0.423, categorical: 0.250, threshold: 1.790, hinge: 0.500
21 samples
Density: max memory 932184064, total allocated 100139008, free 50772744, used 49366264, increment 80168
linearPredictor: max memory 932184064, total allocated 100139008, free 50692576, used 49446432, increment 80168
FeaturedSpace: max memory 932184064, total allocated 100139008, free 50692576, used 49446432, increment 0
Sequential: max memory 932184064, total allocated 100139008, free 50692576, used 49446432, increment 0
Initial loss: 9.212238569259263
Time since start: 171.419
80: time = 0.200000 loss = 8.905775
Resulting gain: 0.30646396047571756
Gustavia_santanderiensis_5 response curves
Response curve: only bio_11
Making features
makeFeatures: max memory 932184064, total allocated 100139008, free 45873384, used 54265624, increment 4819192
Gustavia_santanderiensis_5 bio_11: 
Regularization values: linear/quadratic/product: 0.423, categorical: 0.250, threshold: 1.790, hinge: 0.500
21 samples
Density: max memory 932184064, total allocated 100139008, free 45873384, used 54265624, increment 0
linearPredictor: max memory 932184064, total allocated 100139008, free 45873384, used 54265624, increment 0
FeaturedSpace: max memory 932184064, total allocated 100139008, free 45873384, used 54265624, increment 0
Sequential: max memory 932184064, total allocated 100139008, free 45873384, used 54265624, increment 0
Initial loss: 9.212238569259263
100: time = 0.376000 loss = 8.891078
Resulting gain: 0.3211610489138561
Gustavia_santanderiensis_5 response curves
Response curve: only bio_12
Making features
makeFeatures: max memory 932184064, total allocated 100139008, free 42017976, used 58121032, increment 3855408
Gustavia_santanderiensis_5 bio_12: 
Regularization values: linear/quadratic/product: 0.423, categorical: 0.250, threshold: 1.790, hinge: 0.500
21 samples
Density: max memory 932184064, total allocated 100139008, free 41937808, used 58201200, increment 80168
linearPredictor: max memory 932184064, total allocated 100139008, free 41857640, used 58281368, increment 80168
FeaturedSpace: max memory 932184064, total allocated 100139008, free 41857640, used 58281368, increment 0
Sequential: max memory 932184064, total allocated 100139008, free 41857640, used 58281368, increment 0
Initial loss: 9.212238569259263
60: time = 0.256000 loss = 9.082498
Resulting gain: 0.1297405690857687
Gustavia_santanderiensis_5 response curves
Time since start: 173.012
Response curve: only bio_13
Making features
makeFeatures: max memory 932184064, total allocated 100139008, free 37037808, used 63101200, increment 4819832
Gustavia_santanderiensis_5 bio_13: 
Regularization values: linear/quadratic/product: 0.423, categorical: 0.250, threshold: 1.790, hinge: 0.500
21 samples
Density: max memory 932184064, total allocated 100139008, free 37037808, used 63101200, increment 0
linearPredictor: max memory 932184064, total allocated 100139008, free 37037808, used 63101200, increment 0
FeaturedSpace: max memory 932184064, total allocated 100139008, free 37037808, used 63101200, increment 0
Sequential: max memory 932184064, total allocated 100139008, free 37037808, used 63101200, increment 0
Initial loss: 9.212238569259263
120: time = 0.199000 loss = 9.199727
Resulting gain: 0.012511835061756571
Gustavia_santanderiensis_5 response curves
Response curve: only bio_14
Making features
makeFeatures: max memory 932184064, total allocated 93323264, free 74867136, used 18456128, increment -44645072
Gustavia_santanderiensis_5 bio_14: 
Regularization values: linear/quadratic/product: 0.423, categorical: 0.250, threshold: 1.790, hinge: 0.500
21 samples
Density: max memory 932184064, total allocated 93323264, free 74867136, used 18456128, increment 0
linearPredictor: max memory 932184064, total allocated 93323264, free 74867136, used 18456128, increment 0
FeaturedSpace: max memory 932184064, total allocated 93323264, free 74867136, used 18456128, increment 0
Sequential: max memory 932184064, total allocated 93323264, free 74867136, used 18456128, increment 0
Initial loss: 9.212238569259263
60: time = 0.209000 loss = 8.715291
Resulting gain: 0.49694711718898077
Gustavia_santanderiensis_5 response curves
Response curve: only bio_15
Making features
makeFeatures: max memory 932184064, total allocated 93323264, free 70976224, used 22347040, increment 3890912
Gustavia_santanderiensis_5 bio_15: 
Regularization values: linear/quadratic/product: 0.423, categorical: 0.250, threshold: 1.790, hinge: 0.500
21 samples
Density: max memory 932184064, total allocated 93323264, free 70976224, used 22347040, increment 0
linearPredictor: max memory 932184064, total allocated 93323264, free 70976224, used 22347040, increment 0
FeaturedSpace: max memory 932184064, total allocated 93323264, free 70976224, used 22347040, increment 0
Sequential: max memory 932184064, total allocated 93323264, free 70976224, used 22347040, increment 0
Initial loss: 9.212238569259263
60: time = 0.195000 loss = 8.831435
Resulting gain: 0.3808037046591206
Gustavia_santanderiensis_5 response curves
Time since start: 174.079
Response curve: only bio_16
Making features
makeFeatures: max memory 932184064, total allocated 93323264, free 66266976, used 27056288, increment 4709248
Gustavia_santanderiensis_5 bio_16: 
Regularization values: linear/quadratic/product: 0.423, categorical: 0.250, threshold: 1.790, hinge: 0.500
21 samples
Density: max memory 932184064, total allocated 93323264, free 66266976, used 27056288, increment 0
linearPredictor: max memory 932184064, total allocated 93323264, free 66266976, used 27056288, increment 0
FeaturedSpace: max memory 932184064, total allocated 93323264, free 66266976, used 27056288, increment 0
Sequential: max memory 932184064, total allocated 93323264, free 66266976, used 27056288, increment 0
Initial loss: 9.212238569259263
60: time = 0.229000 loss = 9.188496
Resulting gain: 0.02374272416042089
Gustavia_santanderiensis_5 response curves
Response curve: only bio_17
Making features
makeFeatures: max memory 932184064, total allocated 93323264, free 62494504, used 30828760, increment 3772472
Gustavia_santanderiensis_5 bio_17: 
Regularization values: linear/quadratic/product: 0.423, categorical: 0.250, threshold: 1.790, hinge: 0.500
21 samples
Density: max memory 932184064, total allocated 93323264, free 62494504, used 30828760, increment 0
linearPredictor: max memory 932184064, total allocated 93323264, free 62414336, used 30908928, increment 80168
FeaturedSpace: max memory 932184064, total allocated 93323264, free 62414336, used 30908928, increment 0
Sequential: max memory 932184064, total allocated 93323264, free 62414336, used 30908928, increment 0
Initial loss: 9.212238569259263
60: time = 0.200000 loss = 8.655276
Resulting gain: 0.5569628405437701
Gustavia_santanderiensis_5 response curves
Response curve: only bio_2
Making features
makeFeatures: max memory 932184064, total allocated 93323264, free 57705120, used 35618144, increment 4709216
Gustavia_santanderiensis_5 bio_2: 
Regularization values: linear/quadratic/product: 0.423, categorical: 0.250, threshold: 1.790, hinge: 0.500
21 samples
Density: max memory 932184064, total allocated 93323264, free 57705120, used 35618144, increment 0
linearPredictor: max memory 932184064, total allocated 93323264, free 57705120, used 35618144, increment 0
FeaturedSpace: max memory 932184064, total allocated 93323264, free 57705120, used 35618144, increment 0
Sequential: max memory 932184064, total allocated 93323264, free 57705120, used 35618144, increment 0
Initial loss: 9.212238569259263
60: time = 0.232000 loss = 9.152837
Resulting gain: 0.05940198935159913
Gustavia_santanderiensis_5 response curves
Time since start: 175.168
Response curve: only bio_3
Making features
makeFeatures: max memory 932184064, total allocated 93323264, free 53774576, used 39548688, increment 3930544
Gustavia_santanderiensis_5 bio_3: 
Regularization values: linear/quadratic/product: 0.423, categorical: 0.250, threshold: 1.790, hinge: 0.500
21 samples
Density: max memory 932184064, total allocated 93323264, free 53694408, used 39628856, increment 80168
linearPredictor: max memory 932184064, total allocated 93323264, free 53614240, used 39709024, increment 80168
FeaturedSpace: max memory 932184064, total allocated 93323264, free 53614240, used 39709024, increment 0
Sequential: max memory 932184064, total allocated 93323264, free 53614240, used 39709024, increment 0
Initial loss: 9.212238569259263
60: time = 0.709000 loss = 9.150067
Resulting gain: 0.06217141272913551
Gustavia_santanderiensis_5 response curves
Response curve: only bio_4
Making features
makeFeatures: max memory 932184064, total allocated 93323264, free 48905080, used 44418184, increment 4709160
Gustavia_santanderiensis_5 bio_4: 
Regularization values: linear/quadratic/product: 0.423, categorical: 0.250, threshold: 1.790, hinge: 0.500
21 samples
Density: max memory 932184064, total allocated 93323264, free 48905080, used 44418184, increment 0
linearPredictor: max memory 932184064, total allocated 93323264, free 48905080, used 44418184, increment 0
FeaturedSpace: max memory 932184064, total allocated 93323264, free 48905080, used 44418184, increment 0
Sequential: max memory 932184064, total allocated 93323264, free 48905080, used 44418184, increment 0
Initial loss: 9.212238569259263
Time since start: 176.327
60: time = 0.265000 loss = 9.211242
Resulting gain: 9.963162647022017E-4
Gustavia_santanderiensis_5 response curves
Response curve: only bio_5
Making features
makeFeatures: max memory 932184064, total allocated 93323264, free 44972216, used 48351048, increment 3932864
Gustavia_santanderiensis_5 bio_5: 
Regularization values: linear/quadratic/product: 0.423, categorical: 0.250, threshold: 1.790, hinge: 0.500
21 samples
Density: max memory 932184064, total allocated 93323264, free 44892048, used 48431216, increment 80168
linearPredictor: max memory 932184064, total allocated 93323264, free 44811880, used 48511384, increment 80168
FeaturedSpace: max memory 932184064, total allocated 93323264, free 44811880, used 48511384, increment 0
Sequential: max memory 932184064, total allocated 93323264, free 44811880, used 48511384, increment 0
Initial loss: 9.212238569259263
100: time = 0.386000 loss = 8.907671
Resulting gain: 0.30456707749097767
Gustavia_santanderiensis_5 response curves
Response curve: only bio_6
Making features
makeFeatures: max memory 932184064, total allocated 93323264, free 40103520, used 53219744, increment 4708360
Gustavia_santanderiensis_5 bio_6: 
Regularization values: linear/quadratic/product: 0.423, categorical: 0.250, threshold: 1.790, hinge: 0.500
21 samples
Density: max memory 932184064, total allocated 93323264, free 40103520, used 53219744, increment 0
linearPredictor: max memory 932184064, total allocated 93323264, free 40103520, used 53219744, increment 0
FeaturedSpace: max memory 932184064, total allocated 93323264, free 40103520, used 53219744, increment 0
Sequential: max memory 932184064, total allocated 93323264, free 40103520, used 53219744, increment 0
Initial loss: 9.212238569259263
Time since start: 177.362
80: time = 0.275000 loss = 8.849116
Resulting gain: 0.36312269395680197
Gustavia_santanderiensis_5 response curves
Response curve: only bio_7
Making features
makeFeatures: max memory 932184064, total allocated 93323264, free 35394312, used 57928952, increment 4709208
Gustavia_santanderiensis_5 bio_7: 
Regularization values: linear/quadratic/product: 0.423, categorical: 0.250, threshold: 1.790, hinge: 0.500
21 samples
Density: max memory 932184064, total allocated 93323264, free 35394312, used 57928952, increment 0
linearPredictor: max memory 932184064, total allocated 93323264, free 35394312, used 57928952, increment 0
FeaturedSpace: max memory 932184064, total allocated 93323264, free 35394312, used 57928952, increment 0
Sequential: max memory 932184064, total allocated 93323264, free 35394312, used 57928952, increment 0
Initial loss: 9.212238569259263
Time since start: 178.409
60: time = 0.920000 loss = 9.210471
Resulting gain: 0.0017678299653152152
Gustavia_santanderiensis_5 response curves
Response curve: only bio_ai_et0
Making features
makeFeatures: max memory 932184064, total allocated 95420416, free 77846024, used 17574392, increment -40354560
Gustavia_santanderiensis_5 bio_ai_et0: 
Regularization values: linear/quadratic/product: 0.423, categorical: 0.250, threshold: 1.790, hinge: 0.500
21 samples
Density: max memory 932184064, total allocated 95420416, free 77846024, used 17574392, increment 0
linearPredictor: max memory 932184064, total allocated 95420416, free 77846024, used 17574392, increment 0
FeaturedSpace: max memory 932184064, total allocated 95420416, free 77846024, used 17574392, increment 0
Sequential: max memory 932184064, total allocated 95420416, free 77846024, used 17574392, increment 0
Initial loss: 9.212238569259263
60: time = 0.263000 loss = 9.141980
Resulting gain: 0.07025858629883608
Gustavia_santanderiensis_5 response curves
Response curve: only bio_et0_yr
Making features
makeFeatures: max memory 932184064, total allocated 95420416, free 73212256, used 22208160, increment 4633768
Gustavia_santanderiensis_5 bio_et0_yr: 
Regularization values: linear/quadratic/product: 0.423, categorical: 0.250, threshold: 1.790, hinge: 0.500
21 samples
Density: max memory 932184064, total allocated 95420416, free 73212256, used 22208160, increment 0
linearPredictor: max memory 932184064, total allocated 95420416, free 73212256, used 22208160, increment 0
FeaturedSpace: max memory 932184064, total allocated 95420416, free 73212256, used 22208160, increment 0
Sequential: max memory 932184064, total allocated 95420416, free 73212256, used 22208160, increment 0
Initial loss: 9.212238569259263
120: time = 0.218000 loss = 9.157595
Resulting gain: 0.05464308708821086
Gustavia_santanderiensis_5 response curves
Time since start: 180.132
Jackknife: leave bio_1 out
Making features
makeFeatures: max memory 932184064, total allocated 90701824, free 70777080, used 19924744, increment -2283416
Gustavia_santanderiensis_5 bio_1: 
Regularization values: linear/quadratic/product: 0.423, categorical: 0.250, threshold: 1.790, hinge: 0.500
21 samples
Density: max memory 932184064, total allocated 90701824, free 70777080, used 19924744, increment 0
linearPredictor: max memory 932184064, total allocated 90701824, free 70777080, used 19924744, increment 0
FeaturedSpace: max memory 932184064, total allocated 90701824, free 70777080, used 19924744, increment 0
Sequential: max memory 932184064, total allocated 90701824, free 70777080, used 19924744, increment 0
Initial loss: 9.212238569259263
260: time = 0.931000 loss = 7.161962
Jackknife: leave bio_10 out
Making features
Time since start: 181.163
makeFeatures: max memory 932184064, total allocated 90701824, free 68532376, used 22169448, increment 2244704
Gustavia_santanderiensis_5 bio_10: 
Regularization values: linear/quadratic/product: 0.423, categorical: 0.250, threshold: 1.790, hinge: 0.500
21 samples
Density: max memory 932184064, total allocated 90701824, free 68452208, used 22249616, increment 80168
linearPredictor: max memory 932184064, total allocated 90701824, free 68372040, used 22329784, increment 80168
FeaturedSpace: max memory 932184064, total allocated 90701824, free 68372040, used 22329784, increment 0
Sequential: max memory 932184064, total allocated 90701824, free 68372040, used 22329784, increment 0
Initial loss: 9.212238569259263
360: time = 0.693000 loss = 7.161939
Jackknife: leave bio_11 out
Making features
makeFeatures: max memory 932184064, total allocated 90701824, free 65348976, used 25352848, increment 3023064
Gustavia_santanderiensis_5 bio_11: 
Regularization values: linear/quadratic/product: 0.423, categorical: 0.250, threshold: 1.790, hinge: 0.500
21 samples
Density: max memory 932184064, total allocated 90701824, free 65268808, used 25433016, increment 80168
linearPredictor: max memory 932184064, total allocated 90701824, free 65188640, used 25513184, increment 80168
FeaturedSpace: max memory 932184064, total allocated 90701824, free 65188640, used 25513184, increment 0
Sequential: max memory 932184064, total allocated 90701824, free 65188640, used 25513184, increment 0
Initial loss: 9.212238569259263
Time since start: 182.706
420: time = 0.822000 loss = 7.161940
Jackknife: leave bio_12 out
Making features
makeFeatures: max memory 932184064, total allocated 90701824, free 62165448, used 28536376, increment 3023192
Gustavia_santanderiensis_5 bio_12: 
Regularization values: linear/quadratic/product: 0.423, categorical: 0.250, threshold: 1.790, hinge: 0.500
21 samples
Density: max memory 932184064, total allocated 90701824, free 61307064, used 29394760, increment 858384
linearPredictor: max memory 932184064, total allocated 90701824, free 61307064, used 29394760, increment 0
FeaturedSpace: max memory 932184064, total allocated 90701824, free 61307064, used 29394760, increment 0
Sequential: max memory 932184064, total allocated 90701824, free 61307064, used 29394760, increment 0
Initial loss: 9.212238569259263
380: time = 0.783000 loss = 7.161940
Jackknife: leave bio_13 out
Making features
makeFeatures: max memory 932184064, total allocated 90701824, free 58982192, used 31719632, increment 2324872
Gustavia_santanderiensis_5 bio_13: 
Regularization values: linear/quadratic/product: 0.423, categorical: 0.250, threshold: 1.790, hinge: 0.500
21 samples
Density: max memory 932184064, total allocated 90701824, free 58123808, used 32578016, increment 858384
linearPredictor: max memory 932184064, total allocated 90701824, free 58123808, used 32578016, increment 0
FeaturedSpace: max memory 932184064, total allocated 90701824, free 58123808, used 32578016, increment 0
Sequential: max memory 932184064, total allocated 90701824, free 58123808, used 32578016, increment 0
Initial loss: 9.212238569259263
Time since start: 184.019
280: time = 0.504000 loss = 7.168125
Jackknife: leave bio_14 out
Making features
makeFeatures: max memory 932184064, total allocated 90701824, free 55879104, used 34822720, increment 2244704
Gustavia_santanderiensis_5 bio_14: 
Regularization values: linear/quadratic/product: 0.423, categorical: 0.250, threshold: 1.790, hinge: 0.500
21 samples
Density: max memory 932184064, total allocated 90701824, free 55798936, used 34902888, increment 80168
linearPredictor: max memory 932184064, total allocated 90701824, free 55718768, used 34983056, increment 80168
FeaturedSpace: max memory 932184064, total allocated 90701824, free 55718768, used 34983056, increment 0
Sequential: max memory 932184064, total allocated 90701824, free 55718768, used 34983056, increment 0
Initial loss: 9.212238569259263
400: time = 0.840000 loss = 7.169978
Jackknife: leave bio_15 out
Making features
makeFeatures: max memory 932184064, total allocated 90701824, free 52695696, used 38006128, increment 3023072
Gustavia_santanderiensis_5 bio_15: 
Regularization values: linear/quadratic/product: 0.423, categorical: 0.250, threshold: 1.790, hinge: 0.500
21 samples
Density: max memory 932184064, total allocated 90701824, free 51837312, used 38864512, increment 858384
linearPredictor: max memory 932184064, total allocated 90701824, free 51837312, used 38864512, increment 0
FeaturedSpace: max memory 932184064, total allocated 90701824, free 51837312, used 38864512, increment 0
Sequential: max memory 932184064, total allocated 90701824, free 51837312, used 38864512, increment 0
Initial loss: 9.212238569259263
Time since start: 185.416
260: time = 0.531000 loss = 7.304991
Jackknife: leave bio_16 out
Making features
makeFeatures: max memory 932184064, total allocated 90701824, free 49592608, used 41109216, increment 2244704
Gustavia_santanderiensis_5 bio_16: 
Regularization values: linear/quadratic/product: 0.423, categorical: 0.250, threshold: 1.790, hinge: 0.500
21 samples
Density: max memory 932184064, total allocated 90701824, free 49512440, used 41189384, increment 80168
linearPredictor: max memory 932184064, total allocated 90701824, free 49432272, used 41269552, increment 80168
FeaturedSpace: max memory 932184064, total allocated 90701824, free 49432272, used 41269552, increment 0
Sequential: max memory 932184064, total allocated 90701824, free 49432272, used 41269552, increment 0
Initial loss: 9.212238569259263
360: time = 0.787000 loss = 7.161940
Jackknife: leave bio_17 out
Making features
makeFeatures: max memory 932184064, total allocated 90701824, free 46432672, used 44269152, increment 2999600
Gustavia_santanderiensis_5 bio_17: 
Regularization values: linear/quadratic/product: 0.423, categorical: 0.250, threshold: 1.790, hinge: 0.500
21 samples
Density: max memory 932184064, total allocated 90701824, free 46352504, used 44349320, increment 80168
linearPredictor: max memory 932184064, total allocated 90701824, free 46272336, used 44429488, increment 80168
FeaturedSpace: max memory 932184064, total allocated 90701824, free 46272336, used 44429488, increment 0
Sequential: max memory 932184064, total allocated 90701824, free 46272336, used 44429488, increment 0
Initial loss: 9.212238569259263
Time since start: 187.093
340: time = 0.855000 loss = 7.169117
Jackknife: leave bio_2 out
Making features
makeFeatures: max memory 932184064, total allocated 90701824, free 43329560, used 47372264, increment 2942776
Gustavia_santanderiensis_5 bio_2: 
Regularization values: linear/quadratic/product: 0.423, categorical: 0.250, threshold: 1.790, hinge: 0.500
21 samples
Density: max memory 932184064, total allocated 90701824, free 42471128, used 48230696, increment 858432
linearPredictor: max memory 932184064, total allocated 90701824, free 42471128, used 48230696, increment 0
FeaturedSpace: max memory 932184064, total allocated 90701824, free 42471128, used 48230696, increment 0
Sequential: max memory 932184064, total allocated 90701824, free 42471128, used 48230696, increment 0
Initial loss: 9.212238569259263
320: time = 0.927000 loss = 7.161943
Jackknife: leave bio_3 out
Making features
makeFeatures: max memory 932184064, total allocated 90701824, free 40169720, used 50532104, increment 2301408
Gustavia_santanderiensis_5 bio_3: 
Regularization values: linear/quadratic/product: 0.423, categorical: 0.250, threshold: 1.790, hinge: 0.500
21 samples
Density: max memory 932184064, total allocated 90701824, free 40089552, used 50612272, increment 80168
linearPredictor: max memory 932184064, total allocated 90701824, free 40009384, used 50692440, increment 80168
FeaturedSpace: max memory 932184064, total allocated 90701824, free 40009384, used 50692440, increment 0
Sequential: max memory 932184064, total allocated 90701824, free 40009384, used 50692440, increment 0
Initial loss: 9.212238569259263
Time since start: 188.744
340: time = 0.695000 loss = 7.182404
Jackknife: leave bio_4 out
Making features
makeFeatures: max memory 932184064, total allocated 90701824, free 36528904, used 54172920, increment 3480480
Gustavia_santanderiensis_5 bio_4: 
Regularization values: linear/quadratic/product: 0.423, categorical: 0.250, threshold: 1.790, hinge: 0.500
21 samples
Density: max memory 932184064, total allocated 90701824, free 36528904, used 54172920, increment 0
linearPredictor: max memory 932184064, total allocated 90701824, free 36528904, used 54172920, increment 0
FeaturedSpace: max memory 932184064, total allocated 90701824, free 36528904, used 54172920, increment 0
Sequential: max memory 932184064, total allocated 90701824, free 36528904, used 54172920, increment 0
Initial loss: 9.212238569259263
280: time = 0.596000 loss = 7.181621
Jackknife: leave bio_5 out
Making features
makeFeatures: max memory 932184064, total allocated 90701824, free 33963528, used 56738296, increment 2565376
Gustavia_santanderiensis_5 bio_5: 
Regularization values: linear/quadratic/product: 0.423, categorical: 0.250, threshold: 1.790, hinge: 0.500
21 samples
Density: max memory 932184064, total allocated 90701824, free 33105144, used 57596680, increment 858384
linearPredictor: max memory 932184064, total allocated 90701824, free 33105144, used 57596680, increment 0
FeaturedSpace: max memory 932184064, total allocated 90701824, free 33105144, used 57596680, increment 0
Sequential: max memory 932184064, total allocated 90701824, free 33105144, used 57596680, increment 0
Initial loss: 9.212238569259263
Time since start: 190.083
320: time = 0.695000 loss = 7.163417
Jackknife: leave bio_6 out
Making features
makeFeatures: max memory 932184064, total allocated 88604672, free 71055064, used 17549608, increment -40047072
Gustavia_santanderiensis_5 bio_6: 
Regularization values: linear/quadratic/product: 0.423, categorical: 0.250, threshold: 1.790, hinge: 0.500
21 samples
Density: max memory 932184064, total allocated 88604672, free 70220944, used 18383728, increment 834120
linearPredictor: max memory 932184064, total allocated 88604672, free 70220944, used 18383728, increment 0
FeaturedSpace: max memory 932184064, total allocated 88604672, free 70220944, used 18383728, increment 0
Sequential: max memory 932184064, total allocated 88604672, free 70220944, used 18383728, increment 0
Initial loss: 9.212238569259263
260: time = 0.552000 loss = 7.167645
Jackknife: leave bio_7 out
Making features
makeFeatures: max memory 932184064, total allocated 88604672, free 67976240, used 20628432, increment 2244704
Gustavia_santanderiensis_5 bio_7: 
Regularization values: linear/quadratic/product: 0.423, categorical: 0.250, threshold: 1.790, hinge: 0.500
21 samples
Density: max memory 932184064, total allocated 88604672, free 67896072, used 20708600, increment 80168
linearPredictor: max memory 932184064, total allocated 88604672, free 67815904, used 20788768, increment 80168
FeaturedSpace: max memory 932184064, total allocated 88604672, free 67815904, used 20788768, increment 0
Sequential: max memory 932184064, total allocated 88604672, free 67815904, used 20788768, increment 0
Initial loss: 9.212238569259263
Time since start: 191.317
360: time = 0.651000 loss = 7.161939
Jackknife: leave bio_ai_et0 out
Making features
makeFeatures: max memory 932184064, total allocated 88604672, free 64817144, used 23787528, increment 2998760
Gustavia_santanderiensis_5 bio_ai_et0: 
Regularization values: linear/quadratic/product: 0.423, categorical: 0.250, threshold: 1.790, hinge: 0.500
21 samples
Density: max memory 932184064, total allocated 88604672, free 64736976, used 23867696, increment 80168
linearPredictor: max memory 932184064, total allocated 88604672, free 64656808, used 23947864, increment 80168
FeaturedSpace: max memory 932184064, total allocated 88604672, free 64656808, used 23947864, increment 0
Sequential: max memory 932184064, total allocated 88604672, free 64656808, used 23947864, increment 0
Initial loss: 9.212238569259263
320: time = 0.522000 loss = 7.161941
Jackknife: leave bio_et0_yr out
Making features
makeFeatures: max memory 932184064, total allocated 88604672, free 61657880, used 26946792, increment 2998928
Gustavia_santanderiensis_5 bio_et0_yr: 
Regularization values: linear/quadratic/product: 0.423, categorical: 0.250, threshold: 1.790, hinge: 0.500
21 samples
Density: max memory 932184064, total allocated 88604672, free 61577712, used 27026960, increment 80168
linearPredictor: max memory 932184064, total allocated 88604672, free 61497544, used 27107128, increment 80168
FeaturedSpace: max memory 932184064, total allocated 88604672, free 61497544, used 27107128, increment 0
Sequential: max memory 932184064, total allocated 88604672, free 61497544, used 27107128, increment 0
Initial loss: 9.212238569259263
Time since start: 192.433
360: time = 0.557000 loss = 7.161939
Jackknife: only bio_1
Making features
makeFeatures: max memory 932184064, total allocated 88604672, free 60663352, used 27941320, increment 834192
Gustavia_santanderiensis_5 bio_1: 
Regularization values: linear/quadratic/product: 0.423, categorical: 0.250, threshold: 1.790, hinge: 0.500
21 samples
Density: max memory 932184064, total allocated 88604672, free 60663352, used 27941320, increment 0
linearPredictor: max memory 932184064, total allocated 88604672, free 60663352, used 27941320, increment 0
FeaturedSpace: max memory 932184064, total allocated 88604672, free 60663352, used 27941320, increment 0
Sequential: max memory 932184064, total allocated 88604672, free 60663352, used 27941320, increment 0
Initial loss: 9.212238569259263
100: time = 0.403000 loss = 8.874016
Res.gain: 0.3382223601750862
Jackknife: only bio_10
Making features
makeFeatures: max memory 932184064, total allocated 88604672, free 60503016, used 28101656, increment 160336
Gustavia_santanderiensis_5 bio_10: 
Regularization values: linear/quadratic/product: 0.423, categorical: 0.250, threshold: 1.790, hinge: 0.500
21 samples
Density: max memory 932184064, total allocated 88604672, free 60422848, used 28181824, increment 80168
linearPredictor: max memory 932184064, total allocated 88604672, free 60342680, used 28261992, increment 80168
FeaturedSpace: max memory 932184064, total allocated 88604672, free 60342680, used 28261992, increment 0
Sequential: max memory 932184064, total allocated 88604672, free 60342680, used 28261992, increment 0
Initial loss: 9.212238569259263
80: time = 0.194000 loss = 8.905775
Res.gain: 0.30646396047571756
Jackknife: only bio_11
Making features
makeFeatures: max memory 932184064, total allocated 88604672, free 59428392, used 29176280, increment 914288
Gustavia_santanderiensis_5 bio_11: 
Regularization values: linear/quadratic/product: 0.423, categorical: 0.250, threshold: 1.790, hinge: 0.500
21 samples
Density: max memory 932184064, total allocated 88604672, free 59428392, used 29176280, increment 0
linearPredictor: max memory 932184064, total allocated 88604672, free 59428392, used 29176280, increment 0
FeaturedSpace: max memory 932184064, total allocated 88604672, free 59428392, used 29176280, increment 0
Sequential: max memory 932184064, total allocated 88604672, free 59428392, used 29176280, increment 0
Initial loss: 9.212238569259263
100: time = 0.366000 loss = 8.891078
Res.gain: 0.3211610489138561
Jackknife: only bio_12
Making features
makeFeatures: max memory 932184064, total allocated 88604672, free 59428392, used 29176280, increment 0
Gustavia_santanderiensis_5 bio_12: 
Regularization values: linear/quadratic/product: 0.423, categorical: 0.250, threshold: 1.790, hinge: 0.500
21 samples
Density: max memory 932184064, total allocated 88604672, free 59428392, used 29176280, increment 0
linearPredictor: max memory 932184064, total allocated 88604672, free 59428392, used 29176280, increment 0
FeaturedSpace: max memory 932184064, total allocated 88604672, free 59428392, used 29176280, increment 0
Sequential: max memory 932184064, total allocated 88604672, free 59428392, used 29176280, increment 0
Initial loss: 9.212238569259263
Time since start: 193.632
60: time = 0.209000 loss = 9.082498
Res.gain: 0.1297405690857687
Jackknife: only bio_13
Making features
makeFeatures: max memory 932184064, total allocated 88604672, free 59348224, used 29256448, increment 80168
Gustavia_santanderiensis_5 bio_13: 
Regularization values: linear/quadratic/product: 0.423, categorical: 0.250, threshold: 1.790, hinge: 0.500
21 samples
Density: max memory 932184064, total allocated 88604672, free 59268056, used 29336616, increment 80168
linearPredictor: max memory 932184064, total allocated 88604672, free 59187888, used 29416784, increment 80168
FeaturedSpace: max memory 932184064, total allocated 88604672, free 59187888, used 29416784, increment 0
Sequential: max memory 932184064, total allocated 88604672, free 59187888, used 29416784, increment 0
Initial loss: 9.212238569259263
120: time = 0.205000 loss = 9.199727
Res.gain: 0.012511835061756571
Jackknife: only bio_14
Making features
makeFeatures: max memory 932184064, total allocated 88604672, free 58353736, used 30250936, increment 834152
Gustavia_santanderiensis_5 bio_14: 
Regularization values: linear/quadratic/product: 0.423, categorical: 0.250, threshold: 1.790, hinge: 0.500
21 samples
Density: max memory 932184064, total allocated 88604672, free 58353736, used 30250936, increment 0
linearPredictor: max memory 932184064, total allocated 88604672, free 58353736, used 30250936, increment 0
FeaturedSpace: max memory 932184064, total allocated 88604672, free 58353736, used 30250936, increment 0
Sequential: max memory 932184064, total allocated 88604672, free 58353736, used 30250936, increment 0
Initial loss: 9.212238569259263
60: time = 0.218000 loss = 8.715291
Res.gain: 0.49694711718898077
Jackknife: only bio_15
Making features
makeFeatures: max memory 932184064, total allocated 88604672, free 58353736, used 30250936, increment 0
Gustavia_santanderiensis_5 bio_15: 
Regularization values: linear/quadratic/product: 0.423, categorical: 0.250, threshold: 1.790, hinge: 0.500
21 samples
Density: max memory 932184064, total allocated 88604672, free 58353736, used 30250936, increment 0
linearPredictor: max memory 932184064, total allocated 88604672, free 58353736, used 30250936, increment 0
FeaturedSpace: max memory 932184064, total allocated 88604672, free 58353736, used 30250936, increment 0
Sequential: max memory 932184064, total allocated 88604672, free 58353736, used 30250936, increment 0
Initial loss: 9.212238569259263
60: time = 0.204000 loss = 8.831435
Res.gain: 0.3808037046591206
Jackknife: only bio_16
Making features
makeFeatures: max memory 932184064, total allocated 88604672, free 58193400, used 30411272, increment 160336
Gustavia_santanderiensis_5 bio_16: 
Regularization values: linear/quadratic/product: 0.423, categorical: 0.250, threshold: 1.790, hinge: 0.500
21 samples
Density: max memory 932184064, total allocated 88604672, free 58113232, used 30491440, increment 80168
linearPredictor: max memory 932184064, total allocated 88604672, free 58033064, used 30571608, increment 80168
FeaturedSpace: max memory 932184064, total allocated 88604672, free 58033064, used 30571608, increment 0
Sequential: max memory 932184064, total allocated 88604672, free 58033064, used 30571608, increment 0
Initial loss: 9.212238569259263
60: time = 0.246000 loss = 9.188496
Res.gain: 0.02374272416042089
Jackknife: only bio_17
Making features
makeFeatures: max memory 932184064, total allocated 88604672, free 57198864, used 31405808, increment 834200
Gustavia_santanderiensis_5 bio_17: 
Regularization values: linear/quadratic/product: 0.423, categorical: 0.250, threshold: 1.790, hinge: 0.500
21 samples
Density: max memory 932184064, total allocated 88604672, free 57198864, used 31405808, increment 0
linearPredictor: max memory 932184064, total allocated 88604672, free 57198864, used 31405808, increment 0
FeaturedSpace: max memory 932184064, total allocated 88604672, free 57198864, used 31405808, increment 0
Sequential: max memory 932184064, total allocated 88604672, free 57198864, used 31405808, increment 0
Initial loss: 9.212238569259263
Time since start: 194.784
60: time = 0.261000 loss = 8.655276
Res.gain: 0.5569628405437701
Jackknife: only bio_2
Making features
makeFeatures: max memory 932184064, total allocated 88604672, free 57198864, used 31405808, increment 0
Gustavia_santanderiensis_5 bio_2: 
Regularization values: linear/quadratic/product: 0.423, categorical: 0.250, threshold: 1.790, hinge: 0.500
21 samples
Density: max memory 932184064, total allocated 88604672, free 57198864, used 31405808, increment 0
linearPredictor: max memory 932184064, total allocated 88604672, free 57198864, used 31405808, increment 0
FeaturedSpace: max memory 932184064, total allocated 88604672, free 57198864, used 31405808, increment 0
Sequential: max memory 932184064, total allocated 88604672, free 57198864, used 31405808, increment 0
Initial loss: 9.212238569259263
60: time = 0.267000 loss = 9.152837
Res.gain: 0.05940198935159913
Jackknife: only bio_3
Making features
makeFeatures: max memory 932184064, total allocated 88604672, free 56284576, used 32320096, increment 914288
Gustavia_santanderiensis_5 bio_3: 
Regularization values: linear/quadratic/product: 0.423, categorical: 0.250, threshold: 1.790, hinge: 0.500
21 samples
Density: max memory 932184064, total allocated 88604672, free 56284576, used 32320096, increment 0
linearPredictor: max memory 932184064, total allocated 88604672, free 56284576, used 32320096, increment 0
FeaturedSpace: max memory 932184064, total allocated 88604672, free 56284576, used 32320096, increment 0
Sequential: max memory 932184064, total allocated 88604672, free 56284576, used 32320096, increment 0
Initial loss: 9.212238569259263
60: time = 0.245000 loss = 9.150067
Res.gain: 0.06217141272913551
Jackknife: only bio_4
Making features
makeFeatures: max memory 932184064, total allocated 88604672, free 56284576, used 32320096, increment 0
Gustavia_santanderiensis_5 bio_4: 
Regularization values: linear/quadratic/product: 0.423, categorical: 0.250, threshold: 1.790, hinge: 0.500
21 samples
Density: max memory 932184064, total allocated 88604672, free 56284576, used 32320096, increment 0
linearPredictor: max memory 932184064, total allocated 88604672, free 56284576, used 32320096, increment 0
FeaturedSpace: max memory 932184064, total allocated 88604672, free 56284576, used 32320096, increment 0
Sequential: max memory 932184064, total allocated 88604672, free 56284576, used 32320096, increment 0
Initial loss: 9.212238569259263
60: time = 0.289000 loss = 9.211242
Res.gain: 9.963162647022017E-4
Jackknife: only bio_5
Making features
makeFeatures: max memory 932184064, total allocated 88604672, free 56284576, used 32320096, increment 0
Gustavia_santanderiensis_5 bio_5: 
Regularization values: linear/quadratic/product: 0.423, categorical: 0.250, threshold: 1.790, hinge: 0.500
21 samples
Density: max memory 932184064, total allocated 88604672, free 56204408, used 32400264, increment 80168
linearPredictor: max memory 932184064, total allocated 88604672, free 56124240, used 32480432, increment 80168
FeaturedSpace: max memory 932184064, total allocated 88604672, free 56124240, used 32480432, increment 0
Sequential: max memory 932184064, total allocated 88604672, free 56124240, used 32480432, increment 0
Initial loss: 9.212238569259263
Time since start: 196.155
100: time = 0.542000 loss = 8.907671
Res.gain: 0.30456707749097767
Jackknife: only bio_6
Making features
makeFeatures: max memory 932184064, total allocated 88604672, free 55290088, used 33314584, increment 834152
Gustavia_santanderiensis_5 bio_6: 
Regularization values: linear/quadratic/product: 0.423, categorical: 0.250, threshold: 1.790, hinge: 0.500
21 samples
Density: max memory 932184064, total allocated 88604672, free 55290088, used 33314584, increment 0
linearPredictor: max memory 932184064, total allocated 88604672, free 55290088, used 33314584, increment 0
FeaturedSpace: max memory 932184064, total allocated 88604672, free 55290088, used 33314584, increment 0
Sequential: max memory 932184064, total allocated 88604672, free 55290088, used 33314584, increment 0
Initial loss: 9.212238569259263
80: time = 0.377000 loss = 8.849116
Res.gain: 0.36312269395680197
Jackknife: only bio_7
Making features
makeFeatures: max memory 932184064, total allocated 88604672, free 55290088, used 33314584, increment 0
Gustavia_santanderiensis_5 bio_7: 
Regularization values: linear/quadratic/product: 0.423, categorical: 0.250, threshold: 1.790, hinge: 0.500
21 samples
Density: max memory 932184064, total allocated 88604672, free 55290088, used 33314584, increment 0
linearPredictor: max memory 932184064, total allocated 88604672, free 55290088, used 33314584, increment 0
FeaturedSpace: max memory 932184064, total allocated 88604672, free 55290088, used 33314584, increment 0
Sequential: max memory 932184064, total allocated 88604672, free 55290088, used 33314584, increment 0
Initial loss: 9.212238569259263
60: time = 0.220000 loss = 9.210471
Res.gain: 0.0017678299653152152
Jackknife: only bio_ai_et0
Making features
makeFeatures: max memory 932184064, total allocated 88604672, free 55129752, used 33474920, increment 160336
Gustavia_santanderiensis_5 bio_ai_et0: 
Regularization values: linear/quadratic/product: 0.423, categorical: 0.250, threshold: 1.790, hinge: 0.500
21 samples
Density: max memory 932184064, total allocated 88604672, free 55049584, used 33555088, increment 80168
linearPredictor: max memory 932184064, total allocated 88604672, free 54969416, used 33635256, increment 80168
FeaturedSpace: max memory 932184064, total allocated 88604672, free 54969416, used 33635256, increment 0
Sequential: max memory 932184064, total allocated 88604672, free 54969416, used 33635256, increment 0
Initial loss: 9.212238569259263
60: time = 0.246000 loss = 9.141980
Res.gain: 0.07025858629883608
Jackknife: only bio_et0_yr
Making features
makeFeatures: max memory 932184064, total allocated 88604672, free 54135240, used 34469432, increment 834176
Gustavia_santanderiensis_5 bio_et0_yr: 
Regularization values: linear/quadratic/product: 0.423, categorical: 0.250, threshold: 1.790, hinge: 0.500
21 samples
Density: max memory 932184064, total allocated 88604672, free 54135240, used 34469432, increment 0
linearPredictor: max memory 932184064, total allocated 88604672, free 54135240, used 34469432, increment 0
FeaturedSpace: max memory 932184064, total allocated 88604672, free 54135240, used 34469432, increment 0
Sequential: max memory 932184064, total allocated 88604672, free 54135240, used 34469432, increment 0
Initial loss: 9.212238569259263
Time since start: 197.201
120: time = 0.188000 loss = 9.157595
Res.gain: 0.05464308708821086
getSamples: max memory 932184064, total allocated 88604672, free 49325880, used 39278792, increment 4809360
Making features
makeFeatures: max memory 932184064, total allocated 88604672, free 46760248, used 41844424, increment 2565632
Gustavia_santanderiensis_6: 
Regularization values: linear/quadratic/product: 0.423, categorical: 0.250, threshold: 1.790, hinge: 0.500
21 samples
Density: max memory 932184064, total allocated 88604672, free 46680072, used 41924600, increment 80176
linearPredictor: max memory 932184064, total allocated 88604672, free 46599896, used 42004776, increment 80176
FeaturedSpace: max memory 932184064, total allocated 88604672, free 46599896, used 42004776, increment 0
Sequential: max memory 932184064, total allocated 88604672, free 46599896, used 42004776, increment 0
Initial loss: 9.212338374638856
240: time = 0.419000 loss = 7.454094
Resulting gain: 1.7582447960680048
Projecting...
Writing file C:\Users\Camila\Desktop\Modelo opc3\Final_Models\M_2_F_lq_Set_1\Gustavia_santanderiensis_6.asc
Time since start: 200.244
Writing C:\Users\Camila\Desktop\Modelo opc3\Final_Models\M_2_F_lq_Set_1\plots\Gustavia_santanderiensis_6.png
Gustavia_santanderiensis_6 response curves
Time since start: 205.237
Response curve: only bio_1
Making features
makeFeatures: max memory 932184064, total allocated 84410368, free 50039224, used 34371144, increment -7633632
Gustavia_santanderiensis_6 bio_1: 
Regularization values: linear/quadratic/product: 0.423, categorical: 0.250, threshold: 1.790, hinge: 0.500
21 samples
Density: max memory 932184064, total allocated 84410368, free 50039224, used 34371144, increment 0
linearPredictor: max memory 932184064, total allocated 84410368, free 50039224, used 34371144, increment 0
FeaturedSpace: max memory 932184064, total allocated 84410368, free 50039224, used 34371144, increment 0
Sequential: max memory 932184064, total allocated 84410368, free 50039224, used 34371144, increment 0
Initial loss: 9.212338374638856
100: time = 0.206000 loss = 8.872765
Resulting gain: 0.33957314159655816
Gustavia_santanderiensis_6 response curves
Response curve: only bio_10
Making features
makeFeatures: max memory 932184064, total allocated 84410368, free 45666280, used 38744088, increment 4372944
Gustavia_santanderiensis_6 bio_10: 
Regularization values: linear/quadratic/product: 0.423, categorical: 0.250, threshold: 1.790, hinge: 0.500
21 samples
Density: max memory 932184064, total allocated 84410368, free 45666280, used 38744088, increment 0
linearPredictor: max memory 932184064, total allocated 84410368, free 45666280, used 38744088, increment 0
FeaturedSpace: max memory 932184064, total allocated 84410368, free 45666280, used 38744088, increment 0
Sequential: max memory 932184064, total allocated 84410368, free 45666280, used 38744088, increment 0
Initial loss: 9.212338374638856
80: time = 0.298000 loss = 8.910160
Resulting gain: 0.302177994404607
Gustavia_santanderiensis_6 response curves
Response curve: only bio_11
Making features
makeFeatures: max memory 932184064, total allocated 84410368, free 41279296, used 43131072, increment 4386984
Gustavia_santanderiensis_6 bio_11: 
Regularization values: linear/quadratic/product: 0.423, categorical: 0.250, threshold: 1.790, hinge: 0.500
21 samples
Density: max memory 932184064, total allocated 84410368, free 41279296, used 43131072, increment 0
linearPredictor: max memory 932184064, total allocated 84410368, free 41279296, used 43131072, increment 0
FeaturedSpace: max memory 932184064, total allocated 84410368, free 41279296, used 43131072, increment 0
Sequential: max memory 932184064, total allocated 84410368, free 41279296, used 43131072, increment 0
Initial loss: 9.212338374638856
Time since start: 206.493
100: time = 0.439000 loss = 8.885174
Resulting gain: 0.327164041029004
Gustavia_santanderiensis_6 response curves
Response curve: only bio_12
Making features
makeFeatures: max memory 932184064, total allocated 84410368, free 36788712, used 47621656, increment 4490584
Gustavia_santanderiensis_6 bio_12: 
Regularization values: linear/quadratic/product: 0.423, categorical: 0.250, threshold: 1.790, hinge: 0.500
21 samples
Density: max memory 932184064, total allocated 84410368, free 36788712, used 47621656, increment 0
linearPredictor: max memory 932184064, total allocated 84410368, free 36788712, used 47621656, increment 0
FeaturedSpace: max memory 932184064, total allocated 84410368, free 36788712, used 47621656, increment 0
Sequential: max memory 932184064, total allocated 84410368, free 36788712, used 47621656, increment 0
Initial loss: 9.212338374638856
120: time = 0.194000 loss = 9.059710
Resulting gain: 0.15262798892201523
Gustavia_santanderiensis_6 response curves
Response curve: only bio_13
Making features
makeFeatures: max memory 932184064, total allocated 84410368, free 32395368, used 52015000, increment 4393344
Gustavia_santanderiensis_6 bio_13: 
Regularization values: linear/quadratic/product: 0.423, categorical: 0.250, threshold: 1.790, hinge: 0.500
21 samples
Density: max memory 932184064, total allocated 84410368, free 32395368, used 52015000, increment 0
linearPredictor: max memory 932184064, total allocated 84410368, free 32395368, used 52015000, increment 0
FeaturedSpace: max memory 932184064, total allocated 84410368, free 32395368, used 52015000, increment 0
Sequential: max memory 932184064, total allocated 84410368, free 32395368, used 52015000, increment 0
Initial loss: 9.212338374638856
60: time = 0.220000 loss = 9.175505
Resulting gain: 0.036832918124298786
Gustavia_santanderiensis_6 response curves
Response curve: only bio_14
Making features
makeFeatures: max memory 932184064, total allocated 84410368, free 28022448, used 56387920, increment 4372920
Gustavia_santanderiensis_6 bio_14: 
Regularization values: linear/quadratic/product: 0.423, categorical: 0.250, threshold: 1.790, hinge: 0.500
21 samples
Density: max memory 932184064, total allocated 84410368, free 28022448, used 56387920, increment 0
linearPredictor: max memory 932184064, total allocated 84410368, free 28022448, used 56387920, increment 0
FeaturedSpace: max memory 932184064, total allocated 84410368, free 28022448, used 56387920, increment 0
Sequential: max memory 932184064, total allocated 84410368, free 28022448, used 56387920, increment 0
Initial loss: 9.212338374638856
Time since start: 207.539
60: time = 0.193000 loss = 8.940559
Resulting gain: 0.27177955231544537
Gustavia_santanderiensis_6 response curves
Response curve: only bio_15
Making features
makeFeatures: max memory 932184064, total allocated 80740352, free 54420784, used 26319568, increment -30068352
Gustavia_santanderiensis_6 bio_15: 
Regularization values: linear/quadratic/product: 0.423, categorical: 0.250, threshold: 1.790, hinge: 0.500
21 samples
Density: max memory 932184064, total allocated 80740352, free 54420784, used 26319568, increment 0
linearPredictor: max memory 932184064, total allocated 80740352, free 54420784, used 26319568, increment 0
FeaturedSpace: max memory 932184064, total allocated 80740352, free 54420784, used 26319568, increment 0
Sequential: max memory 932184064, total allocated 80740352, free 54420784, used 26319568, increment 0
Initial loss: 9.212338374638856
60: time = 0.198000 loss = 8.940360
Resulting gain: 0.2719786625581815
Gustavia_santanderiensis_6 response curves
Response curve: only bio_16
Making features
makeFeatures: max memory 932184064, total allocated 80740352, free 50101248, used 30639104, increment 4319536
Gustavia_santanderiensis_6 bio_16: 
Regularization values: linear/quadratic/product: 0.423, categorical: 0.250, threshold: 1.790, hinge: 0.500
21 samples
Density: max memory 932184064, total allocated 80740352, free 50101248, used 30639104, increment 0
linearPredictor: max memory 932184064, total allocated 80740352, free 50101248, used 30639104, increment 0
FeaturedSpace: max memory 932184064, total allocated 80740352, free 50101248, used 30639104, increment 0
Sequential: max memory 932184064, total allocated 80740352, free 50101248, used 30639104, increment 0
Initial loss: 9.212338374638856
120: time = 0.185000 loss = 9.169266
Resulting gain: 0.043072507009032535
Gustavia_santanderiensis_6 response curves
Response curve: only bio_17
Making features
makeFeatures: max memory 932184064, total allocated 80740352, free 45780952, used 34959400, increment 4320296
Gustavia_santanderiensis_6 bio_17: 
Regularization values: linear/quadratic/product: 0.423, categorical: 0.250, threshold: 1.790, hinge: 0.500
21 samples
Density: max memory 932184064, total allocated 80740352, free 45780952, used 34959400, increment 0
linearPredictor: max memory 932184064, total allocated 80740352, free 45780952, used 34959400, increment 0
FeaturedSpace: max memory 932184064, total allocated 80740352, free 45780952, used 34959400, increment 0
Sequential: max memory 932184064, total allocated 80740352, free 45780952, used 34959400, increment 0
Initial loss: 9.212338374638856
Time since start: 208.541
60: time = 0.197000 loss = 8.745520
Resulting gain: 0.4668182668834735
Gustavia_santanderiensis_6 response curves
Response curve: only bio_2
Making features
makeFeatures: max memory 932184064, total allocated 80740352, free 41461512, used 39278840, increment 4319440
Gustavia_santanderiensis_6 bio_2: 
Regularization values: linear/quadratic/product: 0.423, categorical: 0.250, threshold: 1.790, hinge: 0.500
21 samples
Density: max memory 932184064, total allocated 80740352, free 41461512, used 39278840, increment 0
linearPredictor: max memory 932184064, total allocated 80740352, free 41461512, used 39278840, increment 0
FeaturedSpace: max memory 932184064, total allocated 80740352, free 41461512, used 39278840, increment 0
Sequential: max memory 932184064, total allocated 80740352, free 41461512, used 39278840, increment 0
Initial loss: 9.212338374638856
60: time = 0.237000 loss = 9.182195
Resulting gain: 0.03014295776812581
Gustavia_santanderiensis_6 response curves
Response curve: only bio_3
Making features
makeFeatures: max memory 932184064, total allocated 80740352, free 37023656, used 43716696, increment 4437856
Gustavia_santanderiensis_6 bio_3: 
Regularization values: linear/quadratic/product: 0.423, categorical: 0.250, threshold: 1.790, hinge: 0.500
21 samples
Density: max memory 932184064, total allocated 80740352, free 37023656, used 43716696, increment 0
linearPredictor: max memory 932184064, total allocated 80740352, free 37023656, used 43716696, increment 0
FeaturedSpace: max memory 932184064, total allocated 80740352, free 37023656, used 43716696, increment 0
Sequential: max memory 932184064, total allocated 80740352, free 37023656, used 43716696, increment 0
Initial loss: 9.212338374638856
60: time = 0.213000 loss = 9.121859
Resulting gain: 0.09047982149230549
Gustavia_santanderiensis_6 response curves
Response curve: only bio_4
Making features
makeFeatures: max memory 932184064, total allocated 80740352, free 32700248, used 48040104, increment 4323408
Gustavia_santanderiensis_6 bio_4: 
Regularization values: linear/quadratic/product: 0.423, categorical: 0.250, threshold: 1.790, hinge: 0.500
21 samples
Density: max memory 932184064, total allocated 80740352, free 32700248, used 48040104, increment 0
linearPredictor: max memory 932184064, total allocated 80740352, free 32620072, used 48120280, increment 80176
FeaturedSpace: max memory 932184064, total allocated 80740352, free 32620072, used 48120280, increment 0
Sequential: max memory 932184064, total allocated 80740352, free 32620072, used 48120280, increment 0
Initial loss: 9.212338374638856
Time since start: 209.636
60: time = 0.211000 loss = 9.197585
Resulting gain: 0.014753157900917913
Gustavia_santanderiensis_6 response curves
Response curve: only bio_5
Making features
makeFeatures: max memory 932184064, total allocated 80740352, free 28280264, used 52460088, increment 4339808
Gustavia_santanderiensis_6 bio_5: 
Regularization values: linear/quadratic/product: 0.423, categorical: 0.250, threshold: 1.790, hinge: 0.500
21 samples
Density: max memory 932184064, total allocated 80740352, free 28280264, used 52460088, increment 0
linearPredictor: max memory 932184064, total allocated 80740352, free 28200088, used 52540264, increment 80176
FeaturedSpace: max memory 932184064, total allocated 80740352, free 28200088, used 52540264, increment 0
Sequential: max memory 932184064, total allocated 80740352, free 28200088, used 52540264, increment 0
Initial loss: 9.212338374638856
80: time = 0.648000 loss = 8.926118
Resulting gain: 0.28622002281709236
Gustavia_santanderiensis_6 response curves
Time since start: 210.727
Response curve: only bio_6
Making features
makeFeatures: max memory 932184064, total allocated 80740352, free 23763056, used 56977296, increment 4437032
Gustavia_santanderiensis_6 bio_6: 
Regularization values: linear/quadratic/product: 0.423, categorical: 0.250, threshold: 1.790, hinge: 0.500
21 samples
Density: max memory 932184064, total allocated 80740352, free 23763056, used 56977296, increment 0
linearPredictor: max memory 932184064, total allocated 80740352, free 23763056, used 56977296, increment 0
FeaturedSpace: max memory 932184064, total allocated 80740352, free 23763056, used 56977296, increment 0
Sequential: max memory 932184064, total allocated 80740352, free 23763056, used 56977296, increment 0
Initial loss: 9.212338374638856
100: time = 0.399000 loss = 8.835837
Resulting gain: 0.3765016702225843
Gustavia_santanderiensis_6 response curves
Response curve: only bio_7
Making features
makeFeatures: max memory 932184064, total allocated 82837504, free 55906800, used 26930704, increment -30046592
Gustavia_santanderiensis_6 bio_7: 
Regularization values: linear/quadratic/product: 0.423, categorical: 0.250, threshold: 1.790, hinge: 0.500
21 samples
Density: max memory 932184064, total allocated 82837504, free 55906800, used 26930704, increment 0
linearPredictor: max memory 932184064, total allocated 82837504, free 55906800, used 26930704, increment 0
FeaturedSpace: max memory 932184064, total allocated 82837504, free 55906800, used 26930704, increment 0
Sequential: max memory 932184064, total allocated 82837504, free 55906800, used 26930704, increment 0
Initial loss: 9.212338374638856
40: time = 0.153000 loss = 9.212290
Resulting gain: 4.805607751556806E-5
Gustavia_santanderiensis_6 response curves
Response curve: only bio_ai_et0
Making features
makeFeatures: max memory 932184064, total allocated 82837504, free 51638600, used 31198904, increment 4268200
Gustavia_santanderiensis_6 bio_ai_et0: 
Regularization values: linear/quadratic/product: 0.423, categorical: 0.250, threshold: 1.790, hinge: 0.500
21 samples
Density: max memory 932184064, total allocated 82837504, free 51638600, used 31198904, increment 0
linearPredictor: max memory 932184064, total allocated 82837504, free 51558424, used 31279080, increment 80176
FeaturedSpace: max memory 932184064, total allocated 82837504, free 51558424, used 31279080, increment 0
Sequential: max memory 932184064, total allocated 82837504, free 51558424, used 31279080, increment 0
Initial loss: 9.212338374638856
Time since start: 211.862
100: time = 0.254000 loss = 9.122952
Resulting gain: 0.08938615356836621
Gustavia_santanderiensis_6 response curves
Response curve: only bio_et0_yr
Making features
makeFeatures: max memory 932184064, total allocated 82837504, free 47172616, used 35664888, increment 4385808
Gustavia_santanderiensis_6 bio_et0_yr: 
Regularization values: linear/quadratic/product: 0.423, categorical: 0.250, threshold: 1.790, hinge: 0.500
21 samples
Density: max memory 932184064, total allocated 82837504, free 47172616, used 35664888, increment 0
linearPredictor: max memory 932184064, total allocated 82837504, free 47092440, used 35745064, increment 80176
FeaturedSpace: max memory 932184064, total allocated 82837504, free 47092440, used 35745064, increment 0
Sequential: max memory 932184064, total allocated 82837504, free 47092440, used 35745064, increment 0
Initial loss: 9.212338374638856
140: time = 0.227000 loss = 9.148674
Resulting gain: 0.06366419504210974
Gustavia_santanderiensis_6 response curves
Time since start: 213.708
Jackknife: leave bio_1 out
Making features
makeFeatures: max memory 932184064, total allocated 80216064, free 38179144, used 42036920, increment 6291856
Gustavia_santanderiensis_6 bio_1: 
Regularization values: linear/quadratic/product: 0.423, categorical: 0.250, threshold: 1.790, hinge: 0.500
21 samples
Density: max memory 932184064, total allocated 80216064, free 38098968, used 42117096, increment 80176
linearPredictor: max memory 932184064, total allocated 80216064, free 38018792, used 42197272, increment 80176
FeaturedSpace: max memory 932184064, total allocated 80216064, free 38018792, used 42197272, increment 0
Sequential: max memory 932184064, total allocated 80216064, free 38018792, used 42197272, increment 0
Initial loss: 9.212338374638856
260: time = 0.484000 loss = 7.454094
Jackknife: leave bio_10 out
Making features
makeFeatures: max memory 932184064, total allocated 80216064, free 35155392, used 45060672, increment 2863400
Gustavia_santanderiensis_6 bio_10: 
Regularization values: linear/quadratic/product: 0.423, categorical: 0.250, threshold: 1.790, hinge: 0.500
21 samples
Density: max memory 932184064, total allocated 80216064, free 34536968, used 45679096, increment 618424
linearPredictor: max memory 932184064, total allocated 80216064, free 34536968, used 45679096, increment 0
FeaturedSpace: max memory 932184064, total allocated 80216064, free 34536968, used 45679096, increment 0
Sequential: max memory 932184064, total allocated 80216064, free 34536968, used 45679096, increment 0
Initial loss: 9.212338374638856
280: time = 0.468000 loss = 7.454095
Jackknife: leave bio_11 out
Making features
makeFeatures: max memory 932184064, total allocated 80216064, free 32051512, used 48164552, increment 2485456
Gustavia_santanderiensis_6 bio_11: 
Regularization values: linear/quadratic/product: 0.423, categorical: 0.250, threshold: 1.790, hinge: 0.500
21 samples
Density: max memory 932184064, total allocated 80216064, free 31971336, used 48244728, increment 80176
linearPredictor: max memory 932184064, total allocated 80216064, free 31891160, used 48324904, increment 80176
FeaturedSpace: max memory 932184064, total allocated 80216064, free 31891160, used 48324904, increment 0
Sequential: max memory 932184064, total allocated 80216064, free 31891160, used 48324904, increment 0
Initial loss: 9.212338374638856
Time since start: 215.727
260: time = 1.028000 loss = 7.454095
Jackknife: leave bio_12 out
Making features
makeFeatures: max memory 932184064, total allocated 80216064, free 29027688, used 51188376, increment 2863472
Gustavia_santanderiensis_6 bio_12: 
Regularization values: linear/quadratic/product: 0.423, categorical: 0.250, threshold: 1.790, hinge: 0.500
21 samples
Density: max memory 932184064, total allocated 80216064, free 28409224, used 51806840, increment 618464
linearPredictor: max memory 932184064, total allocated 80216064, free 28409224, used 51806840, increment 0
FeaturedSpace: max memory 932184064, total allocated 80216064, free 28409224, used 51806840, increment 0
Sequential: max memory 932184064, total allocated 80216064, free 28409224, used 51806840, increment 0
Initial loss: 9.212338374638856
340: time = 0.624000 loss = 7.454094
Jackknife: leave bio_13 out
Making features
makeFeatures: max memory 932184064, total allocated 80216064, free 25843592, used 54372472, increment 2565632
Gustavia_santanderiensis_6 bio_13: 
Regularization values: linear/quadratic/product: 0.423, categorical: 0.250, threshold: 1.790, hinge: 0.500
21 samples
Density: max memory 932184064, total allocated 80216064, free 25763416, used 54452648, increment 80176
linearPredictor: max memory 932184064, total allocated 80216064, free 25683240, used 54532824, increment 80176
FeaturedSpace: max memory 932184064, total allocated 80216064, free 25683240, used 54532824, increment 0
Sequential: max memory 932184064, total allocated 80216064, free 25683240, used 54532824, increment 0
Initial loss: 9.212338374638856
Time since start: 216.869
260: time = 0.490000 loss = 7.454094
Jackknife: leave bio_14 out
Making features
makeFeatures: max memory 932184064, total allocated 76546048, free 49974744, used 26571304, increment -27961520
Gustavia_santanderiensis_6 bio_14: 
Regularization values: linear/quadratic/product: 0.423, categorical: 0.250, threshold: 1.790, hinge: 0.500
21 samples
Density: max memory 932184064, total allocated 76546048, free 49894568, used 26651480, increment 80176
linearPredictor: max memory 932184064, total allocated 76546048, free 49814392, used 26731656, increment 80176
FeaturedSpace: max memory 932184064, total allocated 76546048, free 49814392, used 26731656, increment 0
Sequential: max memory 932184064, total allocated 76546048, free 49814392, used 26731656, increment 0
Initial loss: 9.212338374638856
280: time = 0.467000 loss = 7.454094
Jackknife: leave bio_15 out
Making features
makeFeatures: max memory 932184064, total allocated 76546048, free 46884136, used 29661912, increment 2930256
Gustavia_santanderiensis_6 bio_15: 
Regularization values: linear/quadratic/product: 0.423, categorical: 0.250, threshold: 1.790, hinge: 0.500
21 samples
Density: max memory 932184064, total allocated 76546048, free 46803960, used 29742088, increment 80176
linearPredictor: max memory 932184064, total allocated 76546048, free 46723784, used 29822264, increment 80176
FeaturedSpace: max memory 932184064, total allocated 76546048, free 46723784, used 29822264, increment 0
Sequential: max memory 932184064, total allocated 76546048, free 46723784, used 29822264, increment 0
Initial loss: 9.212338374638856
240: time = 0.399000 loss = 7.551076
Jackknife: leave bio_16 out
Making features
makeFeatures: max memory 932184064, total allocated 76546048, free 43873912, used 32672136, increment 2849872
Gustavia_santanderiensis_6 bio_16: 
Regularization values: linear/quadratic/product: 0.423, categorical: 0.250, threshold: 1.790, hinge: 0.500
21 samples
Density: max memory 932184064, total allocated 76546048, free 43269032, used 33277016, increment 604880
linearPredictor: max memory 932184064, total allocated 76546048, free 43269032, used 33277016, increment 0
FeaturedSpace: max memory 932184064, total allocated 76546048, free 43269032, used 33277016, increment 0
Sequential: max memory 932184064, total allocated 76546048, free 43269032, used 33277016, increment 0
Initial loss: 9.212338374638856
Time since start: 218.171
220: time = 0.399000 loss = 7.454097
Jackknife: leave bio_17 out
Making features
makeFeatures: max memory 932184064, total allocated 76546048, free 40863752, used 35682296, increment 2405280
Gustavia_santanderiensis_6 bio_17: 
Regularization values: linear/quadratic/product: 0.423, categorical: 0.250, threshold: 1.790, hinge: 0.500
21 samples
Density: max memory 932184064, total allocated 76546048, free 40258872, used 36287176, increment 604880
linearPredictor: max memory 932184064, total allocated 76546048, free 40258872, used 36287176, increment 0
FeaturedSpace: max memory 932184064, total allocated 76546048, free 40258872, used 36287176, increment 0
Sequential: max memory 932184064, total allocated 76546048, free 40258872, used 36287176, increment 0
Initial loss: 9.212338374638856
240: time = 0.448000 loss = 7.487337
Jackknife: leave bio_2 out
Making features
makeFeatures: max memory 932184064, total allocated 76546048, free 37773416, used 38772632, increment 2485456
Gustavia_santanderiensis_6 bio_2: 
Regularization values: linear/quadratic/product: 0.423, categorical: 0.250, threshold: 1.790, hinge: 0.500
21 samples
Density: max memory 932184064, total allocated 76546048, free 37693240, used 38852808, increment 80176
linearPredictor: max memory 932184064, total allocated 76546048, free 37613064, used 38932984, increment 80176
FeaturedSpace: max memory 932184064, total allocated 76546048, free 37613064, used 38932984, increment 0
Sequential: max memory 932184064, total allocated 76546048, free 37613064, used 38932984, increment 0
Initial loss: 9.212338374638856
Time since start: 219.218
340: time = 0.575000 loss = 7.454094
Jackknife: leave bio_3 out
Making features
makeFeatures: max memory 932184064, total allocated 76546048, free 34683000, used 41863048, increment 2930064
Gustavia_santanderiensis_6 bio_3: 
Regularization values: linear/quadratic/product: 0.423, categorical: 0.250, threshold: 1.790, hinge: 0.500
21 samples
Density: max memory 932184064, total allocated 76546048, free 34078072, used 42467976, increment 604928
linearPredictor: max memory 932184064, total allocated 76546048, free 34078072, used 42467976, increment 0
FeaturedSpace: max memory 932184064, total allocated 76546048, free 34078072, used 42467976, increment 0
Sequential: max memory 932184064, total allocated 76546048, free 34078072, used 42467976, increment 0
Initial loss: 9.212338374638856
380: time = 0.625000 loss = 7.518479
Jackknife: leave bio_4 out
Making features
makeFeatures: max memory 932184064, total allocated 76546048, free 31468792, used 45077256, increment 2609280
Gustavia_santanderiensis_6 bio_4: 
Regularization values: linear/quadratic/product: 0.423, categorical: 0.250, threshold: 1.790, hinge: 0.500
21 samples
Density: max memory 932184064, total allocated 76546048, free 31388616, used 45157432, increment 80176
linearPredictor: max memory 932184064, total allocated 76546048, free 31308440, used 45237608, increment 80176
FeaturedSpace: max memory 932184064, total allocated 76546048, free 31308440, used 45237608, increment 0
Sequential: max memory 932184064, total allocated 76546048, free 31308440, used 45237608, increment 0
Initial loss: 9.212338374638856
Time since start: 220.498
380: time = 0.630000 loss = 7.514640
Jackknife: leave bio_5 out
Making features
makeFeatures: max memory 932184064, total allocated 76546048, free 28298160, used 48247888, increment 3010280
Gustavia_santanderiensis_6 bio_5: 
Regularization values: linear/quadratic/product: 0.423, categorical: 0.250, threshold: 1.790, hinge: 0.500
21 samples
Density: max memory 932184064, total allocated 76546048, free 27693280, used 48852768, increment 604880
linearPredictor: max memory 932184064, total allocated 76546048, free 27693280, used 48852768, increment 0
FeaturedSpace: max memory 932184064, total allocated 76546048, free 27693280, used 48852768, increment 0
Sequential: max memory 932184064, total allocated 76546048, free 27693280, used 48852768, increment 0
Initial loss: 9.212338374638856
280: time = 0.458000 loss = 7.454501
Jackknife: leave bio_6 out
Making features
makeFeatures: max memory 932184064, total allocated 76546048, free 25207824, used 51338224, increment 2485456
Gustavia_santanderiensis_6 bio_6: 
Regularization values: linear/quadratic/product: 0.423, categorical: 0.250, threshold: 1.790, hinge: 0.500
21 samples
Density: max memory 932184064, total allocated 76546048, free 25127648, used 51418400, increment 80176
linearPredictor: max memory 932184064, total allocated 76546048, free 25047472, used 51498576, increment 80176
FeaturedSpace: max memory 932184064, total allocated 76546048, free 25047472, used 51498576, increment 0
Sequential: max memory 932184064, total allocated 76546048, free 25047472, used 51498576, increment 0
Initial loss: 9.212338374638856
260: time = 0.457000 loss = 7.483662
Jackknife: leave bio_7 out
Making features
makeFeatures: max memory 932184064, total allocated 76546048, free 22117456, used 54428592, increment 2930016
Gustavia_santanderiensis_6 bio_7: 
Regularization values: linear/quadratic/product: 0.423, categorical: 0.250, threshold: 1.790, hinge: 0.500
21 samples
Density: max memory 932184064, total allocated 76546048, free 22037280, used 54508768, increment 80176
linearPredictor: max memory 932184064, total allocated 79167488, free 52430360, used 26737128, increment -27771640
FeaturedSpace: max memory 932184064, total allocated 79167488, free 51836128, used 27331360, increment 594232
Sequential: max memory 932184064, total allocated 79167488, free 51836128, used 27331360, increment 0
Initial loss: 9.212338374638856
Time since start: 221.938
280: time = 0.486000 loss = 7.454097
Jackknife: leave bio_ai_et0 out
Making features
makeFeatures: max memory 932184064, total allocated 79167488, free 49511024, used 29656464, increment 2325104
Gustavia_santanderiensis_6 bio_ai_et0: 
Regularization values: linear/quadratic/product: 0.423, categorical: 0.250, threshold: 1.790, hinge: 0.500
21 samples
Density: max memory 932184064, total allocated 79167488, free 48916792, used 30250696, increment 594232
linearPredictor: max memory 932184064, total allocated 79167488, free 48916792, used 30250696, increment 0
FeaturedSpace: max memory 932184064, total allocated 79167488, free 48916792, used 30250696, increment 0
Sequential: max memory 932184064, total allocated 79167488, free 48916792, used 30250696, increment 0
Initial loss: 9.212338374638856
300: time = 0.522000 loss = 7.454095
Jackknife: leave bio_et0_yr out
Making features
makeFeatures: max memory 932184064, total allocated 79167488, free 46398336, used 32769152, increment 2518456
Gustavia_santanderiensis_6 bio_et0_yr: 
Regularization values: linear/quadratic/product: 0.423, categorical: 0.250, threshold: 1.790, hinge: 0.500
21 samples
Density: max memory 932184064, total allocated 79167488, free 45804104, used 33363384, increment 594232
linearPredictor: max memory 932184064, total allocated 79167488, free 45804104, used 33363384, increment 0
FeaturedSpace: max memory 932184064, total allocated 79167488, free 45804104, used 33363384, increment 0
Sequential: max memory 932184064, total allocated 79167488, free 45804104, used 33363384, increment 0
Initial loss: 9.212338374638856
240: time = 0.423000 loss = 7.482934
Jackknife: only bio_1
Making features
makeFeatures: max memory 932184064, total allocated 79167488, free 45723928, used 33443560, increment 80176
Gustavia_santanderiensis_6 bio_1: 
Regularization values: linear/quadratic/product: 0.423, categorical: 0.250, threshold: 1.790, hinge: 0.500
21 samples
Density: max memory 932184064, total allocated 79167488, free 45643752, used 33523736, increment 80176
linearPredictor: max memory 932184064, total allocated 79167488, free 45563576, used 33603912, increment 80176
FeaturedSpace: max memory 932184064, total allocated 79167488, free 45563576, used 33603912, increment 0
Sequential: max memory 932184064, total allocated 79167488, free 45563576, used 33603912, increment 0
Initial loss: 9.212338374638856
Time since start: 223.102
100: time = 0.191000 loss = 8.872765
Res.gain: 0.33957314159655816
Jackknife: only bio_10
Making features
makeFeatures: max memory 932184064, total allocated 79167488, free 44969280, used 34198208, increment 594296
Gustavia_santanderiensis_6 bio_10: 
Regularization values: linear/quadratic/product: 0.423, categorical: 0.250, threshold: 1.790, hinge: 0.500
21 samples
Density: max memory 932184064, total allocated 79167488, free 44969280, used 34198208, increment 0
linearPredictor: max memory 932184064, total allocated 79167488, free 44969280, used 34198208, increment 0
FeaturedSpace: max memory 932184064, total allocated 79167488, free 44969280, used 34198208, increment 0
Sequential: max memory 932184064, total allocated 79167488, free 44969280, used 34198208, increment 0
Initial loss: 9.212338374638856
80: time = 0.273000 loss = 8.910160
Res.gain: 0.302177994404607
Jackknife: only bio_11
Making features
makeFeatures: max memory 932184064, total allocated 79167488, free 44969280, used 34198208, increment 0
Gustavia_santanderiensis_6 bio_11: 
Regularization values: linear/quadratic/product: 0.423, categorical: 0.250, threshold: 1.790, hinge: 0.500
21 samples
Density: max memory 932184064, total allocated 79167488, free 44889104, used 34278384, increment 80176
linearPredictor: max memory 932184064, total allocated 79167488, free 44808928, used 34358560, increment 80176
FeaturedSpace: max memory 932184064, total allocated 79167488, free 44808928, used 34358560, increment 0
Sequential: max memory 932184064, total allocated 79167488, free 44808928, used 34358560, increment 0
Initial loss: 9.212338374638856
100: time = 0.360000 loss = 8.885174
Res.gain: 0.327164041029004
Jackknife: only bio_12
Making features
makeFeatures: max memory 932184064, total allocated 79167488, free 44214648, used 34952840, increment 594280
Gustavia_santanderiensis_6 bio_12: 
Regularization values: linear/quadratic/product: 0.423, categorical: 0.250, threshold: 1.790, hinge: 0.500
21 samples
Density: max memory 932184064, total allocated 79167488, free 44214648, used 34952840, increment 0
linearPredictor: max memory 932184064, total allocated 79167488, free 44214648, used 34952840, increment 0
FeaturedSpace: max memory 932184064, total allocated 79167488, free 44214648, used 34952840, increment 0
Sequential: max memory 932184064, total allocated 79167488, free 44214648, used 34952840, increment 0
Initial loss: 9.212338374638856
120: time = 0.183000 loss = 9.059710
Res.gain: 0.15262798892201523
Jackknife: only bio_13
Making features
makeFeatures: max memory 932184064, total allocated 79167488, free 44134472, used 35033016, increment 80176
Gustavia_santanderiensis_6 bio_13: 
Regularization values: linear/quadratic/product: 0.423, categorical: 0.250, threshold: 1.790, hinge: 0.500
21 samples
Density: max memory 932184064, total allocated 79167488, free 44054296, used 35113192, increment 80176
linearPredictor: max memory 932184064, total allocated 79167488, free 43974120, used 35193368, increment 80176
FeaturedSpace: max memory 932184064, total allocated 79167488, free 43974120, used 35193368, increment 0
Sequential: max memory 932184064, total allocated 79167488, free 43974120, used 35193368, increment 0
Initial loss: 9.212338374638856
Time since start: 224.141
60: time = 0.211000 loss = 9.175505
Res.gain: 0.036832918124298786
Jackknife: only bio_14
Making features
makeFeatures: max memory 932184064, total allocated 79167488, free 43813768, used 35353720, increment 160352
Gustavia_santanderiensis_6 bio_14: 
Regularization values: linear/quadratic/product: 0.423, categorical: 0.250, threshold: 1.790, hinge: 0.500
21 samples
Density: max memory 932184064, total allocated 79167488, free 43219536, used 35947952, increment 594232
linearPredictor: max memory 932184064, total allocated 79167488, free 43219536, used 35947952, increment 0
FeaturedSpace: max memory 932184064, total allocated 79167488, free 43219536, used 35947952, increment 0
Sequential: max memory 932184064, total allocated 79167488, free 43219536, used 35947952, increment 0
Initial loss: 9.212338374638856
60: time = 0.192000 loss = 8.940559
Res.gain: 0.27177955231544537
Jackknife: only bio_15
Making features
makeFeatures: max memory 932184064, total allocated 79167488, free 43219536, used 35947952, increment 0
Gustavia_santanderiensis_6 bio_15: 
Regularization values: linear/quadratic/product: 0.423, categorical: 0.250, threshold: 1.790, hinge: 0.500
21 samples
Density: max memory 932184064, total allocated 79167488, free 43219536, used 35947952, increment 0
linearPredictor: max memory 932184064, total allocated 79167488, free 43219536, used 35947952, increment 0
FeaturedSpace: max memory 932184064, total allocated 79167488, free 43219536, used 35947952, increment 0
Sequential: max memory 932184064, total allocated 79167488, free 43219536, used 35947952, increment 0
Initial loss: 9.212338374638856
60: time = 0.195000 loss = 8.940360
Res.gain: 0.2719786625581815
Jackknife: only bio_16
Making features
makeFeatures: max memory 932184064, total allocated 79167488, free 43059184, used 36108304, increment 160352
Gustavia_santanderiensis_6 bio_16: 
Regularization values: linear/quadratic/product: 0.423, categorical: 0.250, threshold: 1.790, hinge: 0.500
21 samples
Density: max memory 932184064, total allocated 79167488, free 42464952, used 36702536, increment 594232
linearPredictor: max memory 932184064, total allocated 79167488, free 42464952, used 36702536, increment 0
FeaturedSpace: max memory 932184064, total allocated 79167488, free 42464952, used 36702536, increment 0
Sequential: max memory 932184064, total allocated 79167488, free 42464952, used 36702536, increment 0
Initial loss: 9.212338374638856
120: time = 0.189000 loss = 9.169266
Res.gain: 0.043072507009032535
Jackknife: only bio_17
Making features
makeFeatures: max memory 932184064, total allocated 79167488, free 42464952, used 36702536, increment 0
Gustavia_santanderiensis_6 bio_17: 
Regularization values: linear/quadratic/product: 0.423, categorical: 0.250, threshold: 1.790, hinge: 0.500
21 samples
Density: max memory 932184064, total allocated 79167488, free 42464952, used 36702536, increment 0
linearPredictor: max memory 932184064, total allocated 79167488, free 42464952, used 36702536, increment 0
FeaturedSpace: max memory 932184064, total allocated 79167488, free 42464952, used 36702536, increment 0
Sequential: max memory 932184064, total allocated 79167488, free 42464952, used 36702536, increment 0
Initial loss: 9.212338374638856
60: time = 0.201000 loss = 8.745520
Res.gain: 0.4668182668834735
Jackknife: only bio_2
Making features
makeFeatures: max memory 932184064, total allocated 79167488, free 41870672, used 37296816, increment 594280
Gustavia_santanderiensis_6 bio_2: 
Regularization values: linear/quadratic/product: 0.423, categorical: 0.250, threshold: 1.790, hinge: 0.500
21 samples
Density: max memory 932184064, total allocated 79167488, free 41870672, used 37296816, increment 0
linearPredictor: max memory 932184064, total allocated 79167488, free 41870672, used 37296816, increment 0
FeaturedSpace: max memory 932184064, total allocated 79167488, free 41870672, used 37296816, increment 0
Sequential: max memory 932184064, total allocated 79167488, free 41870672, used 37296816, increment 0
Initial loss: 9.212338374638856
Time since start: 225.177
60: time = 0.243000 loss = 9.182195
Res.gain: 0.03014295776812581
Jackknife: only bio_3
Making features
makeFeatures: max memory 932184064, total allocated 79167488, free 41870672, used 37296816, increment 0
Gustavia_santanderiensis_6 bio_3: 
Regularization values: linear/quadratic/product: 0.423, categorical: 0.250, threshold: 1.790, hinge: 0.500
21 samples
Density: max memory 932184064, total allocated 79167488, free 41790496, used 37376992, increment 80176
linearPredictor: max memory 932184064, total allocated 79167488, free 41710320, used 37457168, increment 80176
FeaturedSpace: max memory 932184064, total allocated 79167488, free 41710320, used 37457168, increment 0
Sequential: max memory 932184064, total allocated 79167488, free 41710320, used 37457168, increment 0
Initial loss: 9.212338374638856
60: time = 0.211000 loss = 9.121859
Res.gain: 0.09047982149230549
Jackknife: only bio_4
Making features
makeFeatures: max memory 932184064, total allocated 79167488, free 41116040, used 38051448, increment 594280
Gustavia_santanderiensis_6 bio_4: 
Regularization values: linear/quadratic/product: 0.423, categorical: 0.250, threshold: 1.790, hinge: 0.500
21 samples
Density: max memory 932184064, total allocated 79167488, free 41116040, used 38051448, increment 0
linearPredictor: max memory 932184064, total allocated 79167488, free 41116040, used 38051448, increment 0
FeaturedSpace: max memory 932184064, total allocated 79167488, free 41116040, used 38051448, increment 0
Sequential: max memory 932184064, total allocated 79167488, free 41116040, used 38051448, increment 0
Initial loss: 9.212338374638856
60: time = 0.208000 loss = 9.197585
Res.gain: 0.014753157900917913
Jackknife: only bio_5
Making features
makeFeatures: max memory 932184064, total allocated 79167488, free 41116040, used 38051448, increment 0
Gustavia_santanderiensis_6 bio_5: 
Regularization values: linear/quadratic/product: 0.423, categorical: 0.250, threshold: 1.790, hinge: 0.500
21 samples
Density: max memory 932184064, total allocated 79167488, free 41035864, used 38131624, increment 80176
linearPredictor: max memory 932184064, total allocated 79167488, free 40955688, used 38211800, increment 80176
FeaturedSpace: max memory 932184064, total allocated 79167488, free 40955688, used 38211800, increment 0
Sequential: max memory 932184064, total allocated 79167488, free 40955688, used 38211800, increment 0
Initial loss: 9.212338374638856
80: time = 0.254000 loss = 8.926118
Res.gain: 0.28622002281709236
Jackknife: only bio_6
Making features
makeFeatures: max memory 932184064, total allocated 79167488, free 40361400, used 38806088, increment 594288
Gustavia_santanderiensis_6 bio_6: 
Regularization values: linear/quadratic/product: 0.423, categorical: 0.250, threshold: 1.790, hinge: 0.500
21 samples
Density: max memory 932184064, total allocated 79167488, free 40361400, used 38806088, increment 0
linearPredictor: max memory 932184064, total allocated 79167488, free 40361400, used 38806088, increment 0
FeaturedSpace: max memory 932184064, total allocated 79167488, free 40361400, used 38806088, increment 0
Sequential: max memory 932184064, total allocated 79167488, free 40361400, used 38806088, increment 0
Initial loss: 9.212338374638856
Time since start: 226.224
100: time = 0.362000 loss = 8.835837
Res.gain: 0.3765016702225843
Jackknife: only bio_7
Making features
makeFeatures: max memory 932184064, total allocated 79167488, free 40361400, used 38806088, increment 0
Gustavia_santanderiensis_6 bio_7: 
Regularization values: linear/quadratic/product: 0.423, categorical: 0.250, threshold: 1.790, hinge: 0.500
21 samples
Density: max memory 932184064, total allocated 79167488, free 39767128, used 39400360, increment 594272
linearPredictor: max memory 932184064, total allocated 79167488, free 39767128, used 39400360, increment 0
FeaturedSpace: max memory 932184064, total allocated 79167488, free 39767128, used 39400360, increment 0
Sequential: max memory 932184064, total allocated 79167488, free 39767128, used 39400360, increment 0
Initial loss: 9.212338374638856
40: time = 0.149000 loss = 9.212290
Res.gain: 4.805607751556806E-5
Jackknife: only bio_ai_et0
Making features
makeFeatures: max memory 932184064, total allocated 79167488, free 39767128, used 39400360, increment 0
Gustavia_santanderiensis_6 bio_ai_et0: 
Regularization values: linear/quadratic/product: 0.423, categorical: 0.250, threshold: 1.790, hinge: 0.500
21 samples
Density: max memory 932184064, total allocated 79167488, free 39767128, used 39400360, increment 0
linearPredictor: max memory 932184064, total allocated 79167488, free 39767128, used 39400360, increment 0
FeaturedSpace: max memory 932184064, total allocated 79167488, free 39767128, used 39400360, increment 0
Sequential: max memory 932184064, total allocated 79167488, free 39767128, used 39400360, increment 0
Initial loss: 9.212338374638856
100: time = 0.166000 loss = 9.122952
Res.gain: 0.08938615356836621
Jackknife: only bio_et0_yr
Making features
makeFeatures: max memory 932184064, total allocated 79167488, free 39172872, used 39994616, increment 594256
Gustavia_santanderiensis_6 bio_et0_yr: 
Regularization values: linear/quadratic/product: 0.423, categorical: 0.250, threshold: 1.790, hinge: 0.500
21 samples
Density: max memory 932184064, total allocated 79167488, free 39172872, used 39994616, increment 0
linearPredictor: max memory 932184064, total allocated 79167488, free 39172872, used 39994616, increment 0
FeaturedSpace: max memory 932184064, total allocated 79167488, free 39172872, used 39994616, increment 0
Sequential: max memory 932184064, total allocated 79167488, free 39172872, used 39994616, increment 0
Initial loss: 9.212338374638856
140: time = 0.203000 loss = 9.148674
Res.gain: 0.06366419504210974
getSamples: max memory 932184064, total allocated 79167488, free 34128968, used 45038520, increment 5043904
Making features
makeFeatures: max memory 932184064, total allocated 79167488, free 31369984, used 47797504, increment 2758984
Gustavia_santanderiensis_7: 
Regularization values: linear/quadratic/product: 0.423, categorical: 0.250, threshold: 1.790, hinge: 0.500
21 samples
Density: max memory 932184064, total allocated 79167488, free 31369984, used 47797504, increment 0
linearPredictor: max memory 932184064, total allocated 79167488, free 31369984, used 47797504, increment 0
FeaturedSpace: max memory 932184064, total allocated 79167488, free 31369984, used 47797504, increment 0
Sequential: max memory 932184064, total allocated 79167488, free 31369984, used 47797504, increment 0
Initial loss: 9.212338374638856
Time since start: 227.361
300: time = 0.481000 loss = 7.191782
Resulting gain: 2.020555990119898
Projecting...
Writing file C:\Users\Camila\Desktop\Modelo opc3\Final_Models\M_2_F_lq_Set_1\Gustavia_santanderiensis_7.asc
Time since start: 229.714
Writing C:\Users\Camila\Desktop\Modelo opc3\Final_Models\M_2_F_lq_Set_1\plots\Gustavia_santanderiensis_7.png
Gustavia_santanderiensis_7 response curves
Time since start: 233.615
Response curve: only bio_1
Making features
makeFeatures: max memory 932184064, total allocated 89653248, free 35375536, used 54277712, increment 6480208
Gustavia_santanderiensis_7 bio_1: 
Regularization values: linear/quadratic/product: 0.423, categorical: 0.250, threshold: 1.790, hinge: 0.500
21 samples
Density: max memory 932184064, total allocated 89653248, free 35375536, used 54277712, increment 0
linearPredictor: max memory 932184064, total allocated 89653248, free 35375536, used 54277712, increment 0
FeaturedSpace: max memory 932184064, total allocated 89653248, free 35375536, used 54277712, increment 0
Sequential: max memory 932184064, total allocated 89653248, free 35375536, used 54277712, increment 0
Initial loss: 9.212338374638856
100: time = 0.631000 loss = 8.843402
Resulting gain: 0.36893646178450723
Gustavia_santanderiensis_7 response curves
Response curve: only bio_10
Making features
makeFeatures: max memory 932184064, total allocated 89653248, free 31190536, used 58462712, increment 4185000
Gustavia_santanderiensis_7 bio_10: 
Regularization values: linear/quadratic/product: 0.423, categorical: 0.250, threshold: 1.790, hinge: 0.500
21 samples
Density: max memory 932184064, total allocated 89653248, free 31190536, used 58462712, increment 0
linearPredictor: max memory 932184064, total allocated 89653248, free 31190536, used 58462712, increment 0
FeaturedSpace: max memory 932184064, total allocated 89653248, free 31190536, used 58462712, increment 0
Sequential: max memory 932184064, total allocated 89653248, free 31190536, used 58462712, increment 0
Initial loss: 9.212338374638856
Time since start: 234.883
100: time = 0.311000 loss = 8.886476
Resulting gain: 0.3258626671023208
Gustavia_santanderiensis_7 response curves
Response curve: only bio_11
Making features
makeFeatures: max memory 932184064, total allocated 89653248, free 27040792, used 62612456, increment 4149744
Gustavia_santanderiensis_7 bio_11: 
Regularization values: linear/quadratic/product: 0.423, categorical: 0.250, threshold: 1.790, hinge: 0.500
21 samples
Density: max memory 932184064, total allocated 89653248, free 26960616, used 62692632, increment 80176
linearPredictor: max memory 932184064, total allocated 89653248, free 26880440, used 62772808, increment 80176
FeaturedSpace: max memory 932184064, total allocated 89653248, free 26880440, used 62772808, increment 0
Sequential: max memory 932184064, total allocated 89653248, free 26880440, used 62772808, increment 0
Initial loss: 9.212338374638856
100: time = 0.404000 loss = 8.853530
Resulting gain: 0.358808428712436
Gustavia_santanderiensis_7 response curves
Response curve: only bio_12
Making features
makeFeatures: max memory 932184064, total allocated 89653248, free 22035312, used 67617936, increment 4845128
Gustavia_santanderiensis_7 bio_12: 
Regularization values: linear/quadratic/product: 0.423, categorical: 0.250, threshold: 1.790, hinge: 0.500
21 samples
Density: max memory 932184064, total allocated 89653248, free 22035312, used 67617936, increment 0
linearPredictor: max memory 932184064, total allocated 89653248, free 22035312, used 67617936, increment 0
FeaturedSpace: max memory 932184064, total allocated 89653248, free 22035312, used 67617936, increment 0
Sequential: max memory 932184064, total allocated 89653248, free 22035312, used 67617936, increment 0
Initial loss: 9.212338374638856
60: time = 0.257000 loss = 9.011377
Resulting gain: 0.20096134554983003
Gustavia_santanderiensis_7 response curves
Time since start: 235.992
Response curve: only bio_13
Making features
makeFeatures: max memory 932184064, total allocated 89653248, free 17968192, used 71685056, increment 4067120
Gustavia_santanderiensis_7 bio_13: 
Regularization values: linear/quadratic/product: 0.423, categorical: 0.250, threshold: 1.790, hinge: 0.500
21 samples
Density: max memory 932184064, total allocated 89653248, free 17968192, used 71685056, increment 0
linearPredictor: max memory 932184064, total allocated 89653248, free 17968192, used 71685056, increment 0
FeaturedSpace: max memory 932184064, total allocated 89653248, free 17968192, used 71685056, increment 0
Sequential: max memory 932184064, total allocated 89653248, free 17968192, used 71685056, increment 0
Initial loss: 9.212338374638856
60: time = 0.221000 loss = 9.170504
Resulting gain: 0.04183425523465445
Gustavia_santanderiensis_7 response curves
Response curve: only bio_14
Making features
makeFeatures: max memory 932184064, total allocated 87031808, free 49640496, used 37391312, increment -34293744
Gustavia_santanderiensis_7 bio_14: 
Regularization values: linear/quadratic/product: 0.423, categorical: 0.250, threshold: 1.790, hinge: 0.500
21 samples
Density: max memory 932184064, total allocated 87031808, free 49560320, used 37471488, increment 80176
linearPredictor: max memory 932184064, total allocated 87031808, free 49480144, used 37551664, increment 80176
FeaturedSpace: max memory 932184064, total allocated 87031808, free 49480144, used 37551664, increment 0
Sequential: max memory 932184064, total allocated 87031808, free 49480144, used 37551664, increment 0
Initial loss: 9.212338374638856
60: time = 0.207000 loss = 8.684792
Resulting gain: 0.5275465082332129
Gustavia_santanderiensis_7 response curves
Response curve: only bio_15
Making features
makeFeatures: max memory 932184064, total allocated 87031808, free 45317984, used 41713824, increment 4162160
Gustavia_santanderiensis_7 bio_15: 
Regularization values: linear/quadratic/product: 0.423, categorical: 0.250, threshold: 1.790, hinge: 0.500
21 samples
Density: max memory 932184064, total allocated 87031808, free 45237808, used 41794000, increment 80176
linearPredictor: max memory 932184064, total allocated 87031808, free 45157632, used 41874176, increment 80176
FeaturedSpace: max memory 932184064, total allocated 87031808, free 45157632, used 41874176, increment 0
Sequential: max memory 932184064, total allocated 87031808, free 45157632, used 41874176, increment 0
Initial loss: 9.212338374638856
60: time = 0.193000 loss = 8.909957
Resulting gain: 0.30238106082049043
Gustavia_santanderiensis_7 response curves
Time since start: 237.023
Response curve: only bio_16
Making features
makeFeatures: max memory 932184064, total allocated 87031808, free 40416848, used 46614960, increment 4740784
Gustavia_santanderiensis_7 bio_16: 
Regularization values: linear/quadratic/product: 0.423, categorical: 0.250, threshold: 1.790, hinge: 0.500
21 samples
Density: max memory 932184064, total allocated 87031808, free 40416848, used 46614960, increment 0
linearPredictor: max memory 932184064, total allocated 87031808, free 40416848, used 46614960, increment 0
FeaturedSpace: max memory 932184064, total allocated 87031808, free 40416848, used 46614960, increment 0
Sequential: max memory 932184064, total allocated 87031808, free 40416848, used 46614960, increment 0
Initial loss: 9.212338374638856
60: time = 0.227000 loss = 9.150302
Resulting gain: 0.06203638871260608
Gustavia_santanderiensis_7 response curves
Response curve: only bio_17
Making features
makeFeatures: max memory 932184064, total allocated 87031808, free 36433728, used 50598080, increment 3983120
Gustavia_santanderiensis_7 bio_17: 
Regularization values: linear/quadratic/product: 0.423, categorical: 0.250, threshold: 1.790, hinge: 0.500
21 samples
Density: max memory 932184064, total allocated 87031808, free 36433728, used 50598080, increment 0
linearPredictor: max memory 932184064, total allocated 87031808, free 36353552, used 50678256, increment 80176
FeaturedSpace: max memory 932184064, total allocated 87031808, free 36353552, used 50678256, increment 0
Sequential: max memory 932184064, total allocated 87031808, free 36353552, used 50678256, increment 0
Initial loss: 9.212338374638856
60: time = 0.193000 loss = 8.577013
Resulting gain: 0.6353258194745699
Gustavia_santanderiensis_7 response curves
Response curve: only bio_2
Making features
makeFeatures: max memory 932184064, total allocated 87031808, free 31612776, used 55419032, increment 4740776
Gustavia_santanderiensis_7 bio_2: 
Regularization values: linear/quadratic/product: 0.423, categorical: 0.250, threshold: 1.790, hinge: 0.500
21 samples
Density: max memory 932184064, total allocated 87031808, free 31612776, used 55419032, increment 0
linearPredictor: max memory 932184064, total allocated 87031808, free 31612776, used 55419032, increment 0
FeaturedSpace: max memory 932184064, total allocated 87031808, free 31612776, used 55419032, increment 0
Sequential: max memory 932184064, total allocated 87031808, free 31612776, used 55419032, increment 0
Initial loss: 9.212338374638856
60: time = 0.244000 loss = 9.153976
Resulting gain: 0.058362042545068604
Time since start: 238.024
Gustavia_santanderiensis_7 response curves
Response curve: only bio_3
Making features
makeFeatures: max memory 932184064, total allocated 87031808, free 27512112, used 59519696, increment 4100664
Gustavia_santanderiensis_7 bio_3: 
Regularization values: linear/quadratic/product: 0.423, categorical: 0.250, threshold: 1.790, hinge: 0.500
21 samples
Density: max memory 932184064, total allocated 87031808, free 27512112, used 59519696, increment 0
linearPredictor: max memory 932184064, total allocated 87031808, free 27512112, used 59519696, increment 0
FeaturedSpace: max memory 932184064, total allocated 87031808, free 27512112, used 59519696, increment 0
Sequential: max memory 932184064, total allocated 87031808, free 27512112, used 59519696, increment 0
Initial loss: 9.212338374638856
80: time = 0.241000 loss = 9.093968
Resulting gain: 0.11837014038373184
Gustavia_santanderiensis_7 response curves
Response curve: only bio_4
Making features
makeFeatures: max memory 932184064, total allocated 87031808, free 22771256, used 64260552, increment 4740856
Gustavia_santanderiensis_7 bio_4: 
Regularization values: linear/quadratic/product: 0.423, categorical: 0.250, threshold: 1.790, hinge: 0.500
21 samples
Density: max memory 932184064, total allocated 87031808, free 22771256, used 64260552, increment 0
linearPredictor: max memory 932184064, total allocated 87031808, free 22771256, used 64260552, increment 0
FeaturedSpace: max memory 932184064, total allocated 87031808, free 22771256, used 64260552, increment 0
Sequential: max memory 932184064, total allocated 87031808, free 22771256, used 64260552, increment 0
Initial loss: 9.212338374638856
60: time = 0.208000 loss = 9.186514
Resulting gain: 0.025824438797485527
Gustavia_santanderiensis_7 response curves
Response curve: only bio_5
Making features
makeFeatures: max memory 932184064, total allocated 87031808, free 18670680, used 68361128, increment 4100576
Gustavia_santanderiensis_7 bio_5: 
Regularization values: linear/quadratic/product: 0.423, categorical: 0.250, threshold: 1.790, hinge: 0.500
21 samples
Density: max memory 932184064, total allocated 87031808, free 18670680, used 68361128, increment 0
linearPredictor: max memory 932184064, total allocated 87031808, free 18670680, used 68361128, increment 0
FeaturedSpace: max memory 932184064, total allocated 87031808, free 18670680, used 68361128, increment 0
Sequential: max memory 932184064, total allocated 87031808, free 18670680, used 68361128, increment 0
Initial loss: 9.212338374638856
Time since start: 239.124
80: time = 0.256000 loss = 8.903047
Resulting gain: 0.3092909790755698
Gustavia_santanderiensis_7 response curves
Response curve: only bio_6
Making features
makeFeatures: max memory 932184064, total allocated 87031808, free 13926728, used 73105080, increment 4743952
Gustavia_santanderiensis_7 bio_6: 
Regularization values: linear/quadratic/product: 0.423, categorical: 0.250, threshold: 1.790, hinge: 0.500
21 samples
Density: max memory 932184064, total allocated 87031808, free 13926728, used 73105080, increment 0
linearPredictor: max memory 932184064, total allocated 87031808, free 13926728, used 73105080, increment 0
FeaturedSpace: max memory 932184064, total allocated 87031808, free 13926728, used 73105080, increment 0
Sequential: max memory 932184064, total allocated 87031808, free 13926728, used 73105080, increment 0
Initial loss: 9.212338374638856
100: time = 0.817000 loss = 8.820887
Resulting gain: 0.39145106752794767
Gustavia_santanderiensis_7 response curves
Time since start: 240.232
Response curve: only bio_7
Making features
makeFeatures: max memory 932184064, total allocated 82837504, free 46015080, used 36822424, increment -36282656
Gustavia_santanderiensis_7 bio_7: 
Regularization values: linear/quadratic/product: 0.423, categorical: 0.250, threshold: 1.790, hinge: 0.500
21 samples
Density: max memory 932184064, total allocated 82837504, free 45934904, used 36902600, increment 80176
linearPredictor: max memory 932184064, total allocated 82837504, free 45854728, used 36982776, increment 80176
FeaturedSpace: max memory 932184064, total allocated 82837504, free 45854728, used 36982776, increment 0
Sequential: max memory 932184064, total allocated 82837504, free 45854728, used 36982776, increment 0
Initial loss: 9.212338374638856
20: time = 0.084000 loss = 9.212326
Resulting gain: 1.1912583623541195E-5
Gustavia_santanderiensis_7 response curves
Response curve: only bio_ai_et0
Making features
makeFeatures: max memory 932184064, total allocated 82837504, free 41242232, used 41595272, increment 4612496
Gustavia_santanderiensis_7 bio_ai_et0: 
Regularization values: linear/quadratic/product: 0.423, categorical: 0.250, threshold: 1.790, hinge: 0.500
21 samples
Density: max memory 932184064, total allocated 82837504, free 41242232, used 41595272, increment 0
linearPredictor: max memory 932184064, total allocated 82837504, free 41242232, used 41595272, increment 0
FeaturedSpace: max memory 932184064, total allocated 82837504, free 41242232, used 41595272, increment 0
Sequential: max memory 932184064, total allocated 82837504, free 41242232, used 41595272, increment 0
Initial loss: 9.212338374638856
60: time = 0.259000 loss = 9.087703
Resulting gain: 0.12463556602904546
Gustavia_santanderiensis_7 response curves
Response curve: only bio_et0_yr
Making features
makeFeatures: max memory 932184064, total allocated 82837504, free 37199344, used 45638160, increment 4042888
Gustavia_santanderiensis_7 bio_et0_yr: 
Regularization values: linear/quadratic/product: 0.423, categorical: 0.250, threshold: 1.790, hinge: 0.500
21 samples
Density: max memory 932184064, total allocated 82837504, free 37119168, used 45718336, increment 80176
linearPredictor: max memory 932184064, total allocated 82837504, free 37038992, used 45798512, increment 80176
FeaturedSpace: max memory 932184064, total allocated 82837504, free 37038992, used 45798512, increment 0
Sequential: max memory 932184064, total allocated 82837504, free 37038992, used 45798512, increment 0
Initial loss: 9.212338374638856
60: time = 0.229000 loss = 9.154740
Resulting gain: 0.0575986206048551
Gustavia_santanderiensis_7 response curves
Time since start: 241.918
Jackknife: leave bio_1 out
Making features
makeFeatures: max memory 932184064, total allocated 80216064, free 41271656, used 38944408, increment -6854104
Gustavia_santanderiensis_7 bio_1: 
Regularization values: linear/quadratic/product: 0.423, categorical: 0.250, threshold: 1.790, hinge: 0.500
21 samples
Density: max memory 932184064, total allocated 80216064, free 41191480, used 39024584, increment 80176
linearPredictor: max memory 932184064, total allocated 80216064, free 41111304, used 39104760, increment 80176
FeaturedSpace: max memory 932184064, total allocated 80216064, free 41111304, used 39104760, increment 0
Sequential: max memory 932184064, total allocated 80216064, free 41111304, used 39104760, increment 0
Initial loss: 9.212338374638856
260: time = 0.454000 loss = 7.206619
Jackknife: leave bio_10 out
Making features
makeFeatures: max memory 932184064, total allocated 80216064, free 38226320, used 41989744, increment 2884984
Gustavia_santanderiensis_7 bio_10: 
Regularization values: linear/quadratic/product: 0.423, categorical: 0.250, threshold: 1.790, hinge: 0.500
21 samples
Density: max memory 932184064, total allocated 80216064, free 38146144, used 42069920, increment 80176
linearPredictor: max memory 932184064, total allocated 80216064, free 38065968, used 42150096, increment 80176
FeaturedSpace: max memory 932184064, total allocated 80216064, free 38065968, used 42150096, increment 0
Sequential: max memory 932184064, total allocated 80216064, free 38065968, used 42150096, increment 0
Initial loss: 9.212338374638856
300: time = 0.481000 loss = 7.191782
Jackknife: leave bio_11 out
Making features
makeFeatures: max memory 932184064, total allocated 80216064, free 35140224, used 45075840, increment 2925744
Gustavia_santanderiensis_7 bio_11: 
Regularization values: linear/quadratic/product: 0.423, categorical: 0.250, threshold: 1.790, hinge: 0.500
21 samples
Density: max memory 932184064, total allocated 80216064, free 34459432, used 45756632, increment 680792
linearPredictor: max memory 932184064, total allocated 80216064, free 34459432, used 45756632, increment 0
FeaturedSpace: max memory 932184064, total allocated 80216064, free 34459432, used 45756632, increment 0
Sequential: max memory 932184064, total allocated 80216064, free 34459432, used 45756632, increment 0
Initial loss: 9.212338374638856
Time since start: 243.385
300: time = 0.498000 loss = 7.191782
Jackknife: leave bio_12 out
Making features
makeFeatures: max memory 932184064, total allocated 80216064, free 32014768, used 48201296, increment 2444664
Gustavia_santanderiensis_7 bio_12: 
Regularization values: linear/quadratic/product: 0.423, categorical: 0.250, threshold: 1.790, hinge: 0.500
21 samples
Density: max memory 932184064, total allocated 80216064, free 31934592, used 48281472, increment 80176
linearPredictor: max memory 932184064, total allocated 80216064, free 31854416, used 48361648, increment 80176
FeaturedSpace: max memory 932184064, total allocated 80216064, free 31854416, used 48361648, increment 0
Sequential: max memory 932184064, total allocated 80216064, free 31854416, used 48361648, increment 0
Initial loss: 9.212338374638856
320: time = 0.509000 loss = 7.191781
Jackknife: leave bio_13 out
Making features
makeFeatures: max memory 932184064, total allocated 80216064, free 28889160, used 51326904, increment 2965256
Gustavia_santanderiensis_7 bio_13: 
Regularization values: linear/quadratic/product: 0.423, categorical: 0.250, threshold: 1.790, hinge: 0.500
21 samples
Density: max memory 932184064, total allocated 80216064, free 28808984, used 51407080, increment 80176
linearPredictor: max memory 932184064, total allocated 80216064, free 28728808, used 51487256, increment 80176
FeaturedSpace: max memory 932184064, total allocated 80216064, free 28728808, used 51487256, increment 0
Sequential: max memory 932184064, total allocated 80216064, free 28728808, used 51487256, increment 0
Initial loss: 9.212338374638856
260: time = 0.444000 loss = 7.231908
Jackknife: leave bio_14 out
Making features
makeFeatures: max memory 932184064, total allocated 80216064, free 25802816, used 54413248, increment 2925992
Gustavia_santanderiensis_7 bio_14: 
Regularization values: linear/quadratic/product: 0.423, categorical: 0.250, threshold: 1.790, hinge: 0.500
21 samples
Density: max memory 932184064, total allocated 80216064, free 25722640, used 54493424, increment 80176
linearPredictor: max memory 932184064, total allocated 80216064, free 25642464, used 54573600, increment 80176
FeaturedSpace: max memory 932184064, total allocated 80216064, free 25642464, used 54573600, increment 0
Sequential: max memory 932184064, total allocated 80216064, free 25642464, used 54573600, increment 0
Initial loss: 9.212338374638856
Time since start: 244.853
300: time = 0.479000 loss = 7.197666
Jackknife: leave bio_15 out
Making features
makeFeatures: max memory 932184064, total allocated 80216064, free 22716600, used 57499464, increment 2925864
Gustavia_santanderiensis_7 bio_15: 
Regularization values: linear/quadratic/product: 0.423, categorical: 0.250, threshold: 1.790, hinge: 0.500
21 samples
Density: max memory 932184064, total allocated 80216064, free 22636424, used 57579640, increment 80176
linearPredictor: max memory 932184064, total allocated 80216064, free 22556248, used 57659816, increment 80176
FeaturedSpace: max memory 932184064, total allocated 80216064, free 22556248, used 57659816, increment 0
Sequential: max memory 932184064, total allocated 80216064, free 22556248, used 57659816, increment 0
Initial loss: 9.212338374638856
260: time = 0.433000 loss = 7.210813
Jackknife: leave bio_16 out
Making features
makeFeatures: max memory 932184064, total allocated 80216064, free 19671304, used 60544760, increment 2884944
Gustavia_santanderiensis_7 bio_16: 
Regularization values: linear/quadratic/product: 0.423, categorical: 0.250, threshold: 1.790, hinge: 0.500
21 samples
Density: max memory 932184064, total allocated 80216064, free 19591128, used 60624936, increment 80176
linearPredictor: max memory 932184064, total allocated 80216064, free 19510952, used 60705112, increment 80176
FeaturedSpace: max memory 932184064, total allocated 80216064, free 19510952, used 60705112, increment 0
Sequential: max memory 932184064, total allocated 80216064, free 19510952, used 60705112, increment 0
Initial loss: 9.212338374638856
320: time = 0.506000 loss = 7.191782
Jackknife: leave bio_17 out
Making features
makeFeatures: max memory 932184064, total allocated 80216064, free 16545824, used 63670240, increment 2965128
Gustavia_santanderiensis_7 bio_17: 
Regularization values: linear/quadratic/product: 0.423, categorical: 0.250, threshold: 1.790, hinge: 0.500
21 samples
Density: max memory 932184064, total allocated 80216064, free 16465648, used 63750416, increment 80176
linearPredictor: max memory 932184064, total allocated 80216064, free 16385472, used 63830592, increment 80176
FeaturedSpace: max memory 932184064, total allocated 80216064, free 16385472, used 63830592, increment 0
Sequential: max memory 932184064, total allocated 80216064, free 16385472, used 63830592, increment 0
Initial loss: 9.212338374638856
Time since start: 246.245
240: time = 0.417000 loss = 7.277261
Jackknife: leave bio_2 out
Making features
makeFeatures: max memory 932184064, total allocated 80216064, free 13500272, used 66715792, increment 2885200
Gustavia_santanderiensis_7 bio_2: 
Regularization values: linear/quadratic/product: 0.423, categorical: 0.250, threshold: 1.790, hinge: 0.500
21 samples
Density: max memory 932184064, total allocated 80216064, free 13420096, used 66795968, increment 80176
linearPredictor: max memory 932184064, total allocated 80216064, free 13339920, used 66876144, increment 80176
FeaturedSpace: max memory 932184064, total allocated 80216064, free 13339920, used 66876144, increment 0
Sequential: max memory 932184064, total allocated 80216064, free 13339920, used 66876144, increment 0
Initial loss: 9.212338374638856
300: time = 0.500000 loss = 7.191782
Jackknife: leave bio_3 out
Making features
makeFeatures: max memory 932184064, total allocated 83361792, free 46523304, used 36838488, increment -30037656
Gustavia_santanderiensis_7 bio_3: 
Regularization values: linear/quadratic/product: 0.423, categorical: 0.250, threshold: 1.790, hinge: 0.500
21 samples
Density: max memory 932184064, total allocated 83361792, free 45857728, used 37504064, increment 665576
linearPredictor: max memory 932184064, total allocated 83361792, free 45857728, used 37504064, increment 0
FeaturedSpace: max memory 932184064, total allocated 83361792, free 45857728, used 37504064, increment 0
Sequential: max memory 932184064, total allocated 83361792, free 45857728, used 37504064, increment 0
Initial loss: 9.212338374638856
240: time = 0.410000 loss = 7.197917
Jackknife: leave bio_4 out
Making features
makeFeatures: max memory 932184064, total allocated 83361792, free 43452448, used 39909344, increment 2405280
Gustavia_santanderiensis_7 bio_4: 
Regularization values: linear/quadratic/product: 0.423, categorical: 0.250, threshold: 1.790, hinge: 0.500
21 samples
Density: max memory 932184064, total allocated 83361792, free 43372272, used 39989520, increment 80176
linearPredictor: max memory 932184064, total allocated 83361792, free 43292096, used 40069696, increment 80176
FeaturedSpace: max memory 932184064, total allocated 83361792, free 43292096, used 40069696, increment 0
Sequential: max memory 932184064, total allocated 83361792, free 43292096, used 40069696, increment 0
Initial loss: 9.212338374638856
Time since start: 247.581
220: time = 0.387000 loss = 7.220984
Jackknife: leave bio_5 out
Making features
makeFeatures: max memory 932184064, total allocated 83361792, free 40461496, used 42900296, increment 2830600
Gustavia_santanderiensis_7 bio_5: 
Regularization values: linear/quadratic/product: 0.423, categorical: 0.250, threshold: 1.790, hinge: 0.500
21 samples
Density: max memory 932184064, total allocated 83361792, free 40381320, used 42980472, increment 80176
linearPredictor: max memory 932184064, total allocated 83361792, free 40301144, used 43060648, increment 80176
FeaturedSpace: max memory 932184064, total allocated 83361792, free 40301144, used 43060648, increment 0
Sequential: max memory 932184064, total allocated 83361792, free 40301144, used 43060648, increment 0
Initial loss: 9.212338374638856
260: time = 0.431000 loss = 7.191782
Jackknife: leave bio_6 out
Making features
makeFeatures: max memory 932184064, total allocated 83361792, free 37390368, used 45971424, increment 2910776
Gustavia_santanderiensis_7 bio_6: 
Regularization values: linear/quadratic/product: 0.423, categorical: 0.250, threshold: 1.790, hinge: 0.500
21 samples
Density: max memory 932184064, total allocated 83361792, free 37310192, used 46051600, increment 80176
linearPredictor: max memory 932184064, total allocated 83361792, free 37230016, used 46131776, increment 80176
FeaturedSpace: max memory 932184064, total allocated 83361792, free 37230016, used 46131776, increment 0
Sequential: max memory 932184064, total allocated 83361792, free 37230016, used 46131776, increment 0
Initial loss: 9.212338374638856
240: time = 0.404000 loss = 7.191957
Jackknife: leave bio_7 out
Making features
makeFeatures: max memory 932184064, total allocated 83361792, free 34375464, used 48986328, increment 2854552
Gustavia_santanderiensis_7 bio_7: 
Regularization values: linear/quadratic/product: 0.423, categorical: 0.250, threshold: 1.790, hinge: 0.500
21 samples
Density: max memory 932184064, total allocated 83361792, free 33709888, used 49651904, increment 665576
linearPredictor: max memory 932184064, total allocated 83361792, free 33709888, used 49651904, increment 0
FeaturedSpace: max memory 932184064, total allocated 83361792, free 33709888, used 49651904, increment 0
Sequential: max memory 932184064, total allocated 83361792, free 33709888, used 49651904, increment 0
Initial loss: 9.212338374638856
Time since start: 248.876
260: time = 0.424000 loss = 7.191782
Jackknife: leave bio_ai_et0 out
Making features
makeFeatures: max memory 932184064, total allocated 83361792, free 31304608, used 52057184, increment 2405280
Gustavia_santanderiensis_7 bio_ai_et0: 
Regularization values: linear/quadratic/product: 0.423, categorical: 0.250, threshold: 1.790, hinge: 0.500
21 samples
Density: max memory 932184064, total allocated 83361792, free 31224432, used 52137360, increment 80176
linearPredictor: max memory 932184064, total allocated 83361792, free 31144256, used 52217536, increment 80176
FeaturedSpace: max memory 932184064, total allocated 83361792, free 31144256, used 52217536, increment 0
Sequential: max memory 932184064, total allocated 83361792, free 31144256, used 52217536, increment 0
Initial loss: 9.212338374638856
280: time = 0.445000 loss = 7.191782
Jackknife: leave bio_et0_yr out
Making features
makeFeatures: max memory 932184064, total allocated 83361792, free 28233608, used 55128184, increment 2910648
Gustavia_santanderiensis_7 bio_et0_yr: 
Regularization values: linear/quadratic/product: 0.423, categorical: 0.250, threshold: 1.790, hinge: 0.500
21 samples
Density: max memory 932184064, total allocated 83361792, free 27568032, used 55793760, increment 665576
linearPredictor: max memory 932184064, total allocated 83361792, free 27568032, used 55793760, increment 0
FeaturedSpace: max memory 932184064, total allocated 83361792, free 27568032, used 55793760, increment 0
Sequential: max memory 932184064, total allocated 83361792, free 27568032, used 55793760, increment 0
Initial loss: 9.212338374638856
300: time = 0.484000 loss = 7.191782
Jackknife: only bio_1
Making features
makeFeatures: max memory 932184064, total allocated 83361792, free 27568032, used 55793760, increment 0
Gustavia_santanderiensis_7 bio_1: 
Regularization values: linear/quadratic/product: 0.423, categorical: 0.250, threshold: 1.790, hinge: 0.500
21 samples
Density: max memory 932184064, total allocated 83361792, free 26902232, used 56459560, increment 665800
linearPredictor: max memory 932184064, total allocated 83361792, free 26902232, used 56459560, increment 0
FeaturedSpace: max memory 932184064, total allocated 83361792, free 26902232, used 56459560, increment 0
Sequential: max memory 932184064, total allocated 83361792, free 26902232, used 56459560, increment 0
Initial loss: 9.212338374638856
Time since start: 250.147
100: time = 0.314000 loss = 8.843402
Res.gain: 0.36893646178450723
Jackknife: only bio_10
Making features
makeFeatures: max memory 932184064, total allocated 83361792, free 26902232, used 56459560, increment 0
Gustavia_santanderiensis_7 bio_10: 
Regularization values: linear/quadratic/product: 0.423, categorical: 0.250, threshold: 1.790, hinge: 0.500
21 samples
Density: max memory 932184064, total allocated 83361792, free 26902232, used 56459560, increment 0
linearPredictor: max memory 932184064, total allocated 83361792, free 26902232, used 56459560, increment 0
FeaturedSpace: max memory 932184064, total allocated 83361792, free 26902232, used 56459560, increment 0
Sequential: max memory 932184064, total allocated 83361792, free 26902232, used 56459560, increment 0
Initial loss: 9.212338374638856
100: time = 0.301000 loss = 8.886476
Res.gain: 0.3258626671023208
Jackknife: only bio_11
Making features
makeFeatures: max memory 932184064, total allocated 83361792, free 26741880, used 56619912, increment 160352
Gustavia_santanderiensis_7 bio_11: 
Regularization values: linear/quadratic/product: 0.423, categorical: 0.250, threshold: 1.790, hinge: 0.500
21 samples
Density: max memory 932184064, total allocated 83361792, free 26661704, used 56700088, increment 80176
linearPredictor: max memory 932184064, total allocated 83361792, free 26581528, used 56780264, increment 80176
FeaturedSpace: max memory 932184064, total allocated 83361792, free 26581528, used 56780264, increment 0
Sequential: max memory 932184064, total allocated 83361792, free 26581528, used 56780264, increment 0
Initial loss: 9.212338374638856
100: time = 0.351000 loss = 8.853530
Res.gain: 0.358808428712436
Jackknife: only bio_12
Making features
makeFeatures: max memory 932184064, total allocated 83361792, free 25915936, used 57445856, increment 665592
Gustavia_santanderiensis_7 bio_12: 
Regularization values: linear/quadratic/product: 0.423, categorical: 0.250, threshold: 1.790, hinge: 0.500
21 samples
Density: max memory 932184064, total allocated 83361792, free 25915936, used 57445856, increment 0
linearPredictor: max memory 932184064, total allocated 83361792, free 25915936, used 57445856, increment 0
FeaturedSpace: max memory 932184064, total allocated 83361792, free 25915936, used 57445856, increment 0
Sequential: max memory 932184064, total allocated 83361792, free 25915936, used 57445856, increment 0
Initial loss: 9.212338374638856
60: time = 0.226000 loss = 9.011377
Res.gain: 0.20096134554983003
Jackknife: only bio_13
Making features
makeFeatures: max memory 932184064, total allocated 83361792, free 25915936, used 57445856, increment 0
Gustavia_santanderiensis_7 bio_13: 
Regularization values: linear/quadratic/product: 0.423, categorical: 0.250, threshold: 1.790, hinge: 0.500
21 samples
Density: max memory 932184064, total allocated 83361792, free 25835760, used 57526032, increment 80176
linearPredictor: max memory 932184064, total allocated 83361792, free 25755584, used 57606208, increment 80176
FeaturedSpace: max memory 932184064, total allocated 83361792, free 25755584, used 57606208, increment 0
Sequential: max memory 932184064, total allocated 83361792, free 25755584, used 57606208, increment 0
Initial loss: 9.212338374638856
Time since start: 251.254
60: time = 0.218000 loss = 9.170504
Res.gain: 0.04183425523465445
Jackknife: only bio_14
Making features
makeFeatures: max memory 932184064, total allocated 83361792, free 25595232, used 57766560, increment 160352
Gustavia_santanderiensis_7 bio_14: 
Regularization values: linear/quadratic/product: 0.423, categorical: 0.250, threshold: 1.790, hinge: 0.500
21 samples
Density: max memory 932184064, total allocated 83361792, free 25515056, used 57846736, increment 80176
linearPredictor: max memory 932184064, total allocated 83361792, free 25434880, used 57926912, increment 80176
FeaturedSpace: max memory 932184064, total allocated 83361792, free 25434880, used 57926912, increment 0
Sequential: max memory 932184064, total allocated 83361792, free 25434880, used 57926912, increment 0
Initial loss: 9.212338374638856
60: time = 0.204000 loss = 8.684792
Res.gain: 0.5275465082332129
Jackknife: only bio_15
Making features
makeFeatures: max memory 932184064, total allocated 83361792, free 24769256, used 58592536, increment 665624
Gustavia_santanderiensis_7 bio_15: 
Regularization values: linear/quadratic/product: 0.423, categorical: 0.250, threshold: 1.790, hinge: 0.500
21 samples
Density: max memory 932184064, total allocated 83361792, free 24769256, used 58592536, increment 0
linearPredictor: max memory 932184064, total allocated 83361792, free 24769256, used 58592536, increment 0
FeaturedSpace: max memory 932184064, total allocated 83361792, free 24769256, used 58592536, increment 0
Sequential: max memory 932184064, total allocated 83361792, free 24769256, used 58592536, increment 0
Initial loss: 9.212338374638856
60: time = 0.194000 loss = 8.909957
Res.gain: 0.30238106082049043
Jackknife: only bio_16
Making features
makeFeatures: max memory 932184064, total allocated 83361792, free 24769256, used 58592536, increment 0
Gustavia_santanderiensis_7 bio_16: 
Regularization values: linear/quadratic/product: 0.423, categorical: 0.250, threshold: 1.790, hinge: 0.500
21 samples
Density: max memory 932184064, total allocated 83361792, free 24769256, used 58592536, increment 0
linearPredictor: max memory 932184064, total allocated 83361792, free 24689080, used 58672712, increment 80176
FeaturedSpace: max memory 932184064, total allocated 83361792, free 24689080, used 58672712, increment 0
Sequential: max memory 932184064, total allocated 83361792, free 24689080, used 58672712, increment 0
Initial loss: 9.212338374638856
60: time = 0.222000 loss = 9.150302
Res.gain: 0.06203638871260608
Jackknife: only bio_17
Making features
makeFeatures: max memory 932184064, total allocated 83361792, free 24023456, used 59338336, increment 665624
Gustavia_santanderiensis_7 bio_17: 
Regularization values: linear/quadratic/product: 0.423, categorical: 0.250, threshold: 1.790, hinge: 0.500
21 samples
Density: max memory 932184064, total allocated 83361792, free 24023456, used 59338336, increment 0
linearPredictor: max memory 932184064, total allocated 83361792, free 24023456, used 59338336, increment 0
FeaturedSpace: max memory 932184064, total allocated 83361792, free 24023456, used 59338336, increment 0
Sequential: max memory 932184064, total allocated 83361792, free 24023456, used 59338336, increment 0
Initial loss: 9.212338374638856
60: time = 0.192000 loss = 8.577013
Res.gain: 0.6353258194745699
Jackknife: only bio_2
Making features
makeFeatures: max memory 932184064, total allocated 83361792, free 24023456, used 59338336, increment 0
Gustavia_santanderiensis_7 bio_2: 
Regularization values: linear/quadratic/product: 0.423, categorical: 0.250, threshold: 1.790, hinge: 0.500
21 samples
Density: max memory 932184064, total allocated 83361792, free 24023456, used 59338336, increment 0
linearPredictor: max memory 932184064, total allocated 83361792, free 23357880, used 60003912, increment 665576
FeaturedSpace: max memory 932184064, total allocated 83361792, free 23357880, used 60003912, increment 0
Sequential: max memory 932184064, total allocated 83361792, free 23357880, used 60003912, increment 0
Initial loss: 9.212338374638856
Time since start: 252.326
60: time = 0.244000 loss = 9.153976
Res.gain: 0.058362042545068604
Jackknife: only bio_3
Making features
makeFeatures: max memory 932184064, total allocated 83361792, free 23357880, used 60003912, increment 0
Gustavia_santanderiensis_7 bio_3: 
Regularization values: linear/quadratic/product: 0.423, categorical: 0.250, threshold: 1.790, hinge: 0.500
21 samples
Density: max memory 932184064, total allocated 83361792, free 23357880, used 60003912, increment 0
linearPredictor: max memory 932184064, total allocated 83361792, free 23357880, used 60003912, increment 0
FeaturedSpace: max memory 932184064, total allocated 83361792, free 23357880, used 60003912, increment 0
Sequential: max memory 932184064, total allocated 83361792, free 23357880, used 60003912, increment 0
Initial loss: 9.212338374638856
80: time = 0.241000 loss = 9.093968
Res.gain: 0.11837014038373184
Jackknife: only bio_4
Making features
makeFeatures: max memory 932184064, total allocated 83361792, free 23277704, used 60084088, increment 80176
Gustavia_santanderiensis_7 bio_4: 
Regularization values: linear/quadratic/product: 0.423, categorical: 0.250, threshold: 1.790, hinge: 0.500
21 samples
Density: max memory 932184064, total allocated 83361792, free 23197528, used 60164264, increment 80176
linearPredictor: max memory 932184064, total allocated 83361792, free 23117352, used 60244440, increment 80176
FeaturedSpace: max memory 932184064, total allocated 83361792, free 23117352, used 60244440, increment 0
Sequential: max memory 932184064, total allocated 83361792, free 23117352, used 60244440, increment 0
Initial loss: 9.212338374638856
60: time = 0.202000 loss = 9.186514
Res.gain: 0.025824438797485527
Jackknife: only bio_5
Making features
makeFeatures: max memory 932184064, total allocated 83361792, free 22957000, used 60404792, increment 160352
Gustavia_santanderiensis_7 bio_5: 
Regularization values: linear/quadratic/product: 0.423, categorical: 0.250, threshold: 1.790, hinge: 0.500
21 samples
Density: max memory 932184064, total allocated 83361792, free 22291424, used 61070368, increment 665576
linearPredictor: max memory 932184064, total allocated 83361792, free 22291424, used 61070368, increment 0
FeaturedSpace: max memory 932184064, total allocated 83361792, free 22291424, used 61070368, increment 0
Sequential: max memory 932184064, total allocated 83361792, free 22291424, used 61070368, increment 0
Initial loss: 9.212338374638856
80: time = 0.259000 loss = 8.903047
Res.gain: 0.3092909790755698
Jackknife: only bio_6
Making features
makeFeatures: max memory 932184064, total allocated 83361792, free 22291424, used 61070368, increment 0
Gustavia_santanderiensis_7 bio_6: 
Regularization values: linear/quadratic/product: 0.423, categorical: 0.250, threshold: 1.790, hinge: 0.500
21 samples
Density: max memory 932184064, total allocated 83361792, free 22291424, used 61070368, increment 0
linearPredictor: max memory 932184064, total allocated 83361792, free 22291424, used 61070368, increment 0
FeaturedSpace: max memory 932184064, total allocated 83361792, free 22291424, used 61070368, increment 0
Sequential: max memory 932184064, total allocated 83361792, free 22291424, used 61070368, increment 0
Initial loss: 9.212338374638856
Time since start: 253.409
100: time = 0.369000 loss = 8.820887
Res.gain: 0.39145106752794767
Jackknife: only bio_7
Making features
makeFeatures: max memory 932184064, total allocated 83361792, free 22131072, used 61230720, increment 160352
Gustavia_santanderiensis_7 bio_7: 
Regularization values: linear/quadratic/product: 0.423, categorical: 0.250, threshold: 1.790, hinge: 0.500
21 samples
Density: max memory 932184064, total allocated 83361792, free 22050896, used 61310896, increment 80176
linearPredictor: max memory 932184064, total allocated 83361792, free 21970720, used 61391072, increment 80176
FeaturedSpace: max memory 932184064, total allocated 83361792, free 21970720, used 61391072, increment 0
Sequential: max memory 932184064, total allocated 83361792, free 21970720, used 61391072, increment 0
Initial loss: 9.212338374638856
20: time = 0.079000 loss = 9.212326
Res.gain: 1.1912583623541195E-5
Jackknife: only bio_ai_et0
Making features
makeFeatures: max memory 932184064, total allocated 83361792, free 21224968, used 62136824, increment 745752
Gustavia_santanderiensis_7 bio_ai_et0: 
Regularization values: linear/quadratic/product: 0.423, categorical: 0.250, threshold: 1.790, hinge: 0.500
21 samples
Density: max memory 932184064, total allocated 83361792, free 21224968, used 62136824, increment 0
linearPredictor: max memory 932184064, total allocated 83361792, free 21224968, used 62136824, increment 0
FeaturedSpace: max memory 932184064, total allocated 83361792, free 21224968, used 62136824, increment 0
Sequential: max memory 932184064, total allocated 83361792, free 21224968, used 62136824, increment 0
Initial loss: 9.212338374638856
60: time = 0.244000 loss = 9.087703
Res.gain: 0.12463556602904546
Jackknife: only bio_et0_yr
Making features
makeFeatures: max memory 932184064, total allocated 83361792, free 21224968, used 62136824, increment 0
Gustavia_santanderiensis_7 bio_et0_yr: 
Regularization values: linear/quadratic/product: 0.423, categorical: 0.250, threshold: 1.790, hinge: 0.500
21 samples
Density: max memory 932184064, total allocated 83361792, free 21224968, used 62136824, increment 0
linearPredictor: max memory 932184064, total allocated 83361792, free 21224968, used 62136824, increment 0
FeaturedSpace: max memory 932184064, total allocated 83361792, free 21224968, used 62136824, increment 0
Sequential: max memory 932184064, total allocated 83361792, free 21224968, used 62136824, increment 0
Initial loss: 9.212338374638856
60: time = 0.196000 loss = 9.154740
Res.gain: 0.0575986206048551
getSamples: max memory 932184064, total allocated 83361792, free 15758512, used 67603280, increment 5466456
Making features
makeFeatures: max memory 932184064, total allocated 80740352, free 43676480, used 37063872, increment -30539408
Gustavia_santanderiensis_8: 
Regularization values: linear/quadratic/product: 0.423, categorical: 0.250, threshold: 1.790, hinge: 0.500
21 samples
Density: max memory 932184064, total allocated 80740352, free 43019768, used 37720584, increment 656712
linearPredictor: max memory 932184064, total allocated 80740352, free 43019768, used 37720584, increment 0
FeaturedSpace: max memory 932184064, total allocated 80740352, free 43019768, used 37720584, increment 0
Sequential: max memory 932184064, total allocated 80740352, free 43019768, used 37720584, increment 0
Initial loss: 9.212438170058329
Time since start: 254.475
240: time = 0.404000 loss = 7.337278
Resulting gain: 1.875160191170382
Projecting...
Writing file C:\Users\Camila\Desktop\Modelo opc3\Final_Models\M_2_F_lq_Set_1\Gustavia_santanderiensis_8.asc
Time since start: 256.839
Writing C:\Users\Camila\Desktop\Modelo opc3\Final_Models\M_2_F_lq_Set_1\plots\Gustavia_santanderiensis_8.png
Gustavia_santanderiensis_8 response curves
Time since start: 260.731
Response curve: only bio_1
Making features
makeFeatures: max memory 932184064, total allocated 95944704, free 49493776, used 46450928, increment 8730344
Gustavia_santanderiensis_8 bio_1: 
Regularization values: linear/quadratic/product: 0.423, categorical: 0.250, threshold: 1.790, hinge: 0.500
21 samples
Density: max memory 932184064, total allocated 95944704, free 49493776, used 46450928, increment 0
linearPredictor: max memory 932184064, total allocated 95944704, free 49493776, used 46450928, increment 0
FeaturedSpace: max memory 932184064, total allocated 95944704, free 49493776, used 46450928, increment 0
Sequential: max memory 932184064, total allocated 95944704, free 49493776, used 46450928, increment 0
Initial loss: 9.212438170058329
100: time = 0.348000 loss = 8.799681
Resulting gain: 0.41275753998994347
Gustavia_santanderiensis_8 response curves
Time since start: 261.986
Response curve: only bio_10
Making features
makeFeatures: max memory 932184064, total allocated 95944704, free 44928152, used 51016552, increment 4565624
Gustavia_santanderiensis_8 bio_10: 
Regularization values: linear/quadratic/product: 0.423, categorical: 0.250, threshold: 1.790, hinge: 0.500
21 samples
Density: max memory 932184064, total allocated 95944704, free 44928152, used 51016552, increment 0
linearPredictor: max memory 932184064, total allocated 95944704, free 44928152, used 51016552, increment 0
FeaturedSpace: max memory 932184064, total allocated 95944704, free 44928152, used 51016552, increment 0
Sequential: max memory 932184064, total allocated 95944704, free 44928152, used 51016552, increment 0
Initial loss: 9.212438170058329
100: time = 0.311000 loss = 8.835506
Resulting gain: 0.3769318046755945
Gustavia_santanderiensis_8 response curves
Time since start: 263.017
Response curve: only bio_11
Making features
makeFeatures: max memory 932184064, total allocated 95944704, free 40365008, used 55579696, increment 4563144
Gustavia_santanderiensis_8 bio_11: 
Regularization values: linear/quadratic/product: 0.423, categorical: 0.250, threshold: 1.790, hinge: 0.500
21 samples
Density: max memory 932184064, total allocated 95944704, free 40365008, used 55579696, increment 0
linearPredictor: max memory 932184064, total allocated 95944704, free 40365008, used 55579696, increment 0
FeaturedSpace: max memory 932184064, total allocated 95944704, free 40365008, used 55579696, increment 0
Sequential: max memory 932184064, total allocated 95944704, free 40365008, used 55579696, increment 0
Initial loss: 9.212438170058329
100: time = 0.385000 loss = 8.817069
Resulting gain: 0.39536880308129163
Gustavia_santanderiensis_8 response curves
Response curve: only bio_12
Making features
makeFeatures: max memory 932184064, total allocated 95944704, free 78447048, used 17497656, increment -38082040
Gustavia_santanderiensis_8 bio_12: 
Regularization values: linear/quadratic/product: 0.423, categorical: 0.250, threshold: 1.790, hinge: 0.500
21 samples
Density: max memory 932184064, total allocated 95944704, free 78366864, used 17577840, increment 80184
linearPredictor: max memory 932184064, total allocated 95944704, free 78286680, used 17658024, increment 80184
FeaturedSpace: max memory 932184064, total allocated 95944704, free 78286680, used 17658024, increment 0
Sequential: max memory 932184064, total allocated 95944704, free 78286680, used 17658024, increment 0
Initial loss: 9.212438170058329
60: time = 0.218000 loss = 9.085863
Resulting gain: 0.12657564100114627
Gustavia_santanderiensis_8 response curves
Response curve: only bio_13
Making features
makeFeatures: max memory 932184064, total allocated 95944704, free 73713712, used 22230992, increment 4572968
Gustavia_santanderiensis_8 bio_13: 
Regularization values: linear/quadratic/product: 0.423, categorical: 0.250, threshold: 1.790, hinge: 0.500
21 samples
Density: max memory 932184064, total allocated 95944704, free 73713712, used 22230992, increment 0
linearPredictor: max memory 932184064, total allocated 95944704, free 73713712, used 22230992, increment 0
FeaturedSpace: max memory 932184064, total allocated 95944704, free 73713712, used 22230992, increment 0
Sequential: max memory 932184064, total allocated 95944704, free 73713712, used 22230992, increment 0
Initial loss: 9.212438170058329
Time since start: 264.466
60: time = 0.535000 loss = 9.188630
Resulting gain: 0.02380798024271158
Gustavia_santanderiensis_8 response curves
Response curve: only bio_14
Making features
makeFeatures: max memory 932184064, total allocated 95944704, free 69144728, used 26799976, increment 4568984
Gustavia_santanderiensis_8 bio_14: 
Regularization values: linear/quadratic/product: 0.423, categorical: 0.250, threshold: 1.790, hinge: 0.500
21 samples
Density: max memory 932184064, total allocated 95944704, free 69144728, used 26799976, increment 0
linearPredictor: max memory 932184064, total allocated 95944704, free 69144728, used 26799976, increment 0
FeaturedSpace: max memory 932184064, total allocated 95944704, free 69144728, used 26799976, increment 0
Sequential: max memory 932184064, total allocated 95944704, free 69144728, used 26799976, increment 0
Initial loss: 9.212438170058329
60: time = 0.207000 loss = 8.998777
Resulting gain: 0.21366094233704658
Gustavia_santanderiensis_8 response curves
Response curve: only bio_15
Making features
makeFeatures: max memory 932184064, total allocated 95944704, free 64494048, used 31450656, increment 4650680
Gustavia_santanderiensis_8 bio_15: 
Regularization values: linear/quadratic/product: 0.423, categorical: 0.250, threshold: 1.790, hinge: 0.500
21 samples
Density: max memory 932184064, total allocated 95944704, free 64494048, used 31450656, increment 0
linearPredictor: max memory 932184064, total allocated 95944704, free 64494048, used 31450656, increment 0
FeaturedSpace: max memory 932184064, total allocated 95944704, free 64494048, used 31450656, increment 0
Sequential: max memory 932184064, total allocated 95944704, free 64494048, used 31450656, increment 0
Initial loss: 9.212438170058329
60: time = 0.215000 loss = 8.955564
Resulting gain: 0.2568744673280836
Gustavia_santanderiensis_8 response curves
Time since start: 265.496
Response curve: only bio_16
Making features
makeFeatures: max memory 932184064, total allocated 95944704, free 60824360, used 35120344, increment 3669688
Gustavia_santanderiensis_8 bio_16: 
Regularization values: linear/quadratic/product: 0.423, categorical: 0.250, threshold: 1.790, hinge: 0.500
21 samples
Density: max memory 932184064, total allocated 95944704, free 60824360, used 35120344, increment 0
linearPredictor: max memory 932184064, total allocated 95944704, free 60744176, used 35200528, increment 80184
FeaturedSpace: max memory 932184064, total allocated 95944704, free 60744176, used 35200528, increment 0
Sequential: max memory 932184064, total allocated 95944704, free 60744176, used 35200528, increment 0
Initial loss: 9.212438170058329
60: time = 0.224000 loss = 9.179067
Resulting gain: 0.03337114170176925
Gustavia_santanderiensis_8 response curves
Response curve: only bio_17
Making features
makeFeatures: max memory 932184064, total allocated 95944704, free 56172720, used 39771984, increment 4571456
Gustavia_santanderiensis_8 bio_17: 
Regularization values: linear/quadratic/product: 0.423, categorical: 0.250, threshold: 1.790, hinge: 0.500
21 samples
Density: max memory 932184064, total allocated 95944704, free 56172720, used 39771984, increment 0
linearPredictor: max memory 932184064, total allocated 95944704, free 56172720, used 39771984, increment 0
FeaturedSpace: max memory 932184064, total allocated 95944704, free 56172720, used 39771984, increment 0
Sequential: max memory 932184064, total allocated 95944704, free 56172720, used 39771984, increment 0
Initial loss: 9.212438170058329
60: time = 0.203000 loss = 8.734356
Resulting gain: 0.47808241547423336
Gustavia_santanderiensis_8 response curves
Response curve: only bio_2
Making features
makeFeatures: max memory 932184064, total allocated 95944704, free 51603696, used 44341008, increment 4569024
Gustavia_santanderiensis_8 bio_2: 
Regularization values: linear/quadratic/product: 0.423, categorical: 0.250, threshold: 1.790, hinge: 0.500
21 samples
Density: max memory 932184064, total allocated 95944704, free 51603696, used 44341008, increment 0
linearPredictor: max memory 932184064, total allocated 95944704, free 51603696, used 44341008, increment 0
FeaturedSpace: max memory 932184064, total allocated 95944704, free 51603696, used 44341008, increment 0
Sequential: max memory 932184064, total allocated 95944704, free 51603696, used 44341008, increment 0
Initial loss: 9.212438170058329
60: time = 0.224000 loss = 9.132219
Resulting gain: 0.08021932474348681
Gustavia_santanderiensis_8 response curves
Time since start: 266.597
Response curve: only bio_3
Making features
makeFeatures: max memory 932184064, total allocated 95944704, free 47776056, used 48168648, increment 3827640
Gustavia_santanderiensis_8 bio_3: 
Regularization values: linear/quadratic/product: 0.423, categorical: 0.250, threshold: 1.790, hinge: 0.500
21 samples
Density: max memory 932184064, total allocated 95944704, free 47695872, used 48248832, increment 80184
linearPredictor: max memory 932184064, total allocated 95944704, free 47615688, used 48329016, increment 80184
FeaturedSpace: max memory 932184064, total allocated 95944704, free 47615688, used 48329016, increment 0
Sequential: max memory 932184064, total allocated 95944704, free 47615688, used 48329016, increment 0
Initial loss: 9.212438170058329
60: time = 0.204000 loss = 9.127937
Resulting gain: 0.08450144931709147
Gustavia_santanderiensis_8 response curves
Response curve: only bio_4
Making features
makeFeatures: max memory 932184064, total allocated 95944704, free 42929928, used 53014776, increment 4685760
Gustavia_santanderiensis_8 bio_4: 
Regularization values: linear/quadratic/product: 0.423, categorical: 0.250, threshold: 1.790, hinge: 0.500
21 samples
Density: max memory 932184064, total allocated 95944704, free 42929928, used 53014776, increment 0
linearPredictor: max memory 932184064, total allocated 95944704, free 42929928, used 53014776, increment 0
FeaturedSpace: max memory 932184064, total allocated 95944704, free 42929928, used 53014776, increment 0
Sequential: max memory 932184064, total allocated 95944704, free 42929928, used 53014776, increment 0
Initial loss: 9.212438170058329
Time since start: 267.647
60: time = 0.697000 loss = 9.210002
Resulting gain: 0.002435946813342582
Gustavia_santanderiensis_8 response curves
Response curve: only bio_5
Making features
makeFeatures: max memory 932184064, total allocated 95944704, free 38360832, used 57583872, increment 4569096
Gustavia_santanderiensis_8 bio_5: 
Regularization values: linear/quadratic/product: 0.423, categorical: 0.250, threshold: 1.790, hinge: 0.500
21 samples
Density: max memory 932184064, total allocated 95944704, free 38360832, used 57583872, increment 0
linearPredictor: max memory 932184064, total allocated 95944704, free 38360832, used 57583872, increment 0
FeaturedSpace: max memory 932184064, total allocated 95944704, free 38360832, used 57583872, increment 0
Sequential: max memory 932184064, total allocated 95944704, free 38360832, used 57583872, increment 0
Initial loss: 9.212438170058329
100: time = 0.391000 loss = 8.841773
Resulting gain: 0.37066547502086955
Gustavia_santanderiensis_8 response curves
Response curve: only bio_6
Making features
makeFeatures: max memory 932184064, total allocated 95944704, free 34533192, used 61411512, increment 3827640
Gustavia_santanderiensis_8 bio_6: 
Regularization values: linear/quadratic/product: 0.423, categorical: 0.250, threshold: 1.790, hinge: 0.500
21 samples
Density: max memory 932184064, total allocated 95944704, free 34261528, used 61683176, increment 271664
linearPredictor: max memory 932184064, total allocated 95944704, free 34261528, used 61683176, increment 0
FeaturedSpace: max memory 932184064, total allocated 95944704, free 34261528, used 61683176, increment 0
Sequential: max memory 932184064, total allocated 95944704, free 34261528, used 61683176, increment 0
Initial loss: 9.212438170058329
Time since start: 268.739
100: time = 0.364000 loss = 8.767538
Resulting gain: 0.4449005397710639
Gustavia_santanderiensis_8 response curves
Response curve: only bio_7
Making features
makeFeatures: max memory 932184064, total allocated 91226112, free 72962896, used 18263216, increment -43419960
Gustavia_santanderiensis_8 bio_7: 
Regularization values: linear/quadratic/product: 0.423, categorical: 0.250, threshold: 1.790, hinge: 0.500
21 samples
Density: max memory 932184064, total allocated 91226112, free 72962896, used 18263216, increment 0
linearPredictor: max memory 932184064, total allocated 91226112, free 72962896, used 18263216, increment 0
FeaturedSpace: max memory 932184064, total allocated 91226112, free 72962896, used 18263216, increment 0
Sequential: max memory 932184064, total allocated 91226112, free 72962896, used 18263216, increment 0
Initial loss: 9.212438170058329
60: time = 0.279000 loss = 9.209642
Resulting gain: 0.002796364622984271
Gustavia_santanderiensis_8 response curves
Response curve: only bio_ai_et0
Making features
makeFeatures: max memory 932184064, total allocated 91226112, free 68476432, used 22749680, increment 4486464
Gustavia_santanderiensis_8 bio_ai_et0: 
Regularization values: linear/quadratic/product: 0.423, categorical: 0.250, threshold: 1.790, hinge: 0.500
21 samples
Density: max memory 932184064, total allocated 91226112, free 68476432, used 22749680, increment 0
linearPredictor: max memory 932184064, total allocated 91226112, free 68476432, used 22749680, increment 0
FeaturedSpace: max memory 932184064, total allocated 91226112, free 68476432, used 22749680, increment 0
Sequential: max memory 932184064, total allocated 91226112, free 68476432, used 22749680, increment 0
Initial loss: 9.212438170058329
Time since start: 269.954
60: time = 0.623000 loss = 9.152037
Resulting gain: 0.060401622055813675
Gustavia_santanderiensis_8 response curves
Response curve: only bio_et0_yr
Making features
makeFeatures: max memory 932184064, total allocated 91226112, free 63990664, used 27235448, increment 4485768
Gustavia_santanderiensis_8 bio_et0_yr: 
Regularization values: linear/quadratic/product: 0.423, categorical: 0.250, threshold: 1.790, hinge: 0.500
21 samples
Density: max memory 932184064, total allocated 91226112, free 63990664, used 27235448, increment 0
linearPredictor: max memory 932184064, total allocated 91226112, free 63990664, used 27235448, increment 0
FeaturedSpace: max memory 932184064, total allocated 91226112, free 63990664, used 27235448, increment 0
Sequential: max memory 932184064, total allocated 91226112, free 63990664, used 27235448, increment 0
Initial loss: 9.212438170058329
120: time = 0.199000 loss = 9.132911
Resulting gain: 0.07952746060738214
Gustavia_santanderiensis_8 response curves
Time since start: 271.256
Jackknife: leave bio_1 out
Making features
makeFeatures: max memory 932184064, total allocated 91750400, free 58587464, used 33162936, increment 5927488
Gustavia_santanderiensis_8 bio_1: 
Regularization values: linear/quadratic/product: 0.423, categorical: 0.250, threshold: 1.790, hinge: 0.500
21 samples
Density: max memory 932184064, total allocated 91750400, free 58507280, used 33243120, increment 80184
linearPredictor: max memory 932184064, total allocated 91750400, free 58427096, used 33323304, increment 80184
FeaturedSpace: max memory 932184064, total allocated 91750400, free 58427096, used 33323304, increment 0
Sequential: max memory 932184064, total allocated 91750400, free 58427096, used 33323304, increment 0
Initial loss: 9.212438170058329
260: time = 0.517000 loss = 7.337278
Jackknife: leave bio_10 out
Making features
makeFeatures: max memory 932184064, total allocated 91750400, free 55524584, used 36225816, increment 2902512
Gustavia_santanderiensis_8 bio_10: 
Regularization values: linear/quadratic/product: 0.423, categorical: 0.250, threshold: 1.790, hinge: 0.500
21 samples
Density: max memory 932184064, total allocated 91750400, free 55444400, used 36306000, increment 80184
linearPredictor: max memory 932184064, total allocated 91750400, free 55364216, used 36386184, increment 80184
FeaturedSpace: max memory 932184064, total allocated 91750400, free 55364216, used 36386184, increment 0
Sequential: max memory 932184064, total allocated 91750400, free 55364216, used 36386184, increment 0
Initial loss: 9.212438170058329
240: time = 0.440000 loss = 7.337278
Jackknife: leave bio_11 out
Making features
makeFeatures: max memory 932184064, total allocated 91750400, free 52461552, used 39288848, increment 2902664
Gustavia_santanderiensis_8 bio_11: 
Regularization values: linear/quadratic/product: 0.423, categorical: 0.250, threshold: 1.790, hinge: 0.500
21 samples
Density: max memory 932184064, total allocated 91750400, free 52381368, used 39369032, increment 80184
linearPredictor: max memory 932184064, total allocated 91750400, free 52301184, used 39449216, increment 80184
FeaturedSpace: max memory 932184064, total allocated 91750400, free 52301184, used 39449216, increment 0
Sequential: max memory 932184064, total allocated 91750400, free 52301184, used 39449216, increment 0
Initial loss: 9.212438170058329
Time since start: 273.181
260: time = 0.931000 loss = 7.337279
Jackknife: leave bio_12 out
Making features
makeFeatures: max memory 932184064, total allocated 91750400, free 49447168, used 42303232, increment 2854016
Gustavia_santanderiensis_8 bio_12: 
Regularization values: linear/quadratic/product: 0.423, categorical: 0.250, threshold: 1.790, hinge: 0.500
21 samples
Density: max memory 932184064, total allocated 91750400, free 48629480, used 43120920, increment 817688
linearPredictor: max memory 932184064, total allocated 91750400, free 48629480, used 43120920, increment 0
FeaturedSpace: max memory 932184064, total allocated 91750400, free 48629480, used 43120920, increment 0
Sequential: max memory 932184064, total allocated 91750400, free 48629480, used 43120920, increment 0
Initial loss: 9.212438170058329
260: time = 0.494000 loss = 7.337279
Jackknife: leave bio_13 out
Making features
makeFeatures: max memory 932184064, total allocated 91750400, free 46384328, used 45366072, increment 2245152
Gustavia_santanderiensis_8 bio_13: 
Regularization values: linear/quadratic/product: 0.423, categorical: 0.250, threshold: 1.790, hinge: 0.500
21 samples
Density: max memory 932184064, total allocated 91750400, free 45566720, used 46183680, increment 817608
linearPredictor: max memory 932184064, total allocated 91750400, free 45566720, used 46183680, increment 0
FeaturedSpace: max memory 932184064, total allocated 91750400, free 45566720, used 46183680, increment 0
Sequential: max memory 932184064, total allocated 91750400, free 45566720, used 46183680, increment 0
Initial loss: 9.212438170058329
Time since start: 274.208
240: time = 0.498000 loss = 7.341677
Jackknife: leave bio_14 out
Making features
makeFeatures: max memory 932184064, total allocated 91750400, free 43321568, used 48428832, increment 2245152
Gustavia_santanderiensis_8 bio_14: 
Regularization values: linear/quadratic/product: 0.423, categorical: 0.250, threshold: 1.790, hinge: 0.500
21 samples
Density: max memory 932184064, total allocated 91750400, free 43241384, used 48509016, increment 80184
linearPredictor: max memory 932184064, total allocated 91750400, free 43161200, used 48589200, increment 80184
FeaturedSpace: max memory 932184064, total allocated 91750400, free 43161200, used 48589200, increment 0
Sequential: max memory 932184064, total allocated 91750400, free 43161200, used 48589200, increment 0
Initial loss: 9.212438170058329
240: time = 0.457000 loss = 7.337280
Jackknife: leave bio_15 out
Making features
makeFeatures: max memory 932184064, total allocated 91750400, free 40258784, used 51491616, increment 2902416
Gustavia_santanderiensis_8 bio_15: 
Regularization values: linear/quadratic/product: 0.423, categorical: 0.250, threshold: 1.790, hinge: 0.500
21 samples
Density: max memory 932184064, total allocated 91750400, free 40178600, used 51571800, increment 80184
linearPredictor: max memory 932184064, total allocated 91750400, free 40098416, used 51651984, increment 80184
FeaturedSpace: max memory 932184064, total allocated 91750400, free 40098416, used 51651984, increment 0
Sequential: max memory 932184064, total allocated 91750400, free 40098416, used 51651984, increment 0
Initial loss: 9.212438170058329
260: time = 0.451000 loss = 7.423857
Jackknife: leave bio_16 out
Making features
makeFeatures: max memory 932184064, total allocated 91750400, free 37244552, used 54505848, increment 2853864
Gustavia_santanderiensis_8 bio_16: 
Regularization values: linear/quadratic/product: 0.423, categorical: 0.250, threshold: 1.790, hinge: 0.500
21 samples
Density: max memory 932184064, total allocated 91750400, free 36426864, used 55323536, increment 817688
linearPredictor: max memory 932184064, total allocated 91750400, free 36426864, used 55323536, increment 0
FeaturedSpace: max memory 932184064, total allocated 91750400, free 36426864, used 55323536, increment 0
Sequential: max memory 932184064, total allocated 91750400, free 36426864, used 55323536, increment 0
Initial loss: 9.212438170058329
Time since start: 275.577
240: time = 0.421000 loss = 7.337280
Jackknife: leave bio_17 out
Making features
makeFeatures: max memory 932184064, total allocated 87556096, free 69947064, used 17609032, increment -37714504
Gustavia_santanderiensis_8 bio_17: 
Regularization values: linear/quadratic/product: 0.423, categorical: 0.250, threshold: 1.790, hinge: 0.500
21 samples
Density: max memory 932184064, total allocated 87556096, free 69866880, used 17689216, increment 80184
linearPredictor: max memory 932184064, total allocated 87556096, free 69786696, used 17769400, increment 80184
FeaturedSpace: max memory 932184064, total allocated 87556096, free 69786696, used 17769400, increment 0
Sequential: max memory 932184064, total allocated 87556096, free 69786696, used 17769400, increment 0
Initial loss: 9.212438170058329
220: time = 0.413000 loss = 7.382875
Jackknife: leave bio_2 out
Making features
makeFeatures: max memory 932184064, total allocated 87556096, free 66921840, used 20634256, increment 2864856
Gustavia_santanderiensis_8 bio_2: 
Regularization values: linear/quadratic/product: 0.423, categorical: 0.250, threshold: 1.790, hinge: 0.500
21 samples
Density: max memory 932184064, total allocated 87556096, free 66841656, used 20714440, increment 80184
linearPredictor: max memory 932184064, total allocated 87556096, free 66761472, used 20794624, increment 80184
FeaturedSpace: max memory 932184064, total allocated 87556096, free 66761472, used 20794624, increment 0
Sequential: max memory 932184064, total allocated 87556096, free 66761472, used 20794624, increment 0
Initial loss: 9.212438170058329
280: time = 0.476000 loss = 7.337278
Jackknife: leave bio_3 out
Making features
makeFeatures: max memory 932184064, total allocated 87556096, free 63885664, used 23670432, increment 2875808
Gustavia_santanderiensis_8 bio_3: 
Regularization values: linear/quadratic/product: 0.423, categorical: 0.250, threshold: 1.790, hinge: 0.500
21 samples
Density: max memory 932184064, total allocated 87556096, free 63094720, used 24461376, increment 790944
linearPredictor: max memory 932184064, total allocated 87556096, free 63094720, used 24461376, increment 0
FeaturedSpace: max memory 932184064, total allocated 87556096, free 63094720, used 24461376, increment 0
Sequential: max memory 932184064, total allocated 87556096, free 63094720, used 24461376, increment 0
Initial loss: 9.212438170058329
Time since start: 276.877
220: time = 0.371000 loss = 7.349703
Jackknife: leave bio_4 out
Making features
makeFeatures: max memory 932184064, total allocated 87556096, free 60849568, used 26706528, increment 2245152
Gustavia_santanderiensis_8 bio_4: 
Regularization values: linear/quadratic/product: 0.423, categorical: 0.250, threshold: 1.790, hinge: 0.500
21 samples
Density: max memory 932184064, total allocated 87556096, free 60769384, used 26786712, increment 80184
linearPredictor: max memory 932184064, total allocated 87556096, free 60689200, used 26866896, increment 80184
FeaturedSpace: max memory 932184064, total allocated 87556096, free 60689200, used 26866896, increment 0
Sequential: max memory 932184064, total allocated 87556096, free 60689200, used 26866896, increment 0
Initial loss: 9.212438170058329
260: time = 0.446000 loss = 7.356055
Jackknife: leave bio_5 out
Making features
makeFeatures: max memory 932184064, total allocated 87556096, free 57813448, used 29742648, increment 2875752
Gustavia_santanderiensis_8 bio_5: 
Regularization values: linear/quadratic/product: 0.423, categorical: 0.250, threshold: 1.790, hinge: 0.500
21 samples
Density: max memory 932184064, total allocated 87556096, free 57022504, used 30533592, increment 790944
linearPredictor: max memory 932184064, total allocated 87556096, free 57022504, used 30533592, increment 0
FeaturedSpace: max memory 932184064, total allocated 87556096, free 57022504, used 30533592, increment 0
Sequential: max memory 932184064, total allocated 87556096, free 57022504, used 30533592, increment 0
Initial loss: 9.212438170058329
240: time = 0.405000 loss = 7.346626
Jackknife: leave bio_6 out
Making features
makeFeatures: max memory 932184064, total allocated 87556096, free 54777352, used 32778744, increment 2245152
Gustavia_santanderiensis_8 bio_6: 
Regularization values: linear/quadratic/product: 0.423, categorical: 0.250, threshold: 1.790, hinge: 0.500
21 samples
Density: max memory 932184064, total allocated 87556096, free 53986408, used 33569688, increment 790944
linearPredictor: max memory 932184064, total allocated 87556096, free 53986408, used 33569688, increment 0
FeaturedSpace: max memory 932184064, total allocated 87556096, free 53986408, used 33569688, increment 0
Sequential: max memory 932184064, total allocated 87556096, free 53986408, used 33569688, increment 0
Initial loss: 9.212438170058329
Time since start: 278.184
240: time = 0.421000 loss = 7.361373
Jackknife: leave bio_7 out
Making features
makeFeatures: max memory 932184064, total allocated 87556096, free 51741256, used 35814840, increment 2245152
Gustavia_santanderiensis_8 bio_7: 
Regularization values: linear/quadratic/product: 0.423, categorical: 0.250, threshold: 1.790, hinge: 0.500
21 samples
Density: max memory 932184064, total allocated 87556096, free 50950312, used 36605784, increment 790944
linearPredictor: max memory 932184064, total allocated 87556096, free 50950312, used 36605784, increment 0
FeaturedSpace: max memory 932184064, total allocated 87556096, free 50950312, used 36605784, increment 0
Sequential: max memory 932184064, total allocated 87556096, free 50950312, used 36605784, increment 0
Initial loss: 9.212438170058329
260: time = 0.432000 loss = 7.337278
Jackknife: leave bio_ai_et0 out
Making features
makeFeatures: max memory 932184064, total allocated 87556096, free 48635872, used 38920224, increment 2314440
Gustavia_santanderiensis_8 bio_ai_et0: 
Regularization values: linear/quadratic/product: 0.423, categorical: 0.250, threshold: 1.790, hinge: 0.500
21 samples
Density: max memory 932184064, total allocated 87556096, free 48555688, used 39000408, increment 80184
linearPredictor: max memory 932184064, total allocated 87556096, free 48475504, used 39080592, increment 80184
FeaturedSpace: max memory 932184064, total allocated 87556096, free 48475504, used 39080592, increment 0
Sequential: max memory 932184064, total allocated 87556096, free 48475504, used 39080592, increment 0
Initial loss: 9.212438170058329
260: time = 0.421000 loss = 7.337278
Jackknife: leave bio_et0_yr out
Making features
makeFeatures: max memory 932184064, total allocated 87556096, free 45599632, used 41956464, increment 2875872
Gustavia_santanderiensis_8 bio_et0_yr: 
Regularization values: linear/quadratic/product: 0.423, categorical: 0.250, threshold: 1.790, hinge: 0.500
21 samples
Density: max memory 932184064, total allocated 87556096, free 45519448, used 42036648, increment 80184
linearPredictor: max memory 932184064, total allocated 87556096, free 45439264, used 42116832, increment 80184
FeaturedSpace: max memory 932184064, total allocated 87556096, free 45439264, used 42116832, increment 0
Sequential: max memory 932184064, total allocated 87556096, free 45439264, used 42116832, increment 0
Initial loss: 9.212438170058329
Time since start: 279.504
260: time = 0.430000 loss = 7.337278
Jackknife: only bio_1
Making features
makeFeatures: max memory 932184064, total allocated 87556096, free 44648176, used 42907920, increment 791088
Gustavia_santanderiensis_8 bio_1: 
Regularization values: linear/quadratic/product: 0.423, categorical: 0.250, threshold: 1.790, hinge: 0.500
21 samples
Density: max memory 932184064, total allocated 87556096, free 44648176, used 42907920, increment 0
linearPredictor: max memory 932184064, total allocated 87556096, free 44648176, used 42907920, increment 0
FeaturedSpace: max memory 932184064, total allocated 87556096, free 44648176, used 42907920, increment 0
Sequential: max memory 932184064, total allocated 87556096, free 44648176, used 42907920, increment 0
Initial loss: 9.212438170058329
100: time = 0.354000 loss = 8.799681
Res.gain: 0.41275753998994347
Jackknife: only bio_10
Making features
makeFeatures: max memory 932184064, total allocated 87556096, free 44567992, used 42988104, increment 80184
Gustavia_santanderiensis_8 bio_10: 
Regularization values: linear/quadratic/product: 0.423, categorical: 0.250, threshold: 1.790, hinge: 0.500
21 samples
Density: max memory 932184064, total allocated 87556096, free 44487808, used 43068288, increment 80184
linearPredictor: max memory 932184064, total allocated 87556096, free 44407624, used 43148472, increment 80184
FeaturedSpace: max memory 932184064, total allocated 87556096, free 44407624, used 43148472, increment 0
Sequential: max memory 932184064, total allocated 87556096, free 44407624, used 43148472, increment 0
Initial loss: 9.212438170058329
100: time = 0.293000 loss = 8.835506
Res.gain: 0.3769318046755945
Jackknife: only bio_11
Making features
makeFeatures: max memory 932184064, total allocated 87556096, free 43616560, used 43939536, increment 791064
Gustavia_santanderiensis_8 bio_11: 
Regularization values: linear/quadratic/product: 0.423, categorical: 0.250, threshold: 1.790, hinge: 0.500
21 samples
Density: max memory 932184064, total allocated 87556096, free 43616560, used 43939536, increment 0
linearPredictor: max memory 932184064, total allocated 87556096, free 43616560, used 43939536, increment 0
FeaturedSpace: max memory 932184064, total allocated 87556096, free 43616560, used 43939536, increment 0
Sequential: max memory 932184064, total allocated 87556096, free 43616560, used 43939536, increment 0
Initial loss: 9.212438170058329
Time since start: 280.522
100: time = 0.360000 loss = 8.817069
Res.gain: 0.39536880308129163
Jackknife: only bio_12
Making features
makeFeatures: max memory 932184064, total allocated 87556096, free 43616560, used 43939536, increment 0
Gustavia_santanderiensis_8 bio_12: 
Regularization values: linear/quadratic/product: 0.423, categorical: 0.250, threshold: 1.790, hinge: 0.500
21 samples
Density: max memory 932184064, total allocated 87556096, free 43616560, used 43939536, increment 0
linearPredictor: max memory 932184064, total allocated 87556096, free 43616560, used 43939536, increment 0
FeaturedSpace: max memory 932184064, total allocated 87556096, free 43616560, used 43939536, increment 0
Sequential: max memory 932184064, total allocated 87556096, free 43616560, used 43939536, increment 0
Initial loss: 9.212438170058329
60: time = 0.218000 loss = 9.085863
Res.gain: 0.12657564100114627
Jackknife: only bio_13
Making features
makeFeatures: max memory 932184064, total allocated 87556096, free 42825496, used 44730600, increment 791064
Gustavia_santanderiensis_8 bio_13: 
Regularization values: linear/quadratic/product: 0.423, categorical: 0.250, threshold: 1.790, hinge: 0.500
21 samples
Density: max memory 932184064, total allocated 87556096, free 42825496, used 44730600, increment 0
linearPredictor: max memory 932184064, total allocated 87556096, free 42825496, used 44730600, increment 0
FeaturedSpace: max memory 932184064, total allocated 87556096, free 42825496, used 44730600, increment 0
Sequential: max memory 932184064, total allocated 87556096, free 42825496, used 44730600, increment 0
Initial loss: 9.212438170058329
60: time = 0.245000 loss = 9.188630
Res.gain: 0.02380798024271158
Jackknife: only bio_14
Making features
makeFeatures: max memory 932184064, total allocated 87556096, free 42825496, used 44730600, increment 0
Gustavia_santanderiensis_8 bio_14: 
Regularization values: linear/quadratic/product: 0.423, categorical: 0.250, threshold: 1.790, hinge: 0.500
21 samples
Density: max memory 932184064, total allocated 87556096, free 42825496, used 44730600, increment 0
linearPredictor: max memory 932184064, total allocated 87556096, free 42825496, used 44730600, increment 0
FeaturedSpace: max memory 932184064, total allocated 87556096, free 42825496, used 44730600, increment 0
Sequential: max memory 932184064, total allocated 87556096, free 42825496, used 44730600, increment 0
Initial loss: 9.212438170058329
60: time = 0.193000 loss = 8.998777
Res.gain: 0.21366094233704658
Jackknife: only bio_15
Making features
makeFeatures: max memory 932184064, total allocated 87556096, free 41954368, used 45601728, increment 871128
Gustavia_santanderiensis_8 bio_15: 
Regularization values: linear/quadratic/product: 0.423, categorical: 0.250, threshold: 1.790, hinge: 0.500
21 samples
Density: max memory 932184064, total allocated 87556096, free 41954368, used 45601728, increment 0
linearPredictor: max memory 932184064, total allocated 87556096, free 41954368, used 45601728, increment 0
FeaturedSpace: max memory 932184064, total allocated 87556096, free 41954368, used 45601728, increment 0
Sequential: max memory 932184064, total allocated 87556096, free 41954368, used 45601728, increment 0
Initial loss: 9.212438170058329
60: time = 0.211000 loss = 8.955564
Res.gain: 0.2568744673280836
Jackknife: only bio_16
Making features
makeFeatures: max memory 932184064, total allocated 87556096, free 41954368, used 45601728, increment 0
Gustavia_santanderiensis_8 bio_16: 
Regularization values: linear/quadratic/product: 0.423, categorical: 0.250, threshold: 1.790, hinge: 0.500
21 samples
Density: max memory 932184064, total allocated 87556096, free 41954368, used 45601728, increment 0
linearPredictor: max memory 932184064, total allocated 87556096, free 41954368, used 45601728, increment 0
FeaturedSpace: max memory 932184064, total allocated 87556096, free 41954368, used 45601728, increment 0
Sequential: max memory 932184064, total allocated 87556096, free 41954368, used 45601728, increment 0
Initial loss: 9.212438170058329
Time since start: 281.611
60: time = 0.207000 loss = 9.179067
Res.gain: 0.03337114170176925
Jackknife: only bio_17
Making features
makeFeatures: max memory 932184064, total allocated 87556096, free 41874184, used 45681912, increment 80184
Gustavia_santanderiensis_8 bio_17: 
Regularization values: linear/quadratic/product: 0.423, categorical: 0.250, threshold: 1.790, hinge: 0.500
21 samples
Density: max memory 932184064, total allocated 87556096, free 41794000, used 45762096, increment 80184
linearPredictor: max memory 932184064, total allocated 87556096, free 41713816, used 45842280, increment 80184
FeaturedSpace: max memory 932184064, total allocated 87556096, free 41713816, used 45842280, increment 0
Sequential: max memory 932184064, total allocated 87556096, free 41713816, used 45842280, increment 0
Initial loss: 9.212438170058329
60: time = 0.189000 loss = 8.734356
Res.gain: 0.47808241547423336
Jackknife: only bio_2
Making features
makeFeatures: max memory 932184064, total allocated 87556096, free 40922752, used 46633344, increment 791064
Gustavia_santanderiensis_8 bio_2: 
Regularization values: linear/quadratic/product: 0.423, categorical: 0.250, threshold: 1.790, hinge: 0.500
21 samples
Density: max memory 932184064, total allocated 87556096, free 40922752, used 46633344, increment 0
linearPredictor: max memory 932184064, total allocated 87556096, free 40922752, used 46633344, increment 0
FeaturedSpace: max memory 932184064, total allocated 87556096, free 40922752, used 46633344, increment 0
Sequential: max memory 932184064, total allocated 87556096, free 40922752, used 46633344, increment 0
Initial loss: 9.212438170058329
60: time = 0.221000 loss = 9.132219
Res.gain: 0.08021932474348681
Jackknife: only bio_3
Making features
makeFeatures: max memory 932184064, total allocated 87556096, free 40922752, used 46633344, increment 0
Gustavia_santanderiensis_8 bio_3: 
Regularization values: linear/quadratic/product: 0.423, categorical: 0.250, threshold: 1.790, hinge: 0.500
21 samples
Density: max memory 932184064, total allocated 87556096, free 40922752, used 46633344, increment 0
linearPredictor: max memory 932184064, total allocated 87556096, free 40922752, used 46633344, increment 0
FeaturedSpace: max memory 932184064, total allocated 87556096, free 40922752, used 46633344, increment 0
Sequential: max memory 932184064, total allocated 87556096, free 40922752, used 46633344, increment 0
Initial loss: 9.212438170058329
60: time = 0.205000 loss = 9.127937
Res.gain: 0.08450144931709147
Jackknife: only bio_4
Making features
makeFeatures: max memory 932184064, total allocated 87556096, free 40762384, used 46793712, increment 160368
Gustavia_santanderiensis_8 bio_4: 
Regularization values: linear/quadratic/product: 0.423, categorical: 0.250, threshold: 1.790, hinge: 0.500
21 samples
Density: max memory 932184064, total allocated 87556096, free 40682200, used 46873896, increment 80184
linearPredictor: max memory 932184064, total allocated 87556096, free 40602016, used 46954080, increment 80184
FeaturedSpace: max memory 932184064, total allocated 87556096, free 40602016, used 46954080, increment 0
Sequential: max memory 932184064, total allocated 87556096, free 40602016, used 46954080, increment 0
Initial loss: 9.212438170058329
60: time = 0.224000 loss = 9.210002
Res.gain: 0.002435946813342582
Jackknife: only bio_5
Making features
makeFeatures: max memory 932184064, total allocated 87556096, free 39811024, used 47745072, increment 790992
Gustavia_santanderiensis_8 bio_5: 
Regularization values: linear/quadratic/product: 0.423, categorical: 0.250, threshold: 1.790, hinge: 0.500
21 samples
Density: max memory 932184064, total allocated 87556096, free 39811024, used 47745072, increment 0
linearPredictor: max memory 932184064, total allocated 87556096, free 39811024, used 47745072, increment 0
FeaturedSpace: max memory 932184064, total allocated 87556096, free 39811024, used 47745072, increment 0
Sequential: max memory 932184064, total allocated 87556096, free 39811024, used 47745072, increment 0
Initial loss: 9.212438170058329
Time since start: 282.834
100: time = 0.369000 loss = 8.841773
Res.gain: 0.37066547502086955
Jackknife: only bio_6
Making features
makeFeatures: max memory 932184064, total allocated 87556096, free 39811024, used 47745072, increment 0
Gustavia_santanderiensis_8 bio_6: 
Regularization values: linear/quadratic/product: 0.423, categorical: 0.250, threshold: 1.790, hinge: 0.500
21 samples
Density: max memory 932184064, total allocated 87556096, free 39811024, used 47745072, increment 0
linearPredictor: max memory 932184064, total allocated 87556096, free 39811024, used 47745072, increment 0
FeaturedSpace: max memory 932184064, total allocated 87556096, free 39811024, used 47745072, increment 0
Sequential: max memory 932184064, total allocated 87556096, free 39811024, used 47745072, increment 0
Initial loss: 9.212438170058329
100: time = 0.346000 loss = 8.767538
Res.gain: 0.4449005397710639
Jackknife: only bio_7
Making features
makeFeatures: max memory 932184064, total allocated 87556096, free 39020032, used 48536064, increment 790992
Gustavia_santanderiensis_8 bio_7: 
Regularization values: linear/quadratic/product: 0.423, categorical: 0.250, threshold: 1.790, hinge: 0.500
21 samples
Density: max memory 932184064, total allocated 87556096, free 39020032, used 48536064, increment 0
linearPredictor: max memory 932184064, total allocated 87556096, free 39020032, used 48536064, increment 0
FeaturedSpace: max memory 932184064, total allocated 87556096, free 39020032, used 48536064, increment 0
Sequential: max memory 932184064, total allocated 87556096, free 39020032, used 48536064, increment 0
Initial loss: 9.212438170058329
60: time = 0.259000 loss = 9.209642
Res.gain: 0.002796364622984271
Jackknife: only bio_ai_et0
Making features
makeFeatures: max memory 932184064, total allocated 87556096, free 39020032, used 48536064, increment 0
Gustavia_santanderiensis_8 bio_ai_et0: 
Regularization values: linear/quadratic/product: 0.423, categorical: 0.250, threshold: 1.790, hinge: 0.500
21 samples
Density: max memory 932184064, total allocated 87556096, free 39020032, used 48536064, increment 0
linearPredictor: max memory 932184064, total allocated 87556096, free 39020032, used 48536064, increment 0
FeaturedSpace: max memory 932184064, total allocated 87556096, free 39020032, used 48536064, increment 0
Sequential: max memory 932184064, total allocated 87556096, free 39020032, used 48536064, increment 0
Initial loss: 9.212438170058329
60: time = 0.241000 loss = 9.152037
Res.gain: 0.060401622055813675
Jackknife: only bio_et0_yr
Making features
makeFeatures: max memory 932184064, total allocated 87556096, free 38229056, used 49327040, increment 790976
Gustavia_santanderiensis_8 bio_et0_yr: 
Regularization values: linear/quadratic/product: 0.423, categorical: 0.250, threshold: 1.790, hinge: 0.500
21 samples
Density: max memory 932184064, total allocated 87556096, free 38229056, used 49327040, increment 0
linearPredictor: max memory 932184064, total allocated 87556096, free 38229056, used 49327040, increment 0
FeaturedSpace: max memory 932184064, total allocated 87556096, free 38229056, used 49327040, increment 0
Sequential: max memory 932184064, total allocated 87556096, free 38229056, used 49327040, increment 0
Initial loss: 9.212438170058329
Time since start: 283.885
120: time = 0.192000 loss = 9.132911
Res.gain: 0.07952746060738214
getSamples: max memory 932184064, total allocated 87556096, free 33592400, used 53963696, increment 4636656
Making features
makeFeatures: max memory 932184064, total allocated 87556096, free 69756904, used 17799192, increment -36164504
Gustavia_santanderiensis_9: 
Regularization values: linear/quadratic/product: 0.423, categorical: 0.250, threshold: 1.790, hinge: 0.500
21 samples
Density: max memory 932184064, total allocated 87556096, free 69676728, used 17879368, increment 80176
linearPredictor: max memory 932184064, total allocated 87556096, free 69596552, used 17959544, increment 80176
FeaturedSpace: max memory 932184064, total allocated 87556096, free 69596552, used 17959544, increment 0
Sequential: max memory 932184064, total allocated 87556096, free 69596552, used 17959544, increment 0
Initial loss: 9.212338374638856
340: time = 0.548000 loss = 7.430748
Resulting gain: 1.7815903045599617
Projecting...
Time since start: 285.002
Writing file C:\Users\Camila\Desktop\Modelo opc3\Final_Models\M_2_F_lq_Set_1\Gustavia_santanderiensis_9.asc
Time since start: 287.03
Writing C:\Users\Camila\Desktop\Modelo opc3\Final_Models\M_2_F_lq_Set_1\plots\Gustavia_santanderiensis_9.png
Gustavia_santanderiensis_9 response curves
Time since start: 290.812
Response curve: only bio_1
Making features
makeFeatures: max memory 932184064, total allocated 90701824, free 36422184, used 54279640, increment 36320096
Gustavia_santanderiensis_9 bio_1: 
Regularization values: linear/quadratic/product: 0.423, categorical: 0.250, threshold: 1.790, hinge: 0.500
21 samples
Density: max memory 932184064, total allocated 90701824, free 36342008, used 54359816, increment 80176
linearPredictor: max memory 932184064, total allocated 90701824, free 36261832, used 54439992, increment 80176
FeaturedSpace: max memory 932184064, total allocated 90701824, free 36261832, used 54439992, increment 0
Sequential: max memory 932184064, total allocated 90701824, free 36261832, used 54439992, increment 0
Initial loss: 9.212338374638856
100: time = 0.696000 loss = 8.808223
Resulting gain: 0.4041152495710154
Gustavia_santanderiensis_9 response curves
Response curve: only bio_10
Making features
makeFeatures: max memory 932184064, total allocated 90701824, free 31945024, used 58756800, increment 4316808
Gustavia_santanderiensis_9 bio_10: 
Regularization values: linear/quadratic/product: 0.423, categorical: 0.250, threshold: 1.790, hinge: 0.500
21 samples
Density: max memory 932184064, total allocated 90701824, free 31864848, used 58836976, increment 80176
linearPredictor: max memory 932184064, total allocated 90701824, free 31784672, used 58917152, increment 80176
FeaturedSpace: max memory 932184064, total allocated 90701824, free 31784672, used 58917152, increment 0
Sequential: max memory 932184064, total allocated 90701824, free 31784672, used 58917152, increment 0
Initial loss: 9.212338374638856
Time since start: 292.146
100: time = 0.391000 loss = 8.839934
Resulting gain: 0.372404728947771
Gustavia_santanderiensis_9 response curves
Response curve: only bio_11
Making features
makeFeatures: max memory 932184064, total allocated 90701824, free 27550336, used 63151488, increment 4234336
Gustavia_santanderiensis_9 bio_11: 
Regularization values: linear/quadratic/product: 0.423, categorical: 0.250, threshold: 1.790, hinge: 0.500
21 samples
Density: max memory 932184064, total allocated 90701824, free 26733000, used 63968824, increment 817336
linearPredictor: max memory 932184064, total allocated 90701824, free 26733000, used 63968824, increment 0
FeaturedSpace: max memory 932184064, total allocated 90701824, free 26733000, used 63968824, increment 0
Sequential: max memory 932184064, total allocated 90701824, free 26733000, used 63968824, increment 0
Initial loss: 9.212338374638856
100: time = 0.334000 loss = 8.825170
Resulting gain: 0.3871679889001971
Gustavia_santanderiensis_9 response curves
Response curve: only bio_12
Making features
makeFeatures: max memory 932184064, total allocated 91226112, free 64073480, used 27152632, increment -36816192
Gustavia_santanderiensis_9 bio_12: 
Regularization values: linear/quadratic/product: 0.423, categorical: 0.250, threshold: 1.790, hinge: 0.500
21 samples
Density: max memory 932184064, total allocated 91226112, free 64073480, used 27152632, increment 0
linearPredictor: max memory 932184064, total allocated 91226112, free 63993304, used 27232808, increment 80176
FeaturedSpace: max memory 932184064, total allocated 91226112, free 63993304, used 27232808, increment 0
Sequential: max memory 932184064, total allocated 91226112, free 63993304, used 27232808, increment 0
Initial loss: 9.212338374638856
60: time = 0.265000 loss = 9.119912
Resulting gain: 0.092426859305764
Gustavia_santanderiensis_9 response curves
Time since start: 293.229
Response curve: only bio_13
Making features
makeFeatures: max memory 932184064, total allocated 91226112, free 59761192, used 31464920, increment 4232112
Gustavia_santanderiensis_9 bio_13: 
Regularization values: linear/quadratic/product: 0.423, categorical: 0.250, threshold: 1.790, hinge: 0.500
21 samples
Density: max memory 932184064, total allocated 91226112, free 59681016, used 31545096, increment 80176
linearPredictor: max memory 932184064, total allocated 91226112, free 59600840, used 31625272, increment 80176
FeaturedSpace: max memory 932184064, total allocated 91226112, free 59600840, used 31625272, increment 0
Sequential: max memory 932184064, total allocated 91226112, free 59600840, used 31625272, increment 0
Initial loss: 9.212338374638856
60: time = 0.574000 loss = 9.196886
Resulting gain: 0.015452760555321632
Gustavia_santanderiensis_9 response curves
Response curve: only bio_14
Making features
makeFeatures: max memory 932184064, total allocated 91226112, free 55368712, used 35857400, increment 4232128
Gustavia_santanderiensis_9 bio_14: 
Regularization values: linear/quadratic/product: 0.423, categorical: 0.250, threshold: 1.790, hinge: 0.500
21 samples
Density: max memory 932184064, total allocated 91226112, free 55288536, used 35937576, increment 80176
linearPredictor: max memory 932184064, total allocated 91226112, free 55208360, used 36017752, increment 80176
FeaturedSpace: max memory 932184064, total allocated 91226112, free 55208360, used 36017752, increment 0
Sequential: max memory 932184064, total allocated 91226112, free 55208360, used 36017752, increment 0
Initial loss: 9.212338374638856
Time since start: 294.322
60: time = 0.222000 loss = 9.012117
Resulting gain: 0.2002216071497429
Gustavia_santanderiensis_9 response curves
Response curve: only bio_15
Making features
makeFeatures: max memory 932184064, total allocated 91226112, free 50975640, used 40250472, increment 4232720
Gustavia_santanderiensis_9 bio_15: 
Regularization values: linear/quadratic/product: 0.423, categorical: 0.250, threshold: 1.790, hinge: 0.500
21 samples
Density: max memory 932184064, total allocated 91226112, free 50895464, used 40330648, increment 80176
linearPredictor: max memory 932184064, total allocated 91226112, free 50815288, used 40410824, increment 80176
FeaturedSpace: max memory 932184064, total allocated 91226112, free 50815288, used 40410824, increment 0
Sequential: max memory 932184064, total allocated 91226112, free 50815288, used 40410824, increment 0
Initial loss: 9.212338374638856
60: time = 0.220000 loss = 8.966026
Resulting gain: 0.2463125319634365
Gustavia_santanderiensis_9 response curves
Response curve: only bio_16
Making features
makeFeatures: max memory 932184064, total allocated 91226112, free 46583184, used 44642928, increment 4232104
Gustavia_santanderiensis_9 bio_16: 
Regularization values: linear/quadratic/product: 0.423, categorical: 0.250, threshold: 1.790, hinge: 0.500
21 samples
Density: max memory 932184064, total allocated 91226112, free 46503008, used 44723104, increment 80176
linearPredictor: max memory 932184064, total allocated 91226112, free 46422832, used 44803280, increment 80176
FeaturedSpace: max memory 932184064, total allocated 91226112, free 46422832, used 44803280, increment 0
Sequential: max memory 932184064, total allocated 91226112, free 46422832, used 44803280, increment 0
Initial loss: 9.212338374638856
60: time = 0.223000 loss = 9.188842
Resulting gain: 0.02349602376804505
Gustavia_santanderiensis_9 response curves
Response curve: only bio_17
Making features
makeFeatures: max memory 932184064, total allocated 91226112, free 42190632, used 49035480, increment 4232200
Gustavia_santanderiensis_9 bio_17: 
Regularization values: linear/quadratic/product: 0.423, categorical: 0.250, threshold: 1.790, hinge: 0.500
21 samples
Density: max memory 932184064, total allocated 91226112, free 42110456, used 49115656, increment 80176
linearPredictor: max memory 932184064, total allocated 91226112, free 42030280, used 49195832, increment 80176
FeaturedSpace: max memory 932184064, total allocated 91226112, free 42030280, used 49195832, increment 0
Sequential: max memory 932184064, total allocated 91226112, free 42030280, used 49195832, increment 0
Initial loss: 9.212338374638856
Time since start: 295.458
120: time = 0.194000 loss = 8.798299
Resulting gain: 0.4140391862110864
Gustavia_santanderiensis_9 response curves
Response curve: only bio_2
Making features
makeFeatures: max memory 932184064, total allocated 91226112, free 37798080, used 53428032, increment 4232200
Gustavia_santanderiensis_9 bio_2: 
Regularization values: linear/quadratic/product: 0.423, categorical: 0.250, threshold: 1.790, hinge: 0.500
21 samples
Density: max memory 932184064, total allocated 91226112, free 37717904, used 53508208, increment 80176
linearPredictor: max memory 932184064, total allocated 91226112, free 37637728, used 53588384, increment 80176
FeaturedSpace: max memory 932184064, total allocated 91226112, free 37637728, used 53588384, increment 0
Sequential: max memory 932184064, total allocated 91226112, free 37637728, used 53588384, increment 0
Initial loss: 9.212338374638856
60: time = 0.211000 loss = 9.126687
Resulting gain: 0.08565159318109927
Gustavia_santanderiensis_9 response curves
Response curve: only bio_3
Making features
makeFeatures: max memory 932184064, total allocated 91226112, free 33405592, used 57820520, increment 4232136
Gustavia_santanderiensis_9 bio_3: 
Regularization values: linear/quadratic/product: 0.423, categorical: 0.250, threshold: 1.790, hinge: 0.500
21 samples
Density: max memory 932184064, total allocated 91226112, free 32609432, used 58616680, increment 796160
linearPredictor: max memory 932184064, total allocated 91226112, free 32609432, used 58616680, increment 0
FeaturedSpace: max memory 932184064, total allocated 91226112, free 32609432, used 58616680, increment 0
Sequential: max memory 932184064, total allocated 91226112, free 32609432, used 58616680, increment 0
Initial loss: 9.212338374638856
60: time = 0.206000 loss = 9.164408
Resulting gain: 0.047930776839512745
Gustavia_santanderiensis_9 response curves
Response curve: only bio_4
Making features
makeFeatures: max memory 932184064, total allocated 91226112, free 28456672, used 62769440, increment 4152760
Gustavia_santanderiensis_9 bio_4: 
Regularization values: linear/quadratic/product: 0.423, categorical: 0.250, threshold: 1.790, hinge: 0.500
21 samples
Density: max memory 932184064, total allocated 91226112, free 28456672, used 62769440, increment 0
linearPredictor: max memory 932184064, total allocated 91226112, free 28456672, used 62769440, increment 0
FeaturedSpace: max memory 932184064, total allocated 91226112, free 28456672, used 62769440, increment 0
Sequential: max memory 932184064, total allocated 91226112, free 28456672, used 62769440, increment 0
Initial loss: 9.212338374638856
Time since start: 296.995
60: time = 0.698000 loss = 9.211888
Resulting gain: 4.5057872039677704E-4
Gustavia_santanderiensis_9 response curves
Response curve: only bio_5
Making features
makeFeatures: max memory 932184064, total allocated 88080384, free 61926480, used 26153904, increment -36615536
Gustavia_santanderiensis_9 bio_5: 
Regularization values: linear/quadratic/product: 0.423, categorical: 0.250, threshold: 1.790, hinge: 0.500
21 samples
Density: max memory 932184064, total allocated 88080384, free 61926480, used 26153904, increment 0
linearPredictor: max memory 932184064, total allocated 88080384, free 61926480, used 26153904, increment 0
FeaturedSpace: max memory 932184064, total allocated 88080384, free 61926480, used 26153904, increment 0
Sequential: max memory 932184064, total allocated 88080384, free 61926480, used 26153904, increment 0
Initial loss: 9.212338374638856
80: time = 0.284000 loss = 8.839145
Resulting gain: 0.3731936224267436
Gustavia_santanderiensis_9 response curves
Response curve: only bio_6
Making features
makeFeatures: max memory 932184064, total allocated 88080384, free 57778792, used 30301592, increment 4147688
Gustavia_santanderiensis_9 bio_6: 
Regularization values: linear/quadratic/product: 0.423, categorical: 0.250, threshold: 1.790, hinge: 0.500
21 samples
Density: max memory 932184064, total allocated 88080384, free 57698616, used 30381768, increment 80176
linearPredictor: max memory 932184064, total allocated 88080384, free 57618440, used 30461944, increment 80176
FeaturedSpace: max memory 932184064, total allocated 88080384, free 57618440, used 30461944, increment 0
Sequential: max memory 932184064, total allocated 88080384, free 57618440, used 30461944, increment 0
Initial loss: 9.212338374638856
100: time = 0.385000 loss = 8.795434
Resulting gain: 0.41690419780624133
Gustavia_santanderiensis_9 response curves
Time since start: 298.137
Response curve: only bio_7
Making features
makeFeatures: max memory 932184064, total allocated 88080384, free 52775816, used 35304568, increment 4842624
Gustavia_santanderiensis_9 bio_7: 
Regularization values: linear/quadratic/product: 0.423, categorical: 0.250, threshold: 1.790, hinge: 0.500
21 samples
Density: max memory 932184064, total allocated 88080384, free 52775816, used 35304568, increment 0
linearPredictor: max memory 932184064, total allocated 88080384, free 52775816, used 35304568, increment 0
FeaturedSpace: max memory 932184064, total allocated 88080384, free 52775816, used 35304568, increment 0
Sequential: max memory 932184064, total allocated 88080384, free 52775816, used 35304568, increment 0
Initial loss: 9.212338374638856
60: time = 0.790000 loss = 9.205470
Resulting gain: 0.006868259403063348
Gustavia_santanderiensis_9 response curves
Response curve: only bio_ai_et0
Making features
makeFeatures: max memory 932184064, total allocated 88080384, free 48593080, used 39487304, increment 4182736
Gustavia_santanderiensis_9 bio_ai_et0: 
Regularization values: linear/quadratic/product: 0.423, categorical: 0.250, threshold: 1.790, hinge: 0.500
21 samples
Density: max memory 932184064, total allocated 88080384, free 48593080, used 39487304, increment 0
linearPredictor: max memory 932184064, total allocated 88080384, free 48593080, used 39487304, increment 0
FeaturedSpace: max memory 932184064, total allocated 88080384, free 48593080, used 39487304, increment 0
Sequential: max memory 932184064, total allocated 88080384, free 48593080, used 39487304, increment 0
Initial loss: 9.212338374638856
Time since start: 299.32
60: time = 0.234000 loss = 9.175224
Resulting gain: 0.03711466716233858
Gustavia_santanderiensis_9 response curves
Response curve: only bio_et0_yr
Making features
makeFeatures: max memory 932184064, total allocated 88080384, free 44445360, used 43635024, increment 4147720
Gustavia_santanderiensis_9 bio_et0_yr: 
Regularization values: linear/quadratic/product: 0.423, categorical: 0.250, threshold: 1.790, hinge: 0.500
21 samples
Density: max memory 932184064, total allocated 88080384, free 44365184, used 43715200, increment 80176
linearPredictor: max memory 932184064, total allocated 88080384, free 44285008, used 43795376, increment 80176
FeaturedSpace: max memory 932184064, total allocated 88080384, free 44285008, used 43795376, increment 0
Sequential: max memory 932184064, total allocated 88080384, free 44285008, used 43795376, increment 0
Initial loss: 9.212338374638856
140: time = 0.212000 loss = 9.111006
Resulting gain: 0.10133225440148763
Gustavia_santanderiensis_9 response curves
Time since start: 300.469
Jackknife: leave bio_1 out
Making features
makeFeatures: max memory 932184064, total allocated 82313216, free 54058440, used 28254776, increment -15540600
Gustavia_santanderiensis_9 bio_1: 
Regularization values: linear/quadratic/product: 0.423, categorical: 0.250, threshold: 1.790, hinge: 0.500
21 samples
Density: max memory 932184064, total allocated 82313216, free 53978264, used 28334952, increment 80176
linearPredictor: max memory 932184064, total allocated 82313216, free 53898088, used 28415128, increment 80176
FeaturedSpace: max memory 932184064, total allocated 82313216, free 53898088, used 28415128, increment 0
Sequential: max memory 932184064, total allocated 82313216, free 53898088, used 28415128, increment 0
Initial loss: 9.212338374638856
300: time = 0.479000 loss = 7.430748
Jackknife: leave bio_10 out
Making features
makeFeatures: max memory 932184064, total allocated 82313216, free 50950896, used 31362320, increment 2947192
Gustavia_santanderiensis_9 bio_10: 
Regularization values: linear/quadratic/product: 0.423, categorical: 0.250, threshold: 1.790, hinge: 0.500
21 samples
Density: max memory 932184064, total allocated 82313216, free 50870720, used 31442496, increment 80176
linearPredictor: max memory 932184064, total allocated 82313216, free 50790544, used 31522672, increment 80176
FeaturedSpace: max memory 932184064, total allocated 82313216, free 50790544, used 31522672, increment 0
Sequential: max memory 932184064, total allocated 82313216, free 50790544, used 31522672, increment 0
Initial loss: 9.212338374638856
Time since start: 301.914
280: time = 0.946000 loss = 7.430752
Jackknife: leave bio_11 out
Making features
makeFeatures: max memory 932184064, total allocated 82313216, free 47923536, used 34389680, increment 2867008
Gustavia_santanderiensis_9 bio_11: 
Regularization values: linear/quadratic/product: 0.423, categorical: 0.250, threshold: 1.790, hinge: 0.500
21 samples
Density: max memory 932184064, total allocated 82313216, free 47221296, used 35091920, increment 702240
linearPredictor: max memory 932184064, total allocated 82313216, free 47221296, used 35091920, increment 0
FeaturedSpace: max memory 932184064, total allocated 82313216, free 47221296, used 35091920, increment 0
Sequential: max memory 932184064, total allocated 82313216, free 47221296, used 35091920, increment 0
Initial loss: 9.212338374638856
260: time = 0.491000 loss = 7.430748
Jackknife: leave bio_12 out
Making features
makeFeatures: max memory 932184064, total allocated 82313216, free 44816016, used 37497200, increment 2405280
Gustavia_santanderiensis_9 bio_12: 
Regularization values: linear/quadratic/product: 0.423, categorical: 0.250, threshold: 1.790, hinge: 0.500
21 samples
Density: max memory 932184064, total allocated 82313216, free 44735840, used 37577376, increment 80176
linearPredictor: max memory 932184064, total allocated 82313216, free 44655664, used 37657552, increment 80176
FeaturedSpace: max memory 932184064, total allocated 82313216, free 44655664, used 37657552, increment 0
Sequential: max memory 932184064, total allocated 82313216, free 44655664, used 37657552, increment 0
Initial loss: 9.212338374638856
Time since start: 302.998
300: time = 0.565000 loss = 7.430749
Jackknife: leave bio_13 out
Making features
makeFeatures: max memory 932184064, total allocated 82313216, free 41727792, used 40585424, increment 2927872
Gustavia_santanderiensis_9 bio_13: 
Regularization values: linear/quadratic/product: 0.423, categorical: 0.250, threshold: 1.790, hinge: 0.500
21 samples
Density: max memory 932184064, total allocated 82313216, free 41647616, used 40665600, increment 80176
linearPredictor: max memory 932184064, total allocated 82313216, free 41567440, used 40745776, increment 80176
FeaturedSpace: max memory 932184064, total allocated 82313216, free 41567440, used 40745776, increment 0
Sequential: max memory 932184064, total allocated 82313216, free 41567440, used 40745776, increment 0
Initial loss: 9.212338374638856
220: time = 0.386000 loss = 7.430872
Jackknife: leave bio_14 out
Making features
makeFeatures: max memory 932184064, total allocated 82313216, free 38700304, used 43612912, increment 2867136
Gustavia_santanderiensis_9 bio_14: 
Regularization values: linear/quadratic/product: 0.423, categorical: 0.250, threshold: 1.790, hinge: 0.500
21 samples
Density: max memory 932184064, total allocated 82313216, free 38620128, used 43693088, increment 80176
linearPredictor: max memory 932184064, total allocated 82313216, free 38539952, used 43773264, increment 80176
FeaturedSpace: max memory 932184064, total allocated 82313216, free 38539952, used 43773264, increment 0
Sequential: max memory 932184064, total allocated 82313216, free 38539952, used 43773264, increment 0
Initial loss: 9.212338374638856
300: time = 0.467000 loss = 7.430748
Jackknife: leave bio_15 out
Making features
makeFeatures: max memory 932184064, total allocated 82313216, free 35612080, used 46701136, increment 2927872
Gustavia_santanderiensis_9 bio_15: 
Regularization values: linear/quadratic/product: 0.423, categorical: 0.250, threshold: 1.790, hinge: 0.500
21 samples
Density: max memory 932184064, total allocated 82313216, free 35531904, used 46781312, increment 80176
linearPredictor: max memory 932184064, total allocated 82313216, free 35451728, used 46861488, increment 80176
FeaturedSpace: max memory 932184064, total allocated 82313216, free 35451728, used 46861488, increment 0
Sequential: max memory 932184064, total allocated 82313216, free 35451728, used 46861488, increment 0
Initial loss: 9.212338374638856
Time since start: 304.406
340: time = 0.514000 loss = 7.582113
Jackknife: leave bio_16 out
Making features
makeFeatures: max memory 932184064, total allocated 82313216, free 32504416, used 49808800, increment 2947312
Gustavia_santanderiensis_9 bio_16: 
Regularization values: linear/quadratic/product: 0.423, categorical: 0.250, threshold: 1.790, hinge: 0.500
21 samples
Density: max memory 932184064, total allocated 82313216, free 31802176, used 50511040, increment 702240
linearPredictor: max memory 932184064, total allocated 82313216, free 31802176, used 50511040, increment 0
FeaturedSpace: max memory 932184064, total allocated 82313216, free 31802176, used 50511040, increment 0
Sequential: max memory 932184064, total allocated 82313216, free 31802176, used 50511040, increment 0
Initial loss: 9.212338374638856
340: time = 0.539000 loss = 7.430749
Jackknife: leave bio_17 out
Making features
makeFeatures: max memory 932184064, total allocated 82313216, free 29316720, used 52996496, increment 2485456
Gustavia_santanderiensis_9 bio_17: 
Regularization values: linear/quadratic/product: 0.423, categorical: 0.250, threshold: 1.790, hinge: 0.500
21 samples
Density: max memory 932184064, total allocated 82313216, free 29236544, used 53076672, increment 80176
linearPredictor: max memory 932184064, total allocated 82313216, free 29156368, used 53156848, increment 80176
FeaturedSpace: max memory 932184064, total allocated 82313216, free 29156368, used 53156848, increment 0
Sequential: max memory 932184064, total allocated 82313216, free 29156368, used 53156848, increment 0
Initial loss: 9.212338374638856
180: time = 0.337000 loss = 7.440043
Jackknife: leave bio_2 out
Making features
makeFeatures: max memory 932184064, total allocated 82313216, free 26369528, used 55943688, increment 2786840
Gustavia_santanderiensis_9 bio_2: 
Regularization values: linear/quadratic/product: 0.423, categorical: 0.250, threshold: 1.790, hinge: 0.500
21 samples
Density: max memory 932184064, total allocated 82313216, free 26289352, used 56023864, increment 80176
linearPredictor: max memory 932184064, total allocated 82313216, free 26209176, used 56104040, increment 80176
FeaturedSpace: max memory 932184064, total allocated 82313216, free 26209176, used 56104040, increment 0
Sequential: max memory 932184064, total allocated 82313216, free 26209176, used 56104040, increment 0
Initial loss: 9.212338374638856
Time since start: 305.944
400: time = 0.627000 loss = 7.430749
Jackknife: leave bio_3 out
Making features
makeFeatures: max memory 932184064, total allocated 82313216, free 23181800, used 59131416, increment 3027376
Gustavia_santanderiensis_9 bio_3: 
Regularization values: linear/quadratic/product: 0.423, categorical: 0.250, threshold: 1.790, hinge: 0.500
21 samples
Density: max memory 932184064, total allocated 85458944, free 58837272, used 26621672, increment -32509744
linearPredictor: max memory 932184064, total allocated 85458944, free 58145408, used 27313536, increment 691864
FeaturedSpace: max memory 932184064, total allocated 85458944, free 58145408, used 27313536, increment 0
Sequential: max memory 932184064, total allocated 85458944, free 58145408, used 27313536, increment 0
Initial loss: 9.212338374638856
260: time = 0.425000 loss = 7.446787
Jackknife: leave bio_4 out
Making features
makeFeatures: max memory 932184064, total allocated 85458944, free 55820304, used 29638640, increment 2325104
Gustavia_santanderiensis_9 bio_4: 
Regularization values: linear/quadratic/product: 0.423, categorical: 0.250, threshold: 1.790, hinge: 0.500
21 samples
Density: max memory 932184064, total allocated 85458944, free 55740128, used 29718816, increment 80176
linearPredictor: max memory 932184064, total allocated 85458944, free 55659952, used 29798992, increment 80176
FeaturedSpace: max memory 932184064, total allocated 85458944, free 55659952, used 29798992, increment 0
Sequential: max memory 932184064, total allocated 85458944, free 55659952, used 29798992, increment 0
Initial loss: 9.212338374638856
320: time = 0.505000 loss = 7.457188
Jackknife: leave bio_5 out
Making features
makeFeatures: max memory 932184064, total allocated 85458944, free 52723104, used 32735840, increment 2936848
Gustavia_santanderiensis_9 bio_5: 
Regularization values: linear/quadratic/product: 0.423, categorical: 0.250, threshold: 1.790, hinge: 0.500
21 samples
Density: max memory 932184064, total allocated 85458944, free 52642928, used 32816016, increment 80176
linearPredictor: max memory 932184064, total allocated 85458944, free 52562752, used 32896192, increment 80176
FeaturedSpace: max memory 932184064, total allocated 85458944, free 52562752, used 32896192, increment 0
Sequential: max memory 932184064, total allocated 85458944, free 52562752, used 32896192, increment 0
Initial loss: 9.212338374638856
Time since start: 307.341
260: time = 0.428000 loss = 7.436299
Jackknife: leave bio_6 out
Making features
makeFeatures: max memory 932184064, total allocated 85458944, free 49655576, used 35803368, increment 2907176
Gustavia_santanderiensis_9 bio_6: 
Regularization values: linear/quadratic/product: 0.423, categorical: 0.250, threshold: 1.790, hinge: 0.500
21 samples
Density: max memory 932184064, total allocated 85458944, free 49575400, used 35883544, increment 80176
linearPredictor: max memory 932184064, total allocated 85458944, free 49495224, used 35963720, increment 80176
FeaturedSpace: max memory 932184064, total allocated 85458944, free 49495224, used 35963720, increment 0
Sequential: max memory 932184064, total allocated 85458944, free 49495224, used 35963720, increment 0
Initial loss: 9.212338374638856
320: time = 0.522000 loss = 7.436506
Jackknife: leave bio_7 out
Making features
makeFeatures: max memory 932184064, total allocated 85458944, free 46558384, used 38900560, increment 2936840
Gustavia_santanderiensis_9 bio_7: 
Regularization values: linear/quadratic/product: 0.423, categorical: 0.250, threshold: 1.790, hinge: 0.500
21 samples
Density: max memory 932184064, total allocated 85458944, free 45866520, used 39592424, increment 691864
linearPredictor: max memory 932184064, total allocated 85458944, free 45866520, used 39592424, increment 0
FeaturedSpace: max memory 932184064, total allocated 85458944, free 45866520, used 39592424, increment 0
Sequential: max memory 932184064, total allocated 85458944, free 45866520, used 39592424, increment 0
Initial loss: 9.212338374638856
Time since start: 308.445
340: time = 0.558000 loss = 7.430751
Jackknife: leave bio_ai_et0 out
Making features
makeFeatures: max memory 932184064, total allocated 85458944, free 43381064, used 42077880, increment 2485456
Gustavia_santanderiensis_9 bio_ai_et0: 
Regularization values: linear/quadratic/product: 0.423, categorical: 0.250, threshold: 1.790, hinge: 0.500
21 samples
Density: max memory 932184064, total allocated 85458944, free 43300888, used 42158056, increment 80176
linearPredictor: max memory 932184064, total allocated 85458944, free 43220712, used 42238232, increment 80176
FeaturedSpace: max memory 932184064, total allocated 85458944, free 43220712, used 42238232, increment 0
Sequential: max memory 932184064, total allocated 85458944, free 43220712, used 42238232, increment 0
Initial loss: 9.212338374638856
360: time = 0.565000 loss = 7.430750
Jackknife: leave bio_et0_yr out
Making features
makeFeatures: max memory 932184064, total allocated 85458944, free 40203600, used 45255344, increment 3017112
Gustavia_santanderiensis_9 bio_et0_yr: 
Regularization values: linear/quadratic/product: 0.423, categorical: 0.250, threshold: 1.790, hinge: 0.500
21 samples
Density: max memory 932184064, total allocated 85458944, free 40123424, used 45335520, increment 80176
linearPredictor: max memory 932184064, total allocated 85458944, free 40043248, used 45415696, increment 80176
FeaturedSpace: max memory 932184064, total allocated 85458944, free 40043248, used 45415696, increment 0
Sequential: max memory 932184064, total allocated 85458944, free 40043248, used 45415696, increment 0
Initial loss: 9.212338374638856
Time since start: 309.551
320: time = 0.516000 loss = 7.430749
Jackknife: only bio_1
Making features
makeFeatures: max memory 932184064, total allocated 85458944, free 39351112, used 46107832, increment 692136
Gustavia_santanderiensis_9 bio_1: 
Regularization values: linear/quadratic/product: 0.423, categorical: 0.250, threshold: 1.790, hinge: 0.500
21 samples
Density: max memory 932184064, total allocated 85458944, free 39351112, used 46107832, increment 0
linearPredictor: max memory 932184064, total allocated 85458944, free 39351112, used 46107832, increment 0
FeaturedSpace: max memory 932184064, total allocated 85458944, free 39351112, used 46107832, increment 0
Sequential: max memory 932184064, total allocated 85458944, free 39351112, used 46107832, increment 0
Initial loss: 9.212338374638856
100: time = 0.299000 loss = 8.808223
Res.gain: 0.4041152495710154
Jackknife: only bio_10
Making features
makeFeatures: max memory 932184064, total allocated 85458944, free 38659192, used 46799752, increment 691920
Gustavia_santanderiensis_9 bio_10: 
Regularization values: linear/quadratic/product: 0.423, categorical: 0.250, threshold: 1.790, hinge: 0.500
21 samples
Density: max memory 932184064, total allocated 85458944, free 38659192, used 46799752, increment 0
linearPredictor: max memory 932184064, total allocated 85458944, free 38659192, used 46799752, increment 0
FeaturedSpace: max memory 932184064, total allocated 85458944, free 38659192, used 46799752, increment 0
Sequential: max memory 932184064, total allocated 85458944, free 38659192, used 46799752, increment 0
Initial loss: 9.212338374638856
100: time = 0.369000 loss = 8.839934
Res.gain: 0.372404728947771
Jackknife: only bio_11
Making features
makeFeatures: max memory 932184064, total allocated 85458944, free 38659192, used 46799752, increment 0
Gustavia_santanderiensis_9 bio_11: 
Regularization values: linear/quadratic/product: 0.423, categorical: 0.250, threshold: 1.790, hinge: 0.500
21 samples
Density: max memory 932184064, total allocated 85458944, free 38659192, used 46799752, increment 0
linearPredictor: max memory 932184064, total allocated 85458944, free 38579016, used 46879928, increment 80176
FeaturedSpace: max memory 932184064, total allocated 85458944, free 38579016, used 46879928, increment 0
Sequential: max memory 932184064, total allocated 85458944, free 38579016, used 46879928, increment 0
Initial loss: 9.212338374638856
100: time = 0.318000 loss = 8.825170
Res.gain: 0.3871679889001971
Jackknife: only bio_12
Making features
makeFeatures: max memory 932184064, total allocated 85458944, free 37887104, used 47571840, increment 691912
Gustavia_santanderiensis_9 bio_12: 
Regularization values: linear/quadratic/product: 0.423, categorical: 0.250, threshold: 1.790, hinge: 0.500
21 samples
Density: max memory 932184064, total allocated 85458944, free 37887104, used 47571840, increment 0
linearPredictor: max memory 932184064, total allocated 85458944, free 37887104, used 47571840, increment 0
FeaturedSpace: max memory 932184064, total allocated 85458944, free 37887104, used 47571840, increment 0
Sequential: max memory 932184064, total allocated 85458944, free 37887104, used 47571840, increment 0
Initial loss: 9.212338374638856
Time since start: 310.786
60: time = 0.235000 loss = 9.119912
Res.gain: 0.092426859305764
Jackknife: only bio_13
Making features
makeFeatures: max memory 932184064, total allocated 85458944, free 37887104, used 47571840, increment 0
Gustavia_santanderiensis_9 bio_13: 
Regularization values: linear/quadratic/product: 0.423, categorical: 0.250, threshold: 1.790, hinge: 0.500
21 samples
Density: max memory 932184064, total allocated 85458944, free 37887104, used 47571840, increment 0
linearPredictor: max memory 932184064, total allocated 85458944, free 37806928, used 47652016, increment 80176
FeaturedSpace: max memory 932184064, total allocated 85458944, free 37806928, used 47652016, increment 0
Sequential: max memory 932184064, total allocated 85458944, free 37806928, used 47652016, increment 0
Initial loss: 9.212338374638856
60: time = 0.219000 loss = 9.196886
Res.gain: 0.015452760555321632
Jackknife: only bio_14
Making features
makeFeatures: max memory 932184064, total allocated 85458944, free 37115032, used 48343912, increment 691896
Gustavia_santanderiensis_9 bio_14: 
Regularization values: linear/quadratic/product: 0.423, categorical: 0.250, threshold: 1.790, hinge: 0.500
21 samples
Density: max memory 932184064, total allocated 85458944, free 37115032, used 48343912, increment 0
linearPredictor: max memory 932184064, total allocated 85458944, free 37115032, used 48343912, increment 0
FeaturedSpace: max memory 932184064, total allocated 85458944, free 37115032, used 48343912, increment 0
Sequential: max memory 932184064, total allocated 85458944, free 37115032, used 48343912, increment 0
Initial loss: 9.212338374638856
60: time = 0.210000 loss = 9.012117
Res.gain: 0.2002216071497429
Jackknife: only bio_15
Making features
makeFeatures: max memory 932184064, total allocated 85458944, free 37115032, used 48343912, increment 0
Gustavia_santanderiensis_9 bio_15: 
Regularization values: linear/quadratic/product: 0.423, categorical: 0.250, threshold: 1.790, hinge: 0.500
21 samples
Density: max memory 932184064, total allocated 85458944, free 37115032, used 48343912, increment 0
linearPredictor: max memory 932184064, total allocated 85458944, free 37034856, used 48424088, increment 80176
FeaturedSpace: max memory 932184064, total allocated 85458944, free 37034856, used 48424088, increment 0
Sequential: max memory 932184064, total allocated 85458944, free 37034856, used 48424088, increment 0
Initial loss: 9.212338374638856
60: time = 0.215000 loss = 8.966026
Res.gain: 0.2463125319634365
Jackknife: only bio_16
Making features
makeFeatures: max memory 932184064, total allocated 85458944, free 36342936, used 49116008, increment 691920
Gustavia_santanderiensis_9 bio_16: 
Regularization values: linear/quadratic/product: 0.423, categorical: 0.250, threshold: 1.790, hinge: 0.500
21 samples
Density: max memory 932184064, total allocated 85458944, free 36342936, used 49116008, increment 0
linearPredictor: max memory 932184064, total allocated 85458944, free 36342936, used 49116008, increment 0
FeaturedSpace: max memory 932184064, total allocated 85458944, free 36342936, used 49116008, increment 0
Sequential: max memory 932184064, total allocated 85458944, free 36342936, used 49116008, increment 0
Initial loss: 9.212338374638856
60: time = 0.209000 loss = 9.188842
Res.gain: 0.02349602376804505
Jackknife: only bio_17
Making features
makeFeatures: max memory 932184064, total allocated 85458944, free 36342936, used 49116008, increment 0
Gustavia_santanderiensis_9 bio_17: 
Regularization values: linear/quadratic/product: 0.423, categorical: 0.250, threshold: 1.790, hinge: 0.500
21 samples
Density: max memory 932184064, total allocated 85458944, free 36342936, used 49116008, increment 0
linearPredictor: max memory 932184064, total allocated 85458944, free 36262760, used 49196184, increment 80176
FeaturedSpace: max memory 932184064, total allocated 85458944, free 36262760, used 49196184, increment 0
Sequential: max memory 932184064, total allocated 85458944, free 36262760, used 49196184, increment 0
Initial loss: 9.212338374638856
Time since start: 311.836
120: time = 0.181000 loss = 8.798299
Res.gain: 0.4140391862110864
Jackknife: only bio_2
Making features
makeFeatures: max memory 932184064, total allocated 85458944, free 35570776, used 49888168, increment 691984
Gustavia_santanderiensis_9 bio_2: 
Regularization values: linear/quadratic/product: 0.423, categorical: 0.250, threshold: 1.790, hinge: 0.500
21 samples
Density: max memory 932184064, total allocated 85458944, free 35570776, used 49888168, increment 0
linearPredictor: max memory 932184064, total allocated 85458944, free 35570776, used 49888168, increment 0
FeaturedSpace: max memory 932184064, total allocated 85458944, free 35570776, used 49888168, increment 0
Sequential: max memory 932184064, total allocated 85458944, free 35570776, used 49888168, increment 0
Initial loss: 9.212338374638856
60: time = 0.207000 loss = 9.126687
Res.gain: 0.08565159318109927
Jackknife: only bio_3
Making features
makeFeatures: max memory 932184064, total allocated 85458944, free 35570776, used 49888168, increment 0
Gustavia_santanderiensis_9 bio_3: 
Regularization values: linear/quadratic/product: 0.423, categorical: 0.250, threshold: 1.790, hinge: 0.500
21 samples
Density: max memory 932184064, total allocated 85458944, free 35570776, used 49888168, increment 0
linearPredictor: max memory 932184064, total allocated 85458944, free 35490600, used 49968344, increment 80176
FeaturedSpace: max memory 932184064, total allocated 85458944, free 35490600, used 49968344, increment 0
Sequential: max memory 932184064, total allocated 85458944, free 35490600, used 49968344, increment 0
Initial loss: 9.212338374638856
60: time = 0.209000 loss = 9.164408
Res.gain: 0.047930776839512745
Jackknife: only bio_4
Making features
makeFeatures: max memory 932184064, total allocated 85458944, free 34798720, used 50660224, increment 691880
Gustavia_santanderiensis_9 bio_4: 
Regularization values: linear/quadratic/product: 0.423, categorical: 0.250, threshold: 1.790, hinge: 0.500
21 samples
Density: max memory 932184064, total allocated 85458944, free 34798720, used 50660224, increment 0
linearPredictor: max memory 932184064, total allocated 85458944, free 34798720, used 50660224, increment 0
FeaturedSpace: max memory 932184064, total allocated 85458944, free 34798720, used 50660224, increment 0
Sequential: max memory 932184064, total allocated 85458944, free 34798720, used 50660224, increment 0
Initial loss: 9.212338374638856
60: time = 0.237000 loss = 9.211888
Res.gain: 4.5057872039677704E-4
Jackknife: only bio_5
Making features
makeFeatures: max memory 932184064, total allocated 85458944, free 34798720, used 50660224, increment 0
Gustavia_santanderiensis_9 bio_5: 
Regularization values: linear/quadratic/product: 0.423, categorical: 0.250, threshold: 1.790, hinge: 0.500
21 samples
Density: max memory 932184064, total allocated 85458944, free 34798720, used 50660224, increment 0
linearPredictor: max memory 932184064, total allocated 85458944, free 34718544, used 50740400, increment 80176
FeaturedSpace: max memory 932184064, total allocated 85458944, free 34718544, used 50740400, increment 0
Sequential: max memory 932184064, total allocated 85458944, free 34718544, used 50740400, increment 0
Initial loss: 9.212338374638856
80: time = 0.268000 loss = 8.839145
Res.gain: 0.3731936224267436
Jackknife: only bio_6
Making features
makeFeatures: max memory 932184064, total allocated 85458944, free 34026632, used 51432312, increment 691912
Gustavia_santanderiensis_9 bio_6: 
Regularization values: linear/quadratic/product: 0.423, categorical: 0.250, threshold: 1.790, hinge: 0.500
21 samples
Density: max memory 932184064, total allocated 85458944, free 34026632, used 51432312, increment 0
linearPredictor: max memory 932184064, total allocated 85458944, free 34026632, used 51432312, increment 0
FeaturedSpace: max memory 932184064, total allocated 85458944, free 34026632, used 51432312, increment 0
Sequential: max memory 932184064, total allocated 85458944, free 34026632, used 51432312, increment 0
Initial loss: 9.212338374638856
Time since start: 313.136
100: time = 0.364000 loss = 8.795434
Res.gain: 0.41690419780624133
Jackknife: only bio_7
Making features
makeFeatures: max memory 932184064, total allocated 85458944, free 34026632, used 51432312, increment 0
Gustavia_santanderiensis_9 bio_7: 
Regularization values: linear/quadratic/product: 0.423, categorical: 0.250, threshold: 1.790, hinge: 0.500
21 samples
Density: max memory 932184064, total allocated 85458944, free 34026632, used 51432312, increment 0
linearPredictor: max memory 932184064, total allocated 85458944, free 33946456, used 51512488, increment 80176
FeaturedSpace: max memory 932184064, total allocated 85458944, free 33946456, used 51512488, increment 0
Sequential: max memory 932184064, total allocated 85458944, free 33946456, used 51512488, increment 0
Initial loss: 9.212338374638856
60: time = 0.244000 loss = 9.205470
Res.gain: 0.006868259403063348
Jackknife: only bio_ai_et0
Making features
makeFeatures: max memory 932184064, total allocated 85458944, free 33254568, used 52204376, increment 691888
Gustavia_santanderiensis_9 bio_ai_et0: 
Regularization values: linear/quadratic/product: 0.423, categorical: 0.250, threshold: 1.790, hinge: 0.500
21 samples
Density: max memory 932184064, total allocated 85458944, free 33254568, used 52204376, increment 0
linearPredictor: max memory 932184064, total allocated 85458944, free 33254568, used 52204376, increment 0
FeaturedSpace: max memory 932184064, total allocated 85458944, free 33254568, used 52204376, increment 0
Sequential: max memory 932184064, total allocated 85458944, free 33254568, used 52204376, increment 0
Initial loss: 9.212338374638856
60: time = 0.222000 loss = 9.175224
Res.gain: 0.03711466716233858
Jackknife: only bio_et0_yr
Making features
makeFeatures: max memory 932184064, total allocated 85458944, free 33254568, used 52204376, increment 0
Gustavia_santanderiensis_9 bio_et0_yr: 
Regularization values: linear/quadratic/product: 0.423, categorical: 0.250, threshold: 1.790, hinge: 0.500
21 samples
Density: max memory 932184064, total allocated 85458944, free 33254568, used 52204376, increment 0
linearPredictor: max memory 932184064, total allocated 85458944, free 33174392, used 52284552, increment 80176
FeaturedSpace: max memory 932184064, total allocated 85458944, free 33174392, used 52284552, increment 0
Sequential: max memory 932184064, total allocated 85458944, free 33174392, used 52284552, increment 0
Initial loss: 9.212338374638856
140: time = 0.199000 loss = 9.111006
Res.gain: 0.10133225440148763
Time since start: 314.434
Creating average grid, stddev grid etc.
Writing file C:\Users\Camila\Desktop\Modelo opc3\Final_Models\M_2_F_lq_Set_1\Gustavia_santanderiensis_avg.asc
Writing file C:\Users\Camila\Desktop\Modelo opc3\Final_Models\M_2_F_lq_Set_1\Gustavia_santanderiensis_stddev.asc
Writing file C:\Users\Camila\Desktop\Modelo opc3\Final_Models\M_2_F_lq_Set_1\Gustavia_santanderiensis_min.asc
Writing file C:\Users\Camila\Desktop\Modelo opc3\Final_Models\M_2_F_lq_Set_1\Gustavia_santanderiensis_max.asc
Writing file C:\Users\Camila\Desktop\Modelo opc3\Final_Models\M_2_F_lq_Set_1\Gustavia_santanderiensis_median.asc
Time since start: 321.509
Writing C:\Users\Camila\Desktop\Modelo opc3\Final_Models\M_2_F_lq_Set_1\plots\Gustavia_santanderiensis_avg.png
Writing C:\Users\Camila\Desktop\Modelo opc3\Final_Models\M_2_F_lq_Set_1\plots\Gustavia_santanderiensis_stddev.png
Time since start: 322.678
Writing C:\Users\Camila\Desktop\Modelo opc3\Final_Models\M_2_F_lq_Set_1\plots\Gustavia_santanderiensis_min.png
Writing C:\Users\Camila\Desktop\Modelo opc3\Final_Models\M_2_F_lq_Set_1\plots\Gustavia_santanderiensis_max.png
Time since start: 323.728
Writing C:\Users\Camila\Desktop\Modelo opc3\Final_Models\M_2_F_lq_Set_1\plots\Gustavia_santanderiensis_median.png
Gustavia_santanderiensis average response curves
Time since start: 333.145
Ending
