Fri Apr 18 12:04:13 COT 2025
MaxEnt version 3.4.4
Checking header of C:\Users\Camila\Desktop\Modelo opc3\M_variables\Set_1\bio_1.asc
Checking header of C:\Users\Camila\Desktop\Modelo opc3\M_variables\Set_1\bio_10.asc
Checking header of C:\Users\Camila\Desktop\Modelo opc3\M_variables\Set_1\bio_11.asc
Checking header of C:\Users\Camila\Desktop\Modelo opc3\M_variables\Set_1\bio_12.asc
Checking header of C:\Users\Camila\Desktop\Modelo opc3\M_variables\Set_1\bio_13.asc
Checking header of C:\Users\Camila\Desktop\Modelo opc3\M_variables\Set_1\bio_14.asc
Checking header of C:\Users\Camila\Desktop\Modelo opc3\M_variables\Set_1\bio_15.asc
Checking header of C:\Users\Camila\Desktop\Modelo opc3\M_variables\Set_1\bio_16.asc
Checking header of C:\Users\Camila\Desktop\Modelo opc3\M_variables\Set_1\bio_17.asc
Checking header of C:\Users\Camila\Desktop\Modelo opc3\M_variables\Set_1\bio_2.asc
Checking header of C:\Users\Camila\Desktop\Modelo opc3\M_variables\Set_1\bio_3.asc
Checking header of C:\Users\Camila\Desktop\Modelo opc3\M_variables\Set_1\bio_4.asc
Checking header of C:\Users\Camila\Desktop\Modelo opc3\M_variables\Set_1\bio_5.asc
Checking header of C:\Users\Camila\Desktop\Modelo opc3\M_variables\Set_1\bio_6.asc
Checking header of C:\Users\Camila\Desktop\Modelo opc3\M_variables\Set_1\bio_7.asc
Checking header of C:\Users\Camila\Desktop\Modelo opc3\M_variables\Set_1\bio_ai_et0.asc
Checking header of C:\Users\Camila\Desktop\Modelo opc3\M_variables\Set_1\bio_et0_yr.asc
Reading samples from gustavia_joint.csv
Read samples: max memory 932184064, total allocated 96468992, free 79756672, used 16712320, increment 16712320
Extractor: max memory 932184064, total allocated 96468992, free 78749888, used 17719104, increment 1006784
Extracting random background and sample data
Time since start: 1.17
236229 points with values for all grids
Adding samples to background in feature space
Command line used:  environmentallayers=C:\Users\Camila\Desktop\Modelo opc3\M_variables\Set_1 samplesfile=C:\Users\Camila\Desktop\Modelo opc3\gustavia_joint.csv outputdirectory=C:\Users\Camila\Desktop\Modelo opc3\Final_Models\M_5_F_lq_Set_1 betamultiplier=5 autofeature=false linear=true quadratic=true product=false threshold=false hinge=false replicates=10 replicatetype=Bootstrap jackknife=true outputformat=cloglog extrapolate=false doclamp=false writeclampgrid=false writemess=false responsecurves=true warnings=false visible=false redoifexists autorun
Command line to repeat: java density.MaxEnt nowarnings noprefixes responsecurves jackknife "outputdirectory=C:\Users\Camila\Desktop\Modelo opc3\Final_Models\M_5_F_lq_Set_1" "samplesfile=C:\Users\Camila\Desktop\Modelo opc3\gustavia_joint.csv" "environmentallayers=C:\Users\Camila\Desktop\Modelo opc3\M_variables\Set_1" randomseed nowarnings noaskoverwrite nowriteclampgrid nowritemess betamultiplier=5.0 replicates=10 replicatetype=bootstrap noproduct nohinge autorun noextrapolate novisible noautofeature nodoclamp
Species: Gustavia_santanderiensis_0 Gustavia_santanderiensis_1 Gustavia_santanderiensis_2 Gustavia_santanderiensis_3 Gustavia_santanderiensis_4 Gustavia_santanderiensis_5 Gustavia_santanderiensis_6 Gustavia_santanderiensis_7 Gustavia_santanderiensis_8 Gustavia_santanderiensis_9
Layers: bio_1 bio_10 bio_11 bio_12 bio_13 bio_14 bio_15 bio_16 bio_17 bio_2 bio_3 bio_4 bio_5 bio_6 bio_7 bio_ai_et0 bio_et0_yr
Layertypes: Continuous Continuous Continuous Continuous Continuous Continuous Continuous Continuous Continuous Continuous Continuous Continuous Continuous Continuous Continuous Continuous Continuous
responsecurves: true
jackknife: true
outputdirectory: C:\Users\Camila\Desktop\Modelo opc3\Final_Models\M_5_F_lq_Set_1
samplesfile: C:\Users\Camila\Desktop\Modelo opc3\gustavia_joint.csv
environmentallayers: C:\Users\Camila\Desktop\Modelo opc3\M_variables\Set_1
randomseed: true
warnings: false
askoverwrite: false
writeclampgrid: false
writemess: false
betamultiplier: 5.0
replicates: 10
replicatetype: bootstrap
product: false
hinge: false
autorun: true
extrapolate: false
visible: false
autofeature: false
doclamp: false

getSamples: max memory 932184064, total allocated 96468992, free 89463256, used 7005736, increment -10713368
Making features
makeFeatures: max memory 932184064, total allocated 96468992, free 86737000, used 9731992, increment 2726256
Gustavia_santanderiensis_0: 
Regularization values: linear/quadratic/product: 0.423, categorical: 0.250, threshold: 1.790, hinge: 0.500
21 samples
Density: max memory 932184064, total allocated 96468992, free 86201632, used 10267360, increment 535368
linearPredictor: max memory 932184064, total allocated 96468992, free 86201632, used 10267360, increment 0
FeaturedSpace: max memory 932184064, total allocated 96468992, free 86201632, used 10267360, increment 0
Sequential: max memory 932184064, total allocated 96468992, free 86201632, used 10267360, increment 0
Initial loss: 9.212438170058329
Time since start: 2.398
180: time = 1.061000 loss = 7.768641
Resulting gain: 1.443797140833353
Time since start: 4.242
Projecting...
Writing file C:\Users\Camila\Desktop\Modelo opc3\Final_Models\M_5_F_lq_Set_1\Gustavia_santanderiensis_0.asc
Time since start: 7.162
Writing C:\Users\Camila\Desktop\Modelo opc3\Final_Models\M_5_F_lq_Set_1\plots\Gustavia_santanderiensis_0.png
Gustavia_santanderiensis_0 response curves
Time since start: 12.67
Response curve: only bio_1
Making features
makeFeatures: max memory 932184064, total allocated 153616384, free 59946424, used 93669960, increment 83402600
Gustavia_santanderiensis_0 bio_1: 
Regularization values: linear/quadratic/product: 0.423, categorical: 0.250, threshold: 1.790, hinge: 0.500
21 samples
Density: max memory 932184064, total allocated 153616384, free 59946424, used 93669960, increment 0
linearPredictor: max memory 932184064, total allocated 153616384, free 59946424, used 93669960, increment 0
FeaturedSpace: max memory 932184064, total allocated 153616384, free 59946424, used 93669960, increment 0
Sequential: max memory 932184064, total allocated 153616384, free 59946424, used 93669960, increment 0
Initial loss: 9.212438170058329
80: time = 0.328000 loss = 8.871456
Resulting gain: 0.34098245619288825
Gustavia_santanderiensis_0 response curves
Response curve: only bio_10
Making features
makeFeatures: max memory 932184064, total allocated 154140672, free 129954512, used 24186160, increment -69483800
Gustavia_santanderiensis_0 bio_10: 
Regularization values: linear/quadratic/product: 0.423, categorical: 0.250, threshold: 1.790, hinge: 0.500
21 samples
Density: max memory 932184064, total allocated 154140672, free 128357736, used 25782936, increment 1596776
linearPredictor: max memory 932184064, total allocated 154140672, free 128357736, used 25782936, increment 0
FeaturedSpace: max memory 932184064, total allocated 154140672, free 128357736, used 25782936, increment 0
Sequential: max memory 932184064, total allocated 154140672, free 128357736, used 25782936, increment 0
Initial loss: 9.212438170058329
Time since start: 13.865
80: time = 0.385000 loss = 8.894201
Resulting gain: 0.31823734637515066
Gustavia_santanderiensis_0 response curves
Response curve: only bio_11
Making features
makeFeatures: max memory 932184064, total allocated 154140672, free 125232616, used 28908056, increment 3125120
Gustavia_santanderiensis_0 bio_11: 
Regularization values: linear/quadratic/product: 0.423, categorical: 0.250, threshold: 1.790, hinge: 0.500
21 samples
Density: max memory 932184064, total allocated 154140672, free 125232616, used 28908056, increment 0
linearPredictor: max memory 932184064, total allocated 154140672, free 125232616, used 28908056, increment 0
FeaturedSpace: max memory 932184064, total allocated 154140672, free 125232616, used 28908056, increment 0
Sequential: max memory 932184064, total allocated 154140672, free 125232616, used 28908056, increment 0
Initial loss: 9.212438170058329
80: time = 0.283000 loss = 8.892822
Resulting gain: 0.3196162359449808
Gustavia_santanderiensis_0 response curves
Response curve: only bio_12
Making features
makeFeatures: max memory 932184064, total allocated 154140672, free 120677848, used 33462824, increment 4554768
Gustavia_santanderiensis_0 bio_12: 
Regularization values: linear/quadratic/product: 0.423, categorical: 0.250, threshold: 1.790, hinge: 0.500
21 samples
Density: max memory 932184064, total allocated 154140672, free 120677848, used 33462824, increment 0
linearPredictor: max memory 932184064, total allocated 154140672, free 120677848, used 33462824, increment 0
FeaturedSpace: max memory 932184064, total allocated 154140672, free 120677848, used 33462824, increment 0
Sequential: max memory 932184064, total allocated 154140672, free 120677848, used 33462824, increment 0
Initial loss: 9.212438170058329
60: time = 0.213000 loss = 9.173891
Resulting gain: 0.038547640544994266
Gustavia_santanderiensis_0 response curves
Time since start: 14.956
Response curve: only bio_13
Making features
makeFeatures: max memory 932184064, total allocated 154140672, free 116123208, used 38017464, increment 4554640
Gustavia_santanderiensis_0 bio_13: 
Regularization values: linear/quadratic/product: 0.423, categorical: 0.250, threshold: 1.790, hinge: 0.500
21 samples
Density: max memory 932184064, total allocated 154140672, free 116123208, used 38017464, increment 0
linearPredictor: max memory 932184064, total allocated 154140672, free 116123208, used 38017464, increment 0
FeaturedSpace: max memory 932184064, total allocated 154140672, free 116123208, used 38017464, increment 0
Sequential: max memory 932184064, total allocated 154140672, free 116123208, used 38017464, increment 0
Initial loss: 9.212438170058329
60: time = 0.238000 loss = 9.207182
Resulting gain: 0.00525636594820611
Gustavia_santanderiensis_0 response curves
Response curve: only bio_14
Making features
makeFeatures: max memory 932184064, total allocated 154140672, free 111568440, used 42572232, increment 4554768
Gustavia_santanderiensis_0 bio_14: 
Regularization values: linear/quadratic/product: 0.423, categorical: 0.250, threshold: 1.790, hinge: 0.500
21 samples
Density: max memory 932184064, total allocated 154140672, free 111568440, used 42572232, increment 0
linearPredictor: max memory 932184064, total allocated 154140672, free 111568440, used 42572232, increment 0
FeaturedSpace: max memory 932184064, total allocated 154140672, free 111568440, used 42572232, increment 0
Sequential: max memory 932184064, total allocated 154140672, free 111568440, used 42572232, increment 0
Initial loss: 9.212438170058329
60: time = 0.583000 loss = 9.074454
Resulting gain: 0.13798440068030082
Time since start: 15.992
Gustavia_santanderiensis_0 response curves
Response curve: only bio_15
Making features
makeFeatures: max memory 932184064, total allocated 154140672, free 107564616, used 46576056, increment 4003824
Gustavia_santanderiensis_0 bio_15: 
Regularization values: linear/quadratic/product: 0.423, categorical: 0.250, threshold: 1.790, hinge: 0.500
21 samples
Density: max memory 932184064, total allocated 154140672, free 107564616, used 46576056, increment 0
linearPredictor: max memory 932184064, total allocated 154140672, free 107564616, used 46576056, increment 0
FeaturedSpace: max memory 932184064, total allocated 154140672, free 107564616, used 46576056, increment 0
Sequential: max memory 932184064, total allocated 154140672, free 107564616, used 46576056, increment 0
Initial loss: 9.212438170058329
60: time = 0.217000 loss = 9.022010
Resulting gain: 0.19042841133054011
Gustavia_santanderiensis_0 response curves
Response curve: only bio_16
Making features
makeFeatures: max memory 932184064, total allocated 154140672, free 103009976, used 51130696, increment 4554640
Gustavia_santanderiensis_0 bio_16: 
Regularization values: linear/quadratic/product: 0.423, categorical: 0.250, threshold: 1.790, hinge: 0.500
21 samples
Density: max memory 932184064, total allocated 154140672, free 103009976, used 51130696, increment 0
linearPredictor: max memory 932184064, total allocated 154140672, free 103009976, used 51130696, increment 0
FeaturedSpace: max memory 932184064, total allocated 154140672, free 103009976, used 51130696, increment 0
Sequential: max memory 932184064, total allocated 154140672, free 103009976, used 51130696, increment 0
Initial loss: 9.212438170058329
Time since start: 17.003
60: time = 0.242000 loss = 9.209714
Resulting gain: 0.002724272852006493
Gustavia_santanderiensis_0 response curves
Response curve: only bio_17
Making features
makeFeatures: max memory 932184064, total allocated 154140672, free 98457704, used 55682968, increment 4552272
Gustavia_santanderiensis_0 bio_17: 
Regularization values: linear/quadratic/product: 0.423, categorical: 0.250, threshold: 1.790, hinge: 0.500
21 samples
Density: max memory 932184064, total allocated 154140672, free 98457704, used 55682968, increment 0
linearPredictor: max memory 932184064, total allocated 154140672, free 98457704, used 55682968, increment 0
FeaturedSpace: max memory 932184064, total allocated 154140672, free 98457704, used 55682968, increment 0
Sequential: max memory 932184064, total allocated 154140672, free 98457704, used 55682968, increment 0
Initial loss: 9.212438170058329
60: time = 0.227000 loss = 8.907456
Resulting gain: 0.30498172334522344
Gustavia_santanderiensis_0 response curves
Response curve: only bio_2
Making features
makeFeatures: max memory 932184064, total allocated 154140672, free 93902984, used 60237688, increment 4554720
Gustavia_santanderiensis_0 bio_2: 
Regularization values: linear/quadratic/product: 0.423, categorical: 0.250, threshold: 1.790, hinge: 0.500
21 samples
Density: max memory 932184064, total allocated 154140672, free 93902984, used 60237688, increment 0
linearPredictor: max memory 932184064, total allocated 154140672, free 93902984, used 60237688, increment 0
FeaturedSpace: max memory 932184064, total allocated 154140672, free 93902984, used 60237688, increment 0
Sequential: max memory 932184064, total allocated 154140672, free 93902984, used 60237688, increment 0
Initial loss: 9.212438170058329
60: time = 0.224000 loss = 9.152112
Resulting gain: 0.06032665496734424
Gustavia_santanderiensis_0 response curves
Response curve: only bio_3
Making features
makeFeatures: max memory 932184064, total allocated 154140672, free 89348328, used 64792344, increment 4554656
Gustavia_santanderiensis_0 bio_3: 
Regularization values: linear/quadratic/product: 0.423, categorical: 0.250, threshold: 1.790, hinge: 0.500
21 samples
Density: max memory 932184064, total allocated 154140672, free 89348328, used 64792344, increment 0
linearPredictor: max memory 932184064, total allocated 154140672, free 89348328, used 64792344, increment 0
FeaturedSpace: max memory 932184064, total allocated 154140672, free 89348328, used 64792344, increment 0
Sequential: max memory 932184064, total allocated 154140672, free 89348328, used 64792344, increment 0
Initial loss: 9.212438170058329
Time since start: 18.217
60: time = 0.222000 loss = 9.199798
Resulting gain: 0.01263976582811388
Gustavia_santanderiensis_0 response curves
Response curve: only bio_4
Making features
makeFeatures: max memory 932184064, total allocated 154140672, free 85350296, used 68790376, increment 3998032
Gustavia_santanderiensis_0 bio_4: 
Regularization values: linear/quadratic/product: 0.423, categorical: 0.250, threshold: 1.790, hinge: 0.500
21 samples
Density: max memory 932184064, total allocated 154140672, free 85350296, used 68790376, increment 0
linearPredictor: max memory 932184064, total allocated 154140672, free 85350296, used 68790376, increment 0
FeaturedSpace: max memory 932184064, total allocated 154140672, free 85350296, used 68790376, increment 0
Sequential: max memory 932184064, total allocated 154140672, free 85350296, used 68790376, increment 0
Initial loss: 9.212438170058329
20: time = 0.471000 loss = 9.212438
Resulting gain: 0.0
Gustavia_santanderiensis_0 response curves
Time since start: 19.222
Response curve: only bio_5
Making features
makeFeatures: max memory 932184064, total allocated 154140672, free 80795664, used 73345008, increment 4554632
Gustavia_santanderiensis_0 bio_5: 
Regularization values: linear/quadratic/product: 0.423, categorical: 0.250, threshold: 1.790, hinge: 0.500
21 samples
Density: max memory 932184064, total allocated 154140672, free 80795664, used 73345008, increment 0
linearPredictor: max memory 932184064, total allocated 154140672, free 80795664, used 73345008, increment 0
FeaturedSpace: max memory 932184064, total allocated 154140672, free 80795664, used 73345008, increment 0
Sequential: max memory 932184064, total allocated 154140672, free 80795664, used 73345008, increment 0
Initial loss: 9.212438170058329
80: time = 0.327000 loss = 8.881502
Resulting gain: 0.33093580256055866
Gustavia_santanderiensis_0 response curves
Response curve: only bio_6
Making features
makeFeatures: max memory 932184064, total allocated 154140672, free 76240896, used 77899776, increment 4554768
Gustavia_santanderiensis_0 bio_6: 
Regularization values: linear/quadratic/product: 0.423, categorical: 0.250, threshold: 1.790, hinge: 0.500
21 samples
Density: max memory 932184064, total allocated 154140672, free 76240896, used 77899776, increment 0
linearPredictor: max memory 932184064, total allocated 154140672, free 76240896, used 77899776, increment 0
FeaturedSpace: max memory 932184064, total allocated 154140672, free 76240896, used 77899776, increment 0
Sequential: max memory 932184064, total allocated 154140672, free 76240896, used 77899776, increment 0
Initial loss: 9.212438170058329
80: time = 0.313000 loss = 8.844722
Resulting gain: 0.3677157980695185
Gustavia_santanderiensis_0 response curves
Time since start: 20.279
Response curve: only bio_7
Making features
makeFeatures: max memory 932184064, total allocated 154140672, free 71686184, used 82454488, increment 4554712
Gustavia_santanderiensis_0 bio_7: 
Regularization values: linear/quadratic/product: 0.423, categorical: 0.250, threshold: 1.790, hinge: 0.500
21 samples
Density: max memory 932184064, total allocated 154140672, free 71686184, used 82454488, increment 0
linearPredictor: max memory 932184064, total allocated 154140672, free 71686184, used 82454488, increment 0
FeaturedSpace: max memory 932184064, total allocated 154140672, free 71686184, used 82454488, increment 0
Sequential: max memory 932184064, total allocated 154140672, free 71686184, used 82454488, increment 0
Initial loss: 9.212438170058329
60: time = 0.268000 loss = 9.209761
Resulting gain: 0.0026776655500206914
Gustavia_santanderiensis_0 response curves
Response curve: only bio_ai_et0
Making features
makeFeatures: max memory 932184064, total allocated 154140672, free 67690568, used 86450104, increment 3995616
Gustavia_santanderiensis_0 bio_ai_et0: 
Regularization values: linear/quadratic/product: 0.423, categorical: 0.250, threshold: 1.790, hinge: 0.500
21 samples
Density: max memory 932184064, total allocated 154140672, free 67690568, used 86450104, increment 0
linearPredictor: max memory 932184064, total allocated 154140672, free 67690568, used 86450104, increment 0
FeaturedSpace: max memory 932184064, total allocated 154140672, free 67690568, used 86450104, increment 0
Sequential: max memory 932184064, total allocated 154140672, free 67690568, used 86450104, increment 0
Initial loss: 9.212438170058329
60: time = 0.259000 loss = 9.206498
Resulting gain: 0.005940260965312305
Gustavia_santanderiensis_0 response curves
Response curve: only bio_et0_yr
Making features
makeFeatures: max memory 932184064, total allocated 154140672, free 63135960, used 91004712, increment 4554608
Gustavia_santanderiensis_0 bio_et0_yr: 
Regularization values: linear/quadratic/product: 0.423, categorical: 0.250, threshold: 1.790, hinge: 0.500
21 samples
Density: max memory 932184064, total allocated 154140672, free 63135960, used 91004712, increment 0
linearPredictor: max memory 932184064, total allocated 154140672, free 63135960, used 91004712, increment 0
FeaturedSpace: max memory 932184064, total allocated 154140672, free 63135960, used 91004712, increment 0
Sequential: max memory 932184064, total allocated 154140672, free 63135960, used 91004712, increment 0
Initial loss: 9.212438170058329
Time since start: 21.378
60: time = 0.221000 loss = 9.156546
Resulting gain: 0.05589229742602875
Gustavia_santanderiensis_0 response curves
Jackknife: leave bio_1 out
Making features
makeFeatures: max memory 932184064, total allocated 141033472, free 61600056, used 79433416, increment -11571296
Gustavia_santanderiensis_0 bio_1: 
Regularization values: linear/quadratic/product: 0.423, categorical: 0.250, threshold: 1.790, hinge: 0.500
21 samples
Density: max memory 932184064, total allocated 141033472, free 60094360, used 80939112, increment 1505696
linearPredictor: max memory 932184064, total allocated 141033472, free 60094360, used 80939112, increment 0
FeaturedSpace: max memory 932184064, total allocated 141033472, free 60094360, used 80939112, increment 0
Sequential: max memory 932184064, total allocated 141033472, free 60094360, used 80939112, increment 0
Initial loss: 9.212438170058329
Time since start: 22.676
160: time = 0.332000 loss = 7.768641
Jackknife: leave bio_10 out
Making features
makeFeatures: max memory 932184064, total allocated 141033472, free 58570864, used 82462608, increment 1523496
Gustavia_santanderiensis_0 bio_10: 
Regularization values: linear/quadratic/product: 0.423, categorical: 0.250, threshold: 1.790, hinge: 0.500
21 samples
Density: max memory 932184064, total allocated 141033472, free 57065168, used 83968304, increment 1505696
linearPredictor: max memory 932184064, total allocated 141033472, free 57065168, used 83968304, increment 0
FeaturedSpace: max memory 932184064, total allocated 141033472, free 57065168, used 83968304, increment 0
Sequential: max memory 932184064, total allocated 141033472, free 57065168, used 83968304, increment 0
Initial loss: 9.212438170058329
160: time = 0.343000 loss = 7.768641
Jackknife: leave bio_11 out
Making features
makeFeatures: max memory 932184064, total allocated 141033472, free 55541672, used 85491800, increment 1523496
Gustavia_santanderiensis_0 bio_11: 
Regularization values: linear/quadratic/product: 0.423, categorical: 0.250, threshold: 1.790, hinge: 0.500
21 samples
Density: max memory 932184064, total allocated 141033472, free 54035976, used 86997496, increment 1505696
linearPredictor: max memory 932184064, total allocated 141033472, free 54035976, used 86997496, increment 0
FeaturedSpace: max memory 932184064, total allocated 141033472, free 54035976, used 86997496, increment 0
Sequential: max memory 932184064, total allocated 141033472, free 54035976, used 86997496, increment 0
Initial loss: 9.212438170058329
140: time = 0.286000 loss = 7.768641
Jackknife: leave bio_12 out
Making features
makeFeatures: max memory 932184064, total allocated 141033472, free 52512480, used 88520992, increment 1523496
Gustavia_santanderiensis_0 bio_12: 
Regularization values: linear/quadratic/product: 0.423, categorical: 0.250, threshold: 1.790, hinge: 0.500
21 samples
Density: max memory 932184064, total allocated 141033472, free 52432296, used 88601176, increment 80184
linearPredictor: max memory 932184064, total allocated 141033472, free 52352112, used 88681360, increment 80184
FeaturedSpace: max memory 932184064, total allocated 141033472, free 52352112, used 88681360, increment 0
Sequential: max memory 932184064, total allocated 141033472, free 52352112, used 88681360, increment 0
Initial loss: 9.212438170058329
160: time = 0.313000 loss = 7.768641
Jackknife: leave bio_13 out
Making features
makeFeatures: max memory 932184064, total allocated 141033472, free 49420744, used 91612728, increment 2931368
Gustavia_santanderiensis_0 bio_13: 
Regularization values: linear/quadratic/product: 0.423, categorical: 0.250, threshold: 1.790, hinge: 0.500
21 samples
Density: max memory 932184064, total allocated 141033472, free 49420744, used 91612728, increment 0
linearPredictor: max memory 932184064, total allocated 141033472, free 49340560, used 91692912, increment 80184
Time since start: 23.677
FeaturedSpace: max memory 932184064, total allocated 141033472, free 49340560, used 91692912, increment 0
Sequential: max memory 932184064, total allocated 141033472, free 49340560, used 91692912, increment 0
Initial loss: 9.212438170058329
160: time = 0.887000 loss = 7.768641
Jackknife: leave bio_14 out
Making features
makeFeatures: max memory 932184064, total allocated 141033472, free 46471648, used 94561824, increment 2868912
Gustavia_santanderiensis_0 bio_14: 
Regularization values: linear/quadratic/product: 0.423, categorical: 0.250, threshold: 1.790, hinge: 0.500
21 samples
Density: max memory 932184064, total allocated 141033472, free 46391464, used 94642008, increment 80184
linearPredictor: max memory 932184064, total allocated 141033472, free 46311280, used 94722192, increment 80184
FeaturedSpace: max memory 932184064, total allocated 141033472, free 46276024, used 94757448, increment 35256
Sequential: max memory 932184064, total allocated 141033472, free 46276024, used 94757448, increment 0
Initial loss: 9.212438170058329
Time since start: 24.961
160: time = 0.373000 loss = 7.768641
Jackknife: leave bio_15 out
Making features
makeFeatures: max memory 932184064, total allocated 137363456, free 111924088, used 25439368, increment -69318080
Gustavia_santanderiensis_0 bio_15: 
Regularization values: linear/quadratic/product: 0.423, categorical: 0.250, threshold: 1.790, hinge: 0.500
21 samples
Density: max memory 932184064, total allocated 137363456, free 111924088, used 25439368, increment 0
linearPredictor: max memory 932184064, total allocated 137363456, free 111924088, used 25439368, increment 0
FeaturedSpace: max memory 932184064, total allocated 137363456, free 111924088, used 25439368, increment 0
Sequential: max memory 932184064, total allocated 137363456, free 111924088, used 25439368, increment 0
Initial loss: 9.212438170058329
180: time = 0.597000 loss = 8.107382
Jackknife: leave bio_16 out
Making features
makeFeatures: max memory 932184064, total allocated 137363456, free 109020248, used 28343208, increment 2903840
Gustavia_santanderiensis_0 bio_16: 
Regularization values: linear/quadratic/product: 0.423, categorical: 0.250, threshold: 1.790, hinge: 0.500
21 samples
Density: max memory 932184064, total allocated 137363456, free 109020248, used 28343208, increment 0
linearPredictor: max memory 932184064, total allocated 137363456, free 109020248, used 28343208, increment 0
FeaturedSpace: max memory 932184064, total allocated 137363456, free 109020248, used 28343208, increment 0
Sequential: max memory 932184064, total allocated 137363456, free 109020248, used 28343208, increment 0
Initial loss: 9.212438170058329
Time since start: 26.01
160: time = 0.392000 loss = 7.768641
Jackknife: leave bio_17 out
Making features
makeFeatures: max memory 932184064, total allocated 137363456, free 106614728, used 30748728, increment 2405520
Gustavia_santanderiensis_0 bio_17: 
Regularization values: linear/quadratic/product: 0.423, categorical: 0.250, threshold: 1.790, hinge: 0.500
21 samples
Density: max memory 932184064, total allocated 137363456, free 105162808, used 32200648, increment 1451920
linearPredictor: max memory 932184064, total allocated 137363456, free 105162808, used 32200648, increment 0
FeaturedSpace: max memory 932184064, total allocated 137363456, free 105162808, used 32200648, increment 0
Sequential: max memory 932184064, total allocated 137363456, free 105162808, used 32200648, increment 0
Initial loss: 9.212438170058329
160: time = 0.322000 loss = 7.768641
Jackknife: leave bio_2 out
Making features
makeFeatures: max memory 932184064, total allocated 137363456, free 103559128, used 33804328, increment 1603680
Gustavia_santanderiensis_0 bio_2: 
Regularization values: linear/quadratic/product: 0.423, categorical: 0.250, threshold: 1.790, hinge: 0.500
21 samples
Density: max memory 932184064, total allocated 137363456, free 103478944, used 33884512, increment 80184
linearPredictor: max memory 932184064, total allocated 137363456, free 103398760, used 33964696, increment 80184
FeaturedSpace: max memory 932184064, total allocated 137363456, free 103398760, used 33964696, increment 0
Sequential: max memory 932184064, total allocated 137363456, free 103398760, used 33964696, increment 0
Initial loss: 9.212438170058329
140: time = 0.294000 loss = 7.768641
Jackknife: leave bio_3 out
Making features
makeFeatures: max memory 932184064, total allocated 137363456, free 100583712, used 36779744, increment 2815048
Gustavia_santanderiensis_0 bio_3: 
Regularization values: linear/quadratic/product: 0.423, categorical: 0.250, threshold: 1.790, hinge: 0.500
21 samples
Density: max memory 932184064, total allocated 137363456, free 100503528, used 36859928, increment 80184
linearPredictor: max memory 932184064, total allocated 137363456, free 100423344, used 36940112, increment 80184
FeaturedSpace: max memory 932184064, total allocated 137363456, free 100423344, used 36940112, increment 0
Sequential: max memory 932184064, total allocated 137363456, free 100423344, used 36940112, increment 0
Initial loss: 9.212438170058329
160: time = 0.314000 loss = 7.768641
Jackknife: leave bio_4 out
Making features
makeFeatures: max memory 932184064, total allocated 137363456, free 97599568, used 39763888, increment 2823776
Gustavia_santanderiensis_0 bio_4: 
Regularization values: linear/quadratic/product: 0.423, categorical: 0.250, threshold: 1.790, hinge: 0.500
21 samples
Density: max memory 932184064, total allocated 137363456, free 96227784, used 41135672, increment 1371784
linearPredictor: max memory 932184064, total allocated 137363456, free 96227784, used 41135672, increment 0
FeaturedSpace: max memory 932184064, total allocated 137363456, free 96227784, used 41135672, increment 0
Sequential: max memory 932184064, total allocated 137363456, free 96227784, used 41135672, increment 0
Initial loss: 9.212438170058329
Time since start: 27.305
160: time = 0.306000 loss = 7.768641
Jackknife: leave bio_5 out
Making features
makeFeatures: max memory 932184064, total allocated 137363456, free 94543920, used 42819536, increment 1683864
Gustavia_santanderiensis_0 bio_5: 
Regularization values: linear/quadratic/product: 0.423, categorical: 0.250, threshold: 1.790, hinge: 0.500
21 samples
Density: max memory 932184064, total allocated 137363456, free 94463736, used 42899720, increment 80184
linearPredictor: max memory 932184064, total allocated 137363456, free 94383552, used 42979904, increment 80184
FeaturedSpace: max memory 932184064, total allocated 137363456, free 94383552, used 42979904, increment 0
Sequential: max memory 932184064, total allocated 137363456, free 94383552, used 42979904, increment 0
Initial loss: 9.212438170058329
240: time = 0.450000 loss = 7.803900
Jackknife: leave bio_6 out
Making features
makeFeatures: max memory 932184064, total allocated 137363456, free 91407984, used 45955472, increment 2975568
Gustavia_santanderiensis_0 bio_6: 
Regularization values: linear/quadratic/product: 0.423, categorical: 0.250, threshold: 1.790, hinge: 0.500
21 samples
Density: max memory 932184064, total allocated 137363456, free 91327800, used 46035656, increment 80184
linearPredictor: max memory 932184064, total allocated 137363456, free 91247616, used 46115840, increment 80184
FeaturedSpace: max memory 932184064, total allocated 137363456, free 91247616, used 46115840, increment 0
Sequential: max memory 932184064, total allocated 137363456, free 91247616, used 46115840, increment 0
Initial loss: 9.212438170058329
160: time = 0.324000 loss = 7.784921
Jackknife: leave bio_7 out
Making features
makeFeatures: max memory 932184064, total allocated 137363456, free 88423888, used 48939568, increment 2823728
Gustavia_santanderiensis_0 bio_7: 
Regularization values: linear/quadratic/product: 0.423, categorical: 0.250, threshold: 1.790, hinge: 0.500
21 samples
Density: max memory 932184064, total allocated 137363456, free 87052104, used 50311352, increment 1371784
linearPredictor: max memory 932184064, total allocated 137363456, free 87052104, used 50311352, increment 0
FeaturedSpace: max memory 932184064, total allocated 137363456, free 87052104, used 50311352, increment 0
Sequential: max memory 932184064, total allocated 137363456, free 87052104, used 50311352, increment 0
Initial loss: 9.212438170058329
Time since start: 28.45
160: time = 0.334000 loss = 7.768641
Jackknife: leave bio_ai_et0 out
Making features
makeFeatures: max memory 932184064, total allocated 137363456, free 85368240, used 51995216, increment 1683864
Gustavia_santanderiensis_0 bio_ai_et0: 
Regularization values: linear/quadratic/product: 0.423, categorical: 0.250, threshold: 1.790, hinge: 0.500
21 samples
Density: max memory 932184064, total allocated 137363456, free 85288056, used 52075400, increment 80184
linearPredictor: max memory 932184064, total allocated 137363456, free 85207872, used 52155584, increment 80184
FeaturedSpace: max memory 932184064, total allocated 137363456, free 85207872, used 52155584, increment 0
Sequential: max memory 932184064, total allocated 137363456, free 85207872, used 52155584, increment 0
Initial loss: 9.212438170058329
160: time = 0.335000 loss = 7.768641
Jackknife: leave bio_et0_yr out
Making features
makeFeatures: max memory 932184064, total allocated 137363456, free 82384112, used 54979344, increment 2823760
Gustavia_santanderiensis_0 bio_et0_yr: 
Regularization values: linear/quadratic/product: 0.423, categorical: 0.250, threshold: 1.790, hinge: 0.500
21 samples
Density: max memory 932184064, total allocated 137363456, free 81012328, used 56351128, increment 1371784
linearPredictor: max memory 932184064, total allocated 137363456, free 81012328, used 56351128, increment 0
FeaturedSpace: max memory 932184064, total allocated 137363456, free 81012328, used 56351128, increment 0
Sequential: max memory 932184064, total allocated 137363456, free 81012328, used 56351128, increment 0
Initial loss: 9.212438170058329
160: time = 0.337000 loss = 7.768641
Jackknife: only bio_1
Making features
makeFeatures: max memory 932184064, total allocated 137363456, free 81012328, used 56351128, increment 0
Gustavia_santanderiensis_0 bio_1: 
Regularization values: linear/quadratic/product: 0.423, categorical: 0.250, threshold: 1.790, hinge: 0.500
21 samples
Density: max memory 932184064, total allocated 137363456, free 81012328, used 56351128, increment 0
linearPredictor: max memory 932184064, total allocated 137363456, free 81012328, used 56351128, increment 0
FeaturedSpace: max memory 932184064, total allocated 137363456, free 81012328, used 56351128, increment 0
Sequential: max memory 932184064, total allocated 137363456, free 81012328, used 56351128, increment 0
Initial loss: 9.212438170058329
80: time = 0.271000 loss = 8.871456
Res.gain: 0.34098245619288825
Jackknife: only bio_10
Making features
makeFeatures: max memory 932184064, total allocated 137363456, free 81012328, used 56351128, increment 0
Gustavia_santanderiensis_0 bio_10: 
Regularization values: linear/quadratic/product: 0.423, categorical: 0.250, threshold: 1.790, hinge: 0.500
21 samples
Density: max memory 932184064, total allocated 137363456, free 81012328, used 56351128, increment 0
linearPredictor: max memory 932184064, total allocated 137363456, free 81012328, used 56351128, increment 0
FeaturedSpace: max memory 932184064, total allocated 137363456, free 81012328, used 56351128, increment 0
Sequential: max memory 932184064, total allocated 137363456, free 81012328, used 56351128, increment 0
Initial loss: 9.212438170058329
Time since start: 29.693
80: time = 0.266000 loss = 8.894201
Res.gain: 0.31823734637515066
Jackknife: only bio_11
Making features
makeFeatures: max memory 932184064, total allocated 137363456, free 79560408, used 57803048, increment 1451920
Gustavia_santanderiensis_0 bio_11: 
Regularization values: linear/quadratic/product: 0.423, categorical: 0.250, threshold: 1.790, hinge: 0.500
21 samples
Density: max memory 932184064, total allocated 137363456, free 79560408, used 57803048, increment 0
linearPredictor: max memory 932184064, total allocated 137363456, free 79560408, used 57803048, increment 0
FeaturedSpace: max memory 932184064, total allocated 137363456, free 79560408, used 57803048, increment 0
Sequential: max memory 932184064, total allocated 137363456, free 79560408, used 57803048, increment 0
Initial loss: 9.212438170058329
80: time = 0.268000 loss = 8.892822
Res.gain: 0.3196162359449808
Jackknife: only bio_12
Making features
makeFeatures: max memory 932184064, total allocated 137363456, free 79560408, used 57803048, increment 0
Gustavia_santanderiensis_0 bio_12: 
Regularization values: linear/quadratic/product: 0.423, categorical: 0.250, threshold: 1.790, hinge: 0.500
21 samples
Density: max memory 932184064, total allocated 137363456, free 79560408, used 57803048, increment 0
linearPredictor: max memory 932184064, total allocated 137363456, free 79560408, used 57803048, increment 0
FeaturedSpace: max memory 932184064, total allocated 137363456, free 79560408, used 57803048, increment 0
Sequential: max memory 932184064, total allocated 137363456, free 79560408, used 57803048, increment 0
Initial loss: 9.212438170058329
60: time = 0.205000 loss = 9.173891
Res.gain: 0.038547640544994266
Jackknife: only bio_13
Making features
makeFeatures: max memory 932184064, total allocated 137363456, free 79560408, used 57803048, increment 0
Gustavia_santanderiensis_0 bio_13: 
Regularization values: linear/quadratic/product: 0.423, categorical: 0.250, threshold: 1.790, hinge: 0.500
21 samples
Density: max memory 932184064, total allocated 137363456, free 79560408, used 57803048, increment 0
linearPredictor: max memory 932184064, total allocated 137363456, free 79560408, used 57803048, increment 0
FeaturedSpace: max memory 932184064, total allocated 137363456, free 79560408, used 57803048, increment 0
Sequential: max memory 932184064, total allocated 137363456, free 79560408, used 57803048, increment 0
Initial loss: 9.212438170058329
60: time = 0.229000 loss = 9.207182
Res.gain: 0.00525636594820611
Jackknife: only bio_14
Making features
makeFeatures: max memory 932184064, total allocated 137363456, free 79560408, used 57803048, increment 0
Gustavia_santanderiensis_0 bio_14: 
Regularization values: linear/quadratic/product: 0.423, categorical: 0.250, threshold: 1.790, hinge: 0.500
21 samples
Density: max memory 932184064, total allocated 137363456, free 79560408, used 57803048, increment 0
linearPredictor: max memory 932184064, total allocated 137363456, free 79480224, used 57883232, increment 80184
FeaturedSpace: max memory 932184064, total allocated 137363456, free 79480224, used 57883232, increment 0
Sequential: max memory 932184064, total allocated 137363456, free 79480224, used 57883232, increment 0
Initial loss: 9.212438170058329
60: time = 0.210000 loss = 9.074454
Res.gain: 0.13798440068030082
Jackknife: only bio_15
Making features
makeFeatures: max memory 932184064, total allocated 137363456, free 78108432, used 59255024, increment 1371792
Gustavia_santanderiensis_0 bio_15: 
Regularization values: linear/quadratic/product: 0.423, categorical: 0.250, threshold: 1.790, hinge: 0.500
21 samples
Density: max memory 932184064, total allocated 137363456, free 78108432, used 59255024, increment 0
linearPredictor: max memory 932184064, total allocated 137363456, free 78108432, used 59255024, increment 0
FeaturedSpace: max memory 932184064, total allocated 137363456, free 78108432, used 59255024, increment 0
Sequential: max memory 932184064, total allocated 137363456, free 78108432, used 59255024, increment 0
Initial loss: 9.212438170058329
Time since start: 30.818
60: time = 0.195000 loss = 9.022010
Res.gain: 0.19042841133054011
Jackknife: only bio_16
Making features
makeFeatures: max memory 932184064, total allocated 137363456, free 78108432, used 59255024, increment 0
Gustavia_santanderiensis_0 bio_16: 
Regularization values: linear/quadratic/product: 0.423, categorical: 0.250, threshold: 1.790, hinge: 0.500
21 samples
Density: max memory 932184064, total allocated 137363456, free 78108432, used 59255024, increment 0
linearPredictor: max memory 932184064, total allocated 137363456, free 78108432, used 59255024, increment 0
FeaturedSpace: max memory 932184064, total allocated 137363456, free 78108432, used 59255024, increment 0
Sequential: max memory 932184064, total allocated 137363456, free 78108432, used 59255024, increment 0
Initial loss: 9.212438170058329
60: time = 0.222000 loss = 9.209714
Res.gain: 0.002724272852006493
Jackknife: only bio_17
Making features
makeFeatures: max memory 932184064, total allocated 137363456, free 78108432, used 59255024, increment 0
Gustavia_santanderiensis_0 bio_17: 
Regularization values: linear/quadratic/product: 0.423, categorical: 0.250, threshold: 1.790, hinge: 0.500
21 samples
Density: max memory 932184064, total allocated 137363456, free 78108432, used 59255024, increment 0
linearPredictor: max memory 932184064, total allocated 137363456, free 78108432, used 59255024, increment 0
FeaturedSpace: max memory 932184064, total allocated 137363456, free 78108432, used 59255024, increment 0
Sequential: max memory 932184064, total allocated 137363456, free 78108432, used 59255024, increment 0
Initial loss: 9.212438170058329
60: time = 0.210000 loss = 8.907456
Res.gain: 0.30498172334522344
Jackknife: only bio_2
Making features
makeFeatures: max memory 932184064, total allocated 137363456, free 78028248, used 59335208, increment 80184
Gustavia_santanderiensis_0 bio_2: 
Regularization values: linear/quadratic/product: 0.423, categorical: 0.250, threshold: 1.790, hinge: 0.500
21 samples
Density: max memory 932184064, total allocated 137363456, free 77948064, used 59415392, increment 80184
linearPredictor: max memory 932184064, total allocated 137363456, free 77867880, used 59495576, increment 80184
FeaturedSpace: max memory 932184064, total allocated 137363456, free 77867880, used 59495576, increment 0
Sequential: max memory 932184064, total allocated 137363456, free 77867880, used 59495576, increment 0
Initial loss: 9.212438170058329
60: time = 0.214000 loss = 9.152112
Res.gain: 0.06032665496734424
Jackknife: only bio_3
Making features
makeFeatures: max memory 932184064, total allocated 137363456, free 76496096, used 60867360, increment 1371784
Gustavia_santanderiensis_0 bio_3: 
Regularization values: linear/quadratic/product: 0.423, categorical: 0.250, threshold: 1.790, hinge: 0.500
21 samples
Density: max memory 932184064, total allocated 137363456, free 76496096, used 60867360, increment 0
linearPredictor: max memory 932184064, total allocated 137363456, free 76496096, used 60867360, increment 0
FeaturedSpace: max memory 932184064, total allocated 137363456, free 76496096, used 60867360, increment 0
Sequential: max memory 932184064, total allocated 137363456, free 76496096, used 60867360, increment 0
Initial loss: 9.212438170058329
60: time = 0.214000 loss = 9.199798
Res.gain: 0.01263976582811388
Jackknife: only bio_4
Making features
makeFeatures: max memory 932184064, total allocated 137363456, free 76496096, used 60867360, increment 0
Gustavia_santanderiensis_0 bio_4: 
Regularization values: linear/quadratic/product: 0.423, categorical: 0.250, threshold: 1.790, hinge: 0.500
21 samples
Density: max memory 932184064, total allocated 137363456, free 76496096, used 60867360, increment 0
linearPredictor: max memory 932184064, total allocated 137363456, free 76496096, used 60867360, increment 0
FeaturedSpace: max memory 932184064, total allocated 137363456, free 76496096, used 60867360, increment 0
Sequential: max memory 932184064, total allocated 137363456, free 76496096, used 60867360, increment 0
Initial loss: 9.212438170058329
20: time = 0.100000 loss = 9.212438
Res.gain: 0.0
Jackknife: only bio_5
Making features
makeFeatures: max memory 932184064, total allocated 137363456, free 76496096, used 60867360, increment 0
Gustavia_santanderiensis_0 bio_5: 
Regularization values: linear/quadratic/product: 0.423, categorical: 0.250, threshold: 1.790, hinge: 0.500
21 samples
Density: max memory 932184064, total allocated 137363456, free 76496096, used 60867360, increment 0
linearPredictor: max memory 932184064, total allocated 137363456, free 76496096, used 60867360, increment 0
FeaturedSpace: max memory 932184064, total allocated 137363456, free 76496096, used 60867360, increment 0
Sequential: max memory 932184064, total allocated 137363456, free 76496096, used 60867360, increment 0
Initial loss: 9.212438170058329
Time since start: 32.059
80: time = 0.260000 loss = 8.881502
Res.gain: 0.33093580256055866
Jackknife: only bio_6
Making features
makeFeatures: max memory 932184064, total allocated 137363456, free 76496096, used 60867360, increment 0
Gustavia_santanderiensis_0 bio_6: 
Regularization values: linear/quadratic/product: 0.423, categorical: 0.250, threshold: 1.790, hinge: 0.500
21 samples
Density: max memory 932184064, total allocated 137363456, free 75044176, used 62319280, increment 1451920
linearPredictor: max memory 932184064, total allocated 137363456, free 75044176, used 62319280, increment 0
FeaturedSpace: max memory 932184064, total allocated 137363456, free 75044176, used 62319280, increment 0
Sequential: max memory 932184064, total allocated 137363456, free 75044176, used 62319280, increment 0
Initial loss: 9.212438170058329
80: time = 0.265000 loss = 8.844722
Res.gain: 0.3677157980695185
Jackknife: only bio_7
Making features
makeFeatures: max memory 932184064, total allocated 137363456, free 75044176, used 62319280, increment 0
Gustavia_santanderiensis_0 bio_7: 
Regularization values: linear/quadratic/product: 0.423, categorical: 0.250, threshold: 1.790, hinge: 0.500
21 samples
Density: max memory 932184064, total allocated 137363456, free 75044176, used 62319280, increment 0
linearPredictor: max memory 932184064, total allocated 137363456, free 75044176, used 62319280, increment 0
FeaturedSpace: max memory 932184064, total allocated 137363456, free 75044176, used 62319280, increment 0
Sequential: max memory 932184064, total allocated 137363456, free 75044176, used 62319280, increment 0
Initial loss: 9.212438170058329
60: time = 0.240000 loss = 9.209761
Res.gain: 0.0026776655500206914
Jackknife: only bio_ai_et0
Making features
makeFeatures: max memory 932184064, total allocated 137363456, free 75044176, used 62319280, increment 0
Gustavia_santanderiensis_0 bio_ai_et0: 
Regularization values: linear/quadratic/product: 0.423, categorical: 0.250, threshold: 1.790, hinge: 0.500
21 samples
Density: max memory 932184064, total allocated 137363456, free 75044176, used 62319280, increment 0
linearPredictor: max memory 932184064, total allocated 137363456, free 75044176, used 62319280, increment 0
FeaturedSpace: max memory 932184064, total allocated 137363456, free 75044176, used 62319280, increment 0
Sequential: max memory 932184064, total allocated 137363456, free 75044176, used 62319280, increment 0
Initial loss: 9.212438170058329
60: time = 0.224000 loss = 9.206498
Res.gain: 0.005940260965312305
Jackknife: only bio_et0_yr
Making features
makeFeatures: max memory 932184064, total allocated 137363456, free 75044176, used 62319280, increment 0
Gustavia_santanderiensis_0 bio_et0_yr: 
Regularization values: linear/quadratic/product: 0.423, categorical: 0.250, threshold: 1.790, hinge: 0.500
21 samples
Density: max memory 932184064, total allocated 137363456, free 75044176, used 62319280, increment 0
linearPredictor: max memory 932184064, total allocated 137363456, free 75044176, used 62319280, increment 0
FeaturedSpace: max memory 932184064, total allocated 137363456, free 75044176, used 62319280, increment 0
Sequential: max memory 932184064, total allocated 137363456, free 75044176, used 62319280, increment 0
Initial loss: 9.212438170058329
60: time = 0.204000 loss = 9.156546
Res.gain: 0.05589229742602875
Time since start: 33.126
getSamples: max memory 932184064, total allocated 137363456, free 69461720, used 67901736, increment 5582456
Making features
makeFeatures: max memory 932184064, total allocated 137363456, free 67216568, used 70146888, increment 2245152
Gustavia_santanderiensis_1: 
Regularization values: linear/quadratic/product: 0.423, categorical: 0.250, threshold: 1.790, hinge: 0.500
21 samples
Density: max memory 932184064, total allocated 137363456, free 65764648, used 71598808, increment 1451920
linearPredictor: max memory 932184064, total allocated 137363456, free 65764648, used 71598808, increment 0
FeaturedSpace: max memory 932184064, total allocated 137363456, free 65764648, used 71598808, increment 0
Sequential: max memory 932184064, total allocated 137363456, free 65764648, used 71598808, increment 0
Initial loss: 9.212438170058329
200: time = 0.377000 loss = 7.796633
Resulting gain: 1.4158050503984612
Projecting...
Writing file C:\Users\Camila\Desktop\Modelo opc3\Final_Models\M_5_F_lq_Set_1\Gustavia_santanderiensis_1.asc
Time since start: 35.997
Writing C:\Users\Camila\Desktop\Modelo opc3\Final_Models\M_5_F_lq_Set_1\plots\Gustavia_santanderiensis_1.png
Gustavia_santanderiensis_1 response curves
Time since start: 40.077
Response curve: only bio_1
Making features
makeFeatures: max memory 932184064, total allocated 134742016, free 63263608, used 71478408, increment -120400
Gustavia_santanderiensis_1 bio_1: 
Regularization values: linear/quadratic/product: 0.423, categorical: 0.250, threshold: 1.790, hinge: 0.500
21 samples
Density: max memory 932184064, total allocated 134742016, free 63263608, used 71478408, increment 0
linearPredictor: max memory 932184064, total allocated 134742016, free 63263608, used 71478408, increment 0
FeaturedSpace: max memory 932184064, total allocated 134742016, free 63263608, used 71478408, increment 0
Sequential: max memory 932184064, total allocated 134742016, free 63263608, used 71478408, increment 0
Initial loss: 9.212438170058329
80: time = 0.596000 loss = 8.894958
Resulting gain: 0.317480363638726
Gustavia_santanderiensis_1 response curves
Response curve: only bio_10
Making features
makeFeatures: max memory 932184064, total allocated 134742016, free 58779264, used 75962752, increment 4484344
Gustavia_santanderiensis_1 bio_10: 
Regularization values: linear/quadratic/product: 0.423, categorical: 0.250, threshold: 1.790, hinge: 0.500
21 samples
Density: max memory 932184064, total allocated 134742016, free 58779264, used 75962752, increment 0
linearPredictor: max memory 932184064, total allocated 134742016, free 58779264, used 75962752, increment 0
FeaturedSpace: max memory 932184064, total allocated 134742016, free 58779264, used 75962752, increment 0
Sequential: max memory 932184064, total allocated 134742016, free 58779264, used 75962752, increment 0
Initial loss: 9.212438170058329
Time since start: 41.175
80: time = 0.268000 loss = 8.923176
Resulting gain: 0.2892624494323517
Gustavia_santanderiensis_1 response curves
Response curve: only bio_11
Making features
makeFeatures: max memory 932184064, total allocated 134742016, free 54297312, used 80444704, increment 4481952
Gustavia_santanderiensis_1 bio_11: 
Regularization values: linear/quadratic/product: 0.423, categorical: 0.250, threshold: 1.790, hinge: 0.500
21 samples
Density: max memory 932184064, total allocated 134742016, free 54297312, used 80444704, increment 0
linearPredictor: max memory 932184064, total allocated 134742016, free 54297312, used 80444704, increment 0
FeaturedSpace: max memory 932184064, total allocated 134742016, free 54297312, used 80444704, increment 0
Sequential: max memory 932184064, total allocated 134742016, free 54297312, used 80444704, increment 0
Initial loss: 9.212438170058329
80: time = 0.324000 loss = 8.909211
Resulting gain: 0.30322703639869353
Gustavia_santanderiensis_1 response curves
Response curve: only bio_12
Making features
makeFeatures: max memory 932184064, total allocated 134742016, free 49812968, used 84929048, increment 4484344
Gustavia_santanderiensis_1 bio_12: 
Regularization values: linear/quadratic/product: 0.423, categorical: 0.250, threshold: 1.790, hinge: 0.500
21 samples
Density: max memory 932184064, total allocated 134742016, free 49812968, used 84929048, increment 0
linearPredictor: max memory 932184064, total allocated 134742016, free 49812968, used 84929048, increment 0
FeaturedSpace: max memory 932184064, total allocated 134742016, free 49812968, used 84929048, increment 0
Sequential: max memory 932184064, total allocated 134742016, free 49812968, used 84929048, increment 0
Initial loss: 9.212438170058329
60: time = 0.253000 loss = 9.124235
Resulting gain: 0.08820297668477295
Gustavia_santanderiensis_1 response curves
Time since start: 42.293
Response curve: only bio_13
Making features
makeFeatures: max memory 932184064, total allocated 134742016, free 45328624, used 89413392, increment 4484344
Gustavia_santanderiensis_1 bio_13: 
Regularization values: linear/quadratic/product: 0.423, categorical: 0.250, threshold: 1.790, hinge: 0.500
21 samples
Density: max memory 932184064, total allocated 134742016, free 45328624, used 89413392, increment 0
linearPredictor: max memory 932184064, total allocated 134742016, free 45328624, used 89413392, increment 0
FeaturedSpace: max memory 932184064, total allocated 134742016, free 45328624, used 89413392, increment 0
Sequential: max memory 932184064, total allocated 134742016, free 45328624, used 89413392, increment 0
Initial loss: 9.212438170058329
60: time = 0.226000 loss = 9.203071
Resulting gain: 0.009366723610115812
Gustavia_santanderiensis_1 response curves
Response curve: only bio_14
Making features
makeFeatures: max memory 932184064, total allocated 127926272, free 93042464, used 34883808, increment -54529584
Gustavia_santanderiensis_1 bio_14: 
Regularization values: linear/quadratic/product: 0.423, categorical: 0.250, threshold: 1.790, hinge: 0.500
21 samples
Density: max memory 932184064, total allocated 127926272, free 93042464, used 34883808, increment 0
linearPredictor: max memory 932184064, total allocated 127926272, free 93042464, used 34883808, increment 0
FeaturedSpace: max memory 932184064, total allocated 127926272, free 93042464, used 34883808, increment 0
Sequential: max memory 932184064, total allocated 127926272, free 93042464, used 34883808, increment 0
Initial loss: 9.212438170058329
60: time = 0.206000 loss = 8.993133
Resulting gain: 0.21930553229418948
Gustavia_santanderiensis_1 response curves
Response curve: only bio_15
Making features
makeFeatures: max memory 932184064, total allocated 127926272, free 88486720, used 39439552, increment 4555744
Gustavia_santanderiensis_1 bio_15: 
Regularization values: linear/quadratic/product: 0.423, categorical: 0.250, threshold: 1.790, hinge: 0.500
21 samples
Density: max memory 932184064, total allocated 127926272, free 88486720, used 39439552, increment 0
linearPredictor: max memory 932184064, total allocated 127926272, free 88486720, used 39439552, increment 0
FeaturedSpace: max memory 932184064, total allocated 127926272, free 88486720, used 39439552, increment 0
Sequential: max memory 932184064, total allocated 127926272, free 88486720, used 39439552, increment 0
Initial loss: 9.212438170058329
60: time = 0.200000 loss = 9.004501
Resulting gain: 0.20793705732955559
Gustavia_santanderiensis_1 response curves
Time since start: 43.396
Response curve: only bio_16
Making features
makeFeatures: max memory 932184064, total allocated 127926272, free 83992752, used 43933520, increment 4493968
Gustavia_santanderiensis_1 bio_16: 
Regularization values: linear/quadratic/product: 0.423, categorical: 0.250, threshold: 1.790, hinge: 0.500
21 samples
Density: max memory 932184064, total allocated 127926272, free 83992752, used 43933520, increment 0
linearPredictor: max memory 932184064, total allocated 127926272, free 83992752, used 43933520, increment 0
FeaturedSpace: max memory 932184064, total allocated 127926272, free 83992752, used 43933520, increment 0
Sequential: max memory 932184064, total allocated 127926272, free 83992752, used 43933520, increment 0
Initial loss: 9.212438170058329
60: time = 0.234000 loss = 9.203180
Resulting gain: 0.00925826243550354
Gustavia_santanderiensis_1 response curves
Response curve: only bio_17
Making features
makeFeatures: max memory 932184064, total allocated 127926272, free 79614808, used 48311464, increment 4377944
Gustavia_santanderiensis_1 bio_17: 
Regularization values: linear/quadratic/product: 0.423, categorical: 0.250, threshold: 1.790, hinge: 0.500
21 samples
Density: max memory 932184064, total allocated 127926272, free 79614808, used 48311464, increment 0
linearPredictor: max memory 932184064, total allocated 127926272, free 79614808, used 48311464, increment 0
FeaturedSpace: max memory 932184064, total allocated 127926272, free 79614808, used 48311464, increment 0
Sequential: max memory 932184064, total allocated 127926272, free 79614808, used 48311464, increment 0
Initial loss: 9.212438170058329
60: time = 0.187000 loss = 8.791795
Resulting gain: 0.42064286239551407
Gustavia_santanderiensis_1 response curves
Response curve: only bio_2
Making features
makeFeatures: max memory 932184064, total allocated 127926272, free 75236040, used 52690232, increment 4378768
Gustavia_santanderiensis_1 bio_2: 
Regularization values: linear/quadratic/product: 0.423, categorical: 0.250, threshold: 1.790, hinge: 0.500
21 samples
Density: max memory 932184064, total allocated 127926272, free 75236040, used 52690232, increment 0
linearPredictor: max memory 932184064, total allocated 127926272, free 75236040, used 52690232, increment 0
FeaturedSpace: max memory 932184064, total allocated 127926272, free 75236040, used 52690232, increment 0
Sequential: max memory 932184064, total allocated 127926272, free 75236040, used 52690232, increment 0
Initial loss: 9.212438170058329
60: time = 0.252000 loss = 9.184224
Resulting gain: 0.028213862116230004
Gustavia_santanderiensis_1 response curves
Time since start: 44.489
Response curve: only bio_3
Making features
makeFeatures: max memory 932184064, total allocated 127926272, free 70858104, used 57068168, increment 4377936
Gustavia_santanderiensis_1 bio_3: 
Regularization values: linear/quadratic/product: 0.423, categorical: 0.250, threshold: 1.790, hinge: 0.500
21 samples
Density: max memory 932184064, total allocated 127926272, free 70858104, used 57068168, increment 0
linearPredictor: max memory 932184064, total allocated 127926272, free 70858104, used 57068168, increment 0
FeaturedSpace: max memory 932184064, total allocated 127926272, free 70858104, used 57068168, increment 0
Sequential: max memory 932184064, total allocated 127926272, free 70858104, used 57068168, increment 0
Initial loss: 9.212438170058329
60: time = 0.240000 loss = 9.174366
Resulting gain: 0.03807202561249845
Gustavia_santanderiensis_1 response curves
Response curve: only bio_4
Making features
makeFeatures: max memory 932184064, total allocated 127926272, free 66480192, used 61446080, increment 4377912
Gustavia_santanderiensis_1 bio_4: 
Regularization values: linear/quadratic/product: 0.423, categorical: 0.250, threshold: 1.790, hinge: 0.500
21 samples
Density: max memory 932184064, total allocated 127926272, free 66480192, used 61446080, increment 0
linearPredictor: max memory 932184064, total allocated 127926272, free 66480192, used 61446080, increment 0
FeaturedSpace: max memory 932184064, total allocated 127926272, free 66480192, used 61446080, increment 0
Sequential: max memory 932184064, total allocated 127926272, free 66480192, used 61446080, increment 0
Initial loss: 9.212438170058329
20: time = 0.097000 loss = 9.212438
Resulting gain: 0.0
Gustavia_santanderiensis_1 response curves
Response curve: only bio_5
Making features
makeFeatures: max memory 932184064, total allocated 127926272, free 62102000, used 65824272, increment 4378192
Gustavia_santanderiensis_1 bio_5: 
Regularization values: linear/quadratic/product: 0.423, categorical: 0.250, threshold: 1.790, hinge: 0.500
21 samples
Density: max memory 932184064, total allocated 127926272, free 62102000, used 65824272, increment 0
linearPredictor: max memory 932184064, total allocated 127926272, free 62102000, used 65824272, increment 0
FeaturedSpace: max memory 932184064, total allocated 127926272, free 62102000, used 65824272, increment 0
Sequential: max memory 932184064, total allocated 127926272, free 62102000, used 65824272, increment 0
Initial loss: 9.212438170058329
80: time = 0.304000 loss = 8.932775
Resulting gain: 0.27966360388505684
Gustavia_santanderiensis_1 response curves
Time since start: 45.552
Response curve: only bio_6
Making features
makeFeatures: max memory 932184064, total allocated 127926272, free 57607880, used 70318392, increment 4494120
Gustavia_santanderiensis_1 bio_6: 
Regularization values: linear/quadratic/product: 0.423, categorical: 0.250, threshold: 1.790, hinge: 0.500
21 samples
Density: max memory 932184064, total allocated 127926272, free 57607880, used 70318392, increment 0
linearPredictor: max memory 932184064, total allocated 127926272, free 57607880, used 70318392, increment 0
FeaturedSpace: max memory 932184064, total allocated 127926272, free 57607880, used 70318392, increment 0
Sequential: max memory 932184064, total allocated 127926272, free 57607880, used 70318392, increment 0
Initial loss: 9.212438170058329
80: time = 0.732000 loss = 8.866116
Resulting gain: 0.34632225889602886
Gustavia_santanderiensis_1 response curves
Response curve: only bio_7
Making features
makeFeatures: max memory 932184064, total allocated 127926272, free 53229864, used 74696408, increment 4378016
Gustavia_santanderiensis_1 bio_7: 
Regularization values: linear/quadratic/product: 0.423, categorical: 0.250, threshold: 1.790, hinge: 0.500
21 samples
Density: max memory 932184064, total allocated 127926272, free 53229864, used 74696408, increment 0
linearPredictor: max memory 932184064, total allocated 127926272, free 53229864, used 74696408, increment 0
FeaturedSpace: max memory 932184064, total allocated 127926272, free 53229864, used 74696408, increment 0
Sequential: max memory 932184064, total allocated 127926272, free 53229864, used 74696408, increment 0
Initial loss: 9.212438170058329
Time since start: 46.584
20: time = 0.111000 loss = 9.212438
Resulting gain: 0.0
Gustavia_santanderiensis_1 response curves
Response curve: only bio_ai_et0
Making features
makeFeatures: max memory 932184064, total allocated 127926272, free 48851088, used 79075184, increment 4378776
Gustavia_santanderiensis_1 bio_ai_et0: 
Regularization values: linear/quadratic/product: 0.423, categorical: 0.250, threshold: 1.790, hinge: 0.500
21 samples
Density: max memory 932184064, total allocated 127926272, free 48851088, used 79075184, increment 0
linearPredictor: max memory 932184064, total allocated 127926272, free 48851088, used 79075184, increment 0
FeaturedSpace: max memory 932184064, total allocated 127926272, free 48851088, used 79075184, increment 0
Sequential: max memory 932184064, total allocated 127926272, free 48851088, used 79075184, increment 0
Initial loss: 9.212438170058329
60: time = 0.226000 loss = 9.179234
Resulting gain: 0.03320368841339416
Gustavia_santanderiensis_1 response curves
Response curve: only bio_et0_yr
Making features
makeFeatures: max memory 932184064, total allocated 127926272, free 44472576, used 83453696, increment 4378512
Gustavia_santanderiensis_1 bio_et0_yr: 
Regularization values: linear/quadratic/product: 0.423, categorical: 0.250, threshold: 1.790, hinge: 0.500
21 samples
Density: max memory 932184064, total allocated 127926272, free 44472576, used 83453696, increment 0
linearPredictor: max memory 932184064, total allocated 127926272, free 44472576, used 83453696, increment 0
FeaturedSpace: max memory 932184064, total allocated 127926272, free 44472576, used 83453696, increment 0
Sequential: max memory 932184064, total allocated 127926272, free 44472576, used 83453696, increment 0
Initial loss: 9.212438170058329
60: time = 0.232000 loss = 9.159290
Resulting gain: 0.0531484570832248
Gustavia_santanderiensis_1 response curves
Time since start: 48.952
Jackknife: leave bio_1 out
Making features
makeFeatures: max memory 932184064, total allocated 120061952, free 68895392, used 51166560, increment -32287136
Gustavia_santanderiensis_1 bio_1: 
Regularization values: linear/quadratic/product: 0.423, categorical: 0.250, threshold: 1.790, hinge: 0.500
21 samples
Density: max memory 932184064, total allocated 120061952, free 68815208, used 51246744, increment 80184
linearPredictor: max memory 932184064, total allocated 120061952, free 68735024, used 51326928, increment 80184
FeaturedSpace: max memory 932184064, total allocated 120061952, free 68735024, used 51326928, increment 0
Sequential: max memory 932184064, total allocated 120061952, free 68735024, used 51326928, increment 0
Initial loss: 9.212438170058329
160: time = 0.330000 loss = 7.796750
Jackknife: leave bio_10 out
Making features
makeFeatures: max memory 932184064, total allocated 120061952, free 65433192, used 54628760, increment 3301832
Gustavia_santanderiensis_1 bio_10: 
Regularization values: linear/quadratic/product: 0.423, categorical: 0.250, threshold: 1.790, hinge: 0.500
21 samples
Density: max memory 932184064, total allocated 120061952, free 65433192, used 54628760, increment 0
linearPredictor: max memory 932184064, total allocated 120061952, free 65433192, used 54628760, increment 0
FeaturedSpace: max memory 932184064, total allocated 120061952, free 65433192, used 54628760, increment 0
Sequential: max memory 932184064, total allocated 120061952, free 65433192, used 54628760, increment 0
Initial loss: 9.212438170058329
160: time = 0.370000 loss = 7.796646
Jackknife: leave bio_11 out
Making features
makeFeatures: max memory 932184064, total allocated 120061952, free 63027672, used 57034280, increment 2405520
Gustavia_santanderiensis_1 bio_11: 
Regularization values: linear/quadratic/product: 0.423, categorical: 0.250, threshold: 1.790, hinge: 0.500
21 samples
Density: max memory 932184064, total allocated 120061952, free 61900424, used 58161528, increment 1127248
linearPredictor: max memory 932184064, total allocated 120061952, free 61900424, used 58161528, increment 0
FeaturedSpace: max memory 932184064, total allocated 120061952, free 61900424, used 58161528, increment 0
Sequential: max memory 932184064, total allocated 120061952, free 61900424, used 58161528, increment 0
Initial loss: 9.212438170058329
Time since start: 50.124
240: time = 0.423000 loss = 7.796630
Jackknife: leave bio_12 out
Making features
makeFeatures: max memory 932184064, total allocated 120061952, free 59976008, used 60085944, increment 1924416
Gustavia_santanderiensis_1 bio_12: 
Regularization values: linear/quadratic/product: 0.423, categorical: 0.250, threshold: 1.790, hinge: 0.500
21 samples
Density: max memory 932184064, total allocated 120061952, free 59895824, used 60166128, increment 80184
linearPredictor: max memory 932184064, total allocated 120061952, free 59815640, used 60246312, increment 80184
FeaturedSpace: max memory 932184064, total allocated 120061952, free 59815640, used 60246312, increment 0
Sequential: max memory 932184064, total allocated 120061952, free 59815640, used 60246312, increment 0
Initial loss: 9.212438170058329
240: time = 0.410000 loss = 7.796630
Jackknife: leave bio_13 out
Making features
makeFeatures: max memory 932184064, total allocated 120061952, free 56924072, used 63137880, increment 2891568
Gustavia_santanderiensis_1 bio_13: 
Regularization values: linear/quadratic/product: 0.423, categorical: 0.250, threshold: 1.790, hinge: 0.500
21 samples
Density: max memory 932184064, total allocated 120061952, free 56843888, used 63218064, increment 80184
linearPredictor: max memory 932184064, total allocated 120061952, free 56763704, used 63298248, increment 80184
FeaturedSpace: max memory 932184064, total allocated 120061952, free 56763704, used 63298248, increment 0
Sequential: max memory 932184064, total allocated 120061952, free 56763704, used 63298248, increment 0
Initial loss: 9.212438170058329
240: time = 0.403000 loss = 7.796630
Jackknife: leave bio_14 out
Making features
makeFeatures: max memory 932184064, total allocated 120061952, free 53462112, used 66599840, increment 3301592
Gustavia_santanderiensis_1 bio_14: 
Regularization values: linear/quadratic/product: 0.423, categorical: 0.250, threshold: 1.790, hinge: 0.500
21 samples
Density: max memory 932184064, total allocated 120061952, free 53462112, used 66599840, increment 0
linearPredictor: max memory 932184064, total allocated 120061952, free 53462112, used 66599840, increment 0
FeaturedSpace: max memory 932184064, total allocated 120061952, free 53462112, used 66599840, increment 0
Sequential: max memory 932184064, total allocated 120061952, free 53462112, used 66599840, increment 0
Initial loss: 9.212438170058329
Time since start: 51.381
240: time = 0.406000 loss = 7.796630
Jackknife: leave bio_15 out
Making features
makeFeatures: max memory 932184064, total allocated 120061952, free 50896224, used 69165728, increment 2565888
Gustavia_santanderiensis_1 bio_15: 
Regularization values: linear/quadratic/product: 0.423, categorical: 0.250, threshold: 1.790, hinge: 0.500
21 samples
Density: max memory 932184064, total allocated 120061952, free 49849128, used 70212824, increment 1047096
linearPredictor: max memory 932184064, total allocated 120061952, free 49849128, used 70212824, increment 0
FeaturedSpace: max memory 932184064, total allocated 120061952, free 49849128, used 70212824, increment 0
Sequential: max memory 932184064, total allocated 120061952, free 49849128, used 70212824, increment 0
Initial loss: 9.212438170058329
200: time = 0.382000 loss = 7.998432
Jackknife: leave bio_16 out
Making features
makeFeatures: max memory 932184064, total allocated 120061952, free 47594632, used 72467320, increment 2254496
Gustavia_santanderiensis_1 bio_16: 
Regularization values: linear/quadratic/product: 0.423, categorical: 0.250, threshold: 1.790, hinge: 0.500
21 samples
Density: max memory 932184064, total allocated 120061952, free 47594632, used 72467320, increment 0
linearPredictor: max memory 932184064, total allocated 120061952, free 47594632, used 72467320, increment 0
FeaturedSpace: max memory 932184064, total allocated 120061952, free 47594632, used 72467320, increment 0
Sequential: max memory 932184064, total allocated 120061952, free 47594632, used 72467320, increment 0
Initial loss: 9.212438170058329
200: time = 0.357000 loss = 7.796630
Jackknife: leave bio_17 out
Making features
makeFeatures: max memory 932184064, total allocated 120061952, free 44863656, used 75198296, increment 2730976
Gustavia_santanderiensis_1 bio_17: 
Regularization values: linear/quadratic/product: 0.423, categorical: 0.250, threshold: 1.790, hinge: 0.500
21 samples
Density: max memory 932184064, total allocated 120061952, free 44783472, used 75278480, increment 80184
linearPredictor: max memory 932184064, total allocated 120061952, free 44703288, used 75358664, increment 80184
FeaturedSpace: max memory 932184064, total allocated 120061952, free 44703288, used 75358664, increment 0
Sequential: max memory 932184064, total allocated 120061952, free 44703288, used 75358664, increment 0
Initial loss: 9.212438170058329
Time since start: 52.436
140: time = 0.277000 loss = 7.815796
Jackknife: leave bio_2 out
Making features
makeFeatures: max memory 932184064, total allocated 120061952, free 41972088, used 78089864, increment 2731200
Gustavia_santanderiensis_1 bio_2: 
Regularization values: linear/quadratic/product: 0.423, categorical: 0.250, threshold: 1.790, hinge: 0.500
21 samples
Density: max memory 932184064, total allocated 120061952, free 40844840, used 79217112, increment 1127248
linearPredictor: max memory 932184064, total allocated 120061952, free 40844840, used 79217112, increment 0
FeaturedSpace: max memory 932184064, total allocated 120061952, free 40844840, used 79217112, increment 0
Sequential: max memory 932184064, total allocated 120061952, free 40844840, used 79217112, increment 0
Initial loss: 9.212438170058329
200: time = 0.363000 loss = 7.796630
Jackknife: leave bio_3 out
Making features
makeFeatures: max memory 932184064, total allocated 120061952, free 38590344, used 81471608, increment 2254496
Gustavia_santanderiensis_1 bio_3: 
Regularization values: linear/quadratic/product: 0.423, categorical: 0.250, threshold: 1.790, hinge: 0.500
21 samples
Density: max memory 932184064, total allocated 120061952, free 38590344, used 81471608, increment 0
linearPredictor: max memory 932184064, total allocated 120061952, free 38590344, used 81471608, increment 0
FeaturedSpace: max memory 932184064, total allocated 120061952, free 38590344, used 81471608, increment 0
Sequential: max memory 932184064, total allocated 120061952, free 38590344, used 81471608, increment 0
Initial loss: 9.212438170058329
180: time = 0.338000 loss = 7.796630
Jackknife: leave bio_4 out
Making features
makeFeatures: max memory 932184064, total allocated 120061952, free 35208600, used 84853352, increment 3381744
Gustavia_santanderiensis_1 bio_4: 
Regularization values: linear/quadratic/product: 0.423, categorical: 0.250, threshold: 1.790, hinge: 0.500
21 samples
Density: max memory 932184064, total allocated 120061952, free 35208600, used 84853352, increment 0
linearPredictor: max memory 932184064, total allocated 120061952, free 35208600, used 84853352, increment 0
FeaturedSpace: max memory 932184064, total allocated 120061952, free 35208600, used 84853352, increment 0
Sequential: max memory 932184064, total allocated 120061952, free 35208600, used 84853352, increment 0
Initial loss: 9.212438170058329
Time since start: 53.533
200: time = 0.358000 loss = 7.796630
Jackknife: leave bio_5 out
Making features
makeFeatures: max memory 932184064, total allocated 119013376, free 83841440, used 35171936, increment -49681416
Gustavia_santanderiensis_1 bio_5: 
Regularization values: linear/quadratic/product: 0.423, categorical: 0.250, threshold: 1.790, hinge: 0.500
21 samples
Density: max memory 932184064, total allocated 119013376, free 83761256, used 35252120, increment 80184
linearPredictor: max memory 932184064, total allocated 119013376, free 83681072, used 35332304, increment 80184
FeaturedSpace: max memory 932184064, total allocated 119013376, free 83681072, used 35332304, increment 0
Sequential: max memory 932184064, total allocated 119013376, free 83681072, used 35332304, increment 0
Initial loss: 9.212438170058329
160: time = 0.321000 loss = 7.800716
Jackknife: leave bio_6 out
Making features
makeFeatures: max memory 932184064, total allocated 119013376, free 80908896, used 38104480, increment 2772176
Gustavia_santanderiensis_1 bio_6: 
Regularization values: linear/quadratic/product: 0.423, categorical: 0.250, threshold: 1.790, hinge: 0.500
21 samples
Density: max memory 932184064, total allocated 119013376, free 79820640, used 39192736, increment 1088256
linearPredictor: max memory 932184064, total allocated 119013376, free 79820640, used 39192736, increment 0
FeaturedSpace: max memory 932184064, total allocated 119013376, free 79820640, used 39192736, increment 0
Sequential: max memory 932184064, total allocated 119013376, free 79820640, used 39192736, increment 0
Initial loss: 9.212438170058329
180: time = 0.337000 loss = 7.799796
Jackknife: leave bio_7 out
Making features
makeFeatures: max memory 932184064, total allocated 119013376, free 77896224, used 41117152, increment 1924416
Gustavia_santanderiensis_1 bio_7: 
Regularization values: linear/quadratic/product: 0.423, categorical: 0.250, threshold: 1.790, hinge: 0.500
21 samples
Density: max memory 932184064, total allocated 119013376, free 77816040, used 41197336, increment 80184
linearPredictor: max memory 932184064, total allocated 119013376, free 77735856, used 41277520, increment 80184
FeaturedSpace: max memory 932184064, total allocated 119013376, free 77735856, used 41277520, increment 0
Sequential: max memory 932184064, total allocated 119013376, free 77735856, used 41277520, increment 0
Initial loss: 9.212438170058329
Time since start: 54.589
200: time = 0.357000 loss = 7.796630
Jackknife: leave bio_ai_et0 out
Making features
makeFeatures: max memory 932184064, total allocated 119013376, free 74917600, used 44095776, increment 2818256
Gustavia_santanderiensis_1 bio_ai_et0: 
Regularization values: linear/quadratic/product: 0.423, categorical: 0.250, threshold: 1.790, hinge: 0.500
21 samples
Density: max memory 932184064, total allocated 119013376, free 74837416, used 44175960, increment 80184
linearPredictor: max memory 932184064, total allocated 119013376, free 74757232, used 44256144, increment 80184
FeaturedSpace: max memory 932184064, total allocated 119013376, free 74757232, used 44256144, increment 0
Sequential: max memory 932184064, total allocated 119013376, free 74757232, used 44256144, increment 0
Initial loss: 9.212438170058329
160: time = 0.304000 loss = 7.796647
Jackknife: leave bio_et0_yr out
Making features
makeFeatures: max memory 932184064, total allocated 119013376, free 71984968, used 47028408, increment 2772264
Gustavia_santanderiensis_1 bio_et0_yr: 
Regularization values: linear/quadratic/product: 0.423, categorical: 0.250, threshold: 1.790, hinge: 0.500
21 samples
Density: max memory 932184064, total allocated 119013376, free 70896712, used 48116664, increment 1088256
linearPredictor: max memory 932184064, total allocated 119013376, free 70896712, used 48116664, increment 0
FeaturedSpace: max memory 932184064, total allocated 119013376, free 70896712, used 48116664, increment 0
Sequential: max memory 932184064, total allocated 119013376, free 70896712, used 48116664, increment 0
Initial loss: 9.212438170058329
160: time = 0.316000 loss = 7.796645
Jackknife: only bio_1
Making features
makeFeatures: max memory 932184064, total allocated 119013376, free 70896712, used 48116664, increment 0
Gustavia_santanderiensis_1 bio_1: 
Regularization values: linear/quadratic/product: 0.423, categorical: 0.250, threshold: 1.790, hinge: 0.500
21 samples
Density: max memory 932184064, total allocated 119013376, free 70896712, used 48116664, increment 0
linearPredictor: max memory 932184064, total allocated 119013376, free 70896712, used 48116664, increment 0
FeaturedSpace: max memory 932184064, total allocated 119013376, free 70896712, used 48116664, increment 0
Sequential: max memory 932184064, total allocated 119013376, free 70896712, used 48116664, increment 0
Initial loss: 9.212438170058329
80: time = 0.205000 loss = 8.894958
Res.gain: 0.317480363638726
Jackknife: only bio_10
Making features
makeFeatures: max memory 932184064, total allocated 119013376, free 70896712, used 48116664, increment 0
Gustavia_santanderiensis_1 bio_10: 
Regularization values: linear/quadratic/product: 0.423, categorical: 0.250, threshold: 1.790, hinge: 0.500
21 samples
Density: max memory 932184064, total allocated 119013376, free 70896712, used 48116664, increment 0
linearPredictor: max memory 932184064, total allocated 119013376, free 70896712, used 48116664, increment 0
FeaturedSpace: max memory 932184064, total allocated 119013376, free 70896712, used 48116664, increment 0
Sequential: max memory 932184064, total allocated 119013376, free 70896712, used 48116664, increment 0
Initial loss: 9.212438170058329
Time since start: 55.705
80: time = 0.253000 loss = 8.923176
Res.gain: 0.2892624494323517
Jackknife: only bio_11
Making features
makeFeatures: max memory 932184064, total allocated 119013376, free 69888616, used 49124760, increment 1008096
Gustavia_santanderiensis_1 bio_11: 
Regularization values: linear/quadratic/product: 0.423, categorical: 0.250, threshold: 1.790, hinge: 0.500
21 samples
Density: max memory 932184064, total allocated 119013376, free 69888616, used 49124760, increment 0
linearPredictor: max memory 932184064, total allocated 119013376, free 69888616, used 49124760, increment 0
FeaturedSpace: max memory 932184064, total allocated 119013376, free 69888616, used 49124760, increment 0
Sequential: max memory 932184064, total allocated 119013376, free 69888616, used 49124760, increment 0
Initial loss: 9.212438170058329
80: time = 0.272000 loss = 8.909211
Res.gain: 0.30322703639869353
Jackknife: only bio_12
Making features
makeFeatures: max memory 932184064, total allocated 119013376, free 69888616, used 49124760, increment 0
Gustavia_santanderiensis_1 bio_12: 
Regularization values: linear/quadratic/product: 0.423, categorical: 0.250, threshold: 1.790, hinge: 0.500
21 samples
Density: max memory 932184064, total allocated 119013376, free 69888616, used 49124760, increment 0
linearPredictor: max memory 932184064, total allocated 119013376, free 69888616, used 49124760, increment 0
FeaturedSpace: max memory 932184064, total allocated 119013376, free 69888616, used 49124760, increment 0
Sequential: max memory 932184064, total allocated 119013376, free 69888616, used 49124760, increment 0
Initial loss: 9.212438170058329
60: time = 0.225000 loss = 9.124235
Res.gain: 0.08820297668477295
Jackknife: only bio_13
Making features
makeFeatures: max memory 932184064, total allocated 119013376, free 69888616, used 49124760, increment 0
Gustavia_santanderiensis_1 bio_13: 
Regularization values: linear/quadratic/product: 0.423, categorical: 0.250, threshold: 1.790, hinge: 0.500
21 samples
Density: max memory 932184064, total allocated 119013376, free 69808432, used 49204944, increment 80184
linearPredictor: max memory 932184064, total allocated 119013376, free 69728248, used 49285128, increment 80184
FeaturedSpace: max memory 932184064, total allocated 119013376, free 69728248, used 49285128, increment 0
Sequential: max memory 932184064, total allocated 119013376, free 69728248, used 49285128, increment 0
Initial loss: 9.212438170058329
60: time = 0.225000 loss = 9.203071
Res.gain: 0.009366723610115812
Jackknife: only bio_14
Making features
makeFeatures: max memory 932184064, total allocated 119013376, free 68720152, used 50293224, increment 1008096
Gustavia_santanderiensis_1 bio_14: 
Regularization values: linear/quadratic/product: 0.423, categorical: 0.250, threshold: 1.790, hinge: 0.500
21 samples
Density: max memory 932184064, total allocated 119013376, free 68720152, used 50293224, increment 0
linearPredictor: max memory 932184064, total allocated 119013376, free 68720152, used 50293224, increment 0
FeaturedSpace: max memory 932184064, total allocated 119013376, free 68720152, used 50293224, increment 0
Sequential: max memory 932184064, total allocated 119013376, free 68720152, used 50293224, increment 0
Initial loss: 9.212438170058329
60: time = 0.205000 loss = 8.993133
Res.gain: 0.21930553229418948
Jackknife: only bio_15
Making features
makeFeatures: max memory 932184064, total allocated 119013376, free 68720152, used 50293224, increment 0
Gustavia_santanderiensis_1 bio_15: 
Regularization values: linear/quadratic/product: 0.423, categorical: 0.250, threshold: 1.790, hinge: 0.500
21 samples
Density: max memory 932184064, total allocated 119013376, free 68720152, used 50293224, increment 0
linearPredictor: max memory 932184064, total allocated 119013376, free 68720152, used 50293224, increment 0
FeaturedSpace: max memory 932184064, total allocated 119013376, free 68720152, used 50293224, increment 0
Sequential: max memory 932184064, total allocated 119013376, free 68720152, used 50293224, increment 0
Initial loss: 9.212438170058329
Time since start: 56.859
60: time = 0.208000 loss = 9.004501
Res.gain: 0.20793705732955559
Jackknife: only bio_16
Making features
makeFeatures: max memory 932184064, total allocated 119013376, free 68720152, used 50293224, increment 0
Gustavia_santanderiensis_1 bio_16: 
Regularization values: linear/quadratic/product: 0.423, categorical: 0.250, threshold: 1.790, hinge: 0.500
21 samples
Density: max memory 932184064, total allocated 119013376, free 68720152, used 50293224, increment 0
linearPredictor: max memory 932184064, total allocated 119013376, free 67631896, used 51381480, increment 1088256
FeaturedSpace: max memory 932184064, total allocated 119013376, free 67631896, used 51381480, increment 0
Sequential: max memory 932184064, total allocated 119013376, free 67631896, used 51381480, increment 0
Initial loss: 9.212438170058329
60: time = 0.232000 loss = 9.203180
Res.gain: 0.00925826243550354
Jackknife: only bio_17
Making features
makeFeatures: max memory 932184064, total allocated 119013376, free 67631896, used 51381480, increment 0
Gustavia_santanderiensis_1 bio_17: 
Regularization values: linear/quadratic/product: 0.423, categorical: 0.250, threshold: 1.790, hinge: 0.500
21 samples
Density: max memory 932184064, total allocated 119013376, free 67631896, used 51381480, increment 0
linearPredictor: max memory 932184064, total allocated 119013376, free 67631896, used 51381480, increment 0
FeaturedSpace: max memory 932184064, total allocated 119013376, free 67631896, used 51381480, increment 0
Sequential: max memory 932184064, total allocated 119013376, free 67631896, used 51381480, increment 0
Initial loss: 9.212438170058329
60: time = 0.189000 loss = 8.791795
Res.gain: 0.42064286239551407
Jackknife: only bio_2
Making features
makeFeatures: max memory 932184064, total allocated 119013376, free 67631896, used 51381480, increment 0
Gustavia_santanderiensis_1 bio_2: 
Regularization values: linear/quadratic/product: 0.423, categorical: 0.250, threshold: 1.790, hinge: 0.500
21 samples
Density: max memory 932184064, total allocated 119013376, free 67631896, used 51381480, increment 0
linearPredictor: max memory 932184064, total allocated 119013376, free 67631896, used 51381480, increment 0
FeaturedSpace: max memory 932184064, total allocated 119013376, free 67631896, used 51381480, increment 0
Sequential: max memory 932184064, total allocated 119013376, free 67631896, used 51381480, increment 0
Initial loss: 9.212438170058329
60: time = 0.254000 loss = 9.184224
Res.gain: 0.028213862116230004
Jackknife: only bio_3
Making features
makeFeatures: max memory 932184064, total allocated 119013376, free 67631896, used 51381480, increment 0
Gustavia_santanderiensis_1 bio_3: 
Regularization values: linear/quadratic/product: 0.423, categorical: 0.250, threshold: 1.790, hinge: 0.500
21 samples
Density: max memory 932184064, total allocated 119013376, free 67551712, used 51461664, increment 80184
linearPredictor: max memory 932184064, total allocated 119013376, free 67471528, used 51541848, increment 80184
FeaturedSpace: max memory 932184064, total allocated 119013376, free 67471528, used 51541848, increment 0
Sequential: max memory 932184064, total allocated 119013376, free 67471528, used 51541848, increment 0
Initial loss: 9.212438170058329
60: time = 0.230000 loss = 9.174366
Res.gain: 0.03807202561249845
Jackknife: only bio_4
Making features
makeFeatures: max memory 932184064, total allocated 119013376, free 66463424, used 52549952, increment 1008104
Gustavia_santanderiensis_1 bio_4: 
Regularization values: linear/quadratic/product: 0.423, categorical: 0.250, threshold: 1.790, hinge: 0.500
21 samples
Density: max memory 932184064, total allocated 119013376, free 66463424, used 52549952, increment 0
linearPredictor: max memory 932184064, total allocated 119013376, free 66463424, used 52549952, increment 0
FeaturedSpace: max memory 932184064, total allocated 119013376, free 66463424, used 52549952, increment 0
Sequential: max memory 932184064, total allocated 119013376, free 66463424, used 52549952, increment 0
Initial loss: 9.212438170058329
Time since start: 57.88
20: time = 0.099000 loss = 9.212438
Res.gain: 0.0
Jackknife: only bio_5
Making features
makeFeatures: max memory 932184064, total allocated 119013376, free 66463424, used 52549952, increment 0
Gustavia_santanderiensis_1 bio_5: 
Regularization values: linear/quadratic/product: 0.423, categorical: 0.250, threshold: 1.790, hinge: 0.500
21 samples
Density: max memory 932184064, total allocated 119013376, free 66463424, used 52549952, increment 0
linearPredictor: max memory 932184064, total allocated 119013376, free 66463424, used 52549952, increment 0
FeaturedSpace: max memory 932184064, total allocated 119013376, free 66463424, used 52549952, increment 0
Sequential: max memory 932184064, total allocated 119013376, free 66463424, used 52549952, increment 0
Initial loss: 9.212438170058329
80: time = 0.305000 loss = 8.932775
Res.gain: 0.27966360388505684
Jackknife: only bio_6
Making features
makeFeatures: max memory 932184064, total allocated 119013376, free 66463424, used 52549952, increment 0
Gustavia_santanderiensis_1 bio_6: 
Regularization values: linear/quadratic/product: 0.423, categorical: 0.250, threshold: 1.790, hinge: 0.500
21 samples
Density: max memory 932184064, total allocated 119013376, free 66463424, used 52549952, increment 0
linearPredictor: max memory 932184064, total allocated 119013376, free 66383240, used 52630136, increment 80184
FeaturedSpace: max memory 932184064, total allocated 119013376, free 66383240, used 52630136, increment 0
Sequential: max memory 932184064, total allocated 119013376, free 66383240, used 52630136, increment 0
Initial loss: 9.212438170058329
80: time = 0.259000 loss = 8.866116
Res.gain: 0.34632225889602886
Jackknife: only bio_7
Making features
makeFeatures: max memory 932184064, total allocated 119013376, free 65375144, used 53638232, increment 1008096
Gustavia_santanderiensis_1 bio_7: 
Regularization values: linear/quadratic/product: 0.423, categorical: 0.250, threshold: 1.790, hinge: 0.500
21 samples
Density: max memory 932184064, total allocated 119013376, free 65375144, used 53638232, increment 0
linearPredictor: max memory 932184064, total allocated 119013376, free 65375144, used 53638232, increment 0
FeaturedSpace: max memory 932184064, total allocated 119013376, free 65375144, used 53638232, increment 0
Sequential: max memory 932184064, total allocated 119013376, free 65375144, used 53638232, increment 0
Initial loss: 9.212438170058329
20: time = 0.101000 loss = 9.212438
Res.gain: 0.0
Jackknife: only bio_ai_et0
Making features
makeFeatures: max memory 932184064, total allocated 119013376, free 65375144, used 53638232, increment 0
Gustavia_santanderiensis_1 bio_ai_et0: 
Regularization values: linear/quadratic/product: 0.423, categorical: 0.250, threshold: 1.790, hinge: 0.500
21 samples
Density: max memory 932184064, total allocated 119013376, free 65375144, used 53638232, increment 0
linearPredictor: max memory 932184064, total allocated 119013376, free 65375144, used 53638232, increment 0
FeaturedSpace: max memory 932184064, total allocated 119013376, free 65375144, used 53638232, increment 0
Sequential: max memory 932184064, total allocated 119013376, free 65375144, used 53638232, increment 0
Initial loss: 9.212438170058329
60: time = 0.218000 loss = 9.179234
Res.gain: 0.03320368841339416
Jackknife: only bio_et0_yr
Making features
makeFeatures: max memory 932184064, total allocated 119013376, free 65375144, used 53638232, increment 0
Gustavia_santanderiensis_1 bio_et0_yr: 
Regularization values: linear/quadratic/product: 0.423, categorical: 0.250, threshold: 1.790, hinge: 0.500
21 samples
Density: max memory 932184064, total allocated 119013376, free 65294960, used 53718416, increment 80184
linearPredictor: max memory 932184064, total allocated 119013376, free 65214776, used 53798600, increment 80184
FeaturedSpace: max memory 932184064, total allocated 119013376, free 65214776, used 53798600, increment 0
Sequential: max memory 932184064, total allocated 119013376, free 65214776, used 53798600, increment 0
Initial loss: 9.212438170058329
Time since start: 58.989
60: time = 0.211000 loss = 9.159290
Res.gain: 0.0531484570832248
getSamples: max memory 932184064, total allocated 119013376, free 59712424, used 59300952, increment 5502352
Making features
makeFeatures: max memory 932184064, total allocated 119013376, free 57467272, used 61546104, increment 2245152
Gustavia_santanderiensis_2: 
Regularization values: linear/quadratic/product: 0.423, categorical: 0.250, threshold: 1.790, hinge: 0.500
21 samples
Density: max memory 932184064, total allocated 119013376, free 56379016, used 62634360, increment 1088256
linearPredictor: max memory 932184064, total allocated 119013376, free 56379016, used 62634360, increment 0
FeaturedSpace: max memory 932184064, total allocated 119013376, free 56379016, used 62634360, increment 0
Sequential: max memory 932184064, total allocated 119013376, free 56379016, used 62634360, increment 0
Initial loss: 9.212438170058329
160: time = 0.331000 loss = 7.852602
Resulting gain: 1.359836406525858
Projecting...
Writing file C:\Users\Camila\Desktop\Modelo opc3\Final_Models\M_5_F_lq_Set_1\Gustavia_santanderiensis_2.asc
Time since start: 61.902
Writing C:\Users\Camila\Desktop\Modelo opc3\Final_Models\M_5_F_lq_Set_1\plots\Gustavia_santanderiensis_2.png
Gustavia_santanderiensis_2 response curves
Time since start: 68.204
Response curve: only bio_1
Making features
makeFeatures: max memory 932184064, total allocated 133693440, free 42422208, used 91271232, increment 28636872
Gustavia_santanderiensis_2 bio_1: 
Regularization values: linear/quadratic/product: 0.423, categorical: 0.250, threshold: 1.790, hinge: 0.500
21 samples
Density: max memory 932184064, total allocated 133693440, free 42422208, used 91271232, increment 0
linearPredictor: max memory 932184064, total allocated 133693440, free 42422208, used 91271232, increment 0
FeaturedSpace: max memory 932184064, total allocated 133693440, free 42422208, used 91271232, increment 0
Sequential: max memory 932184064, total allocated 133693440, free 42422208, used 91271232, increment 0
Initial loss: 9.212438170058329
80: time = 0.283000 loss = 8.958725
Resulting gain: 0.25371291861701906
Gustavia_santanderiensis_2 response curves
Response curve: only bio_10
Making features
makeFeatures: max memory 932184064, total allocated 133693440, free 37905272, used 95788168, increment 4516936
Gustavia_santanderiensis_2 bio_10: 
Regularization values: linear/quadratic/product: 0.423, categorical: 0.250, threshold: 1.790, hinge: 0.500
21 samples
Density: max memory 932184064, total allocated 133693440, free 37905272, used 95788168, increment 0
linearPredictor: max memory 932184064, total allocated 133693440, free 37905272, used 95788168, increment 0
FeaturedSpace: max memory 932184064, total allocated 133693440, free 37905272, used 95788168, increment 0
Sequential: max memory 932184064, total allocated 133693440, free 37905272, used 95788168, increment 0
Initial loss: 9.212438170058329
80: time = 0.234000 loss = 8.983537
Resulting gain: 0.2289014284251749
Gustavia_santanderiensis_2 response curves
Response curve: only bio_11
Making features
makeFeatures: max memory 932184064, total allocated 133693440, free 33309008, used 100384432, increment 4596264
Gustavia_santanderiensis_2 bio_11: 
Regularization values: linear/quadratic/product: 0.423, categorical: 0.250, threshold: 1.790, hinge: 0.500
21 samples
Density: max memory 932184064, total allocated 133693440, free 33309008, used 100384432, increment 0
linearPredictor: max memory 932184064, total allocated 133693440, free 33309008, used 100384432, increment 0
FeaturedSpace: max memory 932184064, total allocated 133693440, free 33309008, used 100384432, increment 0
Sequential: max memory 932184064, total allocated 133693440, free 33309008, used 100384432, increment 0
Initial loss: 9.212438170058329
Time since start: 69.707
80: time = 0.679000 loss = 8.974317
Resulting gain: 0.23812084389100363
Gustavia_santanderiensis_2 response curves
Response curve: only bio_12
Making features
makeFeatures: max memory 932184064, total allocated 133693440, free 29976672, used 103716768, increment 3332336
Gustavia_santanderiensis_2 bio_12: 
Regularization values: linear/quadratic/product: 0.423, categorical: 0.250, threshold: 1.790, hinge: 0.500
21 samples
Density: max memory 932184064, total allocated 133693440, free 28712744, used 104980696, increment 1263928
linearPredictor: max memory 932184064, total allocated 133693440, free 28712744, used 104980696, increment 0
FeaturedSpace: max memory 932184064, total allocated 133693440, free 28712744, used 104980696, increment 0
Sequential: max memory 932184064, total allocated 133693440, free 28712744, used 104980696, increment 0
Initial loss: 9.212438170058329
60: time = 0.234000 loss = 9.143964
Resulting gain: 0.06847404340959429
Gustavia_santanderiensis_2 response curves
Response curve: only bio_13
Making features
makeFeatures: max memory 932184064, total allocated 133693440, free 81418376, used 52275064, increment -52705632
Gustavia_santanderiensis_2 bio_13: 
Regularization values: linear/quadratic/product: 0.423, categorical: 0.250, threshold: 1.790, hinge: 0.500
21 samples
Density: max memory 932184064, total allocated 133693440, free 81418376, used 52275064, increment 0
linearPredictor: max memory 932184064, total allocated 133693440, free 81418376, used 52275064, increment 0
FeaturedSpace: max memory 932184064, total allocated 133693440, free 81418376, used 52275064, increment 0
Sequential: max memory 932184064, total allocated 133693440, free 81418376, used 52275064, increment 0
Initial loss: 9.212438170058329
Time since start: 70.803
60: time = 0.249000 loss = 9.211593
Resulting gain: 8.45300036166563E-4
Gustavia_santanderiensis_2 response curves
Response curve: only bio_14
Making features
makeFeatures: max memory 932184064, total allocated 133693440, free 76889224, used 56804216, increment 4529152
Gustavia_santanderiensis_2 bio_14: 
Regularization values: linear/quadratic/product: 0.423, categorical: 0.250, threshold: 1.790, hinge: 0.500
21 samples
Density: max memory 932184064, total allocated 133693440, free 76889224, used 56804216, increment 0
linearPredictor: max memory 932184064, total allocated 133693440, free 76889224, used 56804216, increment 0
FeaturedSpace: max memory 932184064, total allocated 133693440, free 76889224, used 56804216, increment 0
Sequential: max memory 932184064, total allocated 133693440, free 76889224, used 56804216, increment 0
Initial loss: 9.212438170058329
60: time = 0.261000 loss = 9.111029
Resulting gain: 0.10140888337424059
Gustavia_santanderiensis_2 response curves
Response curve: only bio_15
Making features
makeFeatures: max memory 932184064, total allocated 133693440, free 72357984, used 61335456, increment 4531240
Gustavia_santanderiensis_2 bio_15: 
Regularization values: linear/quadratic/product: 0.423, categorical: 0.250, threshold: 1.790, hinge: 0.500
21 samples
Density: max memory 932184064, total allocated 133693440, free 72357984, used 61335456, increment 0
linearPredictor: max memory 932184064, total allocated 133693440, free 72357984, used 61335456, increment 0
FeaturedSpace: max memory 932184064, total allocated 133693440, free 72357984, used 61335456, increment 0
Sequential: max memory 932184064, total allocated 133693440, free 72357984, used 61335456, increment 0
Initial loss: 9.212438170058329
60: time = 0.190000 loss = 8.969670
Resulting gain: 0.24276817758195612
Gustavia_santanderiensis_2 response curves
Time since start: 71.839
Response curve: only bio_16
Making features
makeFeatures: max memory 932184064, total allocated 133693440, free 68857136, used 64836304, increment 3500848
Gustavia_santanderiensis_2 bio_16: 
Regularization values: linear/quadratic/product: 0.423, categorical: 0.250, threshold: 1.790, hinge: 0.500
21 samples
Density: max memory 932184064, total allocated 133693440, free 68776952, used 64916488, increment 80184
linearPredictor: max memory 932184064, total allocated 133693440, free 68696768, used 64996672, increment 80184
FeaturedSpace: max memory 932184064, total allocated 133693440, free 68696768, used 64996672, increment 0
Sequential: max memory 932184064, total allocated 133693440, free 68696768, used 64996672, increment 0
Initial loss: 9.212438170058329
60: time = 0.221000 loss = 9.205256
Resulting gain: 0.0071826202335145695
Gustavia_santanderiensis_2 response curves
Response curve: only bio_17
Making features
makeFeatures: max memory 932184064, total allocated 133693440, free 64152072, used 69541368, increment 4544696
Gustavia_santanderiensis_2 bio_17: 
Regularization values: linear/quadratic/product: 0.423, categorical: 0.250, threshold: 1.790, hinge: 0.500
21 samples
Density: max memory 932184064, total allocated 133693440, free 64152072, used 69541368, increment 0
linearPredictor: max memory 932184064, total allocated 133693440, free 64152072, used 69541368, increment 0
FeaturedSpace: max memory 932184064, total allocated 133693440, free 64152072, used 69541368, increment 0
Sequential: max memory 932184064, total allocated 133693440, free 64152072, used 69541368, increment 0
Initial loss: 9.212438170058329
Time since start: 72.9
60: time = 0.322000 loss = 8.876438
Resulting gain: 0.3360000878647913
Gustavia_santanderiensis_2 response curves
Response curve: only bio_2
Making features
makeFeatures: max memory 932184064, total allocated 133693440, free 59395032, used 74298408, increment 4757040
Gustavia_santanderiensis_2 bio_2: 
Regularization values: linear/quadratic/product: 0.423, categorical: 0.250, threshold: 1.790, hinge: 0.500
21 samples
Density: max memory 932184064, total allocated 133693440, free 59395032, used 74298408, increment 0
linearPredictor: max memory 932184064, total allocated 133693440, free 59395032, used 74298408, increment 0
FeaturedSpace: max memory 932184064, total allocated 133693440, free 59395032, used 74298408, increment 0
Sequential: max memory 932184064, total allocated 133693440, free 59395032, used 74298408, increment 0
Initial loss: 9.212438170058329
60: time = 0.239000 loss = 9.200136
Resulting gain: 0.012302211067458657
Gustavia_santanderiensis_2 response curves
Response curve: only bio_3
Making features
makeFeatures: max memory 932184064, total allocated 133693440, free 54865880, used 78827560, increment 4529152
Gustavia_santanderiensis_2 bio_3: 
Regularization values: linear/quadratic/product: 0.423, categorical: 0.250, threshold: 1.790, hinge: 0.500
21 samples
Density: max memory 932184064, total allocated 133693440, free 54865880, used 78827560, increment 0
linearPredictor: max memory 932184064, total allocated 133693440, free 54865880, used 78827560, increment 0
FeaturedSpace: max memory 932184064, total allocated 133693440, free 54865880, used 78827560, increment 0
Sequential: max memory 932184064, total allocated 133693440, free 54865880, used 78827560, increment 0
Initial loss: 9.212438170058329
60: time = 0.243000 loss = 9.176166
Resulting gain: 0.03627212411393543
Gustavia_santanderiensis_2 response curves
Response curve: only bio_4
Making features
makeFeatures: max memory 932184064, total allocated 133693440, free 51365032, used 82328408, increment 3500848
Gustavia_santanderiensis_2 bio_4: 
Regularization values: linear/quadratic/product: 0.423, categorical: 0.250, threshold: 1.790, hinge: 0.500
21 samples
Density: max memory 932184064, total allocated 133693440, free 51284848, used 82408592, increment 80184
linearPredictor: max memory 932184064, total allocated 133693440, free 51204664, used 82488776, increment 80184
FeaturedSpace: max memory 932184064, total allocated 133693440, free 51204664, used 82488776, increment 0
Sequential: max memory 932184064, total allocated 133693440, free 51204664, used 82488776, increment 0
Initial loss: 9.212438170058329
Time since start: 74.017
20: time = 0.117000 loss = 9.212438
Resulting gain: 0.0
Gustavia_santanderiensis_2 response curves
Response curve: only bio_5
Making features
makeFeatures: max memory 932184064, total allocated 133693440, free 46659968, used 87033472, increment 4544696
Gustavia_santanderiensis_2 bio_5: 
Regularization values: linear/quadratic/product: 0.423, categorical: 0.250, threshold: 1.790, hinge: 0.500
21 samples
Density: max memory 932184064, total allocated 133693440, free 46659968, used 87033472, increment 0
linearPredictor: max memory 932184064, total allocated 133693440, free 46659968, used 87033472, increment 0
FeaturedSpace: max memory 932184064, total allocated 133693440, free 46659968, used 87033472, increment 0
Sequential: max memory 932184064, total allocated 133693440, free 46659968, used 87033472, increment 0
Initial loss: 9.212438170058329
Time since start: 75.072
80: time = 0.361000 loss = 8.985221
Resulting gain: 0.22721717478093062
Gustavia_santanderiensis_2 response curves
Response curve: only bio_6
Making features
makeFeatures: max memory 932184064, total allocated 133693440, free 41889032, used 91804408, increment 4770936
Gustavia_santanderiensis_2 bio_6: 
Regularization values: linear/quadratic/product: 0.423, categorical: 0.250, threshold: 1.790, hinge: 0.500
21 samples
Density: max memory 932184064, total allocated 133693440, free 41889032, used 91804408, increment 0
linearPredictor: max memory 932184064, total allocated 133693440, free 41889032, used 91804408, increment 0
FeaturedSpace: max memory 932184064, total allocated 133693440, free 41889032, used 91804408, increment 0
Sequential: max memory 932184064, total allocated 133693440, free 41889032, used 91804408, increment 0
Initial loss: 9.212438170058329
80: time = 0.299000 loss = 8.921810
Resulting gain: 0.2906280291670207
Gustavia_santanderiensis_2 response curves
Response curve: only bio_7
Making features
makeFeatures: max memory 932184064, total allocated 133693440, free 37359880, used 96333560, increment 4529152
Gustavia_santanderiensis_2 bio_7: 
Regularization values: linear/quadratic/product: 0.423, categorical: 0.250, threshold: 1.790, hinge: 0.500
21 samples
Density: max memory 932184064, total allocated 133693440, free 37359880, used 96333560, increment 0
linearPredictor: max memory 932184064, total allocated 133693440, free 37359880, used 96333560, increment 0
FeaturedSpace: max memory 932184064, total allocated 133693440, free 37359880, used 96333560, increment 0
Sequential: max memory 932184064, total allocated 133693440, free 37359880, used 96333560, increment 0
Initial loss: 9.212438170058329
20: time = 0.105000 loss = 9.212438
Resulting gain: 0.0
Gustavia_santanderiensis_2 response curves
Response curve: only bio_ai_et0
Making features
makeFeatures: max memory 932184064, total allocated 133693440, free 32831480, used 100861960, increment 4528400
Gustavia_santanderiensis_2 bio_ai_et0: 
Regularization values: linear/quadratic/product: 0.423, categorical: 0.250, threshold: 1.790, hinge: 0.500
21 samples
Density: max memory 932184064, total allocated 133693440, free 32831480, used 100861960, increment 0
linearPredictor: max memory 932184064, total allocated 133693440, free 32831480, used 100861960, increment 0
FeaturedSpace: max memory 932184064, total allocated 133693440, free 32831480, used 100861960, increment 0
Sequential: max memory 932184064, total allocated 133693440, free 32831480, used 100861960, increment 0
Initial loss: 9.212438170058329
Time since start: 76.193
60: time = 0.224000 loss = 9.187623
Resulting gain: 0.024814674024078442
Gustavia_santanderiensis_2 response curves
Response curve: only bio_et0_yr
Making features
makeFeatures: max memory 932184064, total allocated 133693440, free 29410816, used 104282624, increment 3420664
Gustavia_santanderiensis_2 bio_et0_yr: 
Regularization values: linear/quadratic/product: 0.423, categorical: 0.250, threshold: 1.790, hinge: 0.500
21 samples
Density: max memory 932184064, total allocated 133693440, free 29330632, used 104362808, increment 80184
linearPredictor: max memory 932184064, total allocated 133693440, free 29250448, used 104442992, increment 80184
FeaturedSpace: max memory 932184064, total allocated 133693440, free 29250448, used 104442992, increment 0
Sequential: max memory 932184064, total allocated 133693440, free 29250448, used 104442992, increment 0
Initial loss: 9.212438170058329
60: time = 0.199000 loss = 9.173439
Resulting gain: 0.03899945368948288
Gustavia_santanderiensis_2 response curves
Time since start: 77.737
Jackknife: leave bio_1 out
Making features
makeFeatures: max memory 932184064, total allocated 122159104, free 58934816, used 63224288, increment -41218704
Gustavia_santanderiensis_2 bio_1: 
Regularization values: linear/quadratic/product: 0.423, categorical: 0.250, threshold: 1.790, hinge: 0.500
21 samples
Density: max memory 932184064, total allocated 122159104, free 58854632, used 63304472, increment 80184
linearPredictor: max memory 932184064, total allocated 122159104, free 58774448, used 63384656, increment 80184
FeaturedSpace: max memory 932184064, total allocated 122159104, free 58774448, used 63384656, increment 0
Sequential: max memory 932184064, total allocated 122159104, free 58774448, used 63384656, increment 0
Initial loss: 9.212438170058329
160: time = 0.352000 loss = 7.852602
Jackknife: leave bio_10 out
Making features
makeFeatures: max memory 932184064, total allocated 122159104, free 56002032, used 66157072, increment 2772416
Gustavia_santanderiensis_2 bio_10: 
Regularization values: linear/quadratic/product: 0.423, categorical: 0.250, threshold: 1.790, hinge: 0.500
21 samples
Density: max memory 932184064, total allocated 122159104, free 54833440, used 67325664, increment 1168592
linearPredictor: max memory 932184064, total allocated 122159104, free 54833440, used 67325664, increment 0
FeaturedSpace: max memory 932184064, total allocated 122159104, free 54833440, used 67325664, increment 0
Sequential: max memory 932184064, total allocated 122159104, free 54833440, used 67325664, increment 0
Initial loss: 9.212438170058329
200: time = 0.413000 loss = 7.852602
Jackknife: leave bio_11 out
Making features
makeFeatures: max memory 932184064, total allocated 122159104, free 52989208, used 69169896, increment 1844232
Gustavia_santanderiensis_2 bio_11: 
Regularization values: linear/quadratic/product: 0.423, categorical: 0.250, threshold: 1.790, hinge: 0.500
21 samples
Density: max memory 932184064, total allocated 122159104, free 52909024, used 69250080, increment 80184
linearPredictor: max memory 932184064, total allocated 122159104, free 52828840, used 69330264, increment 80184
FeaturedSpace: max memory 932184064, total allocated 122159104, free 52828840, used 69330264, increment 0
Sequential: max memory 932184064, total allocated 122159104, free 52828840, used 69330264, increment 0
Initial loss: 9.212438170058329
Time since start: 78.939
180: time = 0.380000 loss = 7.852602
Jackknife: leave bio_12 out
Making features
makeFeatures: max memory 932184064, total allocated 122159104, free 50010400, used 72148704, increment 2818440
Gustavia_santanderiensis_2 bio_12: 
Regularization values: linear/quadratic/product: 0.423, categorical: 0.250, threshold: 1.790, hinge: 0.500
21 samples
Density: max memory 932184064, total allocated 122159104, free 49930216, used 72228888, increment 80184
linearPredictor: max memory 932184064, total allocated 122159104, free 49850032, used 72309072, increment 80184
FeaturedSpace: max memory 932184064, total allocated 122159104, free 49850032, used 72309072, increment 0
Sequential: max memory 932184064, total allocated 122159104, free 49850032, used 72309072, increment 0
Initial loss: 9.212438170058329
180: time = 0.362000 loss = 7.852602
Jackknife: leave bio_13 out
Making features
makeFeatures: max memory 932184064, total allocated 122159104, free 47031472, used 75127632, increment 2818560
Gustavia_santanderiensis_2 bio_13: 
Regularization values: linear/quadratic/product: 0.423, categorical: 0.250, threshold: 1.790, hinge: 0.500
21 samples
Density: max memory 932184064, total allocated 122159104, free 46951288, used 75207816, increment 80184
linearPredictor: max memory 932184064, total allocated 122159104, free 46871104, used 75288000, increment 80184
FeaturedSpace: max memory 932184064, total allocated 122159104, free 46871104, used 75288000, increment 0
Sequential: max memory 932184064, total allocated 122159104, free 46871104, used 75288000, increment 0
Initial loss: 9.212438170058329
180: time = 0.353000 loss = 7.852602
Jackknife: leave bio_14 out
Making features
makeFeatures: max memory 932184064, total allocated 122159104, free 44052544, used 78106560, increment 2818560
Gustavia_santanderiensis_2 bio_14: 
Regularization values: linear/quadratic/product: 0.423, categorical: 0.250, threshold: 1.790, hinge: 0.500
21 samples
Density: max memory 932184064, total allocated 122159104, free 43972360, used 78186744, increment 80184
linearPredictor: max memory 932184064, total allocated 122159104, free 43892176, used 78266928, increment 80184
FeaturedSpace: max memory 932184064, total allocated 122159104, free 43892176, used 78266928, increment 0
Sequential: max memory 932184064, total allocated 122159104, free 43892176, used 78266928, increment 0
Initial loss: 9.212438170058329
Time since start: 80.048
180: time = 0.350000 loss = 7.852602
Jackknife: leave bio_15 out
Making features
makeFeatures: max memory 932184064, total allocated 122159104, free 41073616, used 81085488, increment 2818560
Gustavia_santanderiensis_2 bio_15: 
Regularization values: linear/quadratic/product: 0.423, categorical: 0.250, threshold: 1.790, hinge: 0.500
21 samples
Density: max memory 932184064, total allocated 122159104, free 40993432, used 81165672, increment 80184
linearPredictor: max memory 932184064, total allocated 122159104, free 40913248, used 81245856, increment 80184
FeaturedSpace: max memory 932184064, total allocated 122159104, free 40913248, used 81245856, increment 0
Sequential: max memory 932184064, total allocated 122159104, free 40913248, used 81245856, increment 0
Initial loss: 9.212438170058329
180: time = 0.333000 loss = 8.196561
Jackknife: leave bio_16 out
Making features
makeFeatures: max memory 932184064, total allocated 122159104, free 38094688, used 84064416, increment 2818560
Gustavia_santanderiensis_2 bio_16: 
Regularization values: linear/quadratic/product: 0.423, categorical: 0.250, threshold: 1.790, hinge: 0.500
21 samples
Density: max memory 932184064, total allocated 122159104, free 38014504, used 84144600, increment 80184
linearPredictor: max memory 932184064, total allocated 122159104, free 37934320, used 84224784, increment 80184
FeaturedSpace: max memory 932184064, total allocated 122159104, free 37934320, used 84224784, increment 0
Sequential: max memory 932184064, total allocated 122159104, free 37934320, used 84224784, increment 0
Initial loss: 9.212438170058329
180: time = 0.338000 loss = 7.852602
Jackknife: leave bio_17 out
Making features
makeFeatures: max memory 932184064, total allocated 122159104, free 35115760, used 87043344, increment 2818560
Gustavia_santanderiensis_2 bio_17: 
Regularization values: linear/quadratic/product: 0.423, categorical: 0.250, threshold: 1.790, hinge: 0.500
21 samples
Density: max memory 932184064, total allocated 122159104, free 35035576, used 87123528, increment 80184
linearPredictor: max memory 932184064, total allocated 122159104, free 34955392, used 87203712, increment 80184
FeaturedSpace: max memory 932184064, total allocated 122159104, free 34955392, used 87203712, increment 0
Sequential: max memory 932184064, total allocated 122159104, free 34955392, used 87203712, increment 0
Initial loss: 9.212438170058329
Time since start: 81.096
160: time = 0.341000 loss = 7.852602
Jackknife: leave bio_2 out
Making features
makeFeatures: max memory 932184064, total allocated 122159104, free 32182848, used 89976256, increment 2772544
Gustavia_santanderiensis_2 bio_2: 
Regularization values: linear/quadratic/product: 0.423, categorical: 0.250, threshold: 1.790, hinge: 0.500
21 samples
Density: max memory 932184064, total allocated 122159104, free 31014256, used 91144848, increment 1168592
linearPredictor: max memory 932184064, total allocated 122159104, free 31014256, used 91144848, increment 0
FeaturedSpace: max memory 932184064, total allocated 122159104, free 31014256, used 91144848, increment 0
Sequential: max memory 932184064, total allocated 122159104, free 31014256, used 91144848, increment 0
Initial loss: 9.212438170058329
200: time = 0.358000 loss = 7.852602
Jackknife: leave bio_3 out
Making features
makeFeatures: max memory 932184064, total allocated 122159104, free 29170024, used 92989080, increment 1844232
Gustavia_santanderiensis_2 bio_3: 
Regularization values: linear/quadratic/product: 0.423, categorical: 0.250, threshold: 1.790, hinge: 0.500
21 samples
Density: max memory 932184064, total allocated 122159104, free 29089840, used 93069264, increment 80184
linearPredictor: max memory 932184064, total allocated 122159104, free 29009656, used 93149448, increment 80184
FeaturedSpace: max memory 932184064, total allocated 122159104, free 29009656, used 93149448, increment 0
Sequential: max memory 932184064, total allocated 122159104, free 29009656, used 93149448, increment 0
Initial loss: 9.212438170058329
140: time = 0.275000 loss = 7.861732
Jackknife: leave bio_4 out
Making features
makeFeatures: max memory 932184064, total allocated 122159104, free 26237112, used 95921992, increment 2772544
Gustavia_santanderiensis_2 bio_4: 
Regularization values: linear/quadratic/product: 0.423, categorical: 0.250, threshold: 1.790, hinge: 0.500
21 samples
Density: max memory 932184064, total allocated 122159104, free 26156928, used 96002176, increment 80184
linearPredictor: max memory 932184064, total allocated 122159104, free 26076744, used 96082360, increment 80184
FeaturedSpace: max memory 932184064, total allocated 122159104, free 26076744, used 96082360, increment 0
Sequential: max memory 932184064, total allocated 122159104, free 26076744, used 96082360, increment 0
Initial loss: 9.212438170058329
160: time = 0.302000 loss = 7.853982
Jackknife: leave bio_5 out
Making features
makeFeatures: max memory 932184064, total allocated 122159104, free 23304352, used 98854752, increment 2772392
Gustavia_santanderiensis_2 bio_5: 
Regularization values: linear/quadratic/product: 0.423, categorical: 0.250, threshold: 1.790, hinge: 0.500
21 samples
Density: max memory 932184064, total allocated 122159104, free 22135760, used 100023344, increment 1168592
linearPredictor: max memory 932184064, total allocated 122159104, free 22135760, used 100023344, increment 0
FeaturedSpace: max memory 932184064, total allocated 122159104, free 22135760, used 100023344, increment 0
Sequential: max memory 932184064, total allocated 122159104, free 22135760, used 100023344, increment 0
Initial loss: 9.212438170058329
Time since start: 82.408
180: time = 0.331000 loss = 7.856432
Jackknife: leave bio_6 out
Making features
makeFeatures: max memory 932184064, total allocated 122159104, free 20291528, used 101867576, increment 1844232
Gustavia_santanderiensis_2 bio_6: 
Regularization values: linear/quadratic/product: 0.423, categorical: 0.250, threshold: 1.790, hinge: 0.500
21 samples
Density: max memory 932184064, total allocated 122159104, free 20211344, used 101947760, increment 80184
linearPredictor: max memory 932184064, total allocated 122159104, free 20131160, used 102027944, increment 80184
FeaturedSpace: max memory 932184064, total allocated 122159104, free 20131160, used 102027944, increment 0
Sequential: max memory 932184064, total allocated 122159104, free 20131160, used 102027944, increment 0
Initial loss: 9.212438170058329
160: time = 0.305000 loss = 7.881760
Jackknife: leave bio_7 out
Making features
makeFeatures: max memory 932184064, total allocated 125829120, free 74503064, used 51326056, increment -50701888
Gustavia_santanderiensis_2 bio_7: 
Regularization values: linear/quadratic/product: 0.423, categorical: 0.250, threshold: 1.790, hinge: 0.500
21 samples
Density: max memory 932184064, total allocated 125829120, free 74503064, used 51326056, increment 0
linearPredictor: max memory 932184064, total allocated 125829120, free 74503064, used 51326056, increment 0
FeaturedSpace: max memory 932184064, total allocated 125829120, free 74503064, used 51326056, increment 0
Sequential: max memory 932184064, total allocated 125829120, free 74503064, used 51326056, increment 0
Initial loss: 9.212438170058329
180: time = 0.325000 loss = 7.852602
Jackknife: leave bio_ai_et0 out
Making features
makeFeatures: max memory 932184064, total allocated 125829120, free 71109392, used 54719728, increment 3393672
Gustavia_santanderiensis_2 bio_ai_et0: 
Regularization values: linear/quadratic/product: 0.423, categorical: 0.250, threshold: 1.790, hinge: 0.500
21 samples
Density: max memory 932184064, total allocated 125829120, free 71109392, used 54719728, increment 0
linearPredictor: max memory 932184064, total allocated 125829120, free 71109392, used 54719728, increment 0
FeaturedSpace: max memory 932184064, total allocated 125829120, free 71109392, used 54719728, increment 0
Sequential: max memory 932184064, total allocated 125829120, free 71109392, used 54719728, increment 0
Initial loss: 9.212438170058329
180: time = 0.326000 loss = 7.852602
Jackknife: leave bio_et0_yr out
Making features
Time since start: 83.412
makeFeatures: max memory 932184064, total allocated 125829120, free 68846944, used 56982176, increment 2262448
Gustavia_santanderiensis_2 bio_et0_yr: 
Regularization values: linear/quadratic/product: 0.423, categorical: 0.250, threshold: 1.790, hinge: 0.500
21 samples
Density: max memory 932184064, total allocated 125829120, free 68766760, used 57062360, increment 80184
linearPredictor: max memory 932184064, total allocated 125829120, free 68686576, used 57142544, increment 80184
FeaturedSpace: max memory 932184064, total allocated 125829120, free 68686576, used 57142544, increment 0
Sequential: max memory 932184064, total allocated 125829120, free 68686576, used 57142544, increment 0
Initial loss: 9.212438170058329
180: time = 0.332000 loss = 7.852602
Jackknife: only bio_1
Making features
makeFeatures: max memory 932184064, total allocated 125829120, free 67635408, used 58193712, increment 1051168
Gustavia_santanderiensis_2 bio_1: 
Regularization values: linear/quadratic/product: 0.423, categorical: 0.250, threshold: 1.790, hinge: 0.500
21 samples
Density: max memory 932184064, total allocated 125829120, free 67635408, used 58193712, increment 0
linearPredictor: max memory 932184064, total allocated 125829120, free 67635408, used 58193712, increment 0
FeaturedSpace: max memory 932184064, total allocated 125829120, free 67635408, used 58193712, increment 0
Sequential: max memory 932184064, total allocated 125829120, free 67635408, used 58193712, increment 0
Initial loss: 9.212438170058329
80: time = 0.286000 loss = 8.958725
Res.gain: 0.25371291861701906
Jackknife: only bio_10
Making features
makeFeatures: max memory 932184064, total allocated 125829120, free 67635408, used 58193712, increment 0
Gustavia_santanderiensis_2 bio_10: 
Regularization values: linear/quadratic/product: 0.423, categorical: 0.250, threshold: 1.790, hinge: 0.500
21 samples
Density: max memory 932184064, total allocated 125829120, free 67635408, used 58193712, increment 0
linearPredictor: max memory 932184064, total allocated 125829120, free 67635408, used 58193712, increment 0
FeaturedSpace: max memory 932184064, total allocated 125829120, free 67635408, used 58193712, increment 0
Sequential: max memory 932184064, total allocated 125829120, free 67635408, used 58193712, increment 0
Initial loss: 9.212438170058329
80: time = 0.236000 loss = 8.983537
Res.gain: 0.2289014284251749
Jackknife: only bio_11
Making features
makeFeatures: max memory 932184064, total allocated 125829120, free 67555224, used 58273896, increment 80184
Gustavia_santanderiensis_2 bio_11: 
Regularization values: linear/quadratic/product: 0.423, categorical: 0.250, threshold: 1.790, hinge: 0.500
21 samples
Density: max memory 932184064, total allocated 125829120, free 67475040, used 58354080, increment 80184
linearPredictor: max memory 932184064, total allocated 125829120, free 67394856, used 58434264, increment 80184
FeaturedSpace: max memory 932184064, total allocated 125829120, free 67394856, used 58434264, increment 0
Sequential: max memory 932184064, total allocated 125829120, free 67394856, used 58434264, increment 0
Initial loss: 9.212438170058329
Time since start: 84.581
80: time = 0.301000 loss = 8.974317
Res.gain: 0.23812084389100363
Jackknife: only bio_12
Making features
makeFeatures: max memory 932184064, total allocated 125829120, free 66343696, used 59485424, increment 1051160
Gustavia_santanderiensis_2 bio_12: 
Regularization values: linear/quadratic/product: 0.423, categorical: 0.250, threshold: 1.790, hinge: 0.500
21 samples
Density: max memory 932184064, total allocated 125829120, free 66343696, used 59485424, increment 0
linearPredictor: max memory 932184064, total allocated 125829120, free 66343696, used 59485424, increment 0
FeaturedSpace: max memory 932184064, total allocated 125829120, free 66343696, used 59485424, increment 0
Sequential: max memory 932184064, total allocated 125829120, free 66343696, used 59485424, increment 0
Initial loss: 9.212438170058329
60: time = 0.213000 loss = 9.143964
Res.gain: 0.06847404340959429
Jackknife: only bio_13
Making features
makeFeatures: max memory 932184064, total allocated 125829120, free 66343696, used 59485424, increment 0
Gustavia_santanderiensis_2 bio_13: 
Regularization values: linear/quadratic/product: 0.423, categorical: 0.250, threshold: 1.790, hinge: 0.500
21 samples
Density: max memory 932184064, total allocated 125829120, free 66343696, used 59485424, increment 0
linearPredictor: max memory 932184064, total allocated 125829120, free 66343696, used 59485424, increment 0
FeaturedSpace: max memory 932184064, total allocated 125829120, free 66343696, used 59485424, increment 0
Sequential: max memory 932184064, total allocated 125829120, free 66343696, used 59485424, increment 0
Initial loss: 9.212438170058329
60: time = 0.228000 loss = 9.211593
Res.gain: 8.45300036166563E-4
Jackknife: only bio_14
Making features
makeFeatures: max memory 932184064, total allocated 125829120, free 66343696, used 59485424, increment 0
Gustavia_santanderiensis_2 bio_14: 
Regularization values: linear/quadratic/product: 0.423, categorical: 0.250, threshold: 1.790, hinge: 0.500
21 samples
Density: max memory 932184064, total allocated 125829120, free 66343696, used 59485424, increment 0
linearPredictor: max memory 932184064, total allocated 125829120, free 66263512, used 59565608, increment 80184
FeaturedSpace: max memory 932184064, total allocated 125829120, free 66263512, used 59565608, increment 0
Sequential: max memory 932184064, total allocated 125829120, free 66263512, used 59565608, increment 0
Initial loss: 9.212438170058329
60: time = 0.219000 loss = 9.111029
Res.gain: 0.10140888337424059
Jackknife: only bio_15
Making features
makeFeatures: max memory 932184064, total allocated 125829120, free 65212416, used 60616704, increment 1051096
Gustavia_santanderiensis_2 bio_15: 
Regularization values: linear/quadratic/product: 0.423, categorical: 0.250, threshold: 1.790, hinge: 0.500
21 samples
Density: max memory 932184064, total allocated 125829120, free 65212416, used 60616704, increment 0
linearPredictor: max memory 932184064, total allocated 125829120, free 65212416, used 60616704, increment 0
FeaturedSpace: max memory 932184064, total allocated 125829120, free 65212416, used 60616704, increment 0
Sequential: max memory 932184064, total allocated 125829120, free 65212416, used 60616704, increment 0
Initial loss: 9.212438170058329
60: time = 0.181000 loss = 8.969670
Res.gain: 0.24276817758195612
Jackknife: only bio_16
Making features
makeFeatures: max memory 932184064, total allocated 125829120, free 65212416, used 60616704, increment 0
Gustavia_santanderiensis_2 bio_16: 
Regularization values: linear/quadratic/product: 0.423, categorical: 0.250, threshold: 1.790, hinge: 0.500
21 samples
Density: max memory 932184064, total allocated 125829120, free 65212416, used 60616704, increment 0
linearPredictor: max memory 932184064, total allocated 125829120, free 65212416, used 60616704, increment 0
FeaturedSpace: max memory 932184064, total allocated 125829120, free 65212416, used 60616704, increment 0
Sequential: max memory 932184064, total allocated 125829120, free 65212416, used 60616704, increment 0
Initial loss: 9.212438170058329
Time since start: 85.66
60: time = 0.221000 loss = 9.205256
Res.gain: 0.0071826202335145695
Jackknife: only bio_17
Making features
makeFeatures: max memory 932184064, total allocated 125829120, free 65212416, used 60616704, increment 0
Gustavia_santanderiensis_2 bio_17: 
Regularization values: linear/quadratic/product: 0.423, categorical: 0.250, threshold: 1.790, hinge: 0.500
21 samples
Density: max memory 932184064, total allocated 125829120, free 65212416, used 60616704, increment 0
linearPredictor: max memory 932184064, total allocated 125829120, free 65132232, used 60696888, increment 80184
FeaturedSpace: max memory 932184064, total allocated 125829120, free 65132232, used 60696888, increment 0
Sequential: max memory 932184064, total allocated 125829120, free 65132232, used 60696888, increment 0
Initial loss: 9.212438170058329
60: time = 0.192000 loss = 8.876438
Res.gain: 0.3360000878647913
Jackknife: only bio_2
Making features
makeFeatures: max memory 932184064, total allocated 125829120, free 64081160, used 61747960, increment 1051072
Gustavia_santanderiensis_2 bio_2: 
Regularization values: linear/quadratic/product: 0.423, categorical: 0.250, threshold: 1.790, hinge: 0.500
21 samples
Density: max memory 932184064, total allocated 125829120, free 64081160, used 61747960, increment 0
linearPredictor: max memory 932184064, total allocated 125829120, free 64081160, used 61747960, increment 0
FeaturedSpace: max memory 932184064, total allocated 125829120, free 64081160, used 61747960, increment 0
Sequential: max memory 932184064, total allocated 125829120, free 64081160, used 61747960, increment 0
Initial loss: 9.212438170058329
60: time = 0.224000 loss = 9.200136
Res.gain: 0.012302211067458657
Jackknife: only bio_3
Making features
makeFeatures: max memory 932184064, total allocated 125829120, free 64081160, used 61747960, increment 0
Gustavia_santanderiensis_2 bio_3: 
Regularization values: linear/quadratic/product: 0.423, categorical: 0.250, threshold: 1.790, hinge: 0.500
21 samples
Density: max memory 932184064, total allocated 125829120, free 64081160, used 61747960, increment 0
linearPredictor: max memory 932184064, total allocated 125829120, free 64081160, used 61747960, increment 0
FeaturedSpace: max memory 932184064, total allocated 125829120, free 64081160, used 61747960, increment 0
Sequential: max memory 932184064, total allocated 125829120, free 64081160, used 61747960, increment 0
Initial loss: 9.212438170058329
60: time = 0.223000 loss = 9.176166
Res.gain: 0.03627212411393543
Jackknife: only bio_4
Making features
makeFeatures: max memory 932184064, total allocated 125829120, free 64081160, used 61747960, increment 0
Gustavia_santanderiensis_2 bio_4: 
Regularization values: linear/quadratic/product: 0.423, categorical: 0.250, threshold: 1.790, hinge: 0.500
21 samples
Density: max memory 932184064, total allocated 125829120, free 64081160, used 61747960, increment 0
linearPredictor: max memory 932184064, total allocated 125829120, free 64000976, used 61828144, increment 80184
FeaturedSpace: max memory 932184064, total allocated 125829120, free 64000976, used 61828144, increment 0
Sequential: max memory 932184064, total allocated 125829120, free 64000976, used 61828144, increment 0
Initial loss: 9.212438170058329
20: time = 0.099000 loss = 9.212438
Res.gain: 0.0
Jackknife: only bio_5
Making features
makeFeatures: max memory 932184064, total allocated 125829120, free 62869752, used 62959368, increment 1131224
Gustavia_santanderiensis_2 bio_5: 
Regularization values: linear/quadratic/product: 0.423, categorical: 0.250, threshold: 1.790, hinge: 0.500
21 samples
Density: max memory 932184064, total allocated 125829120, free 62869752, used 62959368, increment 0
linearPredictor: max memory 932184064, total allocated 125829120, free 62869752, used 62959368, increment 0
FeaturedSpace: max memory 932184064, total allocated 125829120, free 62869752, used 62959368, increment 0
Sequential: max memory 932184064, total allocated 125829120, free 62869752, used 62959368, increment 0
Initial loss: 9.212438170058329
Time since start: 86.752
80: time = 0.337000 loss = 8.985221
Res.gain: 0.22721717478093062
Jackknife: only bio_6
Making features
makeFeatures: max memory 932184064, total allocated 125829120, free 62869752, used 62959368, increment 0
Gustavia_santanderiensis_2 bio_6: 
Regularization values: linear/quadratic/product: 0.423, categorical: 0.250, threshold: 1.790, hinge: 0.500
21 samples
Density: max memory 932184064, total allocated 125829120, free 62869752, used 62959368, increment 0
linearPredictor: max memory 932184064, total allocated 125829120, free 62869752, used 62959368, increment 0
FeaturedSpace: max memory 932184064, total allocated 125829120, free 62869752, used 62959368, increment 0
Sequential: max memory 932184064, total allocated 125829120, free 62869752, used 62959368, increment 0
Initial loss: 9.212438170058329
80: time = 0.280000 loss = 8.921810
Res.gain: 0.2906280291670207
Jackknife: only bio_7
Making features
makeFeatures: max memory 932184064, total allocated 125829120, free 62869752, used 62959368, increment 0
Gustavia_santanderiensis_2 bio_7: 
Regularization values: linear/quadratic/product: 0.423, categorical: 0.250, threshold: 1.790, hinge: 0.500
21 samples
Density: max memory 932184064, total allocated 125829120, free 62869752, used 62959368, increment 0
linearPredictor: max memory 932184064, total allocated 125829120, free 62869752, used 62959368, increment 0
FeaturedSpace: max memory 932184064, total allocated 125829120, free 62869752, used 62959368, increment 0
Sequential: max memory 932184064, total allocated 125829120, free 62869752, used 62959368, increment 0
Initial loss: 9.212438170058329
20: time = 0.100000 loss = 9.212438
Res.gain: 0.0
Jackknife: only bio_ai_et0
Making features
makeFeatures: max memory 932184064, total allocated 125829120, free 61738528, used 64090592, increment 1131224
Gustavia_santanderiensis_2 bio_ai_et0: 
Regularization values: linear/quadratic/product: 0.423, categorical: 0.250, threshold: 1.790, hinge: 0.500
21 samples
Density: max memory 932184064, total allocated 125829120, free 61738528, used 64090592, increment 0
linearPredictor: max memory 932184064, total allocated 125829120, free 61738528, used 64090592, increment 0
FeaturedSpace: max memory 932184064, total allocated 125829120, free 61738528, used 64090592, increment 0
Sequential: max memory 932184064, total allocated 125829120, free 61738528, used 64090592, increment 0
Initial loss: 9.212438170058329
60: time = 0.220000 loss = 9.187623
Res.gain: 0.024814674024078442
Jackknife: only bio_et0_yr
Making features
makeFeatures: max memory 932184064, total allocated 125829120, free 61738528, used 64090592, increment 0
Gustavia_santanderiensis_2 bio_et0_yr: 
Regularization values: linear/quadratic/product: 0.423, categorical: 0.250, threshold: 1.790, hinge: 0.500
21 samples
Density: max memory 932184064, total allocated 125829120, free 61738528, used 64090592, increment 0
linearPredictor: max memory 932184064, total allocated 125829120, free 61738528, used 64090592, increment 0
FeaturedSpace: max memory 932184064, total allocated 125829120, free 61738528, used 64090592, increment 0
Sequential: max memory 932184064, total allocated 125829120, free 61738528, used 64090592, increment 0
Initial loss: 9.212438170058329
60: time = 0.205000 loss = 9.173439
Res.gain: 0.03899945368948288
getSamples: max memory 932184064, total allocated 125829120, free 57115344, used 68713776, increment 4623184
Making features
makeFeatures: max memory 932184064, total allocated 125829120, free 53801856, used 72027264, increment 3313488
Gustavia_santanderiensis_3: 
Regularization values: linear/quadratic/product: 0.423, categorical: 0.250, threshold: 1.790, hinge: 0.500
21 samples
Density: max memory 932184064, total allocated 125829120, free 53801856, used 72027264, increment 0
linearPredictor: max memory 932184064, total allocated 125829120, free 53801856, used 72027264, increment 0
FeaturedSpace: max memory 932184064, total allocated 125829120, free 53801856, used 72027264, increment 0
Sequential: max memory 932184064, total allocated 125829120, free 53801856, used 72027264, increment 0
Initial loss: 9.212438170058329
Time since start: 88.08
220: time = 0.384000 loss = 7.668266
Resulting gain: 1.5441723891972465
Projecting...
Writing file C:\Users\Camila\Desktop\Modelo opc3\Final_Models\M_5_F_lq_Set_1\Gustavia_santanderiensis_3.asc
Time since start: 91.082
Writing C:\Users\Camila\Desktop\Modelo opc3\Final_Models\M_5_F_lq_Set_1\plots\Gustavia_santanderiensis_3.png
Gustavia_santanderiensis_3 response curves
Time since start: 95.033
Response curve: only bio_1
Making features
makeFeatures: max memory 932184064, total allocated 126353408, free 49698680, used 76654728, increment 4627464
Gustavia_santanderiensis_3 bio_1: 
Regularization values: linear/quadratic/product: 0.423, categorical: 0.250, threshold: 1.790, hinge: 0.500
21 samples
Density: max memory 932184064, total allocated 126353408, free 49698680, used 76654728, increment 0
linearPredictor: max memory 932184064, total allocated 126353408, free 49698680, used 76654728, increment 0
FeaturedSpace: max memory 932184064, total allocated 126353408, free 49698680, used 76654728, increment 0
Sequential: max memory 932184064, total allocated 126353408, free 49698680, used 76654728, increment 0
Initial loss: 9.212438170058329
100: time = 0.272000 loss = 8.855957
Resulting gain: 0.3564816470023846
Gustavia_santanderiensis_3 response curves
Response curve: only bio_10
Making features
makeFeatures: max memory 932184064, total allocated 126353408, free 45242592, used 81110816, increment 4456088
Gustavia_santanderiensis_3 bio_10: 
Regularization values: linear/quadratic/product: 0.423, categorical: 0.250, threshold: 1.790, hinge: 0.500
21 samples
Density: max memory 932184064, total allocated 126353408, free 45242592, used 81110816, increment 0
linearPredictor: max memory 932184064, total allocated 126353408, free 45242592, used 81110816, increment 0
FeaturedSpace: max memory 932184064, total allocated 126353408, free 45242592, used 81110816, increment 0
Sequential: max memory 932184064, total allocated 126353408, free 45242592, used 81110816, increment 0
Initial loss: 9.212438170058329
Time since start: 96.234
80: time = 0.311000 loss = 8.888628
Resulting gain: 0.3238102221180945
Gustavia_santanderiensis_3 response curves
Response curve: only bio_11
Making features
makeFeatures: max memory 932184064, total allocated 126353408, free 40783664, used 85569744, increment 4458928
Gustavia_santanderiensis_3 bio_11: 
Regularization values: linear/quadratic/product: 0.423, categorical: 0.250, threshold: 1.790, hinge: 0.500
21 samples
Density: max memory 932184064, total allocated 126353408, free 40783664, used 85569744, increment 0
linearPredictor: max memory 932184064, total allocated 126353408, free 40783664, used 85569744, increment 0
FeaturedSpace: max memory 932184064, total allocated 126353408, free 40783664, used 85569744, increment 0
Sequential: max memory 932184064, total allocated 126353408, free 40783664, used 85569744, increment 0
Initial loss: 9.212438170058329
80: time = 0.294000 loss = 8.868709
Resulting gain: 0.34372947242979635
Gustavia_santanderiensis_3 response curves
Response curve: only bio_12
Making features
makeFeatures: max memory 932184064, total allocated 126353408, free 36326824, used 90026584, increment 4456840
Gustavia_santanderiensis_3 bio_12: 
Regularization values: linear/quadratic/product: 0.423, categorical: 0.250, threshold: 1.790, hinge: 0.500
21 samples
Density: max memory 932184064, total allocated 126353408, free 36326824, used 90026584, increment 0
linearPredictor: max memory 932184064, total allocated 126353408, free 36326824, used 90026584, increment 0
FeaturedSpace: max memory 932184064, total allocated 126353408, free 36326824, used 90026584, increment 0
Sequential: max memory 932184064, total allocated 126353408, free 36326824, used 90026584, increment 0
Initial loss: 9.212438170058329
60: time = 0.252000 loss = 9.140626
Resulting gain: 0.07181237597944268
Gustavia_santanderiensis_3 response curves
Time since start: 97.292
Response curve: only bio_13
Making features
makeFeatures: max memory 932184064, total allocated 126353408, free 31869984, used 94483424, increment 4456840
Gustavia_santanderiensis_3 bio_13: 
Regularization values: linear/quadratic/product: 0.423, categorical: 0.250, threshold: 1.790, hinge: 0.500
21 samples
Density: max memory 932184064, total allocated 126353408, free 31869984, used 94483424, increment 0
linearPredictor: max memory 932184064, total allocated 126353408, free 31869984, used 94483424, increment 0
FeaturedSpace: max memory 932184064, total allocated 126353408, free 31869984, used 94483424, increment 0
Sequential: max memory 932184064, total allocated 126353408, free 31869984, used 94483424, increment 0
Initial loss: 9.212438170058329
60: time = 0.233000 loss = 9.206526
Resulting gain: 0.005911730347740729
Gustavia_santanderiensis_3 response curves
Response curve: only bio_14
Making features
makeFeatures: max memory 932184064, total allocated 126353408, free 28417344, used 97936064, increment 3452640
Gustavia_santanderiensis_3 bio_14: 
Regularization values: linear/quadratic/product: 0.423, categorical: 0.250, threshold: 1.790, hinge: 0.500
21 samples
Density: max memory 932184064, total allocated 126353408, free 28337160, used 98016248, increment 80184
linearPredictor: max memory 932184064, total allocated 126353408, free 28256976, used 98096432, increment 80184
FeaturedSpace: max memory 932184064, total allocated 126353408, free 28256976, used 98096432, increment 0
Sequential: max memory 932184064, total allocated 126353408, free 28256976, used 98096432, increment 0
Initial loss: 9.212438170058329
60: time = 0.227000 loss = 9.081538
Resulting gain: 0.13090029295417516
Gustavia_santanderiensis_3 response curves
Response curve: only bio_15
Making features
makeFeatures: max memory 932184064, total allocated 126353408, free 23800944, used 102552464, increment 4456032
Gustavia_santanderiensis_3 bio_15: 
Regularization values: linear/quadratic/product: 0.423, categorical: 0.250, threshold: 1.790, hinge: 0.500
21 samples
Density: max memory 932184064, total allocated 126353408, free 23800944, used 102552464, increment 0
linearPredictor: max memory 932184064, total allocated 126353408, free 23800944, used 102552464, increment 0
FeaturedSpace: max memory 932184064, total allocated 126353408, free 23800944, used 102552464, increment 0
Sequential: max memory 932184064, total allocated 126353408, free 23800944, used 102552464, increment 0
Initial loss: 9.212438170058329
60: time = 0.189000 loss = 8.994092
Resulting gain: 0.21834578579618658
Gustavia_santanderiensis_3 response curves
Time since start: 98.411
Response curve: only bio_16
Making features
makeFeatures: max memory 932184064, total allocated 126353408, free 19344928, used 107008480, increment 4456016
Gustavia_santanderiensis_3 bio_16: 
Regularization values: linear/quadratic/product: 0.423, categorical: 0.250, threshold: 1.790, hinge: 0.500
21 samples
Density: max memory 932184064, total allocated 126353408, free 19344928, used 107008480, increment 0
linearPredictor: max memory 932184064, total allocated 126353408, free 19344928, used 107008480, increment 0
FeaturedSpace: max memory 932184064, total allocated 126353408, free 19344928, used 107008480, increment 0
Sequential: max memory 932184064, total allocated 126353408, free 19344928, used 107008480, increment 0
Initial loss: 9.212438170058329
60: time = 0.728000 loss = 9.200418
Resulting gain: 0.012020113130830623
Gustavia_santanderiensis_3 response curves
Response curve: only bio_17
Making features
makeFeatures: max memory 932184064, total allocated 126353408, free 14687552, used 111665856, increment 4657376
Gustavia_santanderiensis_3 bio_17: 
Regularization values: linear/quadratic/product: 0.423, categorical: 0.250, threshold: 1.790, hinge: 0.500
21 samples
Density: max memory 932184064, total allocated 126353408, free 14687552, used 111665856, increment 0
linearPredictor: max memory 932184064, total allocated 126353408, free 14687552, used 111665856, increment 0
FeaturedSpace: max memory 932184064, total allocated 126353408, free 14687552, used 111665856, increment 0
Sequential: max memory 932184064, total allocated 126353408, free 14687552, used 111665856, increment 0
Initial loss: 9.212438170058329
Time since start: 99.595
60: time = 0.234000 loss = 8.814019
Resulting gain: 0.39841949897029494
Gustavia_santanderiensis_3 response curves
Response curve: only bio_2
Making features
makeFeatures: max memory 932184064, total allocated 129499136, free 69518560, used 59980576, increment -51685280
Gustavia_santanderiensis_3 bio_2: 
Regularization values: linear/quadratic/product: 0.423, categorical: 0.250, threshold: 1.790, hinge: 0.500
21 samples
Density: max memory 932184064, total allocated 129499136, free 69438376, used 60060760, increment 80184
linearPredictor: max memory 932184064, total allocated 129499136, free 69358192, used 60140944, increment 80184
FeaturedSpace: max memory 932184064, total allocated 129499136, free 69358192, used 60140944, increment 0
Sequential: max memory 932184064, total allocated 129499136, free 69358192, used 60140944, increment 0
Initial loss: 9.212438170058329
60: time = 0.228000 loss = 9.182365
Resulting gain: 0.03007306524515485
Gustavia_santanderiensis_3 response curves
Response curve: only bio_3
Making features
makeFeatures: max memory 932184064, total allocated 129499136, free 64970704, used 64528432, increment 4387488
Gustavia_santanderiensis_3 bio_3: 
Regularization values: linear/quadratic/product: 0.423, categorical: 0.250, threshold: 1.790, hinge: 0.500
21 samples
Density: max memory 932184064, total allocated 129499136, free 64970704, used 64528432, increment 0
linearPredictor: max memory 932184064, total allocated 129499136, free 64970704, used 64528432, increment 0
FeaturedSpace: max memory 932184064, total allocated 129499136, free 64970704, used 64528432, increment 0
Sequential: max memory 932184064, total allocated 129499136, free 64970704, used 64528432, increment 0
Initial loss: 9.212438170058329
60: time = 0.239000 loss = 9.149161
Resulting gain: 0.0632772152853942
Gustavia_santanderiensis_3 response curves
Response curve: only bio_4
Making features
makeFeatures: max memory 932184064, total allocated 129499136, free 60597216, used 68901920, increment 4373488
Gustavia_santanderiensis_3 bio_4: 
Regularization values: linear/quadratic/product: 0.423, categorical: 0.250, threshold: 1.790, hinge: 0.500
21 samples
Density: max memory 932184064, total allocated 129499136, free 60597216, used 68901920, increment 0
linearPredictor: max memory 932184064, total allocated 129499136, free 60597216, used 68901920, increment 0
FeaturedSpace: max memory 932184064, total allocated 129499136, free 60597216, used 68901920, increment 0
Sequential: max memory 932184064, total allocated 129499136, free 60597216, used 68901920, increment 0
Initial loss: 9.212438170058329
Time since start: 100.664
20: time = 0.098000 loss = 9.212438
Resulting gain: 0.0
Gustavia_santanderiensis_3 response curves
Response curve: only bio_5
Making features
makeFeatures: max memory 932184064, total allocated 129499136, free 56207416, used 73291720, increment 4389800
Gustavia_santanderiensis_3 bio_5: 
Regularization values: linear/quadratic/product: 0.423, categorical: 0.250, threshold: 1.790, hinge: 0.500
21 samples
Density: max memory 932184064, total allocated 129499136, free 56207416, used 73291720, increment 0
linearPredictor: max memory 932184064, total allocated 129499136, free 56207416, used 73291720, increment 0
FeaturedSpace: max memory 932184064, total allocated 129499136, free 56207416, used 73291720, increment 0
Sequential: max memory 932184064, total allocated 129499136, free 56207416, used 73291720, increment 0
Initial loss: 9.212438170058329
80: time = 0.274000 loss = 8.906333
Resulting gain: 0.3061055516188489
Gustavia_santanderiensis_3 response curves
Response curve: only bio_6
Making features
makeFeatures: max memory 932184064, total allocated 129499136, free 51836288, used 77662848, increment 4371128
Gustavia_santanderiensis_3 bio_6: 
Regularization values: linear/quadratic/product: 0.423, categorical: 0.250, threshold: 1.790, hinge: 0.500
21 samples
Density: max memory 932184064, total allocated 129499136, free 51836288, used 77662848, increment 0
linearPredictor: max memory 932184064, total allocated 129499136, free 51836288, used 77662848, increment 0
FeaturedSpace: max memory 932184064, total allocated 129499136, free 51836288, used 77662848, increment 0
Sequential: max memory 932184064, total allocated 129499136, free 51836288, used 77662848, increment 0
Initial loss: 9.212438170058329
Time since start: 102.137
100: time = 0.920000 loss = 8.829900
Resulting gain: 0.3825385926279026
Gustavia_santanderiensis_3 response curves
Response curve: only bio_7
Making features
makeFeatures: max memory 932184064, total allocated 129499136, free 47462840, used 82036296, increment 4373448
Gustavia_santanderiensis_3 bio_7: 
Regularization values: linear/quadratic/product: 0.423, categorical: 0.250, threshold: 1.790, hinge: 0.500
21 samples
Density: max memory 932184064, total allocated 129499136, free 47462840, used 82036296, increment 0
linearPredictor: max memory 932184064, total allocated 129499136, free 47382656, used 82116480, increment 80184
FeaturedSpace: max memory 932184064, total allocated 129499136, free 47382656, used 82116480, increment 0
Sequential: max memory 932184064, total allocated 129499136, free 47382656, used 82116480, increment 0
Initial loss: 9.212438170058329
20: time = 0.101000 loss = 9.212438
Resulting gain: 0.0
Gustavia_santanderiensis_3 response curves
Response curve: only bio_ai_et0
Making features
makeFeatures: max memory 932184064, total allocated 129499136, free 43005232, used 86493904, increment 4377424
Gustavia_santanderiensis_3 bio_ai_et0: 
Regularization values: linear/quadratic/product: 0.423, categorical: 0.250, threshold: 1.790, hinge: 0.500
21 samples
Density: max memory 932184064, total allocated 129499136, free 43005232, used 86493904, increment 0
linearPredictor: max memory 932184064, total allocated 129499136, free 43005232, used 86493904, increment 0
FeaturedSpace: max memory 932184064, total allocated 129499136, free 43005232, used 86493904, increment 0
Sequential: max memory 932184064, total allocated 129499136, free 43005232, used 86493904, increment 0
Initial loss: 9.212438170058329
60: time = 0.252000 loss = 9.192652
Resulting gain: 0.019786489294885357
Gustavia_santanderiensis_3 response curves
Response curve: only bio_et0_yr
Making features
makeFeatures: max memory 932184064, total allocated 129499136, free 38615432, used 90883704, increment 4389800
Gustavia_santanderiensis_3 bio_et0_yr: 
Regularization values: linear/quadratic/product: 0.423, categorical: 0.250, threshold: 1.790, hinge: 0.500
21 samples
Density: max memory 932184064, total allocated 129499136, free 38615432, used 90883704, increment 0
linearPredictor: max memory 932184064, total allocated 129499136, free 38615432, used 90883704, increment 0
FeaturedSpace: max memory 932184064, total allocated 129499136, free 38615432, used 90883704, increment 0
Sequential: max memory 932184064, total allocated 129499136, free 38615432, used 90883704, increment 0
Initial loss: 9.212438170058329
Time since start: 103.235
60: time = 0.238000 loss = 9.151260
Resulting gain: 0.06117782112660741
Gustavia_santanderiensis_3 response curves
Time since start: 104.558
Jackknife: leave bio_1 out
Making features
makeFeatures: max memory 932184064, total allocated 125304832, free 14418304, used 110886528, increment 20002824
Gustavia_santanderiensis_3 bio_1: 
Regularization values: linear/quadratic/product: 0.423, categorical: 0.250, threshold: 1.790, hinge: 0.500
21 samples
Density: max memory 932184064, total allocated 125304832, free 13953320, used 111351512, increment 464984
linearPredictor: max memory 932184064, total allocated 125304832, free 13953320, used 111351512, increment 0
FeaturedSpace: max memory 932184064, total allocated 125304832, free 13953320, used 111351512, increment 0
Sequential: max memory 932184064, total allocated 125304832, free 13953320, used 111351512, increment 0
Initial loss: 9.212438170058329
180: time = 0.376000 loss = 7.682654
Jackknife: leave bio_10 out
Making features
makeFeatures: max memory 932184064, total allocated 120061952, free 60151144, used 59910808, increment -51440704
Gustavia_santanderiensis_3 bio_10: 
Regularization values: linear/quadratic/product: 0.423, categorical: 0.250, threshold: 1.790, hinge: 0.500
21 samples
Density: max memory 932184064, total allocated 120061952, free 60070960, used 59990992, increment 80184
linearPredictor: max memory 932184064, total allocated 120061952, free 59990776, used 60071176, increment 80184
FeaturedSpace: max memory 932184064, total allocated 120061952, free 59990776, used 60071176, increment 0
Sequential: max memory 932184064, total allocated 120061952, free 59990776, used 60071176, increment 0
Initial loss: 9.212438170058329
180: time = 0.389000 loss = 7.668266
Jackknife: leave bio_11 out
Making features
makeFeatures: max memory 932184064, total allocated 120061952, free 57179504, used 62882448, increment 2811272
Gustavia_santanderiensis_3 bio_11: 
Regularization values: linear/quadratic/product: 0.423, categorical: 0.250, threshold: 1.790, hinge: 0.500
21 samples
Density: max memory 932184064, total allocated 120061952, free 57099320, used 62962632, increment 80184
linearPredictor: max memory 932184064, total allocated 120061952, free 57019136, used 63042816, increment 80184
FeaturedSpace: max memory 932184064, total allocated 120061952, free 57019136, used 63042816, increment 0
Sequential: max memory 932184064, total allocated 120061952, free 57019136, used 63042816, increment 0
Initial loss: 9.212438170058329
Time since start: 105.711
180: time = 0.341000 loss = 7.668266
Jackknife: leave bio_12 out
Making features
makeFeatures: max memory 932184064, total allocated 120061952, free 54207888, used 65854064, increment 2811248
Gustavia_santanderiensis_3 bio_12: 
Regularization values: linear/quadratic/product: 0.423, categorical: 0.250, threshold: 1.790, hinge: 0.500
21 samples
Density: max memory 932184064, total allocated 120061952, free 54127704, used 65934248, increment 80184
linearPredictor: max memory 932184064, total allocated 120061952, free 54047520, used 66014432, increment 80184
FeaturedSpace: max memory 932184064, total allocated 120061952, free 54047520, used 66014432, increment 0
Sequential: max memory 932184064, total allocated 120061952, free 54047520, used 66014432, increment 0
Initial loss: 9.212438170058329
160: time = 0.325000 loss = 7.668266
Jackknife: leave bio_13 out
Making features
makeFeatures: max memory 932184064, total allocated 120061952, free 51318800, used 68743152, increment 2728720
Gustavia_santanderiensis_3 bio_13: 
Regularization values: linear/quadratic/product: 0.423, categorical: 0.250, threshold: 1.790, hinge: 0.500
21 samples
Density: max memory 932184064, total allocated 120061952, free 50274032, used 69787920, increment 1044768
linearPredictor: max memory 932184064, total allocated 120061952, free 50274032, used 69787920, increment 0
FeaturedSpace: max memory 932184064, total allocated 120061952, free 50274032, used 69787920, increment 0
Sequential: max memory 932184064, total allocated 120061952, free 50274032, used 69787920, increment 0
Initial loss: 9.212438170058329
180: time = 0.329000 loss = 7.668266
Jackknife: leave bio_14 out
Making features
makeFeatures: max memory 932184064, total allocated 120061952, free 48349616, used 71712336, increment 1924416
Gustavia_santanderiensis_3 bio_14: 
Regularization values: linear/quadratic/product: 0.423, categorical: 0.250, threshold: 1.790, hinge: 0.500
21 samples
Density: max memory 932184064, total allocated 120061952, free 47224664, used 72837288, increment 1124952
linearPredictor: max memory 932184064, total allocated 120061952, free 47224664, used 72837288, increment 0
FeaturedSpace: max memory 932184064, total allocated 120061952, free 47224664, used 72837288, increment 0
Sequential: max memory 932184064, total allocated 120061952, free 47224664, used 72837288, increment 0
Initial loss: 9.212438170058329
Time since start: 106.731
180: time = 0.330000 loss = 7.668266
Jackknife: leave bio_15 out
Making features
makeFeatures: max memory 932184064, total allocated 120061952, free 45380432, used 74681520, increment 1844232
Gustavia_santanderiensis_3 bio_15: 
Regularization values: linear/quadratic/product: 0.423, categorical: 0.250, threshold: 1.790, hinge: 0.500
21 samples
Density: max memory 932184064, total allocated 120061952, free 44255480, used 75806472, increment 1124952
linearPredictor: max memory 932184064, total allocated 120061952, free 44255480, used 75806472, increment 0
FeaturedSpace: max memory 932184064, total allocated 120061952, free 44255480, used 75806472, increment 0
Sequential: max memory 932184064, total allocated 120061952, free 44255480, used 75806472, increment 0
Initial loss: 9.212438170058329
200: time = 0.391000 loss = 7.861605
Jackknife: leave bio_16 out
Making features
makeFeatures: max memory 932184064, total allocated 120061952, free 42328688, used 77733264, increment 1926792
Gustavia_santanderiensis_3 bio_16: 
Regularization values: linear/quadratic/product: 0.423, categorical: 0.250, threshold: 1.790, hinge: 0.500
21 samples
Density: max memory 932184064, total allocated 120061952, free 42248504, used 77813448, increment 80184
linearPredictor: max memory 932184064, total allocated 120061952, free 42168320, used 77893632, increment 80184
FeaturedSpace: max memory 932184064, total allocated 120061952, free 42168320, used 77893632, increment 0
Sequential: max memory 932184064, total allocated 120061952, free 42168320, used 77893632, increment 0
Initial loss: 9.212438170058329
180: time = 0.322000 loss = 7.668266
Jackknife: leave bio_17 out
Making features
makeFeatures: max memory 932184064, total allocated 120061952, free 39356856, used 80705096, increment 2811464
Gustavia_santanderiensis_3 bio_17: 
Regularization values: linear/quadratic/product: 0.423, categorical: 0.250, threshold: 1.790, hinge: 0.500
21 samples
Density: max memory 932184064, total allocated 120061952, free 39276672, used 80785280, increment 80184
linearPredictor: max memory 932184064, total allocated 120061952, free 39196488, used 80865464, increment 80184
FeaturedSpace: max memory 932184064, total allocated 120061952, free 39196488, used 80865464, increment 0
Sequential: max memory 932184064, total allocated 120061952, free 39196488, used 80865464, increment 0
Initial loss: 9.212438170058329
Time since start: 107.896
200: time = 0.414000 loss = 7.671867
Jackknife: leave bio_2 out
Making features
makeFeatures: max memory 932184064, total allocated 120061952, free 36387400, used 83674552, increment 2809088
Gustavia_santanderiensis_3 bio_2: 
Regularization values: linear/quadratic/product: 0.423, categorical: 0.250, threshold: 1.790, hinge: 0.500
21 samples
Density: max memory 932184064, total allocated 120061952, free 36307216, used 83754736, increment 80184
linearPredictor: max memory 932184064, total allocated 120061952, free 36227032, used 83834920, increment 80184
FeaturedSpace: max memory 932184064, total allocated 120061952, free 36227032, used 83834920, increment 0
Sequential: max memory 932184064, total allocated 120061952, free 36227032, used 83834920, increment 0
Initial loss: 9.212438170058329
180: time = 0.332000 loss = 7.668266
Jackknife: leave bio_3 out
Making features
makeFeatures: max memory 932184064, total allocated 120061952, free 33418096, used 86643856, increment 2808936
Gustavia_santanderiensis_3 bio_3: 
Regularization values: linear/quadratic/product: 0.423, categorical: 0.250, threshold: 1.790, hinge: 0.500
21 samples
Density: max memory 932184064, total allocated 120061952, free 33337912, used 86724040, increment 80184
linearPredictor: max memory 932184064, total allocated 120061952, free 33257728, used 86804224, increment 80184
FeaturedSpace: max memory 932184064, total allocated 120061952, free 33257728, used 86804224, increment 0
Sequential: max memory 932184064, total allocated 120061952, free 33257728, used 86804224, increment 0
Initial loss: 9.212438170058329
180: time = 0.329000 loss = 7.668266
Jackknife: leave bio_4 out
Making features
makeFeatures: max memory 932184064, total allocated 120061952, free 30448768, used 89613184, increment 2808960
Gustavia_santanderiensis_3 bio_4: 
Regularization values: linear/quadratic/product: 0.423, categorical: 0.250, threshold: 1.790, hinge: 0.500
21 samples
Density: max memory 932184064, total allocated 120061952, free 30368584, used 89693368, increment 80184
linearPredictor: max memory 932184064, total allocated 120061952, free 30288400, used 89773552, increment 80184
FeaturedSpace: max memory 932184064, total allocated 120061952, free 30288400, used 89773552, increment 0
Sequential: max memory 932184064, total allocated 120061952, free 30288400, used 89773552, increment 0
Initial loss: 9.212438170058329
Time since start: 108.996
180: time = 0.402000 loss = 7.668266
Jackknife: leave bio_5 out
Making features
makeFeatures: max memory 932184064, total allocated 120061952, free 27479560, used 92582392, increment 2808840
Gustavia_santanderiensis_3 bio_5: 
Regularization values: linear/quadratic/product: 0.423, categorical: 0.250, threshold: 1.790, hinge: 0.500
21 samples
Density: max memory 932184064, total allocated 120061952, free 27399376, used 92662576, increment 80184
linearPredictor: max memory 932184064, total allocated 120061952, free 27319192, used 92742760, increment 80184
FeaturedSpace: max memory 932184064, total allocated 120061952, free 27319192, used 92742760, increment 0
Sequential: max memory 932184064, total allocated 120061952, free 27319192, used 92742760, increment 0
Initial loss: 9.212438170058329
180: time = 0.350000 loss = 7.668266
Jackknife: leave bio_6 out
Making features
makeFeatures: max memory 932184064, total allocated 120061952, free 24510104, used 95551848, increment 2809088
Gustavia_santanderiensis_3 bio_6: 
Regularization values: linear/quadratic/product: 0.423, categorical: 0.250, threshold: 1.790, hinge: 0.500
21 samples
Density: max memory 932184064, total allocated 120061952, free 24429920, used 95632032, increment 80184
linearPredictor: max memory 932184064, total allocated 120061952, free 24349736, used 95712216, increment 80184
FeaturedSpace: max memory 932184064, total allocated 120061952, free 24349736, used 95712216, increment 0
Sequential: max memory 932184064, total allocated 120061952, free 24349736, used 95712216, increment 0
Initial loss: 9.212438170058329
180: time = 0.317000 loss = 7.668266
Jackknife: leave bio_7 out
Making features
makeFeatures: max memory 932184064, total allocated 120061952, free 21540872, used 98521080, increment 2808864
Gustavia_santanderiensis_3 bio_7: 
Regularization values: linear/quadratic/product: 0.423, categorical: 0.250, threshold: 1.790, hinge: 0.500
21 samples
Density: max memory 932184064, total allocated 120061952, free 21460688, used 98601264, increment 80184
linearPredictor: max memory 932184064, total allocated 120061952, free 21380504, used 98681448, increment 80184
FeaturedSpace: max memory 932184064, total allocated 120061952, free 21380504, used 98681448, increment 0
Sequential: max memory 932184064, total allocated 120061952, free 21380504, used 98681448, increment 0
Initial loss: 9.212438170058329
Time since start: 110.046
180: time = 0.342000 loss = 7.668266
Jackknife: leave bio_ai_et0 out
Making features
makeFeatures: max memory 932184064, total allocated 120061952, free 18571416, used 101490536, increment 2809088
Gustavia_santanderiensis_3 bio_ai_et0: 
Regularization values: linear/quadratic/product: 0.423, categorical: 0.250, threshold: 1.790, hinge: 0.500
21 samples
Density: max memory 932184064, total allocated 120061952, free 18491232, used 101570720, increment 80184
linearPredictor: max memory 932184064, total allocated 120061952, free 18411048, used 101650904, increment 80184
FeaturedSpace: max memory 932184064, total allocated 120061952, free 18411048, used 101650904, increment 0
Sequential: max memory 932184064, total allocated 120061952, free 18411048, used 101650904, increment 0
Initial loss: 9.212438170058329
220: time = 0.509000 loss = 7.668266
Jackknife: leave bio_et0_yr out
Making features
makeFeatures: max memory 932184064, total allocated 120061952, free 14958296, used 105103656, increment 3452752
Gustavia_santanderiensis_3 bio_et0_yr: 
Regularization values: linear/quadratic/product: 0.423, categorical: 0.250, threshold: 1.790, hinge: 0.500
21 samples
Density: max memory 932184064, total allocated 120061952, free 14958296, used 105103656, increment 0
linearPredictor: max memory 932184064, total allocated 120061952, free 14958296, used 105103656, increment 0
FeaturedSpace: max memory 932184064, total allocated 120061952, free 14958296, used 105103656, increment 0
Sequential: max memory 932184064, total allocated 120061952, free 14958296, used 105103656, increment 0
Initial loss: 9.212438170058329
220: time = 0.389000 loss = 7.668266
Jackknife: only bio_1
Making features
makeFeatures: max memory 932184064, total allocated 120061952, free 14958296, used 105103656, increment 0
Gustavia_santanderiensis_3 bio_1: 
Regularization values: linear/quadratic/product: 0.423, categorical: 0.250, threshold: 1.790, hinge: 0.500
21 samples
Density: max memory 932184064, total allocated 120061952, free 14878112, used 105183840, increment 80184
linearPredictor: max memory 932184064, total allocated 120061952, free 14797928, used 105264024, increment 80184
FeaturedSpace: max memory 932184064, total allocated 120061952, free 14797928, used 105264024, increment 0
Sequential: max memory 932184064, total allocated 120061952, free 14797928, used 105264024, increment 0
Initial loss: 9.212438170058329
Time since start: 111.245
100: time = 0.268000 loss = 8.855957
Res.gain: 0.3564816470023846
Jackknife: only bio_10
Making features
makeFeatures: max memory 932184064, total allocated 120061952, free 13753112, used 106308840, increment 1044816
Gustavia_santanderiensis_3 bio_10: 
Regularization values: linear/quadratic/product: 0.423, categorical: 0.250, threshold: 1.790, hinge: 0.500
21 samples
Density: max memory 932184064, total allocated 120061952, free 13753112, used 106308840, increment 0
linearPredictor: max memory 932184064, total allocated 120061952, free 13753112, used 106308840, increment 0
FeaturedSpace: max memory 932184064, total allocated 120061952, free 13753112, used 106308840, increment 0
Sequential: max memory 932184064, total allocated 120061952, free 13753112, used 106308840, increment 0
Initial loss: 9.212438170058329
80: time = 0.273000 loss = 8.888628
Res.gain: 0.3238102221180945
Jackknife: only bio_11
Making features
makeFeatures: max memory 932184064, total allocated 120061952, free 13753112, used 106308840, increment 0
Gustavia_santanderiensis_3 bio_11: 
Regularization values: linear/quadratic/product: 0.423, categorical: 0.250, threshold: 1.790, hinge: 0.500
21 samples
Density: max memory 932184064, total allocated 120061952, free 13753112, used 106308840, increment 0
linearPredictor: max memory 932184064, total allocated 120061952, free 13753112, used 106308840, increment 0
FeaturedSpace: max memory 932184064, total allocated 120061952, free 13753112, used 106308840, increment 0
Sequential: max memory 932184064, total allocated 120061952, free 13753112, used 106308840, increment 0
Initial loss: 9.212438170058329
80: time = 0.261000 loss = 8.868709
Res.gain: 0.34372947242979635
Jackknife: only bio_12
Making features
makeFeatures: max memory 932184064, total allocated 120061952, free 13753112, used 106308840, increment 0
Gustavia_santanderiensis_3 bio_12: 
Regularization values: linear/quadratic/product: 0.423, categorical: 0.250, threshold: 1.790, hinge: 0.500
21 samples
Density: max memory 932184064, total allocated 120061952, free 13672928, used 106389024, increment 80184
linearPredictor: max memory 932184064, total allocated 120061952, free 13592744, used 106469208, increment 80184
FeaturedSpace: max memory 932184064, total allocated 120061952, free 13592744, used 106469208, increment 0
Sequential: max memory 932184064, total allocated 120061952, free 13592744, used 106469208, increment 0
Initial loss: 9.212438170058329
60: time = 0.228000 loss = 9.140626
Res.gain: 0.07181237597944268
Jackknife: only bio_13
Making features
makeFeatures: max memory 932184064, total allocated 120061952, free 13432376, used 106629576, increment 160368
Gustavia_santanderiensis_3 bio_13: 
Regularization values: linear/quadratic/product: 0.423, categorical: 0.250, threshold: 1.790, hinge: 0.500
21 samples
Density: max memory 932184064, total allocated 120061952, free 13352192, used 106709760, increment 80184
linearPredictor: max memory 932184064, total allocated 120061952, free 13272008, used 106789944, increment 80184
FeaturedSpace: max memory 932184064, total allocated 120061952, free 13272008, used 106789944, increment 0
Sequential: max memory 932184064, total allocated 120061952, free 13272008, used 106789944, increment 0
Initial loss: 9.212438170058329
60: time = 0.216000 loss = 9.206526
Res.gain: 0.005911730347740729
Jackknife: only bio_14
Making features
makeFeatures: max memory 932184064, total allocated 120061952, free 12227192, used 107834760, increment 1044816
Gustavia_santanderiensis_3 bio_14: 
Regularization values: linear/quadratic/product: 0.423, categorical: 0.250, threshold: 1.790, hinge: 0.500
21 samples
Density: max memory 932184064, total allocated 120061952, free 12227192, used 107834760, increment 0
linearPredictor: max memory 932184064, total allocated 120061952, free 12227192, used 107834760, increment 0
FeaturedSpace: max memory 932184064, total allocated 120061952, free 12227192, used 107834760, increment 0
Sequential: max memory 932184064, total allocated 120061952, free 12227192, used 107834760, increment 0
Initial loss: 9.212438170058329
Time since start: 112.454
60: time = 0.212000 loss = 9.081538
Res.gain: 0.13090029295417516
Jackknife: only bio_15
Making features
makeFeatures: max memory 932184064, total allocated 120061952, free 12227192, used 107834760, increment 0
Gustavia_santanderiensis_3 bio_15: 
Regularization values: linear/quadratic/product: 0.423, categorical: 0.250, threshold: 1.790, hinge: 0.500
21 samples
Density: max memory 932184064, total allocated 120061952, free 12227192, used 107834760, increment 0
linearPredictor: max memory 932184064, total allocated 120061952, free 12227192, used 107834760, increment 0
FeaturedSpace: max memory 932184064, total allocated 120061952, free 12227192, used 107834760, increment 0
Sequential: max memory 932184064, total allocated 120061952, free 12227192, used 107834760, increment 0
Initial loss: 9.212438170058329
60: time = 0.190000 loss = 8.994092
Res.gain: 0.21834578579618658
Jackknife: only bio_16
Making features
makeFeatures: max memory 932184064, total allocated 120061952, free 12227192, used 107834760, increment 0
Gustavia_santanderiensis_3 bio_16: 
Regularization values: linear/quadratic/product: 0.423, categorical: 0.250, threshold: 1.790, hinge: 0.500
21 samples
Density: max memory 932184064, total allocated 120061952, free 12227192, used 107834760, increment 0
linearPredictor: max memory 932184064, total allocated 120061952, free 11182424, used 108879528, increment 1044768
FeaturedSpace: max memory 932184064, total allocated 120061952, free 11182424, used 108879528, increment 0
Sequential: max memory 932184064, total allocated 120061952, free 11182424, used 108879528, increment 0
Initial loss: 9.212438170058329
60: time = 0.217000 loss = 9.200418
Res.gain: 0.012020113130830623
Jackknife: only bio_17
Making features
makeFeatures: max memory 932184064, total allocated 120061952, free 11182424, used 108879528, increment 0
Gustavia_santanderiensis_3 bio_17: 
Regularization values: linear/quadratic/product: 0.423, categorical: 0.250, threshold: 1.790, hinge: 0.500
21 samples
Density: max memory 932184064, total allocated 120061952, free 11182424, used 108879528, increment 0
linearPredictor: max memory 932184064, total allocated 120061952, free 11182424, used 108879528, increment 0
FeaturedSpace: max memory 932184064, total allocated 120061952, free 11182424, used 108879528, increment 0
Sequential: max memory 932184064, total allocated 120061952, free 11182424, used 108879528, increment 0
Initial loss: 9.212438170058329
60: time = 0.214000 loss = 8.814019
Res.gain: 0.39841949897029494
Jackknife: only bio_2
Making features
makeFeatures: max memory 932184064, total allocated 120061952, free 11182424, used 108879528, increment 0
Gustavia_santanderiensis_3 bio_2: 
Regularization values: linear/quadratic/product: 0.423, categorical: 0.250, threshold: 1.790, hinge: 0.500
21 samples
Density: max memory 932184064, total allocated 120061952, free 11182424, used 108879528, increment 0
linearPredictor: max memory 932184064, total allocated 120061952, free 11182424, used 108879528, increment 0
FeaturedSpace: max memory 932184064, total allocated 120061952, free 11182424, used 108879528, increment 0
Sequential: max memory 932184064, total allocated 120061952, free 11182424, used 108879528, increment 0
Initial loss: 9.212438170058329
60: time = 0.216000 loss = 9.182365
Res.gain: 0.03007306524515485
Jackknife: only bio_3
Making features
makeFeatures: max memory 932184064, total allocated 120061952, free 11182424, used 108879528, increment 0
Gustavia_santanderiensis_3 bio_3: 
Regularization values: linear/quadratic/product: 0.423, categorical: 0.250, threshold: 1.790, hinge: 0.500
21 samples
Density: max memory 932184064, total allocated 120061952, free 10290640, used 109771312, increment 891784
linearPredictor: max memory 932184064, total allocated 120061952, free 10290640, used 109771312, increment 0
FeaturedSpace: max memory 932184064, total allocated 120061952, free 10290640, used 109771312, increment 0
Sequential: max memory 932184064, total allocated 120061952, free 10290640, used 109771312, increment 0
Initial loss: 9.212438170058329
Time since start: 113.532
60: time = 0.225000 loss = 9.149161
Res.gain: 0.0632772152853942
Jackknife: only bio_4
Making features
makeFeatures: max memory 932184064, total allocated 120061952, free 10290640, used 109771312, increment 0
Gustavia_santanderiensis_3 bio_4: 
Regularization values: linear/quadratic/product: 0.423, categorical: 0.250, threshold: 1.790, hinge: 0.500
21 samples
Density: max memory 932184064, total allocated 120061952, free 10290640, used 109771312, increment 0
linearPredictor: max memory 932184064, total allocated 120061952, free 10290640, used 109771312, increment 0
FeaturedSpace: max memory 932184064, total allocated 120061952, free 10290640, used 109771312, increment 0
Sequential: max memory 932184064, total allocated 120061952, free 10290640, used 109771312, increment 0
Initial loss: 9.212438170058329
20: time = 0.102000 loss = 9.212438
Res.gain: 0.0
Jackknife: only bio_5
Making features
makeFeatures: max memory 932184064, total allocated 120061952, free 10290640, used 109771312, increment 0
Gustavia_santanderiensis_3 bio_5: 
Regularization values: linear/quadratic/product: 0.423, categorical: 0.250, threshold: 1.790, hinge: 0.500
21 samples
Density: max memory 932184064, total allocated 120061952, free 10290640, used 109771312, increment 0
linearPredictor: max memory 932184064, total allocated 120061952, free 10290640, used 109771312, increment 0
FeaturedSpace: max memory 932184064, total allocated 120061952, free 10290640, used 109771312, increment 0
Sequential: max memory 932184064, total allocated 120061952, free 10290640, used 109771312, increment 0
Initial loss: 9.212438170058329
80: time = 0.275000 loss = 8.906333
Res.gain: 0.3061055516188489
Jackknife: only bio_6
Making features
makeFeatures: max memory 932184064, total allocated 121634816, free 63020560, used 58614256, increment -51157056
Gustavia_santanderiensis_3 bio_6: 
Regularization values: linear/quadratic/product: 0.423, categorical: 0.250, threshold: 1.790, hinge: 0.500
21 samples
Density: max memory 932184064, total allocated 121634816, free 63020560, used 58614256, increment 0
linearPredictor: max memory 932184064, total allocated 121634816, free 63020560, used 58614256, increment 0
FeaturedSpace: max memory 932184064, total allocated 121634816, free 63020560, used 58614256, increment 0
Sequential: max memory 932184064, total allocated 121634816, free 63020560, used 58614256, increment 0
Initial loss: 9.212438170058329
100: time = 0.345000 loss = 8.829900
Res.gain: 0.3825385926279026
Jackknife: only bio_7
Making features
makeFeatures: max memory 932184064, total allocated 121634816, free 63020560, used 58614256, increment 0
Gustavia_santanderiensis_3 bio_7: 
Regularization values: linear/quadratic/product: 0.423, categorical: 0.250, threshold: 1.790, hinge: 0.500
21 samples
Density: max memory 932184064, total allocated 121634816, free 63020560, used 58614256, increment 0
linearPredictor: max memory 932184064, total allocated 121634816, free 63020560, used 58614256, increment 0
FeaturedSpace: max memory 932184064, total allocated 121634816, free 63020560, used 58614256, increment 0
Sequential: max memory 932184064, total allocated 121634816, free 63020560, used 58614256, increment 0
Initial loss: 9.212438170058329
20: time = 0.098000 loss = 9.212438
Res.gain: 0.0
Jackknife: only bio_ai_et0
Making features
makeFeatures: max memory 932184064, total allocated 121634816, free 63020560, used 58614256, increment 0
Gustavia_santanderiensis_3 bio_ai_et0: 
Regularization values: linear/quadratic/product: 0.423, categorical: 0.250, threshold: 1.790, hinge: 0.500
21 samples
Density: max memory 932184064, total allocated 121634816, free 62940376, used 58694440, increment 80184
linearPredictor: max memory 932184064, total allocated 121634816, free 62860192, used 58774624, increment 80184
FeaturedSpace: max memory 932184064, total allocated 121634816, free 62860192, used 58774624, increment 0
Sequential: max memory 932184064, total allocated 121634816, free 62860192, used 58774624, increment 0
Initial loss: 9.212438170058329
Time since start: 114.609
60: time = 0.238000 loss = 9.192652
Res.gain: 0.019786489294885357
Jackknife: only bio_et0_yr
Making features
makeFeatures: max memory 932184064, total allocated 121634816, free 61845448, used 59789368, increment 1014744
Gustavia_santanderiensis_3 bio_et0_yr: 
Regularization values: linear/quadratic/product: 0.423, categorical: 0.250, threshold: 1.790, hinge: 0.500
21 samples
Density: max memory 932184064, total allocated 121634816, free 61845448, used 59789368, increment 0
linearPredictor: max memory 932184064, total allocated 121634816, free 61845448, used 59789368, increment 0
FeaturedSpace: max memory 932184064, total allocated 121634816, free 61845448, used 59789368, increment 0
Sequential: max memory 932184064, total allocated 121634816, free 61845448, used 59789368, increment 0
Initial loss: 9.212438170058329
60: time = 0.213000 loss = 9.151260
Res.gain: 0.06117782112660741
getSamples: max memory 932184064, total allocated 121634816, free 57331248, used 64303568, increment 4514200
Making features
makeFeatures: max memory 932184064, total allocated 121634816, free 54685176, used 66949640, increment 2646072
Gustavia_santanderiensis_4: 
Regularization values: linear/quadratic/product: 0.423, categorical: 0.250, threshold: 1.790, hinge: 0.500
21 samples
Density: max memory 932184064, total allocated 121634816, free 54604992, used 67029824, increment 80184
linearPredictor: max memory 932184064, total allocated 121634816, free 54524808, used 67110008, increment 80184
FeaturedSpace: max memory 932184064, total allocated 121634816, free 54524808, used 67110008, increment 0
Sequential: max memory 932184064, total allocated 121634816, free 54524808, used 67110008, increment 0
Initial loss: 9.212438170058329
200: time = 0.366000 loss = 7.567284
Resulting gain: 1.6451541945610284
Time since start: 115.681
Projecting...
Writing file C:\Users\Camila\Desktop\Modelo opc3\Final_Models\M_5_F_lq_Set_1\Gustavia_santanderiensis_4.asc
Time since start: 118.648
Writing C:\Users\Camila\Desktop\Modelo opc3\Final_Models\M_5_F_lq_Set_1\plots\Gustavia_santanderiensis_4.png
Gustavia_santanderiensis_4 response curves
Time since start: 122.929
Response curve: only bio_1
Making features
makeFeatures: max memory 932184064, total allocated 85983232, free 66535432, used 19447800, increment -47662208
Gustavia_santanderiensis_4 bio_1: 
Regularization values: linear/quadratic/product: 0.423, categorical: 0.250, threshold: 1.790, hinge: 0.500
21 samples
Density: max memory 932184064, total allocated 85983232, free 66535432, used 19447800, increment 0
linearPredictor: max memory 932184064, total allocated 85983232, free 66535432, used 19447800, increment 0
FeaturedSpace: max memory 932184064, total allocated 85983232, free 66535432, used 19447800, increment 0
Sequential: max memory 932184064, total allocated 85983232, free 66535432, used 19447800, increment 0
Initial loss: 9.212438170058329
100: time = 0.395000 loss = 8.756144
Resulting gain: 0.4562943083037716
Gustavia_santanderiensis_4 response curves
Response curve: only bio_10
Making features
makeFeatures: max memory 932184064, total allocated 85983232, free 62182640, used 23800592, increment 4352792
Gustavia_santanderiensis_4 bio_10: 
Regularization values: linear/quadratic/product: 0.423, categorical: 0.250, threshold: 1.790, hinge: 0.500
21 samples
Density: max memory 932184064, total allocated 85983232, free 62182640, used 23800592, increment 0
linearPredictor: max memory 932184064, total allocated 85983232, free 62182640, used 23800592, increment 0
FeaturedSpace: max memory 932184064, total allocated 85983232, free 62182640, used 23800592, increment 0
Sequential: max memory 932184064, total allocated 85983232, free 62182640, used 23800592, increment 0
Initial loss: 9.212438170058329
80: time = 0.288000 loss = 8.799642
Resulting gain: 0.412796605939727
Gustavia_santanderiensis_4 response curves
Time since start: 123.959
Response curve: only bio_11
Making features
makeFeatures: max memory 932184064, total allocated 85983232, free 57839416, used 28143816, increment 4343224
Gustavia_santanderiensis_4 bio_11: 
Regularization values: linear/quadratic/product: 0.423, categorical: 0.250, threshold: 1.790, hinge: 0.500
21 samples
Density: max memory 932184064, total allocated 85983232, free 57839416, used 28143816, increment 0
linearPredictor: max memory 932184064, total allocated 85983232, free 57839416, used 28143816, increment 0
FeaturedSpace: max memory 932184064, total allocated 85983232, free 57839416, used 28143816, increment 0
Sequential: max memory 932184064, total allocated 85983232, free 57839416, used 28143816, increment 0
Initial loss: 9.212438170058329
100: time = 0.327000 loss = 8.768576
Resulting gain: 0.4438623866882896
Gustavia_santanderiensis_4 response curves
Response curve: only bio_12
Making features
makeFeatures: max memory 932184064, total allocated 85983232, free 53496888, used 32486344, increment 4342528
Gustavia_santanderiensis_4 bio_12: 
Regularization values: linear/quadratic/product: 0.423, categorical: 0.250, threshold: 1.790, hinge: 0.500
21 samples
Density: max memory 932184064, total allocated 85983232, free 53496888, used 32486344, increment 0
linearPredictor: max memory 932184064, total allocated 85983232, free 53496888, used 32486344, increment 0
FeaturedSpace: max memory 932184064, total allocated 85983232, free 53496888, used 32486344, increment 0
Sequential: max memory 932184064, total allocated 85983232, free 53496888, used 32486344, increment 0
Initial loss: 9.212438170058329
60: time = 0.242000 loss = 9.113293
Resulting gain: 0.09914482848795103
Gustavia_santanderiensis_4 response curves
Response curve: only bio_13
Making features
makeFeatures: max memory 932184064, total allocated 85983232, free 49154416, used 36828816, increment 4342472
Gustavia_santanderiensis_4 bio_13: 
Regularization values: linear/quadratic/product: 0.423, categorical: 0.250, threshold: 1.790, hinge: 0.500
21 samples
Density: max memory 932184064, total allocated 85983232, free 49154416, used 36828816, increment 0
linearPredictor: max memory 932184064, total allocated 85983232, free 49154416, used 36828816, increment 0
FeaturedSpace: max memory 932184064, total allocated 85983232, free 49154416, used 36828816, increment 0
Sequential: max memory 932184064, total allocated 85983232, free 49154416, used 36828816, increment 0
Initial loss: 9.212438170058329
Time since start: 125.478
60: time = 0.609000 loss = 9.184604
Resulting gain: 0.02783388109811291
Gustavia_santanderiensis_4 response curves
Response curve: only bio_14
Making features
makeFeatures: max memory 932184064, total allocated 85983232, free 44811984, used 41171248, increment 4342432
Gustavia_santanderiensis_4 bio_14: 
Regularization values: linear/quadratic/product: 0.423, categorical: 0.250, threshold: 1.790, hinge: 0.500
21 samples
Density: max memory 932184064, total allocated 85983232, free 44811984, used 41171248, increment 0
linearPredictor: max memory 932184064, total allocated 85983232, free 44811984, used 41171248, increment 0
FeaturedSpace: max memory 932184064, total allocated 85983232, free 44811984, used 41171248, increment 0
Sequential: max memory 932184064, total allocated 85983232, free 44811984, used 41171248, increment 0
Initial loss: 9.212438170058329
60: time = 0.206000 loss = 9.146202
Resulting gain: 0.06623621428204629
Gustavia_santanderiensis_4 response curves
Response curve: only bio_15
Making features
makeFeatures: max memory 932184064, total allocated 85983232, free 40468704, used 45514528, increment 4343280
Gustavia_santanderiensis_4 bio_15: 
Regularization values: linear/quadratic/product: 0.423, categorical: 0.250, threshold: 1.790, hinge: 0.500
21 samples
Density: max memory 932184064, total allocated 85983232, free 40468704, used 45514528, increment 0
linearPredictor: max memory 932184064, total allocated 85983232, free 40468704, used 45514528, increment 0
FeaturedSpace: max memory 932184064, total allocated 85983232, free 40468704, used 45514528, increment 0
Sequential: max memory 932184064, total allocated 85983232, free 40468704, used 45514528, increment 0
Initial loss: 9.212438170058329
60: time = 0.208000 loss = 9.040939
Resulting gain: 0.17149957013714534
Gustavia_santanderiensis_4 response curves
Time since start: 126.51
Response curve: only bio_16
Making features
makeFeatures: max memory 932184064, total allocated 85983232, free 36007752, used 49975480, increment 4460952
Gustavia_santanderiensis_4 bio_16: 
Regularization values: linear/quadratic/product: 0.423, categorical: 0.250, threshold: 1.790, hinge: 0.500
21 samples
Density: max memory 932184064, total allocated 85983232, free 36007752, used 49975480, increment 0
linearPredictor: max memory 932184064, total allocated 85983232, free 36007752, used 49975480, increment 0
FeaturedSpace: max memory 932184064, total allocated 85983232, free 36007752, used 49975480, increment 0
Sequential: max memory 932184064, total allocated 85983232, free 36007752, used 49975480, increment 0
Initial loss: 9.212438170058329
60: time = 0.236000 loss = 9.184655
Resulting gain: 0.027783494295228195
Gustavia_santanderiensis_4 response curves
Response curve: only bio_17
Making features
makeFeatures: max memory 932184064, total allocated 85983232, free 31664552, used 54318680, increment 4343200
Gustavia_santanderiensis_4 bio_17: 
Regularization values: linear/quadratic/product: 0.423, categorical: 0.250, threshold: 1.790, hinge: 0.500
21 samples
Density: max memory 932184064, total allocated 85983232, free 31664552, used 54318680, increment 0
linearPredictor: max memory 932184064, total allocated 85983232, free 31664552, used 54318680, increment 0
FeaturedSpace: max memory 932184064, total allocated 85983232, free 31664552, used 54318680, increment 0
Sequential: max memory 932184064, total allocated 85983232, free 31664552, used 54318680, increment 0
Initial loss: 9.212438170058329
60: time = 0.209000 loss = 8.895869
Resulting gain: 0.3165688490815377
Gustavia_santanderiensis_4 response curves
Response curve: only bio_2
Making features
makeFeatures: max memory 932184064, total allocated 89653248, free 70500952, used 19152296, increment -35166384
Gustavia_santanderiensis_4 bio_2: 
Regularization values: linear/quadratic/product: 0.423, categorical: 0.250, threshold: 1.790, hinge: 0.500
21 samples
Density: max memory 932184064, total allocated 89653248, free 70420768, used 19232480, increment 80184
linearPredictor: max memory 932184064, total allocated 89653248, free 70340584, used 19312664, increment 80184
FeaturedSpace: max memory 932184064, total allocated 89653248, free 70340584, used 19312664, increment 0
Sequential: max memory 932184064, total allocated 89653248, free 70340584, used 19312664, increment 0
Initial loss: 9.212438170058329
60: time = 0.210000 loss = 9.157195
Resulting gain: 0.0552431427730955
Gustavia_santanderiensis_4 response curves
Time since start: 127.618
Response curve: only bio_3
Making features
makeFeatures: max memory 932184064, total allocated 89653248, free 66052032, used 23601216, increment 4288552
Gustavia_santanderiensis_4 bio_3: 
Regularization values: linear/quadratic/product: 0.423, categorical: 0.250, threshold: 1.790, hinge: 0.500
21 samples
Density: max memory 932184064, total allocated 89653248, free 66052032, used 23601216, increment 0
linearPredictor: max memory 932184064, total allocated 89653248, free 65971848, used 23681400, increment 80184
FeaturedSpace: max memory 932184064, total allocated 89653248, free 65971848, used 23681400, increment 0
Sequential: max memory 932184064, total allocated 89653248, free 65971848, used 23681400, increment 0
Initial loss: 9.212438170058329
60: time = 0.218000 loss = 9.137972
Resulting gain: 0.07446634778138161
Gustavia_santanderiensis_4 response curves
Response curve: only bio_4
Making features
makeFeatures: max memory 932184064, total allocated 89653248, free 61703672, used 27949576, increment 4268176
Gustavia_santanderiensis_4 bio_4: 
Regularization values: linear/quadratic/product: 0.423, categorical: 0.250, threshold: 1.790, hinge: 0.500
21 samples
Density: max memory 932184064, total allocated 89653248, free 61623488, used 28029760, increment 80184
linearPredictor: max memory 932184064, total allocated 89653248, free 61543304, used 28109944, increment 80184
FeaturedSpace: max memory 932184064, total allocated 89653248, free 61543304, used 28109944, increment 0
Sequential: max memory 932184064, total allocated 89653248, free 61543304, used 28109944, increment 0
Initial loss: 9.212438170058329
Time since start: 128.723
60: time = 0.429000 loss = 9.208857
Resulting gain: 0.003581185806234899
Gustavia_santanderiensis_4 response curves
Response curve: only bio_5
Making features
makeFeatures: max memory 932184064, total allocated 89653248, free 57275176, used 32378072, increment 4268128
Gustavia_santanderiensis_4 bio_5: 
Regularization values: linear/quadratic/product: 0.423, categorical: 0.250, threshold: 1.790, hinge: 0.500
21 samples
Density: max memory 932184064, total allocated 89653248, free 57275176, used 32378072, increment 0
linearPredictor: max memory 932184064, total allocated 89653248, free 57194992, used 32458256, increment 80184
FeaturedSpace: max memory 932184064, total allocated 89653248, free 57194992, used 32458256, increment 0
Sequential: max memory 932184064, total allocated 89653248, free 57194992, used 32458256, increment 0
Initial loss: 9.212438170058329
100: time = 0.384000 loss = 8.828253
Resulting gain: 0.3841854872934167
Gustavia_santanderiensis_4 response curves
Response curve: only bio_6
Making features
makeFeatures: max memory 932184064, total allocated 89653248, free 52926832, used 36726416, increment 4268160
Gustavia_santanderiensis_4 bio_6: 
Regularization values: linear/quadratic/product: 0.423, categorical: 0.250, threshold: 1.790, hinge: 0.500
21 samples
Density: max memory 932184064, total allocated 89653248, free 52846648, used 36806600, increment 80184
linearPredictor: max memory 932184064, total allocated 89653248, free 52766464, used 36886784, increment 80184
FeaturedSpace: max memory 932184064, total allocated 89653248, free 52766464, used 36886784, increment 0
Sequential: max memory 932184064, total allocated 89653248, free 52766464, used 36886784, increment 0
Initial loss: 9.212438170058329
Time since start: 129.882
100: time = 0.466000 loss = 8.729278
Resulting gain: 0.4831604905120752
Gustavia_santanderiensis_4 response curves
Response curve: only bio_7
Making features
makeFeatures: max memory 932184064, total allocated 89653248, free 48498288, used 41154960, increment 4268176
Gustavia_santanderiensis_4 bio_7: 
Regularization values: linear/quadratic/product: 0.423, categorical: 0.250, threshold: 1.790, hinge: 0.500
21 samples
Density: max memory 932184064, total allocated 89653248, free 48418104, used 41235144, increment 80184
linearPredictor: max memory 932184064, total allocated 89653248, free 47592888, used 42060360, increment 825216
FeaturedSpace: max memory 932184064, total allocated 89653248, free 47592888, used 42060360, increment 0
Sequential: max memory 932184064, total allocated 89653248, free 47592888, used 42060360, increment 0
Initial loss: 9.212438170058329
20: time = 0.105000 loss = 9.212438
Resulting gain: 0.0
Gustavia_santanderiensis_4 response curves
Response curve: only bio_ai_et0
Making features
makeFeatures: max memory 932184064, total allocated 89653248, free 44069792, used 45583456, increment 3523096
Gustavia_santanderiensis_4 bio_ai_et0: 
Regularization values: linear/quadratic/product: 0.423, categorical: 0.250, threshold: 1.790, hinge: 0.500
21 samples
Density: max memory 932184064, total allocated 89653248, free 43989608, used 45663640, increment 80184
linearPredictor: max memory 932184064, total allocated 89653248, free 43909424, used 45743824, increment 80184
FeaturedSpace: max memory 932184064, total allocated 89653248, free 43909424, used 45743824, increment 0
Sequential: max memory 932184064, total allocated 89653248, free 43909424, used 45743824, increment 0
Initial loss: 9.212438170058329
60: time = 0.211000 loss = 9.173462
Resulting gain: 0.03897581218922319
Gustavia_santanderiensis_4 response curves
Response curve: only bio_et0_yr
Making features
makeFeatures: max memory 932184064, total allocated 89653248, free 39620872, used 50032376, increment 4288552
Gustavia_santanderiensis_4 bio_et0_yr: 
Regularization values: linear/quadratic/product: 0.423, categorical: 0.250, threshold: 1.790, hinge: 0.500
21 samples
Density: max memory 932184064, total allocated 89653248, free 39620872, used 50032376, increment 0
linearPredictor: max memory 932184064, total allocated 89653248, free 39540688, used 50112560, increment 80184
FeaturedSpace: max memory 932184064, total allocated 89653248, free 39540688, used 50112560, increment 0
Sequential: max memory 932184064, total allocated 89653248, free 39540688, used 50112560, increment 0
Initial loss: 9.212438170058329
Time since start: 131.639
60: time = 0.819000 loss = 9.144981
Resulting gain: 0.06745754285326555
Gustavia_santanderiensis_4 response curves
Time since start: 132.737
Jackknife: leave bio_1 out
Making features
makeFeatures: max memory 932184064, total allocated 84410368, free 61334160, used 23076208, increment -27036352
Gustavia_santanderiensis_4 bio_1: 
Regularization values: linear/quadratic/product: 0.423, categorical: 0.250, threshold: 1.790, hinge: 0.500
21 samples
Density: max memory 932184064, total allocated 84410368, free 61253976, used 23156392, increment 80184
linearPredictor: max memory 932184064, total allocated 84410368, free 61173792, used 23236576, increment 80184
FeaturedSpace: max memory 932184064, total allocated 84410368, free 61173792, used 23236576, increment 0
Sequential: max memory 932184064, total allocated 84410368, free 61173792, used 23236576, increment 0
Initial loss: 9.212438170058329
240: time = 0.698000 loss = 7.591901
Jackknife: leave bio_10 out
Making features
makeFeatures: max memory 932184064, total allocated 84410368, free 58345008, used 26065360, increment 2828784
Gustavia_santanderiensis_4 bio_10: 
Regularization values: linear/quadratic/product: 0.423, categorical: 0.250, threshold: 1.790, hinge: 0.500
21 samples
Density: max memory 932184064, total allocated 84410368, free 57601280, used 26809088, increment 743728
linearPredictor: max memory 932184064, total allocated 84410368, free 57601280, used 26809088, increment 0
FeaturedSpace: max memory 932184064, total allocated 84410368, free 57601280, used 26809088, increment 0
Sequential: max memory 932184064, total allocated 84410368, free 57601280, used 26809088, increment 0
Initial loss: 9.212438170058329
Time since start: 133.938
200: time = 0.454000 loss = 7.567284
Jackknife: leave bio_11 out
Making features
makeFeatures: max memory 932184064, total allocated 84410368, free 55356128, used 29054240, increment 2245152
Gustavia_santanderiensis_4 bio_11: 
Regularization values: linear/quadratic/product: 0.423, categorical: 0.250, threshold: 1.790, hinge: 0.500
21 samples
Density: max memory 932184064, total allocated 84410368, free 54612400, used 29797968, increment 743728
linearPredictor: max memory 932184064, total allocated 84410368, free 54612400, used 29797968, increment 0
FeaturedSpace: max memory 932184064, total allocated 84410368, free 54612400, used 29797968, increment 0
Sequential: max memory 932184064, total allocated 84410368, free 54612400, used 29797968, increment 0
Initial loss: 9.212438170058329
160: time = 0.463000 loss = 7.567284
Jackknife: leave bio_12 out
Making features
makeFeatures: max memory 932184064, total allocated 84410368, free 52367248, used 32043120, increment 2245152
Gustavia_santanderiensis_4 bio_12: 
Regularization values: linear/quadratic/product: 0.423, categorical: 0.250, threshold: 1.790, hinge: 0.500
21 samples
Density: max memory 932184064, total allocated 84410368, free 52287064, used 32123304, increment 80184
linearPredictor: max memory 932184064, total allocated 84410368, free 52206880, used 32203488, increment 80184
FeaturedSpace: max memory 932184064, total allocated 84410368, free 52206880, used 32203488, increment 0
Sequential: max memory 932184064, total allocated 84410368, free 52206880, used 32203488, increment 0
Initial loss: 9.212438170058329
200: time = 0.474000 loss = 7.567284
Jackknife: leave bio_13 out
Making features
makeFeatures: max memory 932184064, total allocated 84410368, free 49378096, used 35032272, increment 2828784
Gustavia_santanderiensis_4 bio_13: 
Regularization values: linear/quadratic/product: 0.423, categorical: 0.250, threshold: 1.790, hinge: 0.500
21 samples
Density: max memory 932184064, total allocated 84410368, free 49297912, used 35112456, increment 80184
linearPredictor: max memory 932184064, total allocated 84410368, free 49217728, used 35192640, increment 80184
FeaturedSpace: max memory 932184064, total allocated 84410368, free 49217728, used 35192640, increment 0
Sequential: max memory 932184064, total allocated 84410368, free 49217728, used 35192640, increment 0
Initial loss: 9.212438170058329
Time since start: 135.412
200: time = 0.484000 loss = 7.567284
Jackknife: leave bio_14 out
Making features
makeFeatures: max memory 932184064, total allocated 84410368, free 46388944, used 38021424, increment 2828784
Gustavia_santanderiensis_4 bio_14: 
Regularization values: linear/quadratic/product: 0.423, categorical: 0.250, threshold: 1.790, hinge: 0.500
21 samples
Density: max memory 932184064, total allocated 84410368, free 46308760, used 38101608, increment 80184
linearPredictor: max memory 932184064, total allocated 84410368, free 46228576, used 38181792, increment 80184
FeaturedSpace: max memory 932184064, total allocated 84410368, free 46228576, used 38181792, increment 0
Sequential: max memory 932184064, total allocated 84410368, free 46228576, used 38181792, increment 0
Initial loss: 9.212438170058329
200: time = 0.674000 loss = 7.567284
Jackknife: leave bio_15 out
Making features
makeFeatures: max memory 932184064, total allocated 84410368, free 43400040, used 41010328, increment 2828536
Gustavia_santanderiensis_4 bio_15: 
Regularization values: linear/quadratic/product: 0.423, categorical: 0.250, threshold: 1.790, hinge: 0.500
21 samples
Density: max memory 932184064, total allocated 84410368, free 43319856, used 41090512, increment 80184
linearPredictor: max memory 932184064, total allocated 84410368, free 43239672, used 41170696, increment 80184
FeaturedSpace: max memory 932184064, total allocated 84410368, free 43239672, used 41170696, increment 0
Sequential: max memory 932184064, total allocated 84410368, free 43239672, used 41170696, increment 0
Initial loss: 9.212438170058329
Time since start: 136.622
220: time = 0.504000 loss = 7.829584
Jackknife: leave bio_16 out
Making features
makeFeatures: max memory 932184064, total allocated 84410368, free 40411016, used 43999352, increment 2828656
Gustavia_santanderiensis_4 bio_16: 
Regularization values: linear/quadratic/product: 0.423, categorical: 0.250, threshold: 1.790, hinge: 0.500
21 samples
Density: max memory 932184064, total allocated 84410368, free 40330832, used 44079536, increment 80184
linearPredictor: max memory 932184064, total allocated 84410368, free 40250648, used 44159720, increment 80184
FeaturedSpace: max memory 932184064, total allocated 84410368, free 40250648, used 44159720, increment 0
Sequential: max memory 932184064, total allocated 84410368, free 40250648, used 44159720, increment 0
Initial loss: 9.212438170058329
220: time = 0.454000 loss = 7.567284
Jackknife: leave bio_17 out
Making features
makeFeatures: max memory 932184064, total allocated 84410368, free 36838632, used 47571736, increment 3412016
Gustavia_santanderiensis_4 bio_17: 
Regularization values: linear/quadratic/product: 0.423, categorical: 0.250, threshold: 1.790, hinge: 0.500
21 samples
Density: max memory 932184064, total allocated 84410368, free 36838632, used 47571736, increment 0
linearPredictor: max memory 932184064, total allocated 84410368, free 36838632, used 47571736, increment 0
FeaturedSpace: max memory 932184064, total allocated 84410368, free 36838632, used 47571736, increment 0
Sequential: max memory 932184064, total allocated 84410368, free 36838632, used 47571736, increment 0
Initial loss: 9.212438170058329
200: time = 0.453000 loss = 7.567284
Jackknife: leave bio_2 out
Making features
makeFeatures: max memory 932184064, total allocated 84410368, free 34411040, used 49999328, increment 2427592
Gustavia_santanderiensis_4 bio_2: 
Regularization values: linear/quadratic/product: 0.423, categorical: 0.250, threshold: 1.790, hinge: 0.500
21 samples
Density: max memory 932184064, total allocated 84410368, free 33667312, used 50743056, increment 743728
linearPredictor: max memory 932184064, total allocated 84410368, free 33667312, used 50743056, increment 0
FeaturedSpace: max memory 932184064, total allocated 84410368, free 33667312, used 50743056, increment 0
Sequential: max memory 932184064, total allocated 84410368, free 33667312, used 50743056, increment 0
Initial loss: 9.212438170058329
Time since start: 138.033
220: time = 0.460000 loss = 7.567284
Jackknife: leave bio_3 out
Making features
makeFeatures: max memory 932184064, total allocated 84410368, free 31400088, used 53010280, increment 2267224
Gustavia_santanderiensis_4 bio_3: 
Regularization values: linear/quadratic/product: 0.423, categorical: 0.250, threshold: 1.790, hinge: 0.500
21 samples
Density: max memory 932184064, total allocated 82313216, free 63856608, used 18456608, increment -34553672
linearPredictor: max memory 932184064, total allocated 82313216, free 63133568, used 19179648, increment 723040
FeaturedSpace: max memory 932184064, total allocated 82313216, free 63133568, used 19179648, increment 0
Sequential: max memory 932184064, total allocated 82313216, free 63133568, used 19179648, increment 0
Initial loss: 9.212438170058329
200: time = 0.423000 loss = 7.567285
Jackknife: leave bio_4 out
Making features
makeFeatures: max memory 932184064, total allocated 82313216, free 60887032, used 21426184, increment 2246536
Gustavia_santanderiensis_4 bio_4: 
Regularization values: linear/quadratic/product: 0.423, categorical: 0.250, threshold: 1.790, hinge: 0.500
21 samples
Density: max memory 932184064, total allocated 82313216, free 60806848, used 21506368, increment 80184
linearPredictor: max memory 932184064, total allocated 82313216, free 60726664, used 21586552, increment 80184
FeaturedSpace: max memory 932184064, total allocated 82313216, free 60726664, used 21586552, increment 0
Sequential: max memory 932184064, total allocated 82313216, free 60726664, used 21586552, increment 0
Initial loss: 9.212438170058329
200: time = 0.418000 loss = 7.567288
Jackknife: leave bio_5 out
Making features
makeFeatures: max memory 932184064, total allocated 82313216, free 57918792, used 24394424, increment 2807872
Gustavia_santanderiensis_4 bio_5: 
Regularization values: linear/quadratic/product: 0.423, categorical: 0.250, threshold: 1.790, hinge: 0.500
21 samples
Density: max memory 932184064, total allocated 82313216, free 57838608, used 24474608, increment 80184
linearPredictor: max memory 932184064, total allocated 82313216, free 57758424, used 24554792, increment 80184
FeaturedSpace: max memory 932184064, total allocated 82313216, free 57758424, used 24554792, increment 0
Sequential: max memory 932184064, total allocated 82313216, free 57758424, used 24554792, increment 0
Initial loss: 9.212438170058329
Time since start: 139.356
200: time = 0.426000 loss = 7.567284
Jackknife: leave bio_6 out
Making features
makeFeatures: max memory 932184064, total allocated 82313216, free 54950552, used 27362664, increment 2807872
Gustavia_santanderiensis_4 bio_6: 
Regularization values: linear/quadratic/product: 0.423, categorical: 0.250, threshold: 1.790, hinge: 0.500
21 samples
Density: max memory 932184064, total allocated 82313216, free 54870368, used 27442848, increment 80184
linearPredictor: max memory 932184064, total allocated 82313216, free 54790184, used 27523032, increment 80184
FeaturedSpace: max memory 932184064, total allocated 82313216, free 54790184, used 27523032, increment 0
Sequential: max memory 932184064, total allocated 82313216, free 54790184, used 27523032, increment 0
Initial loss: 9.212438170058329
180: time = 0.428000 loss = 7.567329
Jackknife: leave bio_7 out
Making features
makeFeatures: max memory 932184064, total allocated 82313216, free 51982208, used 30331008, increment 2807976
Gustavia_santanderiensis_4 bio_7: 
Regularization values: linear/quadratic/product: 0.423, categorical: 0.250, threshold: 1.790, hinge: 0.500
21 samples
Density: max memory 932184064, total allocated 82313216, free 51902024, used 30411192, increment 80184
linearPredictor: max memory 932184064, total allocated 82313216, free 51821840, used 30491376, increment 80184
FeaturedSpace: max memory 932184064, total allocated 82313216, free 51821840, used 30491376, increment 0
Sequential: max memory 932184064, total allocated 82313216, free 51821840, used 30491376, increment 0
Initial loss: 9.212438170058329
200: time = 0.427000 loss = 7.567285
Jackknife: leave bio_ai_et0 out
Making features
makeFeatures: max memory 932184064, total allocated 82313216, free 48290704, used 34022512, increment 3531136
Gustavia_santanderiensis_4 bio_ai_et0: 
Regularization values: linear/quadratic/product: 0.423, categorical: 0.250, threshold: 1.790, hinge: 0.500
21 samples
Density: max memory 932184064, total allocated 82313216, free 48290704, used 34022512, increment 0
linearPredictor: max memory 932184064, total allocated 82313216, free 48290704, used 34022512, increment 0
FeaturedSpace: max memory 932184064, total allocated 82313216, free 48290704, used 34022512, increment 0
Sequential: max memory 932184064, total allocated 82313216, free 48290704, used 34022512, increment 0
Initial loss: 9.212438170058329
Time since start: 140.676
200: time = 0.420000 loss = 7.567285
Jackknife: leave bio_et0_yr out
Making features
makeFeatures: max memory 932184064, total allocated 82313216, free 45965368, used 36347848, increment 2325336
Gustavia_santanderiensis_4 bio_et0_yr: 
Regularization values: linear/quadratic/product: 0.423, categorical: 0.250, threshold: 1.790, hinge: 0.500
21 samples
Density: max memory 932184064, total allocated 82313216, free 45885184, used 36428032, increment 80184
linearPredictor: max memory 932184064, total allocated 82313216, free 45805000, used 36508216, increment 80184
FeaturedSpace: max memory 932184064, total allocated 82313216, free 45805000, used 36508216, increment 0
Sequential: max memory 932184064, total allocated 82313216, free 45805000, used 36508216, increment 0
Initial loss: 9.212438170058329
180: time = 0.388000 loss = 7.571220
Jackknife: only bio_1
Making features
makeFeatures: max memory 932184064, total allocated 82313216, free 45081816, used 37231400, increment 723184
Gustavia_santanderiensis_4 bio_1: 
Regularization values: linear/quadratic/product: 0.423, categorical: 0.250, threshold: 1.790, hinge: 0.500
21 samples
Density: max memory 932184064, total allocated 82313216, free 45081816, used 37231400, increment 0
linearPredictor: max memory 932184064, total allocated 82313216, free 45081816, used 37231400, increment 0
FeaturedSpace: max memory 932184064, total allocated 82313216, free 45081816, used 37231400, increment 0
Sequential: max memory 932184064, total allocated 82313216, free 45081816, used 37231400, increment 0
Initial loss: 9.212438170058329
100: time = 0.253000 loss = 8.756144
Res.gain: 0.4562943083037716
Jackknife: only bio_10
Making features
makeFeatures: max memory 932184064, total allocated 82313216, free 45001632, used 37311584, increment 80184
Gustavia_santanderiensis_4 bio_10: 
Regularization values: linear/quadratic/product: 0.423, categorical: 0.250, threshold: 1.790, hinge: 0.500
21 samples
Density: max memory 932184064, total allocated 82313216, free 44921448, used 37391768, increment 80184
linearPredictor: max memory 932184064, total allocated 82313216, free 44841264, used 37471952, increment 80184
FeaturedSpace: max memory 932184064, total allocated 82313216, free 44841264, used 37471952, increment 0
Sequential: max memory 932184064, total allocated 82313216, free 44841264, used 37471952, increment 0
Initial loss: 9.212438170058329
80: time = 0.268000 loss = 8.799642
Res.gain: 0.412796605939727
Jackknife: only bio_11
Making features
makeFeatures: max memory 932184064, total allocated 82313216, free 44038040, used 38275176, increment 803224
Gustavia_santanderiensis_4 bio_11: 
Regularization values: linear/quadratic/product: 0.423, categorical: 0.250, threshold: 1.790, hinge: 0.500
21 samples
Density: max memory 932184064, total allocated 82313216, free 44038040, used 38275176, increment 0
linearPredictor: max memory 932184064, total allocated 82313216, free 44038040, used 38275176, increment 0
FeaturedSpace: max memory 932184064, total allocated 82313216, free 44038040, used 38275176, increment 0
Sequential: max memory 932184064, total allocated 82313216, free 44038040, used 38275176, increment 0
Initial loss: 9.212438170058329
Time since start: 141.941
100: time = 0.329000 loss = 8.768576
Res.gain: 0.4438623866882896
Jackknife: only bio_12
Making features
makeFeatures: max memory 932184064, total allocated 82313216, free 44038040, used 38275176, increment 0
Gustavia_santanderiensis_4 bio_12: 
Regularization values: linear/quadratic/product: 0.423, categorical: 0.250, threshold: 1.790, hinge: 0.500
21 samples
Density: max memory 932184064, total allocated 82313216, free 44038040, used 38275176, increment 0
linearPredictor: max memory 932184064, total allocated 82313216, free 44038040, used 38275176, increment 0
FeaturedSpace: max memory 932184064, total allocated 82313216, free 44038040, used 38275176, increment 0
Sequential: max memory 932184064, total allocated 82313216, free 44038040, used 38275176, increment 0
Initial loss: 9.212438170058329
60: time = 0.247000 loss = 9.113293
Res.gain: 0.09914482848795103
Jackknife: only bio_13
Making features
makeFeatures: max memory 932184064, total allocated 82313216, free 43877672, used 38435544, increment 160368
Gustavia_santanderiensis_4 bio_13: 
Regularization values: linear/quadratic/product: 0.423, categorical: 0.250, threshold: 1.790, hinge: 0.500
21 samples
Density: max memory 932184064, total allocated 82313216, free 43797488, used 38515728, increment 80184
linearPredictor: max memory 932184064, total allocated 82313216, free 43717304, used 38595912, increment 80184
FeaturedSpace: max memory 932184064, total allocated 82313216, free 43717304, used 38595912, increment 0
Sequential: max memory 932184064, total allocated 82313216, free 43717304, used 38595912, increment 0
Initial loss: 9.212438170058329
60: time = 0.257000 loss = 9.184604
Res.gain: 0.02783388109811291
Jackknife: only bio_14
Making features
makeFeatures: max memory 932184064, total allocated 82313216, free 42994248, used 39318968, increment 723056
Gustavia_santanderiensis_4 bio_14: 
Regularization values: linear/quadratic/product: 0.423, categorical: 0.250, threshold: 1.790, hinge: 0.500
21 samples
Density: max memory 932184064, total allocated 82313216, free 42994248, used 39318968, increment 0
linearPredictor: max memory 932184064, total allocated 82313216, free 42994248, used 39318968, increment 0
FeaturedSpace: max memory 932184064, total allocated 82313216, free 42994248, used 39318968, increment 0
Sequential: max memory 932184064, total allocated 82313216, free 42994248, used 39318968, increment 0
Initial loss: 9.212438170058329
60: time = 0.209000 loss = 9.146202
Res.gain: 0.06623621428204629
Jackknife: only bio_15
Making features
makeFeatures: max memory 932184064, total allocated 82313216, free 42994248, used 39318968, increment 0
Gustavia_santanderiensis_4 bio_15: 
Regularization values: linear/quadratic/product: 0.423, categorical: 0.250, threshold: 1.790, hinge: 0.500
21 samples
Density: max memory 932184064, total allocated 82313216, free 42994248, used 39318968, increment 0
linearPredictor: max memory 932184064, total allocated 82313216, free 42914064, used 39399152, increment 80184
FeaturedSpace: max memory 932184064, total allocated 82313216, free 42914064, used 39399152, increment 0
Sequential: max memory 932184064, total allocated 82313216, free 42914064, used 39399152, increment 0
Initial loss: 9.212438170058329
60: time = 0.207000 loss = 9.040939
Res.gain: 0.17149957013714534
Jackknife: only bio_16
Making features
makeFeatures: max memory 932184064, total allocated 82313216, free 42753696, used 39559520, increment 160368
Gustavia_santanderiensis_4 bio_16: 
Regularization values: linear/quadratic/product: 0.423, categorical: 0.250, threshold: 1.790, hinge: 0.500
21 samples
Density: max memory 932184064, total allocated 82313216, free 42673512, used 39639704, increment 80184
linearPredictor: max memory 932184064, total allocated 82313216, free 42593328, used 39719888, increment 80184
FeaturedSpace: max memory 932184064, total allocated 82313216, free 42593328, used 39719888, increment 0
Sequential: max memory 932184064, total allocated 82313216, free 42593328, used 39719888, increment 0
Initial loss: 9.212438170058329
Time since start: 143.117
60: time = 0.239000 loss = 9.184655
Res.gain: 0.027783494295228195
Jackknife: only bio_17
Making features
makeFeatures: max memory 932184064, total allocated 82313216, free 41870264, used 40442952, increment 723064
Gustavia_santanderiensis_4 bio_17: 
Regularization values: linear/quadratic/product: 0.423, categorical: 0.250, threshold: 1.790, hinge: 0.500
21 samples
Density: max memory 932184064, total allocated 82313216, free 41870264, used 40442952, increment 0
linearPredictor: max memory 932184064, total allocated 82313216, free 41870264, used 40442952, increment 0
FeaturedSpace: max memory 932184064, total allocated 82313216, free 41870264, used 40442952, increment 0
Sequential: max memory 932184064, total allocated 82313216, free 41870264, used 40442952, increment 0
Initial loss: 9.212438170058329
60: time = 0.347000 loss = 8.895869
Res.gain: 0.3165688490815377
Jackknife: only bio_2
Making features
makeFeatures: max memory 932184064, total allocated 82313216, free 41870264, used 40442952, increment 0
Gustavia_santanderiensis_4 bio_2: 
Regularization values: linear/quadratic/product: 0.423, categorical: 0.250, threshold: 1.790, hinge: 0.500
21 samples
Density: max memory 932184064, total allocated 82313216, free 41870264, used 40442952, increment 0
linearPredictor: max memory 932184064, total allocated 82313216, free 41790080, used 40523136, increment 80184
FeaturedSpace: max memory 932184064, total allocated 82313216, free 41790080, used 40523136, increment 0
Sequential: max memory 932184064, total allocated 82313216, free 41790080, used 40523136, increment 0
Initial loss: 9.212438170058329
60: time = 0.221000 loss = 9.157195
Res.gain: 0.0552431427730955
Jackknife: only bio_3
Making features
makeFeatures: max memory 932184064, total allocated 82313216, free 41629712, used 40683504, increment 160368
Gustavia_santanderiensis_4 bio_3: 
Regularization values: linear/quadratic/product: 0.423, categorical: 0.250, threshold: 1.790, hinge: 0.500
21 samples
Density: max memory 932184064, total allocated 82313216, free 41549528, used 40763688, increment 80184
linearPredictor: max memory 932184064, total allocated 82313216, free 41469344, used 40843872, increment 80184
FeaturedSpace: max memory 932184064, total allocated 82313216, free 41469344, used 40843872, increment 0
Sequential: max memory 932184064, total allocated 82313216, free 41469344, used 40843872, increment 0
Initial loss: 9.212438170058329
60: time = 0.239000 loss = 9.137972
Res.gain: 0.07446634778138161
Jackknife: only bio_4
Making features
makeFeatures: max memory 932184064, total allocated 82313216, free 40746248, used 41566968, increment 723096
Gustavia_santanderiensis_4 bio_4: 
Regularization values: linear/quadratic/product: 0.423, categorical: 0.250, threshold: 1.790, hinge: 0.500
21 samples
Density: max memory 932184064, total allocated 82313216, free 40746248, used 41566968, increment 0
linearPredictor: max memory 932184064, total allocated 82313216, free 40746248, used 41566968, increment 0
FeaturedSpace: max memory 932184064, total allocated 82313216, free 40746248, used 41566968, increment 0
Sequential: max memory 932184064, total allocated 82313216, free 40746248, used 41566968, increment 0
Initial loss: 9.212438170058329
Time since start: 144.195
60: time = 0.257000 loss = 9.208857
Res.gain: 0.003581185806234899
Jackknife: only bio_5
Making features
makeFeatures: max memory 932184064, total allocated 82313216, free 40746248, used 41566968, increment 0
Gustavia_santanderiensis_4 bio_5: 
Regularization values: linear/quadratic/product: 0.423, categorical: 0.250, threshold: 1.790, hinge: 0.500
21 samples
Density: max memory 932184064, total allocated 82313216, free 40746248, used 41566968, increment 0
linearPredictor: max memory 932184064, total allocated 82313216, free 40666064, used 41647152, increment 80184
FeaturedSpace: max memory 932184064, total allocated 82313216, free 40666064, used 41647152, increment 0
Sequential: max memory 932184064, total allocated 82313216, free 40666064, used 41647152, increment 0
Initial loss: 9.212438170058329
100: time = 0.379000 loss = 8.828253
Res.gain: 0.3841854872934167
Jackknife: only bio_6
Making features
makeFeatures: max memory 932184064, total allocated 82313216, free 39942992, used 42370224, increment 723072
Gustavia_santanderiensis_4 bio_6: 
Regularization values: linear/quadratic/product: 0.423, categorical: 0.250, threshold: 1.790, hinge: 0.500
21 samples
Density: max memory 932184064, total allocated 82313216, free 39942992, used 42370224, increment 0
linearPredictor: max memory 932184064, total allocated 82313216, free 39942992, used 42370224, increment 0
FeaturedSpace: max memory 932184064, total allocated 82313216, free 39942992, used 42370224, increment 0
Sequential: max memory 932184064, total allocated 82313216, free 39942992, used 42370224, increment 0
Initial loss: 9.212438170058329
100: time = 0.406000 loss = 8.729278
Res.gain: 0.4831604905120752
Jackknife: only bio_7
Making features
makeFeatures: max memory 932184064, total allocated 82313216, free 39942992, used 42370224, increment 0
Gustavia_santanderiensis_4 bio_7: 
Regularization values: linear/quadratic/product: 0.423, categorical: 0.250, threshold: 1.790, hinge: 0.500
21 samples
Density: max memory 932184064, total allocated 82313216, free 39942992, used 42370224, increment 0
linearPredictor: max memory 932184064, total allocated 82313216, free 39862808, used 42450408, increment 80184
FeaturedSpace: max memory 932184064, total allocated 82313216, free 39862808, used 42450408, increment 0
Sequential: max memory 932184064, total allocated 82313216, free 39862808, used 42450408, increment 0
Initial loss: 9.212438170058329
20: time = 0.105000 loss = 9.212438
Res.gain: 0.0
Jackknife: only bio_ai_et0
Making features
makeFeatures: max memory 932184064, total allocated 82313216, free 39702440, used 42610776, increment 160368
Gustavia_santanderiensis_4 bio_ai_et0: 
Regularization values: linear/quadratic/product: 0.423, categorical: 0.250, threshold: 1.790, hinge: 0.500
21 samples
Density: max memory 932184064, total allocated 82313216, free 39622256, used 42690960, increment 80184
linearPredictor: max memory 932184064, total allocated 82313216, free 39542072, used 42771144, increment 80184
FeaturedSpace: max memory 932184064, total allocated 82313216, free 39542072, used 42771144, increment 0
Sequential: max memory 932184064, total allocated 82313216, free 39542072, used 42771144, increment 0
Initial loss: 9.212438170058329
Time since start: 145.311
60: time = 0.213000 loss = 9.173462
Res.gain: 0.03897581218922319
Jackknife: only bio_et0_yr
Making features
makeFeatures: max memory 932184064, total allocated 82313216, free 38819008, used 43494208, increment 723064
Gustavia_santanderiensis_4 bio_et0_yr: 
Regularization values: linear/quadratic/product: 0.423, categorical: 0.250, threshold: 1.790, hinge: 0.500
21 samples
Density: max memory 932184064, total allocated 82313216, free 38819008, used 43494208, increment 0
linearPredictor: max memory 932184064, total allocated 82313216, free 38819008, used 43494208, increment 0
FeaturedSpace: max memory 932184064, total allocated 82313216, free 38819008, used 43494208, increment 0
Sequential: max memory 932184064, total allocated 82313216, free 38819008, used 43494208, increment 0
Initial loss: 9.212438170058329
60: time = 0.200000 loss = 9.144981
Res.gain: 0.06745754285326555
getSamples: max memory 932184064, total allocated 82313216, free 33728112, used 48585104, increment 5090896
Making features
makeFeatures: max memory 932184064, total allocated 82313216, free 31321208, used 50992008, increment 2406904
Gustavia_santanderiensis_5: 
Regularization values: linear/quadratic/product: 0.423, categorical: 0.250, threshold: 1.790, hinge: 0.500
21 samples
Density: max memory 932184064, total allocated 82313216, free 31241024, used 51072192, increment 80184
linearPredictor: max memory 932184064, total allocated 82313216, free 31160840, used 51152376, increment 80184
FeaturedSpace: max memory 932184064, total allocated 82313216, free 31160840, used 51152376, increment 0
Sequential: max memory 932184064, total allocated 82313216, free 31160840, used 51152376, increment 0
Initial loss: 9.212438170058329
220: time = 0.459000 loss = 7.924518
Resulting gain: 1.2879205496427861
Time since start: 146.512
Projecting...
Writing file C:\Users\Camila\Desktop\Modelo opc3\Final_Models\M_5_F_lq_Set_1\Gustavia_santanderiensis_5.asc
Time since start: 149.236
Writing C:\Users\Camila\Desktop\Modelo opc3\Final_Models\M_5_F_lq_Set_1\plots\Gustavia_santanderiensis_5.png
Gustavia_santanderiensis_5 response curves
Time since start: 154.651
Response curve: only bio_1
Making features
makeFeatures: max memory 932184064, total allocated 79167488, free 47837792, used 31329696, increment -19822680
Gustavia_santanderiensis_5 bio_1: 
Regularization values: linear/quadratic/product: 0.423, categorical: 0.250, threshold: 1.790, hinge: 0.500
21 samples
Density: max memory 932184064, total allocated 79167488, free 47837792, used 31329696, increment 0
linearPredictor: max memory 932184064, total allocated 79167488, free 47837792, used 31329696, increment 0
FeaturedSpace: max memory 932184064, total allocated 79167488, free 47837792, used 31329696, increment 0
Sequential: max memory 932184064, total allocated 79167488, free 47837792, used 31329696, increment 0
Initial loss: 9.212438170058329
100: time = 0.286000 loss = 8.886368
Resulting gain: 0.3260697672119228
Gustavia_santanderiensis_5 response curves
Response curve: only bio_10
Making features
makeFeatures: max memory 932184064, total allocated 79167488, free 43602768, used 35564720, increment 4235024
Gustavia_santanderiensis_5 bio_10: 
Regularization values: linear/quadratic/product: 0.423, categorical: 0.250, threshold: 1.790, hinge: 0.500
21 samples
Density: max memory 932184064, total allocated 79167488, free 43602768, used 35564720, increment 0
linearPredictor: max memory 932184064, total allocated 79167488, free 43602768, used 35564720, increment 0
FeaturedSpace: max memory 932184064, total allocated 79167488, free 43602768, used 35564720, increment 0
Sequential: max memory 932184064, total allocated 79167488, free 43602768, used 35564720, increment 0
Initial loss: 9.212438170058329
Time since start: 156.076
80: time = 0.874000 loss = 8.911992
Resulting gain: 0.3004466655085345
Gustavia_santanderiensis_5 response curves
Response curve: only bio_11
Making features
makeFeatures: max memory 932184064, total allocated 79167488, free 39342240, used 39825248, increment 4260528
Gustavia_santanderiensis_5 bio_11: 
Regularization values: linear/quadratic/product: 0.423, categorical: 0.250, threshold: 1.790, hinge: 0.500
21 samples
Density: max memory 932184064, total allocated 79167488, free 39262056, used 39905432, increment 80184
linearPredictor: max memory 932184064, total allocated 79167488, free 39181872, used 39985616, increment 80184
FeaturedSpace: max memory 932184064, total allocated 79167488, free 39181872, used 39985616, increment 0
Sequential: max memory 932184064, total allocated 79167488, free 39181872, used 39985616, increment 0
Initial loss: 9.212438170058329
Time since start: 157.116
80: time = 0.356000 loss = 8.899908
Resulting gain: 0.3125304806453997
Gustavia_santanderiensis_5 response curves
Response curve: only bio_12
Making features
makeFeatures: max memory 932184064, total allocated 79167488, free 34918928, used 44248560, increment 4262944
Gustavia_santanderiensis_5 bio_12: 
Regularization values: linear/quadratic/product: 0.423, categorical: 0.250, threshold: 1.790, hinge: 0.500
21 samples
Density: max memory 932184064, total allocated 79167488, free 34838744, used 44328744, increment 80184
linearPredictor: max memory 932184064, total allocated 79167488, free 34758560, used 44408928, increment 80184
FeaturedSpace: max memory 932184064, total allocated 79167488, free 34758560, used 44408928, increment 0
Sequential: max memory 932184064, total allocated 79167488, free 34758560, used 44408928, increment 0
Initial loss: 9.212438170058329
60: time = 0.293000 loss = 9.133976
Resulting gain: 0.07846215153742975
Gustavia_santanderiensis_5 response curves
Response curve: only bio_13
Making features
makeFeatures: max memory 932184064, total allocated 79167488, free 30575800, used 48591688, increment 4182760
Gustavia_santanderiensis_5 bio_13: 
Regularization values: linear/quadratic/product: 0.423, categorical: 0.250, threshold: 1.790, hinge: 0.500
21 samples
Density: max memory 932184064, total allocated 79167488, free 30495616, used 48671872, increment 80184
linearPredictor: max memory 932184064, total allocated 79167488, free 30415432, used 48752056, increment 80184
FeaturedSpace: max memory 932184064, total allocated 79167488, free 30415432, used 48752056, increment 0
Sequential: max memory 932184064, total allocated 79167488, free 30415432, used 48752056, increment 0
Initial loss: 9.212438170058329
Time since start: 158.687
60: time = 0.833000 loss = 9.204626
Resulting gain: 0.0078123609784608306
Gustavia_santanderiensis_5 response curves
Response curve: only bio_14
Making features
makeFeatures: max memory 932184064, total allocated 79167488, free 26235096, used 52932392, increment 4180336
Gustavia_santanderiensis_5 bio_14: 
Regularization values: linear/quadratic/product: 0.423, categorical: 0.250, threshold: 1.790, hinge: 0.500
21 samples
Density: max memory 932184064, total allocated 79167488, free 26154912, used 53012576, increment 80184
linearPredictor: max memory 932184064, total allocated 79167488, free 26074728, used 53092760, increment 80184
FeaturedSpace: max memory 932184064, total allocated 79167488, free 26074728, used 53092760, increment 0
Sequential: max memory 932184064, total allocated 79167488, free 26074728, used 53092760, increment 0
Initial loss: 9.212438170058329
60: time = 0.281000 loss = 9.068922
Resulting gain: 0.14351606002692563
Gustavia_santanderiensis_5 response curves
Response curve: only bio_15
Making features
makeFeatures: max memory 932184064, total allocated 74448896, free 46914328, used 27534568, increment -25558192
Gustavia_santanderiensis_5 bio_15: 
Regularization values: linear/quadratic/product: 0.423, categorical: 0.250, threshold: 1.790, hinge: 0.500
21 samples
Density: max memory 932184064, total allocated 74448896, free 46914328, used 27534568, increment 0
linearPredictor: max memory 932184064, total allocated 74448896, free 46914328, used 27534568, increment 0
FeaturedSpace: max memory 932184064, total allocated 74448896, free 46914328, used 27534568, increment 0
Sequential: max memory 932184064, total allocated 74448896, free 46914328, used 27534568, increment 0
Initial loss: 9.212438170058329
Time since start: 159.707
60: time = 0.259000 loss = 9.050071
Resulting gain: 0.16236700558955697
Gustavia_santanderiensis_5 response curves
Response curve: only bio_16
Making features
makeFeatures: max memory 932184064, total allocated 74448896, free 42259160, used 32189736, increment 4655168
Gustavia_santanderiensis_5 bio_16: 
Regularization values: linear/quadratic/product: 0.423, categorical: 0.250, threshold: 1.790, hinge: 0.500
21 samples
Density: max memory 932184064, total allocated 74448896, free 42259160, used 32189736, increment 0
linearPredictor: max memory 932184064, total allocated 74448896, free 42259160, used 32189736, increment 0
FeaturedSpace: max memory 932184064, total allocated 74448896, free 42259160, used 32189736, increment 0
Sequential: max memory 932184064, total allocated 74448896, free 42259160, used 32189736, increment 0
Initial loss: 9.212438170058329
Time since start: 161.072
60: time = 1.025000 loss = 9.200141
Resulting gain: 0.012297198203089721
Gustavia_santanderiensis_5 response curves
Response curve: only bio_17
Making features
makeFeatures: max memory 932184064, total allocated 74448896, free 38220608, used 36228288, increment 4038552
Gustavia_santanderiensis_5 bio_17: 
Regularization values: linear/quadratic/product: 0.423, categorical: 0.250, threshold: 1.790, hinge: 0.500
21 samples
Density: max memory 932184064, total allocated 74448896, free 38220608, used 36228288, increment 0
linearPredictor: max memory 932184064, total allocated 74448896, free 38140424, used 36308472, increment 80184
FeaturedSpace: max memory 932184064, total allocated 74448896, free 38140424, used 36308472, increment 0
Sequential: max memory 932184064, total allocated 74448896, free 38140424, used 36308472, increment 0
Initial loss: 9.212438170058329
60: time = 0.243000 loss = 8.852686
Resulting gain: 0.35975258246837605
Gustavia_santanderiensis_5 response curves
Response curve: only bio_2
Making features
makeFeatures: max memory 932184064, total allocated 74448896, free 33939152, used 40509744, increment 4201272
Gustavia_santanderiensis_5 bio_2: 
Regularization values: linear/quadratic/product: 0.423, categorical: 0.250, threshold: 1.790, hinge: 0.500
21 samples
Density: max memory 932184064, total allocated 74448896, free 33858968, used 40589928, increment 80184
linearPredictor: max memory 932184064, total allocated 74448896, free 33778784, used 40670112, increment 80184
FeaturedSpace: max memory 932184064, total allocated 74448896, free 33778784, used 40670112, increment 0
Sequential: max memory 932184064, total allocated 74448896, free 33778784, used 40670112, increment 0
Initial loss: 9.212438170058329
60: time = 0.290000 loss = 9.170323
Resulting gain: 0.04211534278699958
Gustavia_santanderiensis_5 response curves
Time since start: 162.248
Response curve: only bio_3
Making features
makeFeatures: max memory 932184064, total allocated 74448896, free 29123608, used 45325288, increment 4655176
Gustavia_santanderiensis_5 bio_3: 
Regularization values: linear/quadratic/product: 0.423, categorical: 0.250, threshold: 1.790, hinge: 0.500
21 samples
Density: max memory 932184064, total allocated 74448896, free 29123608, used 45325288, increment 0
linearPredictor: max memory 932184064, total allocated 74448896, free 29123608, used 45325288, increment 0
FeaturedSpace: max memory 932184064, total allocated 74448896, free 29123608, used 45325288, increment 0
Sequential: max memory 932184064, total allocated 74448896, free 29123608, used 45325288, increment 0
Initial loss: 9.212438170058329
60: time = 0.293000 loss = 9.180179
Resulting gain: 0.032259589125029464
Gustavia_santanderiensis_5 response curves
Time since start: 163.504
Response curve: only bio_4
Making features
makeFeatures: max memory 932184064, total allocated 74448896, free 25085056, used 49363840, increment 4038552
Gustavia_santanderiensis_5 bio_4: 
Regularization values: linear/quadratic/product: 0.423, categorical: 0.250, threshold: 1.790, hinge: 0.500
21 samples
Density: max memory 932184064, total allocated 74448896, free 25004872, used 49444024, increment 80184
linearPredictor: max memory 932184064, total allocated 74448896, free 24924688, used 49524208, increment 80184
FeaturedSpace: max memory 932184064, total allocated 74448896, free 24924688, used 49524208, increment 0
Sequential: max memory 932184064, total allocated 74448896, free 24924688, used 49524208, increment 0
Initial loss: 9.212438170058329
20: time = 0.106000 loss = 9.212438
Resulting gain: 0.0
Gustavia_santanderiensis_5 response curves
Response curve: only bio_5
Making features
makeFeatures: max memory 932184064, total allocated 74448896, free 20723408, used 53725488, increment 4201280
Gustavia_santanderiensis_5 bio_5: 
Regularization values: linear/quadratic/product: 0.423, categorical: 0.250, threshold: 1.790, hinge: 0.500
21 samples
Density: max memory 932184064, total allocated 74448896, free 20643224, used 53805672, increment 80184
linearPredictor: max memory 932184064, total allocated 74448896, free 20563040, used 53885856, increment 80184
FeaturedSpace: max memory 932184064, total allocated 74448896, free 20563040, used 53885856, increment 0
Sequential: max memory 932184064, total allocated 74448896, free 20563040, used 53885856, increment 0
Initial loss: 9.212438170058329
80: time = 0.334000 loss = 8.915850
Resulting gain: 0.29658819482708587
Gustavia_santanderiensis_5 response curves
Response curve: only bio_6
Making features
makeFeatures: max memory 932184064, total allocated 77594624, free 50070920, used 27523704, increment -26362152
Gustavia_santanderiensis_5 bio_6: 
Regularization values: linear/quadratic/product: 0.423, categorical: 0.250, threshold: 1.790, hinge: 0.500
21 samples
Density: max memory 932184064, total allocated 77594624, free 50070920, used 27523704, increment 0
linearPredictor: max memory 932184064, total allocated 77594624, free 49990736, used 27603888, increment 80184
FeaturedSpace: max memory 932184064, total allocated 77594624, free 49990736, used 27603888, increment 0
Sequential: max memory 932184064, total allocated 77594624, free 49990736, used 27603888, increment 0
Initial loss: 9.212438170058329
Time since start: 164.611
80: time = 0.294000 loss = 8.868544
Resulting gain: 0.34389397275797506
Gustavia_santanderiensis_5 response curves
Response curve: only bio_7
Making features
makeFeatures: max memory 932184064, total allocated 77594624, free 45817496, used 31777128, increment 4173240
Gustavia_santanderiensis_5 bio_7: 
Regularization values: linear/quadratic/product: 0.423, categorical: 0.250, threshold: 1.790, hinge: 0.500
21 samples
Density: max memory 932184064, total allocated 77594624, free 45212144, used 32382480, increment 605352
linearPredictor: max memory 932184064, total allocated 77594624, free 45212144, used 32382480, increment 0
FeaturedSpace: max memory 932184064, total allocated 77594624, free 45212144, used 32382480, increment 0
Sequential: max memory 932184064, total allocated 77594624, free 45212144, used 32382480, increment 0
Initial loss: 9.212438170058329
20: time = 0.139000 loss = 9.212438
Resulting gain: 0.0
Gustavia_santanderiensis_5 response curves
Time since start: 165.699
Response curve: only bio_ai_et0
Making features
makeFeatures: max memory 932184064, total allocated 77594624, free 41214840, used 36379784, increment 3997304
Gustavia_santanderiensis_5 bio_ai_et0: 
Regularization values: linear/quadratic/product: 0.423, categorical: 0.250, threshold: 1.790, hinge: 0.500
21 samples
Density: max memory 932184064, total allocated 77594624, free 41214840, used 36379784, increment 0
linearPredictor: max memory 932184064, total allocated 77594624, free 41214840, used 36379784, increment 0
FeaturedSpace: max memory 932184064, total allocated 77594624, free 41214840, used 36379784, increment 0
Sequential: max memory 932184064, total allocated 77594624, free 41214840, used 36379784, increment 0
Initial loss: 9.212438170058329
60: time = 0.246000 loss = 9.186791
Resulting gain: 0.02564749816299816
Gustavia_santanderiensis_5 response curves
Response curve: only bio_et0_yr
Making features
makeFeatures: max memory 932184064, total allocated 77594624, free 36532864, used 41061760, increment 4681976
Gustavia_santanderiensis_5 bio_et0_yr: 
Regularization values: linear/quadratic/product: 0.423, categorical: 0.250, threshold: 1.790, hinge: 0.500
21 samples
Density: max memory 932184064, total allocated 77594624, free 36532864, used 41061760, increment 0
linearPredictor: max memory 932184064, total allocated 77594624, free 36532864, used 41061760, increment 0
FeaturedSpace: max memory 932184064, total allocated 77594624, free 36532864, used 41061760, increment 0
Sequential: max memory 932184064, total allocated 77594624, free 36532864, used 41061760, increment 0
Initial loss: 9.212438170058329
60: time = 0.234000 loss = 9.154025
Resulting gain: 0.05841302243100621
Gustavia_santanderiensis_5 response curves
Time since start: 167.19
Jackknife: leave bio_1 out
Making features
makeFeatures: max memory 932184064, total allocated 72876032, free 43640480, used 29235552, increment -11826208
Gustavia_santanderiensis_5 bio_1: 
Regularization values: linear/quadratic/product: 0.423, categorical: 0.250, threshold: 1.790, hinge: 0.500
21 samples
Density: max memory 932184064, total allocated 72876032, free 43560296, used 29315736, increment 80184
linearPredictor: max memory 932184064, total allocated 72876032, free 43480112, used 29395920, increment 80184
FeaturedSpace: max memory 932184064, total allocated 72876032, free 43480112, used 29395920, increment 0
Sequential: max memory 932184064, total allocated 72876032, free 43480112, used 29395920, increment 0
Initial loss: 9.212438170058329
180: time = 0.342000 loss = 7.926767
Jackknife: leave bio_10 out
Making features
makeFeatures: max memory 932184064, total allocated 72876032, free 40680344, used 32195688, increment 2799768
Gustavia_santanderiensis_5 bio_10: 
Regularization values: linear/quadratic/product: 0.423, categorical: 0.250, threshold: 1.790, hinge: 0.500
21 samples
Density: max memory 932184064, total allocated 72876032, free 40600160, used 32275872, increment 80184
linearPredictor: max memory 932184064, total allocated 72876032, free 40519976, used 32356056, increment 80184
FeaturedSpace: max memory 932184064, total allocated 72876032, free 40519976, used 32356056, increment 0
Sequential: max memory 932184064, total allocated 72876032, free 40519976, used 32356056, increment 0
Initial loss: 9.212438170058329
Time since start: 168.564
240: time = 1.007000 loss = 7.924518
Jackknife: leave bio_11 out
Making features
makeFeatures: max memory 932184064, total allocated 72876032, free 37640152, used 35235880, increment 2879824
Gustavia_santanderiensis_5 bio_11: 
Regularization values: linear/quadratic/product: 0.423, categorical: 0.250, threshold: 1.790, hinge: 0.500
21 samples
Density: max memory 932184064, total allocated 72876032, free 37559968, used 35316064, increment 80184
linearPredictor: max memory 932184064, total allocated 72876032, free 37479784, used 35396248, increment 80184
FeaturedSpace: max memory 932184064, total allocated 72876032, free 37479784, used 35396248, increment 0
Sequential: max memory 932184064, total allocated 72876032, free 37479784, used 35396248, increment 0
Initial loss: 9.212438170058329
240: time = 0.465000 loss = 7.924518
Jackknife: leave bio_12 out
Making features
makeFeatures: max memory 932184064, total allocated 72876032, free 34599984, used 38276048, increment 2879800
Gustavia_santanderiensis_5 bio_12: 
Regularization values: linear/quadratic/product: 0.423, categorical: 0.250, threshold: 1.790, hinge: 0.500
21 samples
Density: max memory 932184064, total allocated 72876032, free 34519800, used 38356232, increment 80184
linearPredictor: max memory 932184064, total allocated 72876032, free 34439616, used 38436416, increment 80184
FeaturedSpace: max memory 932184064, total allocated 72876032, free 34439616, used 38436416, increment 0
Sequential: max memory 932184064, total allocated 72876032, free 34439616, used 38436416, increment 0
Initial loss: 9.212438170058329
240: time = 0.447000 loss = 7.924518
Jackknife: leave bio_13 out
Making features
makeFeatures: max memory 932184064, total allocated 72876032, free 31559880, used 41316152, increment 2879736
Gustavia_santanderiensis_5 bio_13: 
Regularization values: linear/quadratic/product: 0.423, categorical: 0.250, threshold: 1.790, hinge: 0.500
21 samples
Density: max memory 932184064, total allocated 72876032, free 31479696, used 41396336, increment 80184
linearPredictor: max memory 932184064, total allocated 72876032, free 31399512, used 41476520, increment 80184
FeaturedSpace: max memory 932184064, total allocated 72876032, free 31399512, used 41476520, increment 0
Sequential: max memory 932184064, total allocated 72876032, free 31399512, used 41476520, increment 0
Initial loss: 9.212438170058329
Time since start: 169.907
160: time = 0.373000 loss = 7.924518
Jackknife: leave bio_14 out
Making features
makeFeatures: max memory 932184064, total allocated 72876032, free 28600000, used 44276032, increment 2799512
Gustavia_santanderiensis_5 bio_14: 
Regularization values: linear/quadratic/product: 0.423, categorical: 0.250, threshold: 1.790, hinge: 0.500
21 samples
Density: max memory 932184064, total allocated 72876032, free 28519816, used 44356216, increment 80184
linearPredictor: max memory 932184064, total allocated 72876032, free 28439632, used 44436400, increment 80184
FeaturedSpace: max memory 932184064, total allocated 72876032, free 28439632, used 44436400, increment 0
Sequential: max memory 932184064, total allocated 72876032, free 28439632, used 44436400, increment 0
Initial loss: 9.212438170058329
220: time = 0.427000 loss = 7.924518
Jackknife: leave bio_15 out
Making features
makeFeatures: max memory 932184064, total allocated 72876032, free 25639864, used 47236168, increment 2799768
Gustavia_santanderiensis_5 bio_15: 
Regularization values: linear/quadratic/product: 0.423, categorical: 0.250, threshold: 1.790, hinge: 0.500
21 samples
Density: max memory 932184064, total allocated 72876032, free 25085520, used 47790512, increment 554344
linearPredictor: max memory 932184064, total allocated 72876032, free 25085520, used 47790512, increment 0
FeaturedSpace: max memory 932184064, total allocated 72876032, free 25085520, used 47790512, increment 0
Sequential: max memory 932184064, total allocated 72876032, free 25085520, used 47790512, increment 0
Initial loss: 9.212438170058329
240: time = 0.417000 loss = 8.084930
Jackknife: leave bio_16 out
Making features
makeFeatures: max memory 932184064, total allocated 72876032, free 22599816, used 50276216, increment 2485704
Gustavia_santanderiensis_5 bio_16: 
Regularization values: linear/quadratic/product: 0.423, categorical: 0.250, threshold: 1.790, hinge: 0.500
21 samples
Density: max memory 932184064, total allocated 72876032, free 22045472, used 50830560, increment 554344
linearPredictor: max memory 932184064, total allocated 72876032, free 22045472, used 50830560, increment 0
FeaturedSpace: max memory 932184064, total allocated 72876032, free 22045472, used 50830560, increment 0
Sequential: max memory 932184064, total allocated 72876032, free 22045472, used 50830560, increment 0
Initial loss: 9.212438170058329
Time since start: 171.115
180: time = 0.325000 loss = 7.924537
Jackknife: leave bio_17 out
Making features
makeFeatures: max memory 932184064, total allocated 73400320, free 45962168, used 27438152, increment -23392408
Gustavia_santanderiensis_5 bio_17: 
Regularization values: linear/quadratic/product: 0.423, categorical: 0.250, threshold: 1.790, hinge: 0.500
21 samples
Density: max memory 932184064, total allocated 73400320, free 45881984, used 27518336, increment 80184
linearPredictor: max memory 932184064, total allocated 73400320, free 45801800, used 27598520, increment 80184
FeaturedSpace: max memory 932184064, total allocated 73400320, free 45801800, used 27598520, increment 0
Sequential: max memory 932184064, total allocated 73400320, free 45801800, used 27598520, increment 0
Initial loss: 9.212438170058329
200: time = 0.371000 loss = 7.945143
Jackknife: leave bio_2 out
Making features
makeFeatures: max memory 932184064, total allocated 73400320, free 43016120, used 30384200, increment 2785680
Gustavia_santanderiensis_5 bio_2: 
Regularization values: linear/quadratic/product: 0.423, categorical: 0.250, threshold: 1.790, hinge: 0.500
21 samples
Density: max memory 932184064, total allocated 73400320, free 42475648, used 30924672, increment 540472
linearPredictor: max memory 932184064, total allocated 73400320, free 42475648, used 30924672, increment 0
FeaturedSpace: max memory 932184064, total allocated 73400320, free 42475648, used 30924672, increment 0
Sequential: max memory 932184064, total allocated 73400320, free 42475648, used 30924672, increment 0
Initial loss: 9.212438170058329
240: time = 0.408000 loss = 7.924518
Jackknife: leave bio_3 out
Making features
makeFeatures: max memory 932184064, total allocated 73400320, free 39770208, used 33630112, increment 2705440
Gustavia_santanderiensis_5 bio_3: 
Regularization values: linear/quadratic/product: 0.423, categorical: 0.250, threshold: 1.790, hinge: 0.500
21 samples
Density: max memory 932184064, total allocated 73400320, free 39770208, used 33630112, increment 0
linearPredictor: max memory 932184064, total allocated 73400320, free 39770208, used 33630112, increment 0
FeaturedSpace: max memory 932184064, total allocated 73400320, free 39770208, used 33630112, increment 0
Sequential: max memory 932184064, total allocated 73400320, free 39770208, used 33630112, increment 0
Initial loss: 9.212438170058329
Time since start: 172.339
240: time = 0.408000 loss = 7.924518
Jackknife: leave bio_4 out
Making features
makeFeatures: max memory 932184064, total allocated 73400320, free 36904344, used 36495976, increment 2865864
Gustavia_santanderiensis_5 bio_4: 
Regularization values: linear/quadratic/product: 0.423, categorical: 0.250, threshold: 1.790, hinge: 0.500
21 samples
Density: max memory 932184064, total allocated 73400320, free 36824160, used 36576160, increment 80184
linearPredictor: max memory 932184064, total allocated 73400320, free 36743976, used 36656344, increment 80184
FeaturedSpace: max memory 932184064, total allocated 73400320, free 36743976, used 36656344, increment 0
Sequential: max memory 932184064, total allocated 73400320, free 36743976, used 36656344, increment 0
Initial loss: 9.212438170058329
240: time = 0.399000 loss = 7.924518
Jackknife: leave bio_5 out
Making features
makeFeatures: max memory 932184064, total allocated 73400320, free 33878112, used 39522208, increment 2865864
Gustavia_santanderiensis_5 bio_5: 
Regularization values: linear/quadratic/product: 0.423, categorical: 0.250, threshold: 1.790, hinge: 0.500
21 samples
Density: max memory 932184064, total allocated 73400320, free 33797928, used 39602392, increment 80184
linearPredictor: max memory 932184064, total allocated 73400320, free 33717744, used 39682576, increment 80184
FeaturedSpace: max memory 932184064, total allocated 73400320, free 33717744, used 39682576, increment 0
Sequential: max memory 932184064, total allocated 73400320, free 33717744, used 39682576, increment 0
Initial loss: 9.212438170058329
180: time = 0.324000 loss = 7.930282
Jackknife: leave bio_6 out
Making features
makeFeatures: max memory 932184064, total allocated 73400320, free 30932072, used 42468248, increment 2785672
Gustavia_santanderiensis_5 bio_6: 
Regularization values: linear/quadratic/product: 0.423, categorical: 0.250, threshold: 1.790, hinge: 0.500
21 samples
Density: max memory 932184064, total allocated 73400320, free 30391600, used 43008720, increment 540472
linearPredictor: max memory 932184064, total allocated 73400320, free 30391600, used 43008720, increment 0
FeaturedSpace: max memory 932184064, total allocated 73400320, free 30391600, used 43008720, increment 0
Sequential: max memory 932184064, total allocated 73400320, free 30391600, used 43008720, increment 0
Initial loss: 9.212438170058329
Time since start: 173.424
180: time = 0.326000 loss = 7.924541
Jackknife: leave bio_7 out
Making features
makeFeatures: max memory 932184064, total allocated 73400320, free 27926712, used 45473608, increment 2464888
Gustavia_santanderiensis_5 bio_7: 
Regularization values: linear/quadratic/product: 0.423, categorical: 0.250, threshold: 1.790, hinge: 0.500
21 samples
Density: max memory 932184064, total allocated 73400320, free 27846528, used 45553792, increment 80184
linearPredictor: max memory 932184064, total allocated 73400320, free 27766344, used 45633976, increment 80184
FeaturedSpace: max memory 932184064, total allocated 73400320, free 27766344, used 45633976, increment 0
Sequential: max memory 932184064, total allocated 73400320, free 27766344, used 45633976, increment 0
Initial loss: 9.212438170058329
240: time = 0.413000 loss = 7.924518
Jackknife: leave bio_ai_et0 out
Making features
makeFeatures: max memory 932184064, total allocated 73400320, free 24900520, used 48499800, increment 2865824
Gustavia_santanderiensis_5 bio_ai_et0: 
Regularization values: linear/quadratic/product: 0.423, categorical: 0.250, threshold: 1.790, hinge: 0.500
21 samples
Density: max memory 932184064, total allocated 73400320, free 24820336, used 48579984, increment 80184
linearPredictor: max memory 932184064, total allocated 73400320, free 24740152, used 48660168, increment 80184
FeaturedSpace: max memory 932184064, total allocated 73400320, free 24740152, used 48660168, increment 0
Sequential: max memory 932184064, total allocated 73400320, free 24740152, used 48660168, increment 0
Initial loss: 9.212438170058329
240: time = 0.402000 loss = 7.924518
Jackknife: leave bio_et0_yr out
Making features
makeFeatures: max memory 932184064, total allocated 73400320, free 21874216, used 51526104, increment 2865936
Gustavia_santanderiensis_5 bio_et0_yr: 
Regularization values: linear/quadratic/product: 0.423, categorical: 0.250, threshold: 1.790, hinge: 0.500
21 samples
Density: max memory 932184064, total allocated 73400320, free 21794032, used 51606288, increment 80184
linearPredictor: max memory 932184064, total allocated 73400320, free 21713848, used 51686472, increment 80184
FeaturedSpace: max memory 932184064, total allocated 73400320, free 21713848, used 51686472, increment 0
Sequential: max memory 932184064, total allocated 73400320, free 21713848, used 51686472, increment 0
Initial loss: 9.212438170058329
Time since start: 174.679
240: time = 0.405000 loss = 7.924518
Jackknife: only bio_1
Making features
makeFeatures: max memory 932184064, total allocated 73400320, free 21173104, used 52227216, increment 540744
Gustavia_santanderiensis_5 bio_1: 
Regularization values: linear/quadratic/product: 0.423, categorical: 0.250, threshold: 1.790, hinge: 0.500
21 samples
Density: max memory 932184064, total allocated 73400320, free 21173104, used 52227216, increment 0
linearPredictor: max memory 932184064, total allocated 73400320, free 21092920, used 52307400, increment 80184
FeaturedSpace: max memory 932184064, total allocated 73400320, free 21092920, used 52307400, increment 0
Sequential: max memory 932184064, total allocated 73400320, free 21092920, used 52307400, increment 0
Initial loss: 9.212438170058329
100: time = 0.244000 loss = 8.886368
Res.gain: 0.3260697672119228
Jackknife: only bio_10
Making features
makeFeatures: max memory 932184064, total allocated 73400320, free 20552392, used 52847928, increment 540528
Gustavia_santanderiensis_5 bio_10: 
Regularization values: linear/quadratic/product: 0.423, categorical: 0.250, threshold: 1.790, hinge: 0.500
21 samples
Density: max memory 932184064, total allocated 73400320, free 20552392, used 52847928, increment 0
linearPredictor: max memory 932184064, total allocated 73400320, free 20552392, used 52847928, increment 0
FeaturedSpace: max memory 932184064, total allocated 73400320, free 20552392, used 52847928, increment 0
Sequential: max memory 932184064, total allocated 73400320, free 20552392, used 52847928, increment 0
Initial loss: 9.212438170058329
80: time = 0.292000 loss = 8.911992
Res.gain: 0.3004466655085345
Jackknife: only bio_11
Making features
makeFeatures: max memory 932184064, total allocated 73400320, free 20472208, used 52928112, increment 80184
Gustavia_santanderiensis_5 bio_11: 
Regularization values: linear/quadratic/product: 0.423, categorical: 0.250, threshold: 1.790, hinge: 0.500
21 samples
Density: max memory 932184064, total allocated 73400320, free 20392024, used 53008296, increment 80184
linearPredictor: max memory 932184064, total allocated 73400320, free 20311840, used 53088480, increment 80184
FeaturedSpace: max memory 932184064, total allocated 73400320, free 20311840, used 53088480, increment 0
Sequential: max memory 932184064, total allocated 73400320, free 20311840, used 53088480, increment 0
Initial loss: 9.212438170058329
80: time = 0.273000 loss = 8.899908
Res.gain: 0.3125304806453997
Jackknife: only bio_12
Making features
makeFeatures: max memory 932184064, total allocated 73400320, free 19771248, used 53629072, increment 540592
Gustavia_santanderiensis_5 bio_12: 
Regularization values: linear/quadratic/product: 0.423, categorical: 0.250, threshold: 1.790, hinge: 0.500
21 samples
Density: max memory 932184064, total allocated 73400320, free 19771248, used 53629072, increment 0
linearPredictor: max memory 932184064, total allocated 73400320, free 19771248, used 53629072, increment 0
FeaturedSpace: max memory 932184064, total allocated 73400320, free 19771248, used 53629072, increment 0
Sequential: max memory 932184064, total allocated 73400320, free 19771248, used 53629072, increment 0
Initial loss: 9.212438170058329
Time since start: 175.727
60: time = 0.225000 loss = 9.133976
Res.gain: 0.07846215153742975
Jackknife: only bio_13
Making features
makeFeatures: max memory 932184064, total allocated 73400320, free 19691064, used 53709256, increment 80184
Gustavia_santanderiensis_5 bio_13: 
Regularization values: linear/quadratic/product: 0.423, categorical: 0.250, threshold: 1.790, hinge: 0.500
21 samples
Density: max memory 932184064, total allocated 73400320, free 19610880, used 53789440, increment 80184
linearPredictor: max memory 932184064, total allocated 73400320, free 19530696, used 53869624, increment 80184
FeaturedSpace: max memory 932184064, total allocated 73400320, free 19530696, used 53869624, increment 0
Sequential: max memory 932184064, total allocated 73400320, free 19530696, used 53869624, increment 0
Initial loss: 9.212438170058329
60: time = 0.212000 loss = 9.204626
Res.gain: 0.0078123609784608306
Jackknife: only bio_14
Making features
makeFeatures: max memory 932184064, total allocated 73400320, free 19319880, used 54080440, increment 210816
Gustavia_santanderiensis_5 bio_14: 
Regularization values: linear/quadratic/product: 0.423, categorical: 0.250, threshold: 1.790, hinge: 0.500
21 samples
Density: max memory 932184064, total allocated 72876032, free 47798040, used 25077992, increment -29002448
linearPredictor: max memory 932184064, total allocated 72876032, free 47266320, used 25609712, increment 531720
FeaturedSpace: max memory 932184064, total allocated 72876032, free 47266320, used 25609712, increment 0
Sequential: max memory 932184064, total allocated 72876032, free 47266320, used 25609712, increment 0
Initial loss: 9.212438170058329
60: time = 0.204000 loss = 9.068922
Res.gain: 0.14351606002692563
Jackknife: only bio_15
Making features
makeFeatures: max memory 932184064, total allocated 72876032, free 47266320, used 25609712, increment 0
Gustavia_santanderiensis_5 bio_15: 
Regularization values: linear/quadratic/product: 0.423, categorical: 0.250, threshold: 1.790, hinge: 0.500
21 samples
Density: max memory 932184064, total allocated 72876032, free 47266320, used 25609712, increment 0
linearPredictor: max memory 932184064, total allocated 72876032, free 47266320, used 25609712, increment 0
FeaturedSpace: max memory 932184064, total allocated 72876032, free 47266320, used 25609712, increment 0
Sequential: max memory 932184064, total allocated 72876032, free 47266320, used 25609712, increment 0
Initial loss: 9.212438170058329
60: time = 0.197000 loss = 9.050071
Res.gain: 0.16236700558955697
Jackknife: only bio_16
Making features
makeFeatures: max memory 932184064, total allocated 72876032, free 47105952, used 25770080, increment 160368
Gustavia_santanderiensis_5 bio_16: 
Regularization values: linear/quadratic/product: 0.423, categorical: 0.250, threshold: 1.790, hinge: 0.500
21 samples
Density: max memory 932184064, total allocated 72876032, free 47025768, used 25850264, increment 80184
linearPredictor: max memory 932184064, total allocated 72876032, free 46945584, used 25930448, increment 80184
FeaturedSpace: max memory 932184064, total allocated 72876032, free 46945584, used 25930448, increment 0
Sequential: max memory 932184064, total allocated 72876032, free 46945584, used 25930448, increment 0
Initial loss: 9.212438170058329
60: time = 0.240000 loss = 9.200141
Res.gain: 0.012297198203089721
Jackknife: only bio_17
Making features
makeFeatures: max memory 932184064, total allocated 72876032, free 46413808, used 26462224, increment 531776
Gustavia_santanderiensis_5 bio_17: 
Regularization values: linear/quadratic/product: 0.423, categorical: 0.250, threshold: 1.790, hinge: 0.500
21 samples
Density: max memory 932184064, total allocated 72876032, free 46413808, used 26462224, increment 0
linearPredictor: max memory 932184064, total allocated 72876032, free 46413808, used 26462224, increment 0
FeaturedSpace: max memory 932184064, total allocated 72876032, free 46413808, used 26462224, increment 0
Sequential: max memory 932184064, total allocated 72876032, free 46413808, used 26462224, increment 0
Initial loss: 9.212438170058329
Time since start: 176.796
60: time = 0.199000 loss = 8.852686
Res.gain: 0.35975258246837605
Jackknife: only bio_2
Making features
makeFeatures: max memory 932184064, total allocated 72876032, free 46333624, used 26542408, increment 80184
Gustavia_santanderiensis_5 bio_2: 
Regularization values: linear/quadratic/product: 0.423, categorical: 0.250, threshold: 1.790, hinge: 0.500
21 samples
Density: max memory 932184064, total allocated 72876032, free 46253440, used 26622592, increment 80184
linearPredictor: max memory 932184064, total allocated 72876032, free 46173256, used 26702776, increment 80184
FeaturedSpace: max memory 932184064, total allocated 72876032, free 46173256, used 26702776, increment 0
Sequential: max memory 932184064, total allocated 72876032, free 46173256, used 26702776, increment 0
Initial loss: 9.212438170058329
60: time = 0.233000 loss = 9.170323
Res.gain: 0.04211534278699958
Jackknife: only bio_3
Making features
makeFeatures: max memory 932184064, total allocated 72876032, free 45641512, used 27234520, increment 531744
Gustavia_santanderiensis_5 bio_3: 
Regularization values: linear/quadratic/product: 0.423, categorical: 0.250, threshold: 1.790, hinge: 0.500
21 samples
Density: max memory 932184064, total allocated 72876032, free 45641512, used 27234520, increment 0
linearPredictor: max memory 932184064, total allocated 72876032, free 45641512, used 27234520, increment 0
FeaturedSpace: max memory 932184064, total allocated 72876032, free 45641512, used 27234520, increment 0
Sequential: max memory 932184064, total allocated 72876032, free 45641512, used 27234520, increment 0
Initial loss: 9.212438170058329
60: time = 0.225000 loss = 9.180179
Res.gain: 0.032259589125029464
Jackknife: only bio_4
Making features
makeFeatures: max memory 932184064, total allocated 72876032, free 45561328, used 27314704, increment 80184
Gustavia_santanderiensis_5 bio_4: 
Regularization values: linear/quadratic/product: 0.423, categorical: 0.250, threshold: 1.790, hinge: 0.500
21 samples
Density: max memory 932184064, total allocated 72876032, free 45481144, used 27394888, increment 80184
linearPredictor: max memory 932184064, total allocated 72876032, free 45400960, used 27475072, increment 80184
FeaturedSpace: max memory 932184064, total allocated 72876032, free 45400960, used 27475072, increment 0
Sequential: max memory 932184064, total allocated 72876032, free 45400960, used 27475072, increment 0
Initial loss: 9.212438170058329
20: time = 0.098000 loss = 9.212438
Res.gain: 0.0
Jackknife: only bio_5
Making features
makeFeatures: max memory 932184064, total allocated 72876032, free 45240592, used 27635440, increment 160368
Gustavia_santanderiensis_5 bio_5: 
Regularization values: linear/quadratic/product: 0.423, categorical: 0.250, threshold: 1.790, hinge: 0.500
21 samples
Density: max memory 932184064, total allocated 72876032, free 45160408, used 27715624, increment 80184
linearPredictor: max memory 932184064, total allocated 72876032, free 45080224, used 27795808, increment 80184
FeaturedSpace: max memory 932184064, total allocated 72876032, free 45080224, used 27795808, increment 0
Sequential: max memory 932184064, total allocated 72876032, free 45080224, used 27795808, increment 0
Initial loss: 9.212438170058329
80: time = 0.250000 loss = 8.915850
Res.gain: 0.29658819482708587
Jackknife: only bio_6
Making features
makeFeatures: max memory 932184064, total allocated 72876032, free 44548456, used 28327576, increment 531768
Gustavia_santanderiensis_5 bio_6: 
Regularization values: linear/quadratic/product: 0.423, categorical: 0.250, threshold: 1.790, hinge: 0.500
21 samples
Density: max memory 932184064, total allocated 72876032, free 44548456, used 28327576, increment 0
linearPredictor: max memory 932184064, total allocated 72876032, free 44548456, used 28327576, increment 0
FeaturedSpace: max memory 932184064, total allocated 72876032, free 44548456, used 28327576, increment 0
Sequential: max memory 932184064, total allocated 72876032, free 44548456, used 28327576, increment 0
Initial loss: 9.212438170058329
Time since start: 177.871
80: time = 0.252000 loss = 8.868544
Res.gain: 0.34389397275797506
Jackknife: only bio_7
Making features
makeFeatures: max memory 932184064, total allocated 72876032, free 44468272, used 28407760, increment 80184
Gustavia_santanderiensis_5 bio_7: 
Regularization values: linear/quadratic/product: 0.423, categorical: 0.250, threshold: 1.790, hinge: 0.500
21 samples
Density: max memory 932184064, total allocated 72876032, free 44388088, used 28487944, increment 80184
linearPredictor: max memory 932184064, total allocated 72876032, free 44307904, used 28568128, increment 80184
FeaturedSpace: max memory 932184064, total allocated 72876032, free 44307904, used 28568128, increment 0
Sequential: max memory 932184064, total allocated 72876032, free 44307904, used 28568128, increment 0
Initial loss: 9.212438170058329
20: time = 0.100000 loss = 9.212438
Res.gain: 0.0
Jackknife: only bio_ai_et0
Making features
makeFeatures: max memory 932184064, total allocated 72876032, free 44147536, used 28728496, increment 160368
Gustavia_santanderiensis_5 bio_ai_et0: 
Regularization values: linear/quadratic/product: 0.423, categorical: 0.250, threshold: 1.790, hinge: 0.500
21 samples
Density: max memory 932184064, total allocated 72876032, free 43615816, used 29260216, increment 531720
linearPredictor: max memory 932184064, total allocated 72876032, free 43615816, used 29260216, increment 0
FeaturedSpace: max memory 932184064, total allocated 72876032, free 43615816, used 29260216, increment 0
Sequential: max memory 932184064, total allocated 72876032, free 43615816, used 29260216, increment 0
Initial loss: 9.212438170058329
60: time = 0.230000 loss = 9.186791
Res.gain: 0.02564749816299816
Jackknife: only bio_et0_yr
Making features
makeFeatures: max memory 932184064, total allocated 72876032, free 43615816, used 29260216, increment 0
Gustavia_santanderiensis_5 bio_et0_yr: 
Regularization values: linear/quadratic/product: 0.423, categorical: 0.250, threshold: 1.790, hinge: 0.500
21 samples
Density: max memory 932184064, total allocated 72876032, free 43615816, used 29260216, increment 0
linearPredictor: max memory 932184064, total allocated 72876032, free 43535632, used 29340400, increment 80184
FeaturedSpace: max memory 932184064, total allocated 72876032, free 43535632, used 29340400, increment 0
Sequential: max memory 932184064, total allocated 72876032, free 43535632, used 29340400, increment 0
Initial loss: 9.212438170058329
60: time = 0.214000 loss = 9.154025
Res.gain: 0.05841302243100621
getSamples: max memory 932184064, total allocated 72876032, free 38335080, used 34540952, increment 5200552
Making features
makeFeatures: max memory 932184064, total allocated 72876032, free 35769192, used 37106840, increment 2565888
Gustavia_santanderiensis_6: 
Regularization values: linear/quadratic/product: 0.423, categorical: 0.250, threshold: 1.790, hinge: 0.500
21 samples
Density: max memory 932184064, total allocated 72876032, free 35689008, used 37187024, increment 80184
linearPredictor: max memory 932184064, total allocated 72876032, free 35608824, used 37267208, increment 80184
FeaturedSpace: max memory 932184064, total allocated 72876032, free 35608824, used 37267208, increment 0
Sequential: max memory 932184064, total allocated 72876032, free 35608824, used 37267208, increment 0
Initial loss: 9.212438170058329
160: time = 0.319000 loss = 7.895653
Resulting gain: 1.3167850228232991
Time since start: 179.178
Projecting...
Writing file C:\Users\Camila\Desktop\Modelo opc3\Final_Models\M_5_F_lq_Set_1\Gustavia_santanderiensis_6.asc
Time since start: 181.27
Writing C:\Users\Camila\Desktop\Modelo opc3\Final_Models\M_5_F_lq_Set_1\plots\Gustavia_santanderiensis_6.png
Gustavia_santanderiensis_6 response curves
Time since start: 185.224
Response curve: only bio_1
Making features
makeFeatures: max memory 932184064, total allocated 80740352, free 11775424, used 68964928, increment 31697720
Gustavia_santanderiensis_6 bio_1: 
Regularization values: linear/quadratic/product: 0.423, categorical: 0.250, threshold: 1.790, hinge: 0.500
21 samples
Density: max memory 932184064, total allocated 80740352, free 11775424, used 68964928, increment 0
linearPredictor: max memory 932184064, total allocated 80740352, free 11775424, used 68964928, increment 0
FeaturedSpace: max memory 932184064, total allocated 80740352, free 11775424, used 68964928, increment 0
Sequential: max memory 932184064, total allocated 80740352, free 11775424, used 68964928, increment 0
Initial loss: 9.212438170058329
100: time = 0.223000 loss = 8.907744
Resulting gain: 0.3046942578933276
Gustavia_santanderiensis_6 response curves
Response curve: only bio_10
Making features
makeFeatures: max memory 932184064, total allocated 77070336, free 40185344, used 36884992, increment -32079936
Gustavia_santanderiensis_6 bio_10: 
Regularization values: linear/quadratic/product: 0.423, categorical: 0.250, threshold: 1.790, hinge: 0.500
21 samples
Density: max memory 932184064, total allocated 77070336, free 40185344, used 36884992, increment 0
linearPredictor: max memory 932184064, total allocated 77070336, free 40185344, used 36884992, increment 0
FeaturedSpace: max memory 932184064, total allocated 77070336, free 40185344, used 36884992, increment 0
Sequential: max memory 932184064, total allocated 77070336, free 40185344, used 36884992, increment 0
Initial loss: 9.212438170058329
Time since start: 186.351
80: time = 0.758000 loss = 8.935837
Resulting gain: 0.27660108187594545
Gustavia_santanderiensis_6 response curves
Response curve: only bio_11
Making features
makeFeatures: max memory 932184064, total allocated 77070336, free 35872464, used 41197872, increment 4312880
Gustavia_santanderiensis_6 bio_11: 
Regularization values: linear/quadratic/product: 0.423, categorical: 0.250, threshold: 1.790, hinge: 0.500
21 samples
Density: max memory 932184064, total allocated 77070336, free 35872464, used 41197872, increment 0
linearPredictor: max memory 932184064, total allocated 77070336, free 35872464, used 41197872, increment 0
FeaturedSpace: max memory 932184064, total allocated 77070336, free 35872464, used 41197872, increment 0
Sequential: max memory 932184064, total allocated 77070336, free 35872464, used 41197872, increment 0
Initial loss: 9.212438170058329
80: time = 0.188000 loss = 8.924738
Resulting gain: 0.28769988285994685
Gustavia_santanderiensis_6 response curves
Response curve: only bio_12
Making features
makeFeatures: max memory 932184064, total allocated 77070336, free 31441888, used 45628448, increment 4430576
Gustavia_santanderiensis_6 bio_12: 
Regularization values: linear/quadratic/product: 0.423, categorical: 0.250, threshold: 1.790, hinge: 0.500
21 samples
Density: max memory 932184064, total allocated 77070336, free 31441888, used 45628448, increment 0
linearPredictor: max memory 932184064, total allocated 77070336, free 31441888, used 45628448, increment 0
FeaturedSpace: max memory 932184064, total allocated 77070336, free 31441888, used 45628448, increment 0
Sequential: max memory 932184064, total allocated 77070336, free 31441888, used 45628448, increment 0
Initial loss: 9.212438170058329
60: time = 0.225000 loss = 9.143070
Resulting gain: 0.06936843896703415
Gustavia_santanderiensis_6 response curves
Response curve: only bio_13
Making features
makeFeatures: max memory 932184064, total allocated 77070336, free 27129200, used 49941136, increment 4312688
Gustavia_santanderiensis_6 bio_13: 
Regularization values: linear/quadratic/product: 0.423, categorical: 0.250, threshold: 1.790, hinge: 0.500
21 samples
Density: max memory 932184064, total allocated 77070336, free 27129200, used 49941136, increment 0
linearPredictor: max memory 932184064, total allocated 77070336, free 27049016, used 50021320, increment 80184
FeaturedSpace: max memory 932184064, total allocated 77070336, free 27049016, used 50021320, increment 0
Sequential: max memory 932184064, total allocated 77070336, free 27049016, used 50021320, increment 0
Initial loss: 9.212438170058329
Time since start: 187.554
60: time = 0.275000 loss = 9.204439
Resulting gain: 0.00799875877171985
Gustavia_santanderiensis_6 response curves
Response curve: only bio_14
Making features
makeFeatures: max memory 932184064, total allocated 77070336, free 22715752, used 54354584, increment 4333264
Gustavia_santanderiensis_6 bio_14: 
Regularization values: linear/quadratic/product: 0.423, categorical: 0.250, threshold: 1.790, hinge: 0.500
21 samples
Density: max memory 932184064, total allocated 77070336, free 22715752, used 54354584, increment 0
linearPredictor: max memory 932184064, total allocated 77070336, free 22715752, used 54354584, increment 0
FeaturedSpace: max memory 932184064, total allocated 77070336, free 22715752, used 54354584, increment 0
Sequential: max memory 932184064, total allocated 77070336, free 22715752, used 54354584, increment 0
Initial loss: 9.212438170058329
60: time = 0.223000 loss = 9.085678
Resulting gain: 0.12676035119700124
Gustavia_santanderiensis_6 response curves
Time since start: 188.671
Response curve: only bio_15
Making features
makeFeatures: max memory 932184064, total allocated 77070336, free 18402880, used 58667456, increment 4312872
Gustavia_santanderiensis_6 bio_15: 
Regularization values: linear/quadratic/product: 0.423, categorical: 0.250, threshold: 1.790, hinge: 0.500
21 samples
Density: max memory 932184064, total allocated 77070336, free 18402880, used 58667456, increment 0
linearPredictor: max memory 932184064, total allocated 77070336, free 18402880, used 58667456, increment 0
FeaturedSpace: max memory 932184064, total allocated 77070336, free 18402880, used 58667456, increment 0
Sequential: max memory 932184064, total allocated 77070336, free 18402880, used 58667456, increment 0
Initial loss: 9.212438170058329
60: time = 0.208000 loss = 9.025309
Resulting gain: 0.1871295730417888
Gustavia_santanderiensis_6 response curves
Response curve: only bio_16
Making features
makeFeatures: max memory 932184064, total allocated 77070336, free 13972368, used 63097968, increment 4430512
Gustavia_santanderiensis_6 bio_16: 
Regularization values: linear/quadratic/product: 0.423, categorical: 0.250, threshold: 1.790, hinge: 0.500
21 samples
Density: max memory 932184064, total allocated 77070336, free 13972368, used 63097968, increment 0
linearPredictor: max memory 932184064, total allocated 77070336, free 13972368, used 63097968, increment 0
FeaturedSpace: max memory 932184064, total allocated 77070336, free 13972368, used 63097968, increment 0
Sequential: max memory 932184064, total allocated 77070336, free 13972368, used 63097968, increment 0
Initial loss: 9.212438170058329
60: time = 0.247000 loss = 9.199460
Resulting gain: 0.01297805666753682
Gustavia_santanderiensis_6 response curves
Response curve: only bio_17
Making features
makeFeatures: max memory 932184064, total allocated 79691776, free 42885088, used 36806688, increment -26291280
Gustavia_santanderiensis_6 bio_17: 
Regularization values: linear/quadratic/product: 0.423, categorical: 0.250, threshold: 1.790, hinge: 0.500
21 samples
Density: max memory 932184064, total allocated 79691776, free 42885088, used 36806688, increment 0
linearPredictor: max memory 932184064, total allocated 79691776, free 42885088, used 36806688, increment 0
FeaturedSpace: max memory 932184064, total allocated 79691776, free 42885088, used 36806688, increment 0
Sequential: max memory 932184064, total allocated 79691776, free 42885088, used 36806688, increment 0
Initial loss: 9.212438170058329
Time since start: 189.676
60: time = 0.221000 loss = 8.933047
Resulting gain: 0.2793910336697891
Gustavia_santanderiensis_6 response curves
Response curve: only bio_2
Making features
makeFeatures: max memory 932184064, total allocated 79691776, free 38503160, used 41188616, increment 4381928
Gustavia_santanderiensis_6 bio_2: 
Regularization values: linear/quadratic/product: 0.423, categorical: 0.250, threshold: 1.790, hinge: 0.500
21 samples
Density: max memory 932184064, total allocated 79691776, free 38503160, used 41188616, increment 0
linearPredictor: max memory 932184064, total allocated 79691776, free 38503160, used 41188616, increment 0
FeaturedSpace: max memory 932184064, total allocated 79691776, free 38503160, used 41188616, increment 0
Sequential: max memory 932184064, total allocated 79691776, free 38503160, used 41188616, increment 0
Initial loss: 9.212438170058329
60: time = 0.231000 loss = 9.162648
Resulting gain: 0.04979049552755299
Gustavia_santanderiensis_6 response curves
Response curve: only bio_3
Making features
makeFeatures: max memory 932184064, total allocated 79691776, free 34123600, used 45568176, increment 4379560
Gustavia_santanderiensis_6 bio_3: 
Regularization values: linear/quadratic/product: 0.423, categorical: 0.250, threshold: 1.790, hinge: 0.500
21 samples
Density: max memory 932184064, total allocated 79691776, free 34123600, used 45568176, increment 0
linearPredictor: max memory 932184064, total allocated 79691776, free 34123600, used 45568176, increment 0
FeaturedSpace: max memory 932184064, total allocated 79691776, free 34123600, used 45568176, increment 0
Sequential: max memory 932184064, total allocated 79691776, free 34123600, used 45568176, increment 0
Initial loss: 9.212438170058329
60: time = 0.210000 loss = 9.182655
Resulting gain: 0.029783135050953646
Gustavia_santanderiensis_6 response curves
Time since start: 191.05
Response curve: only bio_4
Making features
makeFeatures: max memory 932184064, total allocated 79691776, free 29741648, used 49950128, increment 4381952
Gustavia_santanderiensis_6 bio_4: 
Regularization values: linear/quadratic/product: 0.423, categorical: 0.250, threshold: 1.790, hinge: 0.500
21 samples
Density: max memory 932184064, total allocated 79691776, free 29741648, used 49950128, increment 0
linearPredictor: max memory 932184064, total allocated 79691776, free 29741648, used 49950128, increment 0
FeaturedSpace: max memory 932184064, total allocated 79691776, free 29741648, used 49950128, increment 0
Sequential: max memory 932184064, total allocated 79691776, free 29741648, used 49950128, increment 0
Initial loss: 9.212438170058329
20: time = 0.110000 loss = 9.212438
Resulting gain: 0.0
Gustavia_santanderiensis_6 response curves
Response curve: only bio_5
Making features
makeFeatures: max memory 932184064, total allocated 79691776, free 25360528, used 54331248, increment 4381120
Gustavia_santanderiensis_6 bio_5: 
Regularization values: linear/quadratic/product: 0.423, categorical: 0.250, threshold: 1.790, hinge: 0.500
21 samples
Density: max memory 932184064, total allocated 79691776, free 25360528, used 54331248, increment 0
linearPredictor: max memory 932184064, total allocated 79691776, free 25360528, used 54331248, increment 0
FeaturedSpace: max memory 932184064, total allocated 79691776, free 25360528, used 54331248, increment 0
Sequential: max memory 932184064, total allocated 79691776, free 25360528, used 54331248, increment 0
Initial loss: 9.212438170058329
80: time = 0.276000 loss = 8.930421
Resulting gain: 0.28201713169628384
Gustavia_santanderiensis_6 response curves
Response curve: only bio_6
Making features
makeFeatures: max memory 932184064, total allocated 79691776, free 20979440, used 58712336, increment 4381088
Gustavia_santanderiensis_6 bio_6: 
Regularization values: linear/quadratic/product: 0.423, categorical: 0.250, threshold: 1.790, hinge: 0.500
21 samples
Density: max memory 932184064, total allocated 79691776, free 20979440, used 58712336, increment 0
linearPredictor: max memory 932184064, total allocated 79691776, free 20899256, used 58792520, increment 80184
FeaturedSpace: max memory 932184064, total allocated 79691776, free 20899256, used 58792520, increment 0
Sequential: max memory 932184064, total allocated 79691776, free 20899256, used 58792520, increment 0
Initial loss: 9.212438170058329
Time since start: 192.06
80: time = 0.292000 loss = 8.876286
Resulting gain: 0.33615229340032826
Gustavia_santanderiensis_6 response curves
Response curve: only bio_7
Making features
makeFeatures: max memory 932184064, total allocated 79691776, free 16496936, used 63194840, increment 4402320
Gustavia_santanderiensis_6 bio_7: 
Regularization values: linear/quadratic/product: 0.423, categorical: 0.250, threshold: 1.790, hinge: 0.500
21 samples
Density: max memory 932184064, total allocated 79691776, free 16496936, used 63194840, increment 0
linearPredictor: max memory 932184064, total allocated 79691776, free 16496936, used 63194840, increment 0
FeaturedSpace: max memory 932184064, total allocated 79691776, free 16496936, used 63194840, increment 0
Sequential: max memory 932184064, total allocated 79691776, free 16496936, used 63194840, increment 0
Initial loss: 9.212438170058329
40: time = 0.324000 loss = 9.212130
Resulting gain: 3.0794613947016103E-4
Gustavia_santanderiensis_6 response curves
Time since start: 193.168
Response curve: only bio_ai_et0
Making features
makeFeatures: max memory 932184064, total allocated 79691776, free 12114984, used 67576792, increment 4381952
Gustavia_santanderiensis_6 bio_ai_et0: 
Regularization values: linear/quadratic/product: 0.423, categorical: 0.250, threshold: 1.790, hinge: 0.500
21 samples
Density: max memory 932184064, total allocated 79691776, free 12114984, used 67576792, increment 0
linearPredictor: max memory 932184064, total allocated 79691776, free 12114984, used 67576792, increment 0
FeaturedSpace: max memory 932184064, total allocated 79691776, free 12114984, used 67576792, increment 0
Sequential: max memory 932184064, total allocated 79691776, free 12114984, used 67576792, increment 0
Initial loss: 9.212438170058329
60: time = 0.234000 loss = 9.186512
Resulting gain: 0.025925933406524493
Gustavia_santanderiensis_6 response curves
Response curve: only bio_et0_yr
Making features
makeFeatures: max memory 932184064, total allocated 76021760, free 39243184, used 36778576, increment -30798216
Gustavia_santanderiensis_6 bio_et0_yr: 
Regularization values: linear/quadratic/product: 0.423, categorical: 0.250, threshold: 1.790, hinge: 0.500
21 samples
Density: max memory 932184064, total allocated 76021760, free 39243184, used 36778576, increment 0
linearPredictor: max memory 932184064, total allocated 76021760, free 39243184, used 36778576, increment 0
FeaturedSpace: max memory 932184064, total allocated 76021760, free 39243184, used 36778576, increment 0
Sequential: max memory 932184064, total allocated 76021760, free 39243184, used 36778576, increment 0
Initial loss: 9.212438170058329
60: time = 0.214000 loss = 9.169429
Resulting gain: 0.04300922581604283
Gustavia_santanderiensis_6 response curves
Time since start: 194.551
Jackknife: leave bio_1 out
Making features
makeFeatures: max memory 932184064, total allocated 77070336, free 32091432, used 44978904, increment 8200328
Gustavia_santanderiensis_6 bio_1: 
Regularization values: linear/quadratic/product: 0.423, categorical: 0.250, threshold: 1.790, hinge: 0.500
21 samples
Density: max memory 932184064, total allocated 77070336, free 32011248, used 45059088, increment 80184
linearPredictor: max memory 932184064, total allocated 77070336, free 31931064, used 45139272, increment 80184
FeaturedSpace: max memory 932184064, total allocated 77070336, free 31931064, used 45139272, increment 0
Sequential: max memory 932184064, total allocated 77070336, free 31931064, used 45139272, increment 0
Initial loss: 9.212438170058329
160: time = 0.323000 loss = 7.895653
Jackknife: leave bio_10 out
Making features
makeFeatures: max memory 932184064, total allocated 77070336, free 29158680, used 47911656, increment 2772384
Gustavia_santanderiensis_6 bio_10: 
Regularization values: linear/quadratic/product: 0.423, categorical: 0.250, threshold: 1.790, hinge: 0.500
21 samples
Density: max memory 932184064, total allocated 77070336, free 28551536, used 48518800, increment 607144
linearPredictor: max memory 932184064, total allocated 77070336, free 28551536, used 48518800, increment 0
FeaturedSpace: max memory 932184064, total allocated 77070336, free 28551536, used 48518800, increment 0
Sequential: max memory 932184064, total allocated 77070336, free 28551536, used 48518800, increment 0
Initial loss: 9.212438170058329
Time since start: 195.889
180: time = 0.993000 loss = 7.895653
Jackknife: leave bio_11 out
Making features
makeFeatures: max memory 932184064, total allocated 77070336, free 26146016, used 50924320, increment 2405520
Gustavia_santanderiensis_6 bio_11: 
Regularization values: linear/quadratic/product: 0.423, categorical: 0.250, threshold: 1.790, hinge: 0.500
21 samples
Density: max memory 932184064, total allocated 77070336, free 26065832, used 51004504, increment 80184
linearPredictor: max memory 932184064, total allocated 77070336, free 25985648, used 51084688, increment 80184
FeaturedSpace: max memory 932184064, total allocated 77070336, free 25985648, used 51084688, increment 0
Sequential: max memory 932184064, total allocated 77070336, free 25985648, used 51084688, increment 0
Initial loss: 9.212438170058329
140: time = 0.368000 loss = 7.895653
Jackknife: leave bio_12 out
Making features
makeFeatures: max memory 932184064, total allocated 77070336, free 23213456, used 53856880, increment 2772192
Gustavia_santanderiensis_6 bio_12: 
Regularization values: linear/quadratic/product: 0.423, categorical: 0.250, threshold: 1.790, hinge: 0.500
21 samples
Density: max memory 932184064, total allocated 77070336, free 23133272, used 53937064, increment 80184
linearPredictor: max memory 932184064, total allocated 77070336, free 23053088, used 54017248, increment 80184
FeaturedSpace: max memory 932184064, total allocated 77070336, free 23053088, used 54017248, increment 0
Sequential: max memory 932184064, total allocated 77070336, free 23053088, used 54017248, increment 0
Initial loss: 9.212438170058329
Time since start: 197.149
160: time = 0.852000 loss = 7.895653
Jackknife: leave bio_13 out
Making features
makeFeatures: max memory 932184064, total allocated 77070336, free 20280952, used 56789384, increment 2772136
Gustavia_santanderiensis_6 bio_13: 
Regularization values: linear/quadratic/product: 0.423, categorical: 0.250, threshold: 1.790, hinge: 0.500
21 samples
Density: max memory 932184064, total allocated 77070336, free 20200768, used 56869568, increment 80184
linearPredictor: max memory 932184064, total allocated 77070336, free 20120584, used 56949752, increment 80184
FeaturedSpace: max memory 932184064, total allocated 77070336, free 20120584, used 56949752, increment 0
Sequential: max memory 932184064, total allocated 77070336, free 20120584, used 56949752, increment 0
Initial loss: 9.212438170058329
160: time = 0.428000 loss = 7.895653
Jackknife: leave bio_14 out
Making features
makeFeatures: max memory 932184064, total allocated 77070336, free 17348200, used 59722136, increment 2772384
Gustavia_santanderiensis_6 bio_14: 
Regularization values: linear/quadratic/product: 0.423, categorical: 0.250, threshold: 1.790, hinge: 0.500
21 samples
Density: max memory 932184064, total allocated 77070336, free 17268016, used 59802320, increment 80184
linearPredictor: max memory 932184064, total allocated 77070336, free 17187832, used 59882504, increment 80184
FeaturedSpace: max memory 932184064, total allocated 77070336, free 17187832, used 59882504, increment 0
Sequential: max memory 932184064, total allocated 77070336, free 17187832, used 59882504, increment 0
Initial loss: 9.212438170058329
160: time = 0.349000 loss = 7.895653
Jackknife: leave bio_15 out
Making features
makeFeatures: max memory 932184064, total allocated 77070336, free 14415448, used 62654888, increment 2772384
Gustavia_santanderiensis_6 bio_15: 
Regularization values: linear/quadratic/product: 0.423, categorical: 0.250, threshold: 1.790, hinge: 0.500
21 samples
Density: max memory 932184064, total allocated 77070336, free 13808304, used 63262032, increment 607144
linearPredictor: max memory 932184064, total allocated 77070336, free 13808304, used 63262032, increment 0
FeaturedSpace: max memory 932184064, total allocated 77070336, free 13808304, used 63262032, increment 0
Sequential: max memory 932184064, total allocated 77070336, free 13808304, used 63262032, increment 0
Initial loss: 9.212438170058329
Time since start: 198.339
160: time = 0.353000 loss = 8.184670
Jackknife: leave bio_16 out
Making features
makeFeatures: max memory 932184064, total allocated 74448896, free 37979472, used 36469424, increment -26792608
Gustavia_santanderiensis_6 bio_16: 
Regularization values: linear/quadratic/product: 0.423, categorical: 0.250, threshold: 1.790, hinge: 0.500
21 samples
Density: max memory 932184064, total allocated 74448896, free 37387216, used 37061680, increment 592256
linearPredictor: max memory 932184064, total allocated 74448896, free 37387216, used 37061680, increment 0
FeaturedSpace: max memory 932184064, total allocated 74448896, free 37387216, used 37061680, increment 0
Sequential: max memory 932184064, total allocated 74448896, free 37387216, used 37061680, increment 0
Initial loss: 9.212438170058329
180: time = 0.413000 loss = 7.895653
Jackknife: leave bio_17 out
Making features
makeFeatures: max memory 932184064, total allocated 74448896, free 34981696, used 39467200, increment 2405520
Gustavia_santanderiensis_6 bio_17: 
Regularization values: linear/quadratic/product: 0.423, categorical: 0.250, threshold: 1.790, hinge: 0.500
21 samples
Density: max memory 932184064, total allocated 74448896, free 34901512, used 39547384, increment 80184
linearPredictor: max memory 932184064, total allocated 74448896, free 34821328, used 39627568, increment 80184
FeaturedSpace: max memory 932184064, total allocated 74448896, free 34821328, used 39627568, increment 0
Sequential: max memory 932184064, total allocated 74448896, free 34821328, used 39627568, increment 0
Initial loss: 9.212438170058329
180: time = 0.375000 loss = 7.895653
Jackknife: leave bio_2 out
Making features
makeFeatures: max memory 932184064, total allocated 74448896, free 31983648, used 42465248, increment 2837680
Gustavia_santanderiensis_6 bio_2: 
Regularization values: linear/quadratic/product: 0.423, categorical: 0.250, threshold: 1.790, hinge: 0.500
21 samples
Density: max memory 932184064, total allocated 74448896, free 31903464, used 42545432, increment 80184
linearPredictor: max memory 932184064, total allocated 74448896, free 31823280, used 42625616, increment 80184
FeaturedSpace: max memory 932184064, total allocated 74448896, free 31823280, used 42625616, increment 0
Sequential: max memory 932184064, total allocated 74448896, free 31823280, used 42625616, increment 0
Initial loss: 9.212438170058329
Time since start: 199.564
200: time = 0.392000 loss = 7.895653
Jackknife: leave bio_3 out
Making features
makeFeatures: max memory 932184064, total allocated 74448896, free 29035064, used 45413832, increment 2788216
Gustavia_santanderiensis_6 bio_3: 
Regularization values: linear/quadratic/product: 0.423, categorical: 0.250, threshold: 1.790, hinge: 0.500
21 samples
Density: max memory 932184064, total allocated 74448896, free 28442808, used 46006088, increment 592256
linearPredictor: max memory 932184064, total allocated 74448896, free 28442808, used 46006088, increment 0
FeaturedSpace: max memory 932184064, total allocated 74448896, free 28442808, used 46006088, increment 0
Sequential: max memory 932184064, total allocated 74448896, free 28442808, used 46006088, increment 0
Initial loss: 9.212438170058329
180: time = 0.360000 loss = 7.895653
Jackknife: leave bio_4 out
Making features
makeFeatures: max memory 932184064, total allocated 74448896, free 26037288, used 48411608, increment 2405520
Gustavia_santanderiensis_6 bio_4: 
Regularization values: linear/quadratic/product: 0.423, categorical: 0.250, threshold: 1.790, hinge: 0.500
21 samples
Density: max memory 932184064, total allocated 74448896, free 25957104, used 48491792, increment 80184
linearPredictor: max memory 932184064, total allocated 74448896, free 25876920, used 48571976, increment 80184
FeaturedSpace: max memory 932184064, total allocated 74448896, free 25876920, used 48571976, increment 0
Sequential: max memory 932184064, total allocated 74448896, free 25876920, used 48571976, increment 0
Initial loss: 9.212438170058329
140: time = 0.320000 loss = 7.895653
Jackknife: leave bio_5 out
Making features
makeFeatures: max memory 932184064, total allocated 74448896, free 23119664, used 51329232, increment 2757256
Gustavia_santanderiensis_6 bio_5: 
Regularization values: linear/quadratic/product: 0.423, categorical: 0.250, threshold: 1.790, hinge: 0.500
21 samples
Density: max memory 932184064, total allocated 74448896, free 23039480, used 51409416, increment 80184
linearPredictor: max memory 932184064, total allocated 74448896, free 22959296, used 51489600, increment 80184
FeaturedSpace: max memory 932184064, total allocated 74448896, free 22959296, used 51489600, increment 0
Sequential: max memory 932184064, total allocated 74448896, free 22959296, used 51489600, increment 0
Initial loss: 9.212438170058329
Time since start: 200.647
160: time = 0.361000 loss = 7.907802
Jackknife: leave bio_6 out
Making features
makeFeatures: max memory 932184064, total allocated 74448896, free 20171048, used 54277848, increment 2788248
Gustavia_santanderiensis_6 bio_6: 
Regularization values: linear/quadratic/product: 0.423, categorical: 0.250, threshold: 1.790, hinge: 0.500
21 samples
Density: max memory 932184064, total allocated 74448896, free 19578792, used 54870104, increment 592256
linearPredictor: max memory 932184064, total allocated 74448896, free 19578792, used 54870104, increment 0
FeaturedSpace: max memory 932184064, total allocated 74448896, free 19578792, used 54870104, increment 0
Sequential: max memory 932184064, total allocated 74448896, free 19578792, used 54870104, increment 0
Initial loss: 9.212438170058329
160: time = 0.323000 loss = 7.913543
Jackknife: leave bio_7 out
Making features
makeFeatures: max memory 932184064, total allocated 74448896, free 17173272, used 57275624, increment 2405520
Gustavia_santanderiensis_6 bio_7: 
Regularization values: linear/quadratic/product: 0.423, categorical: 0.250, threshold: 1.790, hinge: 0.500
21 samples
Density: max memory 932184064, total allocated 74448896, free 17093088, used 57355808, increment 80184
linearPredictor: max memory 932184064, total allocated 74448896, free 17012904, used 57435992, increment 80184
FeaturedSpace: max memory 932184064, total allocated 74448896, free 17012904, used 57435992, increment 0
Sequential: max memory 932184064, total allocated 74448896, free 17012904, used 57435992, increment 0
Initial loss: 9.212438170058329
180: time = 0.379000 loss = 7.895653
Jackknife: leave bio_ai_et0 out
Making features
makeFeatures: max memory 932184064, total allocated 74448896, free 14255408, used 60193488, increment 2757496
Gustavia_santanderiensis_6 bio_ai_et0: 
Regularization values: linear/quadratic/product: 0.423, categorical: 0.250, threshold: 1.790, hinge: 0.500
21 samples
Density: max memory 932184064, total allocated 74448896, free 13663152, used 60785744, increment 592256
linearPredictor: max memory 932184064, total allocated 74448896, free 13663152, used 60785744, increment 0
FeaturedSpace: max memory 932184064, total allocated 74448896, free 13663152, used 60785744, increment 0
Sequential: max memory 932184064, total allocated 74448896, free 13663152, used 60785744, increment 0
Initial loss: 9.212438170058329
Time since start: 201.755
180: time = 0.365000 loss = 7.895653
Jackknife: leave bio_et0_yr out
Making features
makeFeatures: max memory 932184064, total allocated 74448896, free 11257632, used 63191264, increment 2405520
Gustavia_santanderiensis_6 bio_et0_yr: 
Regularization values: linear/quadratic/product: 0.423, categorical: 0.250, threshold: 1.790, hinge: 0.500
21 samples
Density: max memory 932184064, total allocated 74448896, free 11177448, used 63271448, increment 80184
linearPredictor: max memory 932184064, total allocated 74448896, free 11097264, used 63351632, increment 80184
FeaturedSpace: max memory 932184064, total allocated 74448896, free 11097264, used 63351632, increment 0
Sequential: max memory 932184064, total allocated 74448896, free 11097264, used 63351632, increment 0
Initial loss: 9.212438170058329
180: time = 0.372000 loss = 7.895653
Jackknife: only bio_1
Making features
makeFeatures: max memory 932184064, total allocated 74448896, free 10504960, used 63943936, increment 592304
Gustavia_santanderiensis_6 bio_1: 
Regularization values: linear/quadratic/product: 0.423, categorical: 0.250, threshold: 1.790, hinge: 0.500
21 samples
Density: max memory 932184064, total allocated 74448896, free 10504960, used 63943936, increment 0
linearPredictor: max memory 932184064, total allocated 74448896, free 10504960, used 63943936, increment 0
FeaturedSpace: max memory 932184064, total allocated 74448896, free 10504960, used 63943936, increment 0
Sequential: max memory 932184064, total allocated 74448896, free 10504960, used 63943936, increment 0
Initial loss: 9.212438170058329
100: time = 0.227000 loss = 8.907744
Res.gain: 0.3046942578933276
Jackknife: only bio_10
Making features
makeFeatures: max memory 932184064, total allocated 74448896, free 9832520, used 64616376, increment 672440
Gustavia_santanderiensis_6 bio_10: 
Regularization values: linear/quadratic/product: 0.423, categorical: 0.250, threshold: 1.790, hinge: 0.500
21 samples
Density: max memory 932184064, total allocated 74448896, free 9832520, used 64616376, increment 0
linearPredictor: max memory 932184064, total allocated 74448896, free 9832520, used 64616376, increment 0
FeaturedSpace: max memory 932184064, total allocated 74448896, free 9832520, used 64616376, increment 0
Sequential: max memory 932184064, total allocated 74448896, free 9832520, used 64616376, increment 0
Initial loss: 9.212438170058329
80: time = 0.318000 loss = 8.935837
Res.gain: 0.27660108187594545
Jackknife: only bio_11
Making features
makeFeatures: max memory 932184064, total allocated 74448896, free 9832520, used 64616376, increment 0
Gustavia_santanderiensis_6 bio_11: 
Regularization values: linear/quadratic/product: 0.423, categorical: 0.250, threshold: 1.790, hinge: 0.500
21 samples
Density: max memory 932184064, total allocated 74448896, free 9832520, used 64616376, increment 0
linearPredictor: max memory 932184064, total allocated 74448896, free 9752336, used 64696560, increment 80184
FeaturedSpace: max memory 932184064, total allocated 74448896, free 9752336, used 64696560, increment 0
Sequential: max memory 932184064, total allocated 74448896, free 9752336, used 64696560, increment 0
Initial loss: 9.212438170058329
Time since start: 202.928
80: time = 0.227000 loss = 8.924738
Res.gain: 0.28769988285994685
Jackknife: only bio_12
Making features
makeFeatures: max memory 932184064, total allocated 74448896, free 9409000, used 65039896, increment 343336
Gustavia_santanderiensis_6 bio_12: 
Regularization values: linear/quadratic/product: 0.423, categorical: 0.250, threshold: 1.790, hinge: 0.500
21 samples
Density: max memory 932184064, total allocated 74448896, free 9409000, used 65039896, increment 0
linearPredictor: max memory 932184064, total allocated 75497472, free 41320584, used 34176888, increment -30863008
FeaturedSpace: max memory 932184064, total allocated 75497472, free 40736856, used 34760616, increment 583728
Sequential: max memory 932184064, total allocated 75497472, free 40736856, used 34760616, increment 0
Initial loss: 9.212438170058329
60: time = 0.244000 loss = 9.143070
Res.gain: 0.06936843896703415
Jackknife: only bio_13
Making features
makeFeatures: max memory 932184064, total allocated 75497472, free 40736856, used 34760616, increment 0
Gustavia_santanderiensis_6 bio_13: 
Regularization values: linear/quadratic/product: 0.423, categorical: 0.250, threshold: 1.790, hinge: 0.500
21 samples
Density: max memory 932184064, total allocated 75497472, free 40736856, used 34760616, increment 0
linearPredictor: max memory 932184064, total allocated 75497472, free 40736856, used 34760616, increment 0
FeaturedSpace: max memory 932184064, total allocated 75497472, free 40736856, used 34760616, increment 0
Sequential: max memory 932184064, total allocated 75497472, free 40736856, used 34760616, increment 0
Initial loss: 9.212438170058329
60: time = 0.243000 loss = 9.204439
Res.gain: 0.00799875877171985
Jackknife: only bio_14
Making features
makeFeatures: max memory 932184064, total allocated 75497472, free 40656672, used 34840800, increment 80184
Gustavia_santanderiensis_6 bio_14: 
Regularization values: linear/quadratic/product: 0.423, categorical: 0.250, threshold: 1.790, hinge: 0.500
21 samples
Density: max memory 932184064, total allocated 75497472, free 40576488, used 34920984, increment 80184
linearPredictor: max memory 932184064, total allocated 75497472, free 40496304, used 35001168, increment 80184
FeaturedSpace: max memory 932184064, total allocated 75497472, free 40496304, used 35001168, increment 0
Sequential: max memory 932184064, total allocated 75497472, free 40496304, used 35001168, increment 0
Initial loss: 9.212438170058329
60: time = 0.224000 loss = 9.085678
Res.gain: 0.12676035119700124
Jackknife: only bio_15
Making features
makeFeatures: max memory 932184064, total allocated 75497472, free 40335936, used 35161536, increment 160368
Gustavia_santanderiensis_6 bio_15: 
Regularization values: linear/quadratic/product: 0.423, categorical: 0.250, threshold: 1.790, hinge: 0.500
21 samples
Density: max memory 932184064, total allocated 75497472, free 40255752, used 35241720, increment 80184
linearPredictor: max memory 932184064, total allocated 75497472, free 40175568, used 35321904, increment 80184
FeaturedSpace: max memory 932184064, total allocated 75497472, free 40175568, used 35321904, increment 0
Sequential: max memory 932184064, total allocated 75497472, free 40175568, used 35321904, increment 0
Initial loss: 9.212438170058329
60: time = 0.222000 loss = 9.025309
Res.gain: 0.1871295730417888
Jackknife: only bio_16
Making features
makeFeatures: max memory 932184064, total allocated 75497472, free 39591792, used 35905680, increment 583776
Gustavia_santanderiensis_6 bio_16: 
Regularization values: linear/quadratic/product: 0.423, categorical: 0.250, threshold: 1.790, hinge: 0.500
21 samples
Density: max memory 932184064, total allocated 75497472, free 39591792, used 35905680, increment 0
linearPredictor: max memory 932184064, total allocated 75497472, free 39591792, used 35905680, increment 0
FeaturedSpace: max memory 932184064, total allocated 75497472, free 39591792, used 35905680, increment 0
Sequential: max memory 932184064, total allocated 75497472, free 39591792, used 35905680, increment 0
Initial loss: 9.212438170058329
Time since start: 204.14
60: time = 0.255000 loss = 9.199460
Res.gain: 0.01297805666753682
Jackknife: only bio_17
Making features
makeFeatures: max memory 932184064, total allocated 75497472, free 39591792, used 35905680, increment 0
Gustavia_santanderiensis_6 bio_17: 
Regularization values: linear/quadratic/product: 0.423, categorical: 0.250, threshold: 1.790, hinge: 0.500
21 samples
Density: max memory 932184064, total allocated 75497472, free 39511608, used 35985864, increment 80184
linearPredictor: max memory 932184064, total allocated 75497472, free 39431424, used 36066048, increment 80184
FeaturedSpace: max memory 932184064, total allocated 75497472, free 39431424, used 36066048, increment 0
Sequential: max memory 932184064, total allocated 75497472, free 39431424, used 36066048, increment 0
Initial loss: 9.212438170058329
60: time = 0.226000 loss = 8.933047
Res.gain: 0.2793910336697891
Jackknife: only bio_2
Making features
makeFeatures: max memory 932184064, total allocated 75497472, free 38847640, used 36649832, increment 583784
Gustavia_santanderiensis_6 bio_2: 
Regularization values: linear/quadratic/product: 0.423, categorical: 0.250, threshold: 1.790, hinge: 0.500
21 samples
Density: max memory 932184064, total allocated 75497472, free 38847640, used 36649832, increment 0
linearPredictor: max memory 932184064, total allocated 75497472, free 38847640, used 36649832, increment 0
FeaturedSpace: max memory 932184064, total allocated 75497472, free 38847640, used 36649832, increment 0
Sequential: max memory 932184064, total allocated 75497472, free 38847640, used 36649832, increment 0
Initial loss: 9.212438170058329
60: time = 0.513000 loss = 9.162648
Res.gain: 0.04979049552755299
Jackknife: only bio_3
Making features
makeFeatures: max memory 932184064, total allocated 75497472, free 38847640, used 36649832, increment 0
Gustavia_santanderiensis_6 bio_3: 
Regularization values: linear/quadratic/product: 0.423, categorical: 0.250, threshold: 1.790, hinge: 0.500
21 samples
Density: max memory 932184064, total allocated 75497472, free 38263912, used 37233560, increment 583728
linearPredictor: max memory 932184064, total allocated 75497472, free 38263912, used 37233560, increment 0
FeaturedSpace: max memory 932184064, total allocated 75497472, free 38263912, used 37233560, increment 0
Sequential: max memory 932184064, total allocated 75497472, free 38263912, used 37233560, increment 0
Initial loss: 9.212438170058329
60: time = 0.223000 loss = 9.182655
Res.gain: 0.029783135050953646
Jackknife: only bio_4
Making features
makeFeatures: max memory 932184064, total allocated 75497472, free 38263912, used 37233560, increment 0
Gustavia_santanderiensis_6 bio_4: 
Regularization values: linear/quadratic/product: 0.423, categorical: 0.250, threshold: 1.790, hinge: 0.500
21 samples
Density: max memory 932184064, total allocated 75497472, free 38263912, used 37233560, increment 0
linearPredictor: max memory 932184064, total allocated 75497472, free 38263912, used 37233560, increment 0
FeaturedSpace: max memory 932184064, total allocated 75497472, free 38263912, used 37233560, increment 0
Sequential: max memory 932184064, total allocated 75497472, free 38263912, used 37233560, increment 0
Initial loss: 9.212438170058329
Time since start: 205.222
20: time = 0.103000 loss = 9.212438
Res.gain: 0.0
Jackknife: only bio_5
Making features
makeFeatures: max memory 932184064, total allocated 75497472, free 38103544, used 37393928, increment 160368
Gustavia_santanderiensis_6 bio_5: 
Regularization values: linear/quadratic/product: 0.423, categorical: 0.250, threshold: 1.790, hinge: 0.500
21 samples
Density: max memory 932184064, total allocated 75497472, free 38023360, used 37474112, increment 80184
linearPredictor: max memory 932184064, total allocated 75497472, free 37943176, used 37554296, increment 80184
FeaturedSpace: max memory 932184064, total allocated 75497472, free 37943176, used 37554296, increment 0
Sequential: max memory 932184064, total allocated 75497472, free 37943176, used 37554296, increment 0
Initial loss: 9.212438170058329
80: time = 0.273000 loss = 8.930421
Res.gain: 0.28201713169628384
Jackknife: only bio_6
Making features
makeFeatures: max memory 932184064, total allocated 75497472, free 37359416, used 38138056, increment 583760
Gustavia_santanderiensis_6 bio_6: 
Regularization values: linear/quadratic/product: 0.423, categorical: 0.250, threshold: 1.790, hinge: 0.500
21 samples
Density: max memory 932184064, total allocated 75497472, free 37359416, used 38138056, increment 0
linearPredictor: max memory 932184064, total allocated 75497472, free 37359416, used 38138056, increment 0
FeaturedSpace: max memory 932184064, total allocated 75497472, free 37359416, used 38138056, increment 0
Sequential: max memory 932184064, total allocated 75497472, free 37359416, used 38138056, increment 0
Initial loss: 9.212438170058329
80: time = 0.277000 loss = 8.876286
Res.gain: 0.33615229340032826
Jackknife: only bio_7
Making features
makeFeatures: max memory 932184064, total allocated 75497472, free 37279232, used 38218240, increment 80184
Gustavia_santanderiensis_6 bio_7: 
Regularization values: linear/quadratic/product: 0.423, categorical: 0.250, threshold: 1.790, hinge: 0.500
21 samples
Density: max memory 932184064, total allocated 75497472, free 37199048, used 38298424, increment 80184
linearPredictor: max memory 932184064, total allocated 75497472, free 37118864, used 38378608, increment 80184
FeaturedSpace: max memory 932184064, total allocated 75497472, free 37118864, used 38378608, increment 0
Sequential: max memory 932184064, total allocated 75497472, free 37118864, used 38378608, increment 0
Initial loss: 9.212438170058329
40: time = 0.147000 loss = 9.212130
Res.gain: 3.0794613947016103E-4
Jackknife: only bio_ai_et0
Making features
makeFeatures: max memory 932184064, total allocated 75497472, free 36958496, used 38538976, increment 160368
Gustavia_santanderiensis_6 bio_ai_et0: 
Regularization values: linear/quadratic/product: 0.423, categorical: 0.250, threshold: 1.790, hinge: 0.500
21 samples
Density: max memory 932184064, total allocated 75497472, free 36878312, used 38619160, increment 80184
linearPredictor: max memory 932184064, total allocated 75497472, free 36798128, used 38699344, increment 80184
FeaturedSpace: max memory 932184064, total allocated 75497472, free 36798128, used 38699344, increment 0
Sequential: max memory 932184064, total allocated 75497472, free 36798128, used 38699344, increment 0
Initial loss: 9.212438170058329
60: time = 0.242000 loss = 9.186512
Res.gain: 0.025925933406524493
Jackknife: only bio_et0_yr
Making features
makeFeatures: max memory 932184064, total allocated 75497472, free 36214352, used 39283120, increment 583776
Gustavia_santanderiensis_6 bio_et0_yr: 
Regularization values: linear/quadratic/product: 0.423, categorical: 0.250, threshold: 1.790, hinge: 0.500
21 samples
Density: max memory 932184064, total allocated 75497472, free 36214352, used 39283120, increment 0
linearPredictor: max memory 932184064, total allocated 75497472, free 36214352, used 39283120, increment 0
FeaturedSpace: max memory 932184064, total allocated 75497472, free 36214352, used 39283120, increment 0
Sequential: max memory 932184064, total allocated 75497472, free 36214352, used 39283120, increment 0
Initial loss: 9.212438170058329
Time since start: 206.394
60: time = 0.216000 loss = 9.169429
Res.gain: 0.04300922581604283
getSamples: max memory 932184064, total allocated 75497472, free 31233472, used 44264000, increment 4980880
Making features
makeFeatures: max memory 932184064, total allocated 75497472, free 28587400, used 46910072, increment 2646072
Gustavia_santanderiensis_7: 
Regularization values: linear/quadratic/product: 0.423, categorical: 0.250, threshold: 1.790, hinge: 0.500
21 samples
Density: max memory 932184064, total allocated 75497472, free 28507216, used 46990256, increment 80184
linearPredictor: max memory 932184064, total allocated 75497472, free 28427032, used 47070440, increment 80184
FeaturedSpace: max memory 932184064, total allocated 75497472, free 28427032, used 47070440, increment 0
Sequential: max memory 932184064, total allocated 75497472, free 28427032, used 47070440, increment 0
Initial loss: 9.212438170058329
180: time = 0.346000 loss = 7.858908
Resulting gain: 1.3535302066330805
Projecting...
Writing file C:\Users\Camila\Desktop\Modelo opc3\Final_Models\M_5_F_lq_Set_1\Gustavia_santanderiensis_7.asc
Time since start: 209.662
Writing C:\Users\Camila\Desktop\Modelo opc3\Final_Models\M_5_F_lq_Set_1\plots\Gustavia_santanderiensis_7.png
Gustavia_santanderiensis_7 response curves
Time since start: 214.752
Response curve: only bio_1
Making features
makeFeatures: max memory 932184064, total allocated 87031808, free 32406608, used 54625200, increment 7554760
Gustavia_santanderiensis_7 bio_1: 
Regularization values: linear/quadratic/product: 0.423, categorical: 0.250, threshold: 1.790, hinge: 0.500
21 samples
Density: max memory 932184064, total allocated 87031808, free 32326424, used 54705384, increment 80184
linearPredictor: max memory 932184064, total allocated 87031808, free 32246240, used 54785568, increment 80184
FeaturedSpace: max memory 932184064, total allocated 87031808, free 32246240, used 54785568, increment 0
Sequential: max memory 932184064, total allocated 87031808, free 32246240, used 54785568, increment 0
Initial loss: 9.212438170058329
80: time = 0.815000 loss = 8.953273
Resulting gain: 0.2591650510468533
Gustavia_santanderiensis_7 response curves
Time since start: 215.758
Response curve: only bio_10
Making features
makeFeatures: max memory 932184064, total allocated 82313216, free 63705792, used 18607424, increment -36178144
Gustavia_santanderiensis_7 bio_10: 
Regularization values: linear/quadratic/product: 0.423, categorical: 0.250, threshold: 1.790, hinge: 0.500
21 samples
Density: max memory 932184064, total allocated 82313216, free 63705792, used 18607424, increment 0
linearPredictor: max memory 932184064, total allocated 82313216, free 63705792, used 18607424, increment 0
FeaturedSpace: max memory 932184064, total allocated 82313216, free 63705792, used 18607424, increment 0
Sequential: max memory 932184064, total allocated 82313216, free 63705792, used 18607424, increment 0
Initial loss: 9.212438170058329
80: time = 0.348000 loss = 8.969438
Resulting gain: 0.24299988444853504
Gustavia_santanderiensis_7 response curves
Response curve: only bio_11
Making features
makeFeatures: max memory 932184064, total allocated 82313216, free 58972136, used 23341080, increment 4733656
Gustavia_santanderiensis_7 bio_11: 
Regularization values: linear/quadratic/product: 0.423, categorical: 0.250, threshold: 1.790, hinge: 0.500
21 samples
Density: max memory 932184064, total allocated 82313216, free 58972136, used 23341080, increment 0
linearPredictor: max memory 932184064, total allocated 82313216, free 58972136, used 23341080, increment 0
FeaturedSpace: max memory 932184064, total allocated 82313216, free 58972136, used 23341080, increment 0
Sequential: max memory 932184064, total allocated 82313216, free 58972136, used 23341080, increment 0
Initial loss: 9.212438170058329
80: time = 0.358000 loss = 8.971117
Resulting gain: 0.24132162637885912
Gustavia_santanderiensis_7 response curves
Time since start: 216.842
Response curve: only bio_12
Making features
makeFeatures: max memory 932184064, total allocated 82313216, free 54892848, used 27420368, increment 4079288
Gustavia_santanderiensis_7 bio_12: 
Regularization values: linear/quadratic/product: 0.423, categorical: 0.250, threshold: 1.790, hinge: 0.500
21 samples
Density: max memory 932184064, total allocated 82313216, free 54892848, used 27420368, increment 0
linearPredictor: max memory 932184064, total allocated 82313216, free 54892848, used 27420368, increment 0
FeaturedSpace: max memory 932184064, total allocated 82313216, free 54892848, used 27420368, increment 0
Sequential: max memory 932184064, total allocated 82313216, free 54892848, used 27420368, increment 0
Initial loss: 9.212438170058329
60: time = 0.462000 loss = 9.165694
Resulting gain: 0.04674454699767594
Gustavia_santanderiensis_7 response curves
Response curve: only bio_13
Making features
makeFeatures: max memory 932184064, total allocated 82313216, free 50163208, used 32150008, increment 4729640
Gustavia_santanderiensis_7 bio_13: 
Regularization values: linear/quadratic/product: 0.423, categorical: 0.250, threshold: 1.790, hinge: 0.500
21 samples
Density: max memory 932184064, total allocated 82313216, free 50163208, used 32150008, increment 0
linearPredictor: max memory 932184064, total allocated 82313216, free 50163208, used 32150008, increment 0
FeaturedSpace: max memory 932184064, total allocated 82313216, free 50163208, used 32150008, increment 0
Sequential: max memory 932184064, total allocated 82313216, free 50163208, used 32150008, increment 0
Initial loss: 9.212438170058329
20: time = 0.103000 loss = 9.212438
Resulting gain: 0.0
Gustavia_santanderiensis_7 response curves
Time since start: 218.523
Response curve: only bio_14
Making features
makeFeatures: max memory 932184064, total allocated 82313216, free 46199208, used 36114008, increment 3964000
Gustavia_santanderiensis_7 bio_14: 
Regularization values: linear/quadratic/product: 0.423, categorical: 0.250, threshold: 1.790, hinge: 0.500
21 samples
Density: max memory 932184064, total allocated 82313216, free 46199208, used 36114008, increment 0
linearPredictor: max memory 932184064, total allocated 82313216, free 46199208, used 36114008, increment 0
FeaturedSpace: max memory 932184064, total allocated 82313216, free 46199208, used 36114008, increment 0
Sequential: max memory 932184064, total allocated 82313216, free 46199208, used 36114008, increment 0
Initial loss: 9.212438170058329
60: time = 0.263000 loss = 9.122374
Resulting gain: 0.09006462278897942
Gustavia_santanderiensis_7 response curves
Response curve: only bio_15
Making features
makeFeatures: max memory 932184064, total allocated 82313216, free 42074816, used 40238400, increment 4124392
Gustavia_santanderiensis_7 bio_15: 
Regularization values: linear/quadratic/product: 0.423, categorical: 0.250, threshold: 1.790, hinge: 0.500
21 samples
Density: max memory 932184064, total allocated 82313216, free 41994632, used 40318584, increment 80184
linearPredictor: max memory 932184064, total allocated 82313216, free 41914448, used 40398768, increment 80184
FeaturedSpace: max memory 932184064, total allocated 82313216, free 41914448, used 40398768, increment 0
Sequential: max memory 932184064, total allocated 82313216, free 41914448, used 40398768, increment 0
Initial loss: 9.212438170058329
60: time = 0.212000 loss = 8.973457
Resulting gain: 0.2389815655026215
Gustavia_santanderiensis_7 response curves
Response curve: only bio_16
Making features
makeFeatures: max memory 932184064, total allocated 82313216, free 37200360, used 45112856, increment 4714088
Gustavia_santanderiensis_7 bio_16: 
Regularization values: linear/quadratic/product: 0.423, categorical: 0.250, threshold: 1.790, hinge: 0.500
21 samples
Density: max memory 932184064, total allocated 82313216, free 37200360, used 45112856, increment 0
linearPredictor: max memory 932184064, total allocated 82313216, free 37200360, used 45112856, increment 0
FeaturedSpace: max memory 932184064, total allocated 82313216, free 37200360, used 45112856, increment 0
Sequential: max memory 932184064, total allocated 82313216, free 37200360, used 45112856, increment 0
Initial loss: 9.212438170058329
Time since start: 219.718
60: time = 0.332000 loss = 9.211563
Resulting gain: 8.75669203928453E-4
Gustavia_santanderiensis_7 response curves
Response curve: only bio_17
Making features
makeFeatures: max memory 932184064, total allocated 82313216, free 33236200, used 49077016, increment 3964160
Gustavia_santanderiensis_7 bio_17: 
Regularization values: linear/quadratic/product: 0.423, categorical: 0.250, threshold: 1.790, hinge: 0.500
21 samples
Density: max memory 932184064, total allocated 82313216, free 33156016, used 49157200, increment 80184
linearPredictor: max memory 932184064, total allocated 82313216, free 33075832, used 49237384, increment 80184
FeaturedSpace: max memory 932184064, total allocated 82313216, free 33075832, used 49237384, increment 0
Sequential: max memory 932184064, total allocated 82313216, free 33075832, used 49237384, increment 0
Initial loss: 9.212438170058329
60: time = 0.237000 loss = 8.851734
Resulting gain: 0.3607040627926441
Gustavia_santanderiensis_7 response curves
Time since start: 220.901
Response curve: only bio_2
Making features
makeFeatures: max memory 932184064, total allocated 84934656, free 67011840, used 17922816, increment -31314568
Gustavia_santanderiensis_7 bio_2: 
Regularization values: linear/quadratic/product: 0.423, categorical: 0.250, threshold: 1.790, hinge: 0.500
21 samples
Density: max memory 932184064, total allocated 84934656, free 67011840, used 17922816, increment 0
linearPredictor: max memory 932184064, total allocated 84934656, free 67011840, used 17922816, increment 0
FeaturedSpace: max memory 932184064, total allocated 84934656, free 67011840, used 17922816, increment 0
Sequential: max memory 932184064, total allocated 84934656, free 67011840, used 17922816, increment 0
Initial loss: 9.212438170058329
60: time = 0.261000 loss = 9.198067
Resulting gain: 0.014371420391260159
Gustavia_santanderiensis_7 response curves
Response curve: only bio_3
Making features
makeFeatures: max memory 932184064, total allocated 84934656, free 62946328, used 21988328, increment 4065512
Gustavia_santanderiensis_7 bio_3: 
Regularization values: linear/quadratic/product: 0.423, categorical: 0.250, threshold: 1.790, hinge: 0.500
21 samples
Density: max memory 932184064, total allocated 84934656, free 62866144, used 22068512, increment 80184
linearPredictor: max memory 932184064, total allocated 84934656, free 62785960, used 22148696, increment 80184
FeaturedSpace: max memory 932184064, total allocated 84934656, free 62785960, used 22148696, increment 0
Sequential: max memory 932184064, total allocated 84934656, free 62785960, used 22148696, increment 0
Initial loss: 9.212438170058329
60: time = 0.290000 loss = 9.202624
Resulting gain: 0.009813965675911973
Gustavia_santanderiensis_7 response curves
Response curve: only bio_4
Making features
makeFeatures: max memory 932184064, total allocated 84934656, free 58166064, used 26768592, increment 4619896
Gustavia_santanderiensis_7 bio_4: 
Regularization values: linear/quadratic/product: 0.423, categorical: 0.250, threshold: 1.790, hinge: 0.500
21 samples
Density: max memory 932184064, total allocated 84934656, free 58166064, used 26768592, increment 0
linearPredictor: max memory 932184064, total allocated 84934656, free 58166064, used 26768592, increment 0
FeaturedSpace: max memory 932184064, total allocated 84934656, free 58166064, used 26768592, increment 0
Sequential: max memory 932184064, total allocated 84934656, free 58166064, used 26768592, increment 0
Initial loss: 9.212438170058329
Time since start: 221.946
20: time = 0.123000 loss = 9.212438
Resulting gain: 0.0
Gustavia_santanderiensis_7 response curves
Response curve: only bio_5
Making features
makeFeatures: max memory 932184064, total allocated 84934656, free 54197152, used 30737504, increment 3968912
Gustavia_santanderiensis_7 bio_5: 
Regularization values: linear/quadratic/product: 0.423, categorical: 0.250, threshold: 1.790, hinge: 0.500
21 samples
Density: max memory 932184064, total allocated 84934656, free 54116968, used 30817688, increment 80184
linearPredictor: max memory 932184064, total allocated 84934656, free 54036784, used 30897872, increment 80184
FeaturedSpace: max memory 932184064, total allocated 84934656, free 54036784, used 30897872, increment 0
Sequential: max memory 932184064, total allocated 84934656, free 54036784, used 30897872, increment 0
Initial loss: 9.212438170058329
80: time = 0.344000 loss = 8.966224
Resulting gain: 0.24621427557999986
Gustavia_santanderiensis_7 response curves
Time since start: 223.211
Response curve: only bio_6
Making features
makeFeatures: max memory 932184064, total allocated 84934656, free 49417648, used 35517008, increment 4619136
Gustavia_santanderiensis_7 bio_6: 
Regularization values: linear/quadratic/product: 0.423, categorical: 0.250, threshold: 1.790, hinge: 0.500
21 samples
Density: max memory 932184064, total allocated 84934656, free 49417648, used 35517008, increment 0
linearPredictor: max memory 932184064, total allocated 84934656, free 49417648, used 35517008, increment 0
FeaturedSpace: max memory 932184064, total allocated 84934656, free 49417648, used 35517008, increment 0
Sequential: max memory 932184064, total allocated 84934656, free 49417648, used 35517008, increment 0
Initial loss: 9.212438170058329
80: time = 0.341000 loss = 8.925763
Resulting gain: 0.2866752153894119
Gustavia_santanderiensis_7 response curves
Response curve: only bio_7
Making features
makeFeatures: max memory 932184064, total allocated 84934656, free 45368480, used 39566176, increment 4049168
Gustavia_santanderiensis_7 bio_7: 
Regularization values: linear/quadratic/product: 0.423, categorical: 0.250, threshold: 1.790, hinge: 0.500
21 samples
Density: max memory 932184064, total allocated 84934656, free 45288296, used 39646360, increment 80184
linearPredictor: max memory 932184064, total allocated 84934656, free 45208112, used 39726544, increment 80184
FeaturedSpace: max memory 932184064, total allocated 84934656, free 45208112, used 39726544, increment 0
Sequential: max memory 932184064, total allocated 84934656, free 45208112, used 39726544, increment 0
Initial loss: 9.212438170058329
20: time = 0.134000 loss = 9.212438
Resulting gain: 0.0
Gustavia_santanderiensis_7 response curves
Response curve: only bio_ai_et0
Making features
makeFeatures: max memory 932184064, total allocated 84934656, free 40567848, used 44366808, increment 4640264
Gustavia_santanderiensis_7 bio_ai_et0: 
Regularization values: linear/quadratic/product: 0.423, categorical: 0.250, threshold: 1.790, hinge: 0.500
21 samples
Density: max memory 932184064, total allocated 84934656, free 40567848, used 44366808, increment 0
linearPredictor: max memory 932184064, total allocated 84934656, free 40567848, used 44366808, increment 0
FeaturedSpace: max memory 932184064, total allocated 84934656, free 40567848, used 44366808, increment 0
Sequential: max memory 932184064, total allocated 84934656, free 40567848, used 44366808, increment 0
Initial loss: 9.212438170058329
Time since start: 225.022
60: time = 0.915000 loss = 9.201847
Resulting gain: 0.01059088166778821
Gustavia_santanderiensis_7 response curves
Response curve: only bio_et0_yr
Making features
makeFeatures: max memory 932184064, total allocated 84934656, free 36598936, used 48335720, increment 3968912
Gustavia_santanderiensis_7 bio_et0_yr: 
Regularization values: linear/quadratic/product: 0.423, categorical: 0.250, threshold: 1.790, hinge: 0.500
21 samples
Density: max memory 932184064, total allocated 84934656, free 36518752, used 48415904, increment 80184
linearPredictor: max memory 932184064, total allocated 84934656, free 36438568, used 48496088, increment 80184
FeaturedSpace: max memory 932184064, total allocated 84934656, free 36438568, used 48496088, increment 0
Sequential: max memory 932184064, total allocated 84934656, free 36438568, used 48496088, increment 0
Initial loss: 9.212438170058329
60: time = 0.259000 loss = 9.165028
Resulting gain: 0.04741066088043944
Gustavia_santanderiensis_7 response curves
Time since start: 226.334
Jackknife: leave bio_1 out
Making features
makeFeatures: max memory 932184064, total allocated 81788928, free 42060264, used 39728664, increment -8767424
Gustavia_santanderiensis_7 bio_1: 
Regularization values: linear/quadratic/product: 0.423, categorical: 0.250, threshold: 1.790, hinge: 0.500
21 samples
Density: max memory 932184064, total allocated 81788928, free 41980080, used 39808848, increment 80184
linearPredictor: max memory 932184064, total allocated 81788928, free 41899896, used 39889032, increment 80184
FeaturedSpace: max memory 932184064, total allocated 81788928, free 41899896, used 39889032, increment 0
Sequential: max memory 932184064, total allocated 81788928, free 41899896, used 39889032, increment 0
Initial loss: 9.212438170058329
140: time = 0.428000 loss = 7.858908
Jackknife: leave bio_10 out
Making features
makeFeatures: max memory 932184064, total allocated 81788928, free 39134144, used 42654784, increment 2765752
Gustavia_santanderiensis_7 bio_10: 
Regularization values: linear/quadratic/product: 0.423, categorical: 0.250, threshold: 1.790, hinge: 0.500
21 samples
Density: max memory 932184064, total allocated 81788928, free 39053960, used 42734968, increment 80184
linearPredictor: max memory 932184064, total allocated 81788928, free 38973776, used 42815152, increment 80184
FeaturedSpace: max memory 932184064, total allocated 81788928, free 38973776, used 42815152, increment 0
Sequential: max memory 932184064, total allocated 81788928, free 38973776, used 42815152, increment 0
Initial loss: 9.212438170058329
160: time = 0.336000 loss = 7.858908
Jackknife: leave bio_11 out
Making features
makeFeatures: max memory 932184064, total allocated 81788928, free 36208000, used 45580928, increment 2765776
Gustavia_santanderiensis_7 bio_11: 
Regularization values: linear/quadratic/product: 0.423, categorical: 0.250, threshold: 1.790, hinge: 0.500
21 samples
Density: max memory 932184064, total allocated 81788928, free 36127816, used 45661112, increment 80184
linearPredictor: max memory 932184064, total allocated 81788928, free 36047632, used 45741296, increment 80184
FeaturedSpace: max memory 932184064, total allocated 81788928, free 36047632, used 45741296, increment 0
Sequential: max memory 932184064, total allocated 81788928, free 36047632, used 45741296, increment 0
Initial loss: 9.212438170058329
Time since start: 228.139
140: time = 0.989000 loss = 7.858908
Jackknife: leave bio_12 out
Making features
makeFeatures: max memory 932184064, total allocated 81788928, free 33281728, used 48507200, increment 2765904
Gustavia_santanderiensis_7 bio_12: 
Regularization values: linear/quadratic/product: 0.423, categorical: 0.250, threshold: 1.790, hinge: 0.500
21 samples
Density: max memory 932184064, total allocated 81788928, free 33201544, used 48587384, increment 80184
linearPredictor: max memory 932184064, total allocated 81788928, free 33121360, used 48667568, increment 80184
FeaturedSpace: max memory 932184064, total allocated 81788928, free 33121360, used 48667568, increment 0
Sequential: max memory 932184064, total allocated 81788928, free 33121360, used 48667568, increment 0
Initial loss: 9.212438170058329
140: time = 0.362000 loss = 7.858908
Jackknife: leave bio_13 out
Making features
makeFeatures: max memory 932184064, total allocated 79167488, free 60762480, used 18405008, increment -30262560
Gustavia_santanderiensis_7 bio_13: 
Regularization values: linear/quadratic/product: 0.423, categorical: 0.250, threshold: 1.790, hinge: 0.500
21 samples
Density: max memory 932184064, total allocated 79167488, free 60096568, used 19070920, increment 665912
linearPredictor: max memory 932184064, total allocated 79167488, free 60096568, used 19070920, increment 0
FeaturedSpace: max memory 932184064, total allocated 79167488, free 60096568, used 19070920, increment 0
Sequential: max memory 932184064, total allocated 79167488, free 60096568, used 19070920, increment 0
Initial loss: 9.212438170058329
Time since start: 229.142
140: time = 0.391000 loss = 7.858908
Jackknife: leave bio_14 out
Making features
makeFeatures: max memory 932184064, total allocated 79167488, free 57826976, used 21340512, increment 2269592
Gustavia_santanderiensis_7 bio_14: 
Regularization values: linear/quadratic/product: 0.423, categorical: 0.250, threshold: 1.790, hinge: 0.500
21 samples
Density: max memory 932184064, total allocated 79167488, free 57161016, used 22006472, increment 665960
linearPredictor: max memory 932184064, total allocated 79167488, free 57161016, used 22006472, increment 0
FeaturedSpace: max memory 932184064, total allocated 79167488, free 57161016, used 22006472, increment 0
Sequential: max memory 932184064, total allocated 79167488, free 57161016, used 22006472, increment 0
Initial loss: 9.212438170058329
140: time = 0.551000 loss = 7.858908
Jackknife: leave bio_15 out
Making features
makeFeatures: max memory 932184064, total allocated 79167488, free 54891424, used 24276064, increment 2269592
Gustavia_santanderiensis_7 bio_15: 
Regularization values: linear/quadratic/product: 0.423, categorical: 0.250, threshold: 1.790, hinge: 0.500
21 samples
Density: max memory 932184064, total allocated 79167488, free 54225464, used 24942024, increment 665960
linearPredictor: max memory 932184064, total allocated 79167488, free 54225464, used 24942024, increment 0
FeaturedSpace: max memory 932184064, total allocated 79167488, free 54225464, used 24942024, increment 0
Sequential: max memory 932184064, total allocated 79167488, free 54225464, used 24942024, increment 0
Initial loss: 9.212438170058329
Time since start: 230.174
160: time = 0.406000 loss = 8.127545
Jackknife: leave bio_16 out
Making features
makeFeatures: max memory 932184064, total allocated 79167488, free 51900128, used 27267360, increment 2325336
Gustavia_santanderiensis_7 bio_16: 
Regularization values: linear/quadratic/product: 0.423, categorical: 0.250, threshold: 1.790, hinge: 0.500
21 samples
Density: max memory 932184064, total allocated 79167488, free 51819944, used 27347544, increment 80184
linearPredictor: max memory 932184064, total allocated 79167488, free 51739760, used 27427728, increment 80184
FeaturedSpace: max memory 932184064, total allocated 79167488, free 51739760, used 27427728, increment 0
Sequential: max memory 932184064, total allocated 79167488, free 51739760, used 27427728, increment 0
Initial loss: 9.212438170058329
180: time = 0.400000 loss = 7.858908
Jackknife: leave bio_17 out
Making features
makeFeatures: max memory 932184064, total allocated 79167488, free 48964504, used 30202984, increment 2775256
Gustavia_santanderiensis_7 bio_17: 
Regularization values: linear/quadratic/product: 0.423, categorical: 0.250, threshold: 1.790, hinge: 0.500
21 samples
Density: max memory 932184064, total allocated 79167488, free 48298544, used 30868944, increment 665960
linearPredictor: max memory 932184064, total allocated 79167488, free 48298544, used 30868944, increment 0
FeaturedSpace: max memory 932184064, total allocated 79167488, free 48298544, used 30868944, increment 0
Sequential: max memory 932184064, total allocated 79167488, free 48298544, used 30868944, increment 0
Initial loss: 9.212438170058329
160: time = 0.416000 loss = 7.858995
Jackknife: leave bio_2 out
Making features
makeFeatures: max memory 932184064, total allocated 79167488, free 45973208, used 33194280, increment 2325336
Gustavia_santanderiensis_7 bio_2: 
Regularization values: linear/quadratic/product: 0.423, categorical: 0.250, threshold: 1.790, hinge: 0.500
21 samples
Density: max memory 932184064, total allocated 79167488, free 45893024, used 33274464, increment 80184
linearPredictor: max memory 932184064, total allocated 79167488, free 45812840, used 33354648, increment 80184
FeaturedSpace: max memory 932184064, total allocated 79167488, free 45812840, used 33354648, increment 0
Sequential: max memory 932184064, total allocated 79167488, free 45812840, used 33354648, increment 0
Initial loss: 9.212438170058329
Time since start: 231.413
180: time = 0.377000 loss = 7.858908
Jackknife: leave bio_3 out
Making features
makeFeatures: max memory 932184064, total allocated 79167488, free 43037656, used 36129832, increment 2775184
Gustavia_santanderiensis_7 bio_3: 
Regularization values: linear/quadratic/product: 0.423, categorical: 0.250, threshold: 1.790, hinge: 0.500
21 samples
Density: max memory 932184064, total allocated 79167488, free 42371744, used 36795744, increment 665912
linearPredictor: max memory 932184064, total allocated 79167488, free 42371744, used 36795744, increment 0
FeaturedSpace: max memory 932184064, total allocated 79167488, free 42371744, used 36795744, increment 0
Sequential: max memory 932184064, total allocated 79167488, free 42371744, used 36795744, increment 0
Initial loss: 9.212438170058329
180: time = 0.373000 loss = 7.858908
Jackknife: leave bio_4 out
Making features
makeFeatures: max memory 932184064, total allocated 79167488, free 40046408, used 39121080, increment 2325336
Gustavia_santanderiensis_7 bio_4: 
Regularization values: linear/quadratic/product: 0.423, categorical: 0.250, threshold: 1.790, hinge: 0.500
21 samples
Density: max memory 932184064, total allocated 79167488, free 39966224, used 39201264, increment 80184
linearPredictor: max memory 932184064, total allocated 79167488, free 39886040, used 39281448, increment 80184
FeaturedSpace: max memory 932184064, total allocated 79167488, free 39886040, used 39281448, increment 0
Sequential: max memory 932184064, total allocated 79167488, free 39886040, used 39281448, increment 0
Initial loss: 9.212438170058329
180: time = 0.376000 loss = 7.858908
Jackknife: leave bio_5 out
Making features
makeFeatures: max memory 932184064, total allocated 79167488, free 37055008, used 42112480, increment 2831032
Gustavia_santanderiensis_7 bio_5: 
Regularization values: linear/quadratic/product: 0.423, categorical: 0.250, threshold: 1.790, hinge: 0.500
21 samples
Density: max memory 932184064, total allocated 79167488, free 36974824, used 42192664, increment 80184
linearPredictor: max memory 932184064, total allocated 79167488, free 36894640, used 42272848, increment 80184
FeaturedSpace: max memory 932184064, total allocated 79167488, free 36894640, used 42272848, increment 0
Sequential: max memory 932184064, total allocated 79167488, free 36894640, used 42272848, increment 0
Initial loss: 9.212438170058329
Time since start: 232.579
200: time = 0.374000 loss = 7.882514
Jackknife: leave bio_6 out
Making features
makeFeatures: max memory 932184064, total allocated 79167488, free 34063736, used 45103752, increment 2830904
Gustavia_santanderiensis_7 bio_6: 
Regularization values: linear/quadratic/product: 0.423, categorical: 0.250, threshold: 1.790, hinge: 0.500
21 samples
Density: max memory 932184064, total allocated 79167488, free 33983552, used 45183936, increment 80184
linearPredictor: max memory 932184064, total allocated 79167488, free 33903368, used 45264120, increment 80184
FeaturedSpace: max memory 932184064, total allocated 79167488, free 33903368, used 45264120, increment 0
Sequential: max memory 932184064, total allocated 79167488, free 33903368, used 45264120, increment 0
Initial loss: 9.212438170058329
160: time = 0.334000 loss = 7.874123
Jackknife: leave bio_7 out
Making features
makeFeatures: max memory 932184064, total allocated 79167488, free 31152400, used 48015088, increment 2750968
Gustavia_santanderiensis_7 bio_7: 
Regularization values: linear/quadratic/product: 0.423, categorical: 0.250, threshold: 1.790, hinge: 0.500
21 samples
Density: max memory 932184064, total allocated 79167488, free 30486488, used 48681000, increment 665912
linearPredictor: max memory 932184064, total allocated 79167488, free 30486488, used 48681000, increment 0
FeaturedSpace: max memory 932184064, total allocated 79167488, free 30486488, used 48681000, increment 0
Sequential: max memory 932184064, total allocated 79167488, free 30486488, used 48681000, increment 0
Initial loss: 9.212438170058329
140: time = 0.294000 loss = 7.858908
Jackknife: leave bio_ai_et0 out
Making features
makeFeatures: max memory 932184064, total allocated 80740352, free 62022680, used 18717672, increment -29963328
Gustavia_santanderiensis_7 bio_ai_et0: 
Regularization values: linear/quadratic/product: 0.423, categorical: 0.250, threshold: 1.790, hinge: 0.500
21 samples
Density: max memory 932184064, total allocated 80740352, free 62022680, used 18717672, increment 0
linearPredictor: max memory 932184064, total allocated 80740352, free 62022680, used 18717672, increment 0
FeaturedSpace: max memory 932184064, total allocated 80740352, free 62022680, used 18717672, increment 0
Sequential: max memory 932184064, total allocated 80740352, free 62022680, used 18717672, increment 0
Initial loss: 9.212438170058329
140: time = 0.288000 loss = 7.858908
Jackknife: leave bio_et0_yr out
Making features
makeFeatures: max memory 932184064, total allocated 80740352, free 59281744, used 21458608, increment 2740936
Gustavia_santanderiensis_7 bio_et0_yr: 
Regularization values: linear/quadratic/product: 0.423, categorical: 0.250, threshold: 1.790, hinge: 0.500
21 samples
Density: max memory 932184064, total allocated 80740352, free 59201560, used 21538792, increment 80184
linearPredictor: max memory 932184064, total allocated 80740352, free 59121376, used 21618976, increment 80184
FeaturedSpace: max memory 932184064, total allocated 80740352, free 59121376, used 21618976, increment 0
Sequential: max memory 932184064, total allocated 80740352, free 59121376, used 21618976, increment 0
Initial loss: 9.212438170058329
Time since start: 233.836
140: time = 0.283000 loss = 7.858908
Jackknife: only bio_1
Making features
makeFeatures: max memory 932184064, total allocated 80740352, free 58465224, used 22275128, increment 656152
Gustavia_santanderiensis_7 bio_1: 
Regularization values: linear/quadratic/product: 0.423, categorical: 0.250, threshold: 1.790, hinge: 0.500
21 samples
Density: max memory 932184064, total allocated 80740352, free 58465224, used 22275128, increment 0
linearPredictor: max memory 932184064, total allocated 80740352, free 58465224, used 22275128, increment 0
FeaturedSpace: max memory 932184064, total allocated 80740352, free 58465224, used 22275128, increment 0
Sequential: max memory 932184064, total allocated 80740352, free 58465224, used 22275128, increment 0
Initial loss: 9.212438170058329
80: time = 0.226000 loss = 8.953273
Res.gain: 0.2591650510468533
Jackknife: only bio_10
Making features
makeFeatures: max memory 932184064, total allocated 80740352, free 58385040, used 22355312, increment 80184
Gustavia_santanderiensis_7 bio_10: 
Regularization values: linear/quadratic/product: 0.423, categorical: 0.250, threshold: 1.790, hinge: 0.500
21 samples
Density: max memory 932184064, total allocated 80740352, free 58304856, used 22435496, increment 80184
linearPredictor: max memory 932184064, total allocated 80740352, free 58224672, used 22515680, increment 80184
FeaturedSpace: max memory 932184064, total allocated 80740352, free 58224672, used 22515680, increment 0
Sequential: max memory 932184064, total allocated 80740352, free 58224672, used 22515680, increment 0
Initial loss: 9.212438170058329
80: time = 0.317000 loss = 8.969438
Res.gain: 0.24299988444853504
Jackknife: only bio_11
Making features
makeFeatures: max memory 932184064, total allocated 80740352, free 57488384, used 23251968, increment 736288
Gustavia_santanderiensis_7 bio_11: 
Regularization values: linear/quadratic/product: 0.423, categorical: 0.250, threshold: 1.790, hinge: 0.500
21 samples
Density: max memory 932184064, total allocated 80740352, free 57488384, used 23251968, increment 0
linearPredictor: max memory 932184064, total allocated 80740352, free 57488384, used 23251968, increment 0
FeaturedSpace: max memory 932184064, total allocated 80740352, free 57488384, used 23251968, increment 0
Sequential: max memory 932184064, total allocated 80740352, free 57488384, used 23251968, increment 0
Initial loss: 9.212438170058329
80: time = 0.330000 loss = 8.971117
Res.gain: 0.24132162637885912
Jackknife: only bio_12
Making features
makeFeatures: max memory 932184064, total allocated 80740352, free 57488384, used 23251968, increment 0
Gustavia_santanderiensis_7 bio_12: 
Regularization values: linear/quadratic/product: 0.423, categorical: 0.250, threshold: 1.790, hinge: 0.500
21 samples
Density: max memory 932184064, total allocated 80740352, free 57488384, used 23251968, increment 0
linearPredictor: max memory 932184064, total allocated 80740352, free 57488384, used 23251968, increment 0
FeaturedSpace: max memory 932184064, total allocated 80740352, free 57488384, used 23251968, increment 0
Sequential: max memory 932184064, total allocated 80740352, free 57488384, used 23251968, increment 0
Initial loss: 9.212438170058329
Time since start: 234.963
60: time = 0.238000 loss = 9.165694
Res.gain: 0.04674454699767594
Jackknife: only bio_13
Making features
makeFeatures: max memory 932184064, total allocated 80740352, free 56832160, used 23908192, increment 656224
Gustavia_santanderiensis_7 bio_13: 
Regularization values: linear/quadratic/product: 0.423, categorical: 0.250, threshold: 1.790, hinge: 0.500
21 samples
Density: max memory 932184064, total allocated 80740352, free 56832160, used 23908192, increment 0
linearPredictor: max memory 932184064, total allocated 80740352, free 56832160, used 23908192, increment 0
FeaturedSpace: max memory 932184064, total allocated 80740352, free 56832160, used 23908192, increment 0
Sequential: max memory 932184064, total allocated 80740352, free 56832160, used 23908192, increment 0
Initial loss: 9.212438170058329
20: time = 0.107000 loss = 9.212438
Res.gain: 0.0
Jackknife: only bio_14
Making features
makeFeatures: max memory 932184064, total allocated 80740352, free 56832160, used 23908192, increment 0
Gustavia_santanderiensis_7 bio_14: 
Regularization values: linear/quadratic/product: 0.423, categorical: 0.250, threshold: 1.790, hinge: 0.500
21 samples
Density: max memory 932184064, total allocated 80740352, free 56832160, used 23908192, increment 0
linearPredictor: max memory 932184064, total allocated 80740352, free 56751976, used 23988376, increment 80184
FeaturedSpace: max memory 932184064, total allocated 80740352, free 56751976, used 23988376, increment 0
Sequential: max memory 932184064, total allocated 80740352, free 56751976, used 23988376, increment 0
Initial loss: 9.212438170058329
60: time = 0.229000 loss = 9.122374
Res.gain: 0.09006462278897942
Jackknife: only bio_15
Making features
makeFeatures: max memory 932184064, total allocated 80740352, free 56095848, used 24644504, increment 656128
Gustavia_santanderiensis_7 bio_15: 
Regularization values: linear/quadratic/product: 0.423, categorical: 0.250, threshold: 1.790, hinge: 0.500
21 samples
Density: max memory 932184064, total allocated 80740352, free 56095848, used 24644504, increment 0
linearPredictor: max memory 932184064, total allocated 80740352, free 56095848, used 24644504, increment 0
FeaturedSpace: max memory 932184064, total allocated 80740352, free 56095848, used 24644504, increment 0
Sequential: max memory 932184064, total allocated 80740352, free 56095848, used 24644504, increment 0
Initial loss: 9.212438170058329
60: time = 0.191000 loss = 8.973457
Res.gain: 0.2389815655026215
Jackknife: only bio_16
Making features
makeFeatures: max memory 932184064, total allocated 80740352, free 56095848, used 24644504, increment 0
Gustavia_santanderiensis_7 bio_16: 
Regularization values: linear/quadratic/product: 0.423, categorical: 0.250, threshold: 1.790, hinge: 0.500
21 samples
Density: max memory 932184064, total allocated 80740352, free 56095848, used 24644504, increment 0
linearPredictor: max memory 932184064, total allocated 80740352, free 56015664, used 24724688, increment 80184
FeaturedSpace: max memory 932184064, total allocated 80740352, free 56015664, used 24724688, increment 0
Sequential: max memory 932184064, total allocated 80740352, free 56015664, used 24724688, increment 0
Initial loss: 9.212438170058329
60: time = 0.243000 loss = 9.211563
Res.gain: 8.75669203928453E-4
Jackknife: only bio_17
Making features
makeFeatures: max memory 932184064, total allocated 80740352, free 55359528, used 25380824, increment 656136
Gustavia_santanderiensis_7 bio_17: 
Regularization values: linear/quadratic/product: 0.423, categorical: 0.250, threshold: 1.790, hinge: 0.500
21 samples
Density: max memory 932184064, total allocated 80740352, free 55359528, used 25380824, increment 0
linearPredictor: max memory 932184064, total allocated 80740352, free 55359528, used 25380824, increment 0
FeaturedSpace: max memory 932184064, total allocated 80740352, free 55359528, used 25380824, increment 0
Sequential: max memory 932184064, total allocated 80740352, free 55359528, used 25380824, increment 0
Initial loss: 9.212438170058329
Time since start: 235.964
60: time = 0.212000 loss = 8.851734
Res.gain: 0.3607040627926441
Jackknife: only bio_2
Making features
makeFeatures: max memory 932184064, total allocated 80740352, free 55359528, used 25380824, increment 0
Gustavia_santanderiensis_7 bio_2: 
Regularization values: linear/quadratic/product: 0.423, categorical: 0.250, threshold: 1.790, hinge: 0.500
21 samples
Density: max memory 932184064, total allocated 80740352, free 55279344, used 25461008, increment 80184
linearPredictor: max memory 932184064, total allocated 80740352, free 55199160, used 25541192, increment 80184
FeaturedSpace: max memory 932184064, total allocated 80740352, free 55199160, used 25541192, increment 0
Sequential: max memory 932184064, total allocated 80740352, free 55199160, used 25541192, increment 0
Initial loss: 9.212438170058329
60: time = 0.234000 loss = 9.198067
Res.gain: 0.014371420391260159
Jackknife: only bio_3
Making features
makeFeatures: max memory 932184064, total allocated 80740352, free 55038792, used 25701560, increment 160368
Gustavia_santanderiensis_7 bio_3: 
Regularization values: linear/quadratic/product: 0.423, categorical: 0.250, threshold: 1.790, hinge: 0.500
21 samples
Density: max memory 932184064, total allocated 80740352, free 54958608, used 25781744, increment 80184
linearPredictor: max memory 932184064, total allocated 80740352, free 54878424, used 25861928, increment 80184
FeaturedSpace: max memory 932184064, total allocated 80740352, free 54878424, used 25861928, increment 0
Sequential: max memory 932184064, total allocated 80740352, free 54878424, used 25861928, increment 0
Initial loss: 9.212438170058329
60: time = 0.250000 loss = 9.202624
Res.gain: 0.009813965675911973
Jackknife: only bio_4
Making features
makeFeatures: max memory 932184064, total allocated 80740352, free 54222304, used 26518048, increment 656120
Gustavia_santanderiensis_7 bio_4: 
Regularization values: linear/quadratic/product: 0.423, categorical: 0.250, threshold: 1.790, hinge: 0.500
21 samples
Density: max memory 932184064, total allocated 80740352, free 54222304, used 26518048, increment 0
linearPredictor: max memory 932184064, total allocated 80740352, free 54222304, used 26518048, increment 0
FeaturedSpace: max memory 932184064, total allocated 80740352, free 54222304, used 26518048, increment 0
Sequential: max memory 932184064, total allocated 80740352, free 54222304, used 26518048, increment 0
Initial loss: 9.212438170058329
20: time = 0.103000 loss = 9.212438
Res.gain: 0.0
Jackknife: only bio_5
Making features
makeFeatures: max memory 932184064, total allocated 80740352, free 54222304, used 26518048, increment 0
Gustavia_santanderiensis_7 bio_5: 
Regularization values: linear/quadratic/product: 0.423, categorical: 0.250, threshold: 1.790, hinge: 0.500
21 samples
Density: max memory 932184064, total allocated 80740352, free 54222304, used 26518048, increment 0
linearPredictor: max memory 932184064, total allocated 80740352, free 54142120, used 26598232, increment 80184
FeaturedSpace: max memory 932184064, total allocated 80740352, free 54142120, used 26598232, increment 0
Sequential: max memory 932184064, total allocated 80740352, free 54142120, used 26598232, increment 0
Initial loss: 9.212438170058329
80: time = 0.342000 loss = 8.966224
Res.gain: 0.24621427557999986
Jackknife: only bio_6
Making features
makeFeatures: max memory 932184064, total allocated 80740352, free 53485984, used 27254368, increment 656136
Gustavia_santanderiensis_7 bio_6: 
Regularization values: linear/quadratic/product: 0.423, categorical: 0.250, threshold: 1.790, hinge: 0.500
21 samples
Density: max memory 932184064, total allocated 80740352, free 53485984, used 27254368, increment 0
linearPredictor: max memory 932184064, total allocated 80740352, free 53485984, used 27254368, increment 0
FeaturedSpace: max memory 932184064, total allocated 80740352, free 53485984, used 27254368, increment 0
Sequential: max memory 932184064, total allocated 80740352, free 53485984, used 27254368, increment 0
Initial loss: 9.212438170058329
Time since start: 237.218
80: time = 0.310000 loss = 8.925763
Res.gain: 0.2866752153894119
Jackknife: only bio_7
Making features
makeFeatures: max memory 932184064, total allocated 80740352, free 53485984, used 27254368, increment 0
Gustavia_santanderiensis_7 bio_7: 
Regularization values: linear/quadratic/product: 0.423, categorical: 0.250, threshold: 1.790, hinge: 0.500
21 samples
Density: max memory 932184064, total allocated 80740352, free 53405800, used 27334552, increment 80184
linearPredictor: max memory 932184064, total allocated 80740352, free 53325616, used 27414736, increment 80184
FeaturedSpace: max memory 932184064, total allocated 80740352, free 53325616, used 27414736, increment 0
Sequential: max memory 932184064, total allocated 80740352, free 53325616, used 27414736, increment 0
Initial loss: 9.212438170058329
20: time = 0.106000 loss = 9.212438
Res.gain: 0.0
Jackknife: only bio_ai_et0
Making features
makeFeatures: max memory 932184064, total allocated 80740352, free 53165248, used 27575104, increment 160368
Gustavia_santanderiensis_7 bio_ai_et0: 
Regularization values: linear/quadratic/product: 0.423, categorical: 0.250, threshold: 1.790, hinge: 0.500
21 samples
Density: max memory 932184064, total allocated 80740352, free 53085064, used 27655288, increment 80184
linearPredictor: max memory 932184064, total allocated 80740352, free 53004880, used 27735472, increment 80184
FeaturedSpace: max memory 932184064, total allocated 80740352, free 53004880, used 27735472, increment 0
Sequential: max memory 932184064, total allocated 80740352, free 53004880, used 27735472, increment 0
Initial loss: 9.212438170058329
60: time = 0.253000 loss = 9.201847
Res.gain: 0.01059088166778821
Jackknife: only bio_et0_yr
Making features
makeFeatures: max memory 932184064, total allocated 80740352, free 52348728, used 28391624, increment 656152
Gustavia_santanderiensis_7 bio_et0_yr: 
Regularization values: linear/quadratic/product: 0.423, categorical: 0.250, threshold: 1.790, hinge: 0.500
21 samples
Density: max memory 932184064, total allocated 80740352, free 52348728, used 28391624, increment 0
linearPredictor: max memory 932184064, total allocated 80740352, free 52348728, used 28391624, increment 0
FeaturedSpace: max memory 932184064, total allocated 80740352, free 52348728, used 28391624, increment 0
Sequential: max memory 932184064, total allocated 80740352, free 52348728, used 28391624, increment 0
Initial loss: 9.212438170058329
60: time = 0.227000 loss = 9.165028
Res.gain: 0.04741066088043944
getSamples: max memory 932184064, total allocated 80740352, free 47592512, used 33147840, increment 4756216
Making features
makeFeatures: max memory 932184064, total allocated 80740352, free 44836992, used 35903360, increment 2755520
Gustavia_santanderiensis_8: 
Regularization values: linear/quadratic/product: 0.423, categorical: 0.250, threshold: 1.790, hinge: 0.500
21 samples
Density: max memory 932184064, total allocated 80740352, free 44180848, used 36559504, increment 656144
linearPredictor: max memory 932184064, total allocated 80740352, free 44180848, used 36559504, increment 0
FeaturedSpace: max memory 932184064, total allocated 80740352, free 44180848, used 36559504, increment 0
Sequential: max memory 932184064, total allocated 80740352, free 44180848, used 36559504, increment 0
Initial loss: 9.212438170058329
Time since start: 238.307
160: time = 0.352000 loss = 7.771609
Resulting gain: 1.4408288700680032
Projecting...
Writing file C:\Users\Camila\Desktop\Modelo opc3\Final_Models\M_5_F_lq_Set_1\Gustavia_santanderiensis_8.asc
Time since start: 241.314
Writing C:\Users\Camila\Desktop\Modelo opc3\Final_Models\M_5_F_lq_Set_1\plots\Gustavia_santanderiensis_8.png
Gustavia_santanderiensis_8 response curves
Time since start: 247.373
Response curve: only bio_1
Making features
makeFeatures: max memory 932184064, total allocated 80216064, free 48718576, used 31497488, increment -5062016
Gustavia_santanderiensis_8 bio_1: 
Regularization values: linear/quadratic/product: 0.423, categorical: 0.250, threshold: 1.790, hinge: 0.500
21 samples
Density: max memory 932184064, total allocated 80216064, free 48718576, used 31497488, increment 0
linearPredictor: max memory 932184064, total allocated 80216064, free 48718576, used 31497488, increment 0
FeaturedSpace: max memory 932184064, total allocated 80216064, free 48718576, used 31497488, increment 0
Sequential: max memory 932184064, total allocated 80216064, free 48718576, used 31497488, increment 0
Initial loss: 9.212438170058329
Time since start: 248.704
100: time = 1.321000 loss = 8.889651
Resulting gain: 0.322786824382602
Gustavia_santanderiensis_8 response curves
Response curve: only bio_10
Making features
makeFeatures: max memory 932184064, total allocated 80216064, free 44761480, used 35454584, increment 3957096
Gustavia_santanderiensis_8 bio_10: 
Regularization values: linear/quadratic/product: 0.423, categorical: 0.250, threshold: 1.790, hinge: 0.500
21 samples
Density: max memory 932184064, total allocated 80216064, free 44681296, used 35534768, increment 80184
linearPredictor: max memory 932184064, total allocated 80216064, free 44601112, used 35614952, increment 80184
FeaturedSpace: max memory 932184064, total allocated 80216064, free 44601112, used 35614952, increment 0
Sequential: max memory 932184064, total allocated 80216064, free 44601112, used 35614952, increment 0
Initial loss: 9.212438170058329
80: time = 0.324000 loss = 8.914064
Resulting gain: 0.29837431930551794
Gustavia_santanderiensis_8 response curves
Response curve: only bio_11
Making features
makeFeatures: max memory 932184064, total allocated 80216064, free 40096168, used 40119896, increment 4504944
Gustavia_santanderiensis_8 bio_11: 
Regularization values: linear/quadratic/product: 0.423, categorical: 0.250, threshold: 1.790, hinge: 0.500
21 samples
Density: max memory 932184064, total allocated 80216064, free 40096168, used 40119896, increment 0
linearPredictor: max memory 932184064, total allocated 80216064, free 40096168, used 40119896, increment 0
FeaturedSpace: max memory 932184064, total allocated 80216064, free 40096168, used 40119896, increment 0
Sequential: max memory 932184064, total allocated 80216064, free 40096168, used 40119896, increment 0
Initial loss: 9.212438170058329
Time since start: 249.708
80: time = 0.273000 loss = 8.908501
Resulting gain: 0.3039372303202068
Gustavia_santanderiensis_8 response curves
Response curve: only bio_12
Making features
makeFeatures: max memory 932184064, total allocated 80216064, free 35592056, used 44624008, increment 4504112
Gustavia_santanderiensis_8 bio_12: 
Regularization values: linear/quadratic/product: 0.423, categorical: 0.250, threshold: 1.790, hinge: 0.500
21 samples
Density: max memory 932184064, total allocated 80216064, free 35592056, used 44624008, increment 0
linearPredictor: max memory 932184064, total allocated 80216064, free 35592056, used 44624008, increment 0
FeaturedSpace: max memory 932184064, total allocated 80216064, free 35592056, used 44624008, increment 0
Sequential: max memory 932184064, total allocated 80216064, free 35592056, used 44624008, increment 0
Initial loss: 9.212438170058329
60: time = 0.245000 loss = 9.151171
Resulting gain: 0.061266859970178444
Gustavia_santanderiensis_8 response curves
Time since start: 250.921
Response curve: only bio_13
Making features
makeFeatures: max memory 932184064, total allocated 80216064, free 31087080, used 49128984, increment 4504976
Gustavia_santanderiensis_8 bio_13: 
Regularization values: linear/quadratic/product: 0.423, categorical: 0.250, threshold: 1.790, hinge: 0.500
21 samples
Density: max memory 932184064, total allocated 80216064, free 31087080, used 49128984, increment 0
linearPredictor: max memory 932184064, total allocated 80216064, free 31087080, used 49128984, increment 0
FeaturedSpace: max memory 932184064, total allocated 80216064, free 31087080, used 49128984, increment 0
Sequential: max memory 932184064, total allocated 80216064, free 31087080, used 49128984, increment 0
Initial loss: 9.212438170058329
60: time = 0.260000 loss = 9.210012
Resulting gain: 0.002426246590063741
Gustavia_santanderiensis_8 response curves
Response curve: only bio_14
Making features
makeFeatures: max memory 932184064, total allocated 80216064, free 27210192, used 53005872, increment 3876888
Gustavia_santanderiensis_8 bio_14: 
Regularization values: linear/quadratic/product: 0.423, categorical: 0.250, threshold: 1.790, hinge: 0.500
21 samples
Density: max memory 932184064, total allocated 80216064, free 27130008, used 53086056, increment 80184
linearPredictor: max memory 932184064, total allocated 80216064, free 27049824, used 53166240, increment 80184
FeaturedSpace: max memory 932184064, total allocated 80216064, free 27049824, used 53166240, increment 0
Sequential: max memory 932184064, total allocated 80216064, free 27049824, used 53166240, increment 0
Initial loss: 9.212438170058329
60: time = 0.224000 loss = 9.028498
Resulting gain: 0.18393979282006434
Gustavia_santanderiensis_8 response curves
Response curve: only bio_15
Making features
makeFeatures: max memory 932184064, total allocated 80216064, free 22544848, used 57671216, increment 4504976
Gustavia_santanderiensis_8 bio_15: 
Regularization values: linear/quadratic/product: 0.423, categorical: 0.250, threshold: 1.790, hinge: 0.500
21 samples
Density: max memory 932184064, total allocated 80216064, free 22544848, used 57671216, increment 0
linearPredictor: max memory 932184064, total allocated 80216064, free 22544848, used 57671216, increment 0
FeaturedSpace: max memory 932184064, total allocated 80216064, free 22544848, used 57671216, increment 0
Sequential: max memory 932184064, total allocated 80216064, free 22544848, used 57671216, increment 0
Initial loss: 9.212438170058329
Time since start: 251.984
60: time = 0.224000 loss = 9.007553
Resulting gain: 0.2048846736858394
Gustavia_santanderiensis_8 response curves
Response curve: only bio_16
Making features
makeFeatures: max memory 932184064, total allocated 83361792, free 55306032, used 28055760, increment -29615456
Gustavia_santanderiensis_8 bio_16: 
Regularization values: linear/quadratic/product: 0.423, categorical: 0.250, threshold: 1.790, hinge: 0.500
21 samples
Density: max memory 932184064, total allocated 83361792, free 55306032, used 28055760, increment 0
linearPredictor: max memory 932184064, total allocated 83361792, free 55306032, used 28055760, increment 0
FeaturedSpace: max memory 932184064, total allocated 83361792, free 55306032, used 28055760, increment 0
Sequential: max memory 932184064, total allocated 83361792, free 55306032, used 28055760, increment 0
Initial loss: 9.212438170058329
Time since start: 253.026
60: time = 0.453000 loss = 9.207553
Resulting gain: 0.004885613125376054
Gustavia_santanderiensis_8 response curves
Response curve: only bio_17
Making features
makeFeatures: max memory 932184064, total allocated 83361792, free 51424368, used 31937424, increment 3881664
Gustavia_santanderiensis_8 bio_17: 
Regularization values: linear/quadratic/product: 0.423, categorical: 0.250, threshold: 1.790, hinge: 0.500
21 samples
Density: max memory 932184064, total allocated 83361792, free 51424368, used 31937424, increment 0
linearPredictor: max memory 932184064, total allocated 83361792, free 51424368, used 31937424, increment 0
FeaturedSpace: max memory 932184064, total allocated 83361792, free 51424368, used 31937424, increment 0
Sequential: max memory 932184064, total allocated 83361792, free 51424368, used 31937424, increment 0
Initial loss: 9.212438170058329
60: time = 0.235000 loss = 8.829535
Resulting gain: 0.38290278258001464
Gustavia_santanderiensis_8 response curves
Response curve: only bio_2
Making features
makeFeatures: max memory 932184064, total allocated 83361792, free 46964152, used 36397640, increment 4460216
Gustavia_santanderiensis_8 bio_2: 
Regularization values: linear/quadratic/product: 0.423, categorical: 0.250, threshold: 1.790, hinge: 0.500
21 samples
Density: max memory 932184064, total allocated 83361792, free 46964152, used 36397640, increment 0
linearPredictor: max memory 932184064, total allocated 83361792, free 46964152, used 36397640, increment 0
FeaturedSpace: max memory 932184064, total allocated 83361792, free 46964152, used 36397640, increment 0
Sequential: max memory 932184064, total allocated 83361792, free 46964152, used 36397640, increment 0
Initial loss: 9.212438170058329
60: time = 0.237000 loss = 9.171236
Resulting gain: 0.04120241560013582
Gustavia_santanderiensis_8 response curves
Time since start: 254.036
Response curve: only bio_3
Making features
makeFeatures: max memory 932184064, total allocated 83361792, free 42504216, used 40857576, increment 4459936
Gustavia_santanderiensis_8 bio_3: 
Regularization values: linear/quadratic/product: 0.423, categorical: 0.250, threshold: 1.790, hinge: 0.500
21 samples
Density: max memory 932184064, total allocated 83361792, free 42504216, used 40857576, increment 0
linearPredictor: max memory 932184064, total allocated 83361792, free 42504216, used 40857576, increment 0
FeaturedSpace: max memory 932184064, total allocated 83361792, free 42504216, used 40857576, increment 0
Sequential: max memory 932184064, total allocated 83361792, free 42504216, used 40857576, increment 0
Initial loss: 9.212438170058329
60: time = 0.252000 loss = 9.199421
Resulting gain: 0.0130173236746991
Gustavia_santanderiensis_8 response curves
Response curve: only bio_4
Making features
makeFeatures: max memory 932184064, total allocated 83361792, free 38044176, used 45317616, increment 4460040
Gustavia_santanderiensis_8 bio_4: 
Regularization values: linear/quadratic/product: 0.423, categorical: 0.250, threshold: 1.790, hinge: 0.500
21 samples
Density: max memory 932184064, total allocated 83361792, free 38044176, used 45317616, increment 0
linearPredictor: max memory 932184064, total allocated 83361792, free 38044176, used 45317616, increment 0
FeaturedSpace: max memory 932184064, total allocated 83361792, free 38044176, used 45317616, increment 0
Sequential: max memory 932184064, total allocated 83361792, free 38044176, used 45317616, increment 0
Initial loss: 9.212438170058329
20: time = 0.098000 loss = 9.212438
Resulting gain: 0.0
Gustavia_santanderiensis_8 response curves
Response curve: only bio_5
Making features
makeFeatures: max memory 932184064, total allocated 83361792, free 33504864, used 49856928, increment 4539312
Gustavia_santanderiensis_8 bio_5: 
Regularization values: linear/quadratic/product: 0.423, categorical: 0.250, threshold: 1.790, hinge: 0.500
21 samples
Density: max memory 932184064, total allocated 83361792, free 33504864, used 49856928, increment 0
linearPredictor: max memory 932184064, total allocated 83361792, free 33504864, used 49856928, increment 0
FeaturedSpace: max memory 932184064, total allocated 83361792, free 33504864, used 49856928, increment 0
Sequential: max memory 932184064, total allocated 83361792, free 33504864, used 49856928, increment 0
Initial loss: 9.212438170058329
80: time = 0.261000 loss = 8.909708
Resulting gain: 0.30273012194206217
Gustavia_santanderiensis_8 response curves
Time since start: 255.598
Response curve: only bio_6
Making features
makeFeatures: max memory 932184064, total allocated 83361792, free 29661920, used 53699872, increment 3842944
Gustavia_santanderiensis_8 bio_6: 
Regularization values: linear/quadratic/product: 0.423, categorical: 0.250, threshold: 1.790, hinge: 0.500
21 samples
Density: max memory 932184064, total allocated 83361792, free 29581736, used 53780056, increment 80184
linearPredictor: max memory 932184064, total allocated 83361792, free 29501552, used 53860240, increment 80184
FeaturedSpace: max memory 932184064, total allocated 83361792, free 29501552, used 53860240, increment 0
Sequential: max memory 932184064, total allocated 83361792, free 29501552, used 53860240, increment 0
Initial loss: 9.212438170058329
80: time = 0.274000 loss = 8.858038
Resulting gain: 0.3543998778744726
Gustavia_santanderiensis_8 response curves
Response curve: only bio_7
Making features
makeFeatures: max memory 932184064, total allocated 83361792, free 25041616, used 58320176, increment 4459936
Gustavia_santanderiensis_8 bio_7: 
Regularization values: linear/quadratic/product: 0.423, categorical: 0.250, threshold: 1.790, hinge: 0.500
21 samples
Density: max memory 932184064, total allocated 83361792, free 25041616, used 58320176, increment 0
linearPredictor: max memory 932184064, total allocated 83361792, free 25041616, used 58320176, increment 0
FeaturedSpace: max memory 932184064, total allocated 83361792, free 25041616, used 58320176, increment 0
Sequential: max memory 932184064, total allocated 83361792, free 25041616, used 58320176, increment 0
Initial loss: 9.212438170058329
60: time = 0.244000 loss = 9.211703
Resulting gain: 7.351707260188078E-4
Gustavia_santanderiensis_8 response curves
Response curve: only bio_ai_et0
Making features
makeFeatures: max memory 932184064, total allocated 79167488, free 51724840, used 27442648, increment -30877528
Gustavia_santanderiensis_8 bio_ai_et0: 
Regularization values: linear/quadratic/product: 0.423, categorical: 0.250, threshold: 1.790, hinge: 0.500
21 samples
Density: max memory 932184064, total allocated 79167488, free 51644656, used 27522832, increment 80184
linearPredictor: max memory 932184064, total allocated 79167488, free 51564472, used 27603016, increment 80184
FeaturedSpace: max memory 932184064, total allocated 79167488, free 51564472, used 27603016, increment 0
Sequential: max memory 932184064, total allocated 79167488, free 51564472, used 27603016, increment 0
Initial loss: 9.212438170058329
Time since start: 256.722
60: time = 0.261000 loss = 9.194370
Resulting gain: 0.0180683153836938
Gustavia_santanderiensis_8 response curves
Response curve: only bio_et0_yr
Making features
makeFeatures: max memory 932184064, total allocated 79167488, free 47149424, used 32018064, increment 4415048
Gustavia_santanderiensis_8 bio_et0_yr: 
Regularization values: linear/quadratic/product: 0.423, categorical: 0.250, threshold: 1.790, hinge: 0.500
21 samples
Density: max memory 932184064, total allocated 79167488, free 47149424, used 32018064, increment 0
linearPredictor: max memory 932184064, total allocated 79167488, free 47149424, used 32018064, increment 0
FeaturedSpace: max memory 932184064, total allocated 79167488, free 47149424, used 32018064, increment 0
Sequential: max memory 932184064, total allocated 79167488, free 47149424, used 32018064, increment 0
Initial loss: 9.212438170058329
Time since start: 257.753
60: time = 0.242000 loss = 9.159009
Resulting gain: 0.0534287634840247
Gustavia_santanderiensis_8 response curves
Jackknife: leave bio_1 out
Making features
makeFeatures: max memory 932184064, total allocated 77070336, free 44595120, used 32475216, increment 457152
Gustavia_santanderiensis_8 bio_1: 
Regularization values: linear/quadratic/product: 0.423, categorical: 0.250, threshold: 1.790, hinge: 0.500
21 samples
Density: max memory 932184064, total allocated 77070336, free 44595120, used 32475216, increment 0
linearPredictor: max memory 932184064, total allocated 77070336, free 44595120, used 32475216, increment 0
FeaturedSpace: max memory 932184064, total allocated 77070336, free 44595120, used 32475216, increment 0
Sequential: max memory 932184064, total allocated 77070336, free 44595120, used 32475216, increment 0
Initial loss: 9.212438170058329
Time since start: 258.961
140: time = 0.334000 loss = 7.771609
Jackknife: leave bio_10 out
Making features
makeFeatures: max memory 932184064, total allocated 77070336, free 42189600, used 34880736, increment 2405520
Gustavia_santanderiensis_8 bio_10: 
Regularization values: linear/quadratic/product: 0.423, categorical: 0.250, threshold: 1.790, hinge: 0.500
21 samples
Density: max memory 932184064, total allocated 77070336, free 42109416, used 34960920, increment 80184
linearPredictor: max memory 932184064, total allocated 77070336, free 42029232, used 35041104, increment 80184
FeaturedSpace: max memory 932184064, total allocated 77070336, free 42029232, used 35041104, increment 0
Sequential: max memory 932184064, total allocated 77070336, free 42029232, used 35041104, increment 0
Initial loss: 9.212438170058329
140: time = 0.336000 loss = 7.771609
Jackknife: leave bio_11 out
Making features
makeFeatures: max memory 932184064, total allocated 77070336, free 39294768, used 37775568, increment 2734464
Gustavia_santanderiensis_8 bio_11: 
Regularization values: linear/quadratic/product: 0.423, categorical: 0.250, threshold: 1.790, hinge: 0.500
21 samples
Density: max memory 932184064, total allocated 77070336, free 38645232, used 38425104, increment 649536
linearPredictor: max memory 932184064, total allocated 77070336, free 38645232, used 38425104, increment 0
FeaturedSpace: max memory 932184064, total allocated 77070336, free 38645232, used 38425104, increment 0
Sequential: max memory 932184064, total allocated 77070336, free 38645232, used 38425104, increment 0
Initial loss: 9.212438170058329
160: time = 0.330000 loss = 7.771609
Jackknife: leave bio_12 out
Making features
makeFeatures: max memory 932184064, total allocated 77070336, free 36319896, used 40750440, increment 2325336
Gustavia_santanderiensis_8 bio_12: 
Regularization values: linear/quadratic/product: 0.423, categorical: 0.250, threshold: 1.790, hinge: 0.500
21 samples
Density: max memory 932184064, total allocated 77070336, free 36239712, used 40830624, increment 80184
linearPredictor: max memory 932184064, total allocated 77070336, free 36159528, used 40910808, increment 80184
FeaturedSpace: max memory 932184064, total allocated 77070336, free 36159528, used 40910808, increment 0
Sequential: max memory 932184064, total allocated 77070336, free 36159528, used 40910808, increment 0
Initial loss: 9.212438170058329
Time since start: 260.769
180: time = 1.100000 loss = 7.771609
Jackknife: leave bio_13 out
Making features
makeFeatures: max memory 932184064, total allocated 77070336, free 33344968, used 43725368, increment 2814560
Gustavia_santanderiensis_8 bio_13: 
Regularization values: linear/quadratic/product: 0.423, categorical: 0.250, threshold: 1.790, hinge: 0.500
21 samples
Density: max memory 932184064, total allocated 77070336, free 33264784, used 43805552, increment 80184
linearPredictor: max memory 932184064, total allocated 77070336, free 33184600, used 43885736, increment 80184
FeaturedSpace: max memory 932184064, total allocated 77070336, free 33184600, used 43885736, increment 0
Sequential: max memory 932184064, total allocated 77070336, free 33184600, used 43885736, increment 0
Initial loss: 9.212438170058329
180: time = 0.483000 loss = 7.771609
Jackknife: leave bio_14 out
Making features
makeFeatures: max memory 932184064, total allocated 77070336, free 30370072, used 46700264, increment 2814528
Gustavia_santanderiensis_8 bio_14: 
Regularization values: linear/quadratic/product: 0.423, categorical: 0.250, threshold: 1.790, hinge: 0.500
21 samples
Density: max memory 932184064, total allocated 77070336, free 30289888, used 46780448, increment 80184
linearPredictor: max memory 932184064, total allocated 77070336, free 30209704, used 46860632, increment 80184
FeaturedSpace: max memory 932184064, total allocated 77070336, free 30209704, used 46860632, increment 0
Sequential: max memory 932184064, total allocated 77070336, free 30209704, used 46860632, increment 0
Initial loss: 9.212438170058329
160: time = 0.372000 loss = 7.771609
Jackknife: leave bio_15 out
Making features
makeFeatures: max memory 932184064, total allocated 77070336, free 27458984, used 49611352, increment 2750720
Gustavia_santanderiensis_8 bio_15: 
Regularization values: linear/quadratic/product: 0.423, categorical: 0.250, threshold: 1.790, hinge: 0.500
21 samples
Density: max memory 932184064, total allocated 77070336, free 26809288, used 50261048, increment 649696
linearPredictor: max memory 932184064, total allocated 77070336, free 26809288, used 50261048, increment 0
FeaturedSpace: max memory 932184064, total allocated 77070336, free 26809288, used 50261048, increment 0
Sequential: max memory 932184064, total allocated 77070336, free 26809288, used 50261048, increment 0
Initial loss: 9.212438170058329
Time since start: 262.121
140: time = 0.415000 loss = 8.017004
Jackknife: leave bio_16 out
Making features
makeFeatures: max memory 932184064, total allocated 77070336, free 24483952, used 52586384, increment 2325336
Gustavia_santanderiensis_8 bio_16: 
Regularization values: linear/quadratic/product: 0.423, categorical: 0.250, threshold: 1.790, hinge: 0.500
21 samples
Density: max memory 932184064, total allocated 77070336, free 24403768, used 52666568, increment 80184
linearPredictor: max memory 932184064, total allocated 77070336, free 24323584, used 52746752, increment 80184
FeaturedSpace: max memory 932184064, total allocated 77070336, free 24323584, used 52746752, increment 0
Sequential: max memory 932184064, total allocated 77070336, free 24323584, used 52746752, increment 0
Initial loss: 9.212438170058329
180: time = 0.354000 loss = 7.771609
Jackknife: leave bio_17 out
Making features
makeFeatures: max memory 932184064, total allocated 77070336, free 21508960, used 55561376, increment 2814624
Gustavia_santanderiensis_8 bio_17: 
Regularization values: linear/quadratic/product: 0.423, categorical: 0.250, threshold: 1.790, hinge: 0.500
21 samples
Density: max memory 932184064, total allocated 77070336, free 21428776, used 55641560, increment 80184
linearPredictor: max memory 932184064, total allocated 77070336, free 21348592, used 55721744, increment 80184
FeaturedSpace: max memory 932184064, total allocated 77070336, free 21348592, used 55721744, increment 0
Sequential: max memory 932184064, total allocated 77070336, free 21348592, used 55721744, increment 0
Initial loss: 9.212438170058329
140: time = 0.292000 loss = 7.780456
Jackknife: leave bio_2 out
Making features
makeFeatures: max memory 932184064, total allocated 79167488, free 51686840, used 27480648, increment -28241096
Gustavia_santanderiensis_8 bio_2: 
Regularization values: linear/quadratic/product: 0.423, categorical: 0.250, threshold: 1.790, hinge: 0.500
21 samples
Density: max memory 932184064, total allocated 79167488, free 51606656, used 27560832, increment 80184
linearPredictor: max memory 932184064, total allocated 79167488, free 51526472, used 27641016, increment 80184
FeaturedSpace: max memory 932184064, total allocated 79167488, free 51526472, used 27641016, increment 0
Sequential: max memory 932184064, total allocated 79167488, free 51526472, used 27641016, increment 0
Initial loss: 9.212438170058329
160: time = 0.299000 loss = 7.771609
Jackknife: leave bio_3 out
Making features
makeFeatures: max memory 932184064, total allocated 79167488, free 48733952, used 30433536, increment 2792520
Gustavia_santanderiensis_8 bio_3: 
Regularization values: linear/quadratic/product: 0.423, categorical: 0.250, threshold: 1.790, hinge: 0.500
21 samples
Density: max memory 932184064, total allocated 79167488, free 48653768, used 30513720, increment 80184
linearPredictor: max memory 932184064, total allocated 79167488, free 48573584, used 30593904, increment 80184
Time since start: 263.122
FeaturedSpace: max memory 932184064, total allocated 79167488, free 48573584, used 30593904, increment 0
Sequential: max memory 932184064, total allocated 79167488, free 48573584, used 30593904, increment 0
Initial loss: 9.212438170058329
160: time = 0.295000 loss = 7.771609
Jackknife: leave bio_4 out
Making features
makeFeatures: max memory 932184064, total allocated 79167488, free 45781104, used 33386384, increment 2792480
Gustavia_santanderiensis_8 bio_4: 
Regularization values: linear/quadratic/product: 0.423, categorical: 0.250, threshold: 1.790, hinge: 0.500
21 samples
Density: max memory 932184064, total allocated 79167488, free 45700920, used 33466568, increment 80184
linearPredictor: max memory 932184064, total allocated 79167488, free 45620736, used 33546752, increment 80184
FeaturedSpace: max memory 932184064, total allocated 79167488, free 45620736, used 33546752, increment 0
Sequential: max memory 932184064, total allocated 79167488, free 45620736, used 33546752, increment 0
Initial loss: 9.212438170058329
160: time = 0.299000 loss = 7.771609
Jackknife: leave bio_5 out
Making features
makeFeatures: max memory 932184064, total allocated 79167488, free 42828280, used 36339208, increment 2792456
Gustavia_santanderiensis_8 bio_5: 
Regularization values: linear/quadratic/product: 0.423, categorical: 0.250, threshold: 1.790, hinge: 0.500
21 samples
Density: max memory 932184064, total allocated 79167488, free 42748096, used 36419392, increment 80184
linearPredictor: max memory 932184064, total allocated 79167488, free 42667912, used 36499576, increment 80184
FeaturedSpace: max memory 932184064, total allocated 79167488, free 42667912, used 36499576, increment 0
Sequential: max memory 932184064, total allocated 79167488, free 42667912, used 36499576, increment 0
Initial loss: 9.212438170058329
160: time = 0.311000 loss = 7.791787
Jackknife: leave bio_6 out
Making features
makeFeatures: max memory 932184064, total allocated 79167488, free 39875432, used 39292056, increment 2792480
Gustavia_santanderiensis_8 bio_6: 
Regularization values: linear/quadratic/product: 0.423, categorical: 0.250, threshold: 1.790, hinge: 0.500
21 samples
Density: max memory 932184064, total allocated 79167488, free 39795248, used 39372240, increment 80184
linearPredictor: max memory 932184064, total allocated 79167488, free 39715064, used 39452424, increment 80184
FeaturedSpace: max memory 932184064, total allocated 79167488, free 39715064, used 39452424, increment 0
Sequential: max memory 932184064, total allocated 79167488, free 39715064, used 39452424, increment 0
Initial loss: 9.212438170058329
Time since start: 264.414
200: time = 0.352000 loss = 7.788822
Jackknife: leave bio_7 out
Making features
makeFeatures: max memory 932184064, total allocated 79167488, free 36915512, used 42251976, increment 2799552
Gustavia_santanderiensis_8 bio_7: 
Regularization values: linear/quadratic/product: 0.423, categorical: 0.250, threshold: 1.790, hinge: 0.500
21 samples
Density: max memory 932184064, total allocated 79167488, free 36835328, used 42332160, increment 80184
linearPredictor: max memory 932184064, total allocated 79167488, free 36755144, used 42412344, increment 80184
FeaturedSpace: max memory 932184064, total allocated 79167488, free 36755144, used 42412344, increment 0
Sequential: max memory 932184064, total allocated 79167488, free 36755144, used 42412344, increment 0
Initial loss: 9.212438170058329
160: time = 0.291000 loss = 7.771609
Jackknife: leave bio_ai_et0 out
Making features
makeFeatures: max memory 932184064, total allocated 79167488, free 33955664, used 45211824, increment 2799480
Gustavia_santanderiensis_8 bio_ai_et0: 
Regularization values: linear/quadratic/product: 0.423, categorical: 0.250, threshold: 1.790, hinge: 0.500
21 samples
Density: max memory 932184064, total allocated 79167488, free 33875480, used 45292008, increment 80184
linearPredictor: max memory 932184064, total allocated 79167488, free 33795296, used 45372192, increment 80184
FeaturedSpace: max memory 932184064, total allocated 79167488, free 33795296, used 45372192, increment 0
Sequential: max memory 932184064, total allocated 79167488, free 33795296, used 45372192, increment 0
Initial loss: 9.212438170058329
160: time = 0.292000 loss = 7.771609
Jackknife: leave bio_et0_yr out
Making features
makeFeatures: max memory 932184064, total allocated 79167488, free 30995736, used 48171752, increment 2799560
Gustavia_santanderiensis_8 bio_et0_yr: 
Regularization values: linear/quadratic/product: 0.423, categorical: 0.250, threshold: 1.790, hinge: 0.500
21 samples
Density: max memory 932184064, total allocated 79167488, free 30915552, used 48251936, increment 80184
linearPredictor: max memory 932184064, total allocated 79167488, free 30835368, used 48332120, increment 80184
FeaturedSpace: max memory 932184064, total allocated 79167488, free 30835368, used 48332120, increment 0
Sequential: max memory 932184064, total allocated 79167488, free 30835368, used 48332120, increment 0
Initial loss: 9.212438170058329
160: time = 0.294000 loss = 7.771609
Jackknife: only bio_1
Making features
makeFeatures: max memory 932184064, total allocated 79167488, free 30200848, used 48966640, increment 634520
Gustavia_santanderiensis_8 bio_1: 
Regularization values: linear/quadratic/product: 0.423, categorical: 0.250, threshold: 1.790, hinge: 0.500
21 samples
Density: max memory 932184064, total allocated 79167488, free 30200848, used 48966640, increment 0
linearPredictor: max memory 932184064, total allocated 79167488, free 30200848, used 48966640, increment 0
FeaturedSpace: max memory 932184064, total allocated 79167488, free 30200848, used 48966640, increment 0
Sequential: max memory 932184064, total allocated 79167488, free 30200848, used 48966640, increment 0
Initial loss: 9.212438170058329
Time since start: 265.655
100: time = 0.322000 loss = 8.889651
Res.gain: 0.322786824382602
Jackknife: only bio_10
Making features
makeFeatures: max memory 932184064, total allocated 79167488, free 30120664, used 49046824, increment 80184
Gustavia_santanderiensis_8 bio_10: 
Regularization values: linear/quadratic/product: 0.423, categorical: 0.250, threshold: 1.790, hinge: 0.500
21 samples
Density: max memory 932184064, total allocated 79167488, free 29486200, used 49681288, increment 634464
linearPredictor: max memory 932184064, total allocated 79167488, free 29486200, used 49681288, increment 0
FeaturedSpace: max memory 932184064, total allocated 79167488, free 29486200, used 49681288, increment 0
Sequential: max memory 932184064, total allocated 79167488, free 29486200, used 49681288, increment 0
Initial loss: 9.212438170058329
80: time = 0.273000 loss = 8.914064
Res.gain: 0.29837431930551794
Jackknife: only bio_11
Making features
makeFeatures: max memory 932184064, total allocated 79167488, free 29486200, used 49681288, increment 0
Gustavia_santanderiensis_8 bio_11: 
Regularization values: linear/quadratic/product: 0.423, categorical: 0.250, threshold: 1.790, hinge: 0.500
21 samples
Density: max memory 932184064, total allocated 79167488, free 29486200, used 49681288, increment 0
linearPredictor: max memory 932184064, total allocated 79167488, free 29486200, used 49681288, increment 0
FeaturedSpace: max memory 932184064, total allocated 79167488, free 29486200, used 49681288, increment 0
Sequential: max memory 932184064, total allocated 79167488, free 29486200, used 49681288, increment 0
Initial loss: 9.212438170058329
80: time = 0.190000 loss = 8.908501
Res.gain: 0.3039372303202068
Jackknife: only bio_12
Making features
makeFeatures: max memory 932184064, total allocated 79167488, free 29325832, used 49841656, increment 160368
Gustavia_santanderiensis_8 bio_12: 
Regularization values: linear/quadratic/product: 0.423, categorical: 0.250, threshold: 1.790, hinge: 0.500
21 samples
Density: max memory 932184064, total allocated 79167488, free 29245648, used 49921840, increment 80184
linearPredictor: max memory 932184064, total allocated 79167488, free 29165464, used 50002024, increment 80184
FeaturedSpace: max memory 932184064, total allocated 79167488, free 29165464, used 50002024, increment 0
Sequential: max memory 932184064, total allocated 79167488, free 29165464, used 50002024, increment 0
Initial loss: 9.212438170058329
60: time = 0.207000 loss = 9.151171
Res.gain: 0.061266859970178444
Jackknife: only bio_13
Making features
makeFeatures: max memory 932184064, total allocated 79167488, free 28530968, used 50636520, increment 634496
Gustavia_santanderiensis_8 bio_13: 
Regularization values: linear/quadratic/product: 0.423, categorical: 0.250, threshold: 1.790, hinge: 0.500
21 samples
Density: max memory 932184064, total allocated 79167488, free 28530968, used 50636520, increment 0
linearPredictor: max memory 932184064, total allocated 79167488, free 28530968, used 50636520, increment 0
FeaturedSpace: max memory 932184064, total allocated 79167488, free 28530968, used 50636520, increment 0
Sequential: max memory 932184064, total allocated 79167488, free 28530968, used 50636520, increment 0
Initial loss: 9.212438170058329
60: time = 0.233000 loss = 9.210012
Res.gain: 0.002426246590063741
Jackknife: only bio_14
Making features
makeFeatures: max memory 932184064, total allocated 79167488, free 28530968, used 50636520, increment 0
Gustavia_santanderiensis_8 bio_14: 
Regularization values: linear/quadratic/product: 0.423, categorical: 0.250, threshold: 1.790, hinge: 0.500
21 samples
Density: max memory 932184064, total allocated 79167488, free 28450784, used 50716704, increment 80184
linearPredictor: max memory 932184064, total allocated 79167488, free 28370600, used 50796888, increment 80184
FeaturedSpace: max memory 932184064, total allocated 79167488, free 28370600, used 50796888, increment 0
Sequential: max memory 932184064, total allocated 79167488, free 28370600, used 50796888, increment 0
Initial loss: 9.212438170058329
Time since start: 266.79
60: time = 0.216000 loss = 9.028498
Res.gain: 0.18393979282006434
Jackknife: only bio_15
Making features
makeFeatures: max memory 932184064, total allocated 79167488, free 28210232, used 50957256, increment 160368
Gustavia_santanderiensis_8 bio_15: 
Regularization values: linear/quadratic/product: 0.423, categorical: 0.250, threshold: 1.790, hinge: 0.500
21 samples
Density: max memory 932184064, total allocated 79167488, free 27575768, used 51591720, increment 634464
linearPredictor: max memory 932184064, total allocated 79167488, free 27575768, used 51591720, increment 0
FeaturedSpace: max memory 932184064, total allocated 79167488, free 27575768, used 51591720, increment 0
Sequential: max memory 932184064, total allocated 79167488, free 27575768, used 51591720, increment 0
Initial loss: 9.212438170058329
60: time = 0.193000 loss = 9.007553
Res.gain: 0.2048846736858394
Jackknife: only bio_16
Making features
makeFeatures: max memory 932184064, total allocated 79167488, free 27575768, used 51591720, increment 0
Gustavia_santanderiensis_8 bio_16: 
Regularization values: linear/quadratic/product: 0.423, categorical: 0.250, threshold: 1.790, hinge: 0.500
21 samples
Density: max memory 932184064, total allocated 79167488, free 27575768, used 51591720, increment 0
linearPredictor: max memory 932184064, total allocated 79167488, free 27575768, used 51591720, increment 0
FeaturedSpace: max memory 932184064, total allocated 79167488, free 27575768, used 51591720, increment 0
Sequential: max memory 932184064, total allocated 79167488, free 27575768, used 51591720, increment 0
Initial loss: 9.212438170058329
60: time = 0.240000 loss = 9.207553
Res.gain: 0.004885613125376054
Jackknife: only bio_17
Making features
makeFeatures: max memory 932184064, total allocated 79167488, free 27415400, used 51752088, increment 160368
Gustavia_santanderiensis_8 bio_17: 
Regularization values: linear/quadratic/product: 0.423, categorical: 0.250, threshold: 1.790, hinge: 0.500
21 samples
Density: max memory 932184064, total allocated 79167488, free 27335216, used 51832272, increment 80184
linearPredictor: max memory 932184064, total allocated 79167488, free 27255032, used 51912456, increment 80184
FeaturedSpace: max memory 932184064, total allocated 79167488, free 27255032, used 51912456, increment 0
Sequential: max memory 932184064, total allocated 79167488, free 27255032, used 51912456, increment 0
Initial loss: 9.212438170058329
60: time = 0.211000 loss = 8.829535
Res.gain: 0.38290278258001464
Jackknife: only bio_2
Making features
makeFeatures: max memory 932184064, total allocated 79167488, free 26620544, used 52546944, increment 634488
Gustavia_santanderiensis_8 bio_2: 
Regularization values: linear/quadratic/product: 0.423, categorical: 0.250, threshold: 1.790, hinge: 0.500
21 samples
Density: max memory 932184064, total allocated 79167488, free 26620544, used 52546944, increment 0
linearPredictor: max memory 932184064, total allocated 79167488, free 26620544, used 52546944, increment 0
FeaturedSpace: max memory 932184064, total allocated 79167488, free 26620544, used 52546944, increment 0
Sequential: max memory 932184064, total allocated 79167488, free 26620544, used 52546944, increment 0
Initial loss: 9.212438170058329
60: time = 0.222000 loss = 9.171236
Res.gain: 0.04120241560013582
Jackknife: only bio_3
Making features
makeFeatures: max memory 932184064, total allocated 79167488, free 26620544, used 52546944, increment 0
Gustavia_santanderiensis_8 bio_3: 
Regularization values: linear/quadratic/product: 0.423, categorical: 0.250, threshold: 1.790, hinge: 0.500
21 samples
Density: max memory 932184064, total allocated 79167488, free 26620544, used 52546944, increment 0
linearPredictor: max memory 932184064, total allocated 79167488, free 25986080, used 53181408, increment 634464
FeaturedSpace: max memory 932184064, total allocated 79167488, free 25986080, used 53181408, increment 0
Sequential: max memory 932184064, total allocated 79167488, free 25986080, used 53181408, increment 0
Initial loss: 9.212438170058329
Time since start: 267.908
60: time = 0.236000 loss = 9.199421
Res.gain: 0.0130173236746991
Jackknife: only bio_4
Making features
makeFeatures: max memory 932184064, total allocated 79167488, free 25986080, used 53181408, increment 0
Gustavia_santanderiensis_8 bio_4: 
Regularization values: linear/quadratic/product: 0.423, categorical: 0.250, threshold: 1.790, hinge: 0.500
21 samples
Density: max memory 932184064, total allocated 79167488, free 25986080, used 53181408, increment 0
linearPredictor: max memory 932184064, total allocated 79167488, free 25986080, used 53181408, increment 0
FeaturedSpace: max memory 932184064, total allocated 79167488, free 25986080, used 53181408, increment 0
Sequential: max memory 932184064, total allocated 79167488, free 25986080, used 53181408, increment 0
Initial loss: 9.212438170058329
20: time = 0.098000 loss = 9.212438
Res.gain: 0.0
Jackknife: only bio_5
Making features
makeFeatures: max memory 932184064, total allocated 79167488, free 25905896, used 53261592, increment 80184
Gustavia_santanderiensis_8 bio_5: 
Regularization values: linear/quadratic/product: 0.423, categorical: 0.250, threshold: 1.790, hinge: 0.500
21 samples
Density: max memory 932184064, total allocated 79167488, free 25825712, used 53341776, increment 80184
linearPredictor: max memory 932184064, total allocated 79167488, free 25745528, used 53421960, increment 80184
FeaturedSpace: max memory 932184064, total allocated 79167488, free 25745528, used 53421960, increment 0
Sequential: max memory 932184064, total allocated 79167488, free 25745528, used 53421960, increment 0
Initial loss: 9.212438170058329
80: time = 0.266000 loss = 8.909708
Res.gain: 0.30273012194206217
Jackknife: only bio_6
Making features
makeFeatures: max memory 932184064, total allocated 79167488, free 24950696, used 54216792, increment 794832
Gustavia_santanderiensis_8 bio_6: 
Regularization values: linear/quadratic/product: 0.423, categorical: 0.250, threshold: 1.790, hinge: 0.500
21 samples
Density: max memory 932184064, total allocated 79167488, free 24950696, used 54216792, increment 0
linearPredictor: max memory 932184064, total allocated 79167488, free 24950696, used 54216792, increment 0
FeaturedSpace: max memory 932184064, total allocated 79167488, free 24950696, used 54216792, increment 0
Sequential: max memory 932184064, total allocated 79167488, free 24950696, used 54216792, increment 0
Initial loss: 9.212438170058329
80: time = 0.256000 loss = 8.858038
Res.gain: 0.3543998778744726
Jackknife: only bio_7
Making features
makeFeatures: max memory 932184064, total allocated 79167488, free 24950696, used 54216792, increment 0
Gustavia_santanderiensis_8 bio_7: 
Regularization values: linear/quadratic/product: 0.423, categorical: 0.250, threshold: 1.790, hinge: 0.500
21 samples
Density: max memory 932184064, total allocated 79167488, free 24950696, used 54216792, increment 0
linearPredictor: max memory 932184064, total allocated 79167488, free 24950696, used 54216792, increment 0
FeaturedSpace: max memory 932184064, total allocated 79167488, free 24950696, used 54216792, increment 0
Sequential: max memory 932184064, total allocated 79167488, free 24950696, used 54216792, increment 0
Initial loss: 9.212438170058329
60: time = 0.233000 loss = 9.211703
Res.gain: 7.351707260188078E-4
Jackknife: only bio_ai_et0
Making features
makeFeatures: max memory 932184064, total allocated 79167488, free 24790328, used 54377160, increment 160368
Gustavia_santanderiensis_8 bio_ai_et0: 
Regularization values: linear/quadratic/product: 0.423, categorical: 0.250, threshold: 1.790, hinge: 0.500
21 samples
Density: max memory 932184064, total allocated 79167488, free 24710144, used 54457344, increment 80184
linearPredictor: max memory 932184064, total allocated 79167488, free 24629960, used 54537528, increment 80184
FeaturedSpace: max memory 932184064, total allocated 79167488, free 24629960, used 54537528, increment 0
Sequential: max memory 932184064, total allocated 79167488, free 24629960, used 54537528, increment 0
Initial loss: 9.212438170058329
Time since start: 269.012
60: time = 0.235000 loss = 9.194370
Res.gain: 0.0180683153836938
Jackknife: only bio_et0_yr
Making features
makeFeatures: max memory 932184064, total allocated 79167488, free 23995464, used 55172024, increment 634496
Gustavia_santanderiensis_8 bio_et0_yr: 
Regularization values: linear/quadratic/product: 0.423, categorical: 0.250, threshold: 1.790, hinge: 0.500
21 samples
Density: max memory 932184064, total allocated 79167488, free 23995464, used 55172024, increment 0
linearPredictor: max memory 932184064, total allocated 79167488, free 23995464, used 55172024, increment 0
FeaturedSpace: max memory 932184064, total allocated 79167488, free 23995464, used 55172024, increment 0
Sequential: max memory 932184064, total allocated 79167488, free 23995464, used 55172024, increment 0
Initial loss: 9.212438170058329
60: time = 0.207000 loss = 9.159009
Res.gain: 0.0534287634840247
getSamples: max memory 932184064, total allocated 78643200, free 47500832, used 31142368, increment -24029656
Making features
makeFeatures: max memory 932184064, total allocated 78643200, free 45015128, used 33628072, increment 2485704
Gustavia_santanderiensis_9: 
Regularization values: linear/quadratic/product: 0.423, categorical: 0.250, threshold: 1.790, hinge: 0.500
21 samples
Density: max memory 932184064, total allocated 78643200, free 44389288, used 34253912, increment 625840
linearPredictor: max memory 932184064, total allocated 78643200, free 44389288, used 34253912, increment 0
FeaturedSpace: max memory 932184064, total allocated 78643200, free 44389288, used 34253912, increment 0
Sequential: max memory 932184064, total allocated 78643200, free 44389288, used 34253912, increment 0
Initial loss: 9.212438170058329
240: time = 0.424000 loss = 7.832262
Resulting gain: 1.380176258903183
Time since start: 270.07
Projecting...
Writing file C:\Users\Camila\Desktop\Modelo opc3\Final_Models\M_5_F_lq_Set_1\Gustavia_santanderiensis_9.asc
Time since start: 272.153
Writing C:\Users\Camila\Desktop\Modelo opc3\Final_Models\M_5_F_lq_Set_1\plots\Gustavia_santanderiensis_9.png
Gustavia_santanderiensis_9 response curves
Time since start: 276.166
Response curve: only bio_1
Making features
makeFeatures: max memory 932184064, total allocated 81264640, free 34409336, used 46855304, increment 12601392
Gustavia_santanderiensis_9 bio_1: 
Regularization values: linear/quadratic/product: 0.423, categorical: 0.250, threshold: 1.790, hinge: 0.500
21 samples
Density: max memory 932184064, total allocated 81264640, free 34409336, used 46855304, increment 0
linearPredictor: max memory 932184064, total allocated 81264640, free 34409336, used 46855304, increment 0
FeaturedSpace: max memory 932184064, total allocated 81264640, free 34409336, used 46855304, increment 0
Sequential: max memory 932184064, total allocated 81264640, free 34409336, used 46855304, increment 0
Initial loss: 9.212438170058329
100: time = 0.832000 loss = 8.868578
Resulting gain: 0.3438598528301533
Gustavia_santanderiensis_9 response curves
Response curve: only bio_10
Making features
makeFeatures: max memory 932184064, total allocated 81264640, free 30041504, used 51223136, increment 4367832
Gustavia_santanderiensis_9 bio_10: 
Regularization values: linear/quadratic/product: 0.423, categorical: 0.250, threshold: 1.790, hinge: 0.500
21 samples
Density: max memory 932184064, total allocated 81264640, free 30041504, used 51223136, increment 0
linearPredictor: max memory 932184064, total allocated 81264640, free 30041504, used 51223136, increment 0
FeaturedSpace: max memory 932184064, total allocated 81264640, free 30041504, used 51223136, increment 0
Sequential: max memory 932184064, total allocated 81264640, free 30041504, used 51223136, increment 0
Initial loss: 9.212438170058329
Time since start: 277.481
100: time = 0.318000 loss = 8.901418
Resulting gain: 0.31102047568001545
Gustavia_santanderiensis_9 response curves
Response curve: only bio_11
Making features
makeFeatures: max memory 932184064, total allocated 81264640, free 25674472, used 55590168, increment 4367032
Gustavia_santanderiensis_9 bio_11: 
Regularization values: linear/quadratic/product: 0.423, categorical: 0.250, threshold: 1.790, hinge: 0.500
21 samples
Density: max memory 932184064, total allocated 81264640, free 25674472, used 55590168, increment 0
linearPredictor: max memory 932184064, total allocated 81264640, free 25674472, used 55590168, increment 0
FeaturedSpace: max memory 932184064, total allocated 81264640, free 25674472, used 55590168, increment 0
Sequential: max memory 932184064, total allocated 81264640, free 25674472, used 55590168, increment 0
Initial loss: 9.212438170058329
100: time = 0.412000 loss = 8.882797
Resulting gain: 0.3296412904066255
Gustavia_santanderiensis_9 response curves
Response curve: only bio_12
Making features
Time since start: 278.668
makeFeatures: max memory 932184064, total allocated 81264640, free 21188936, used 60075704, increment 4485536
Gustavia_santanderiensis_9 bio_12: 
Regularization values: linear/quadratic/product: 0.423, categorical: 0.250, threshold: 1.790, hinge: 0.500
21 samples
Density: max memory 932184064, total allocated 81264640, free 21188936, used 60075704, increment 0
linearPredictor: max memory 932184064, total allocated 81264640, free 21188936, used 60075704, increment 0
FeaturedSpace: max memory 932184064, total allocated 81264640, free 21188936, used 60075704, increment 0
Sequential: max memory 932184064, total allocated 81264640, free 21188936, used 60075704, increment 0
Initial loss: 9.212438170058329
60: time = 0.258000 loss = 9.128196
Resulting gain: 0.08424247853052691
Gustavia_santanderiensis_9 response curves
Response curve: only bio_13
Making features
makeFeatures: max memory 932184064, total allocated 81264640, free 16821104, used 64443536, increment 4367832
Gustavia_santanderiensis_9 bio_13: 
Regularization values: linear/quadratic/product: 0.423, categorical: 0.250, threshold: 1.790, hinge: 0.500
21 samples
Density: max memory 932184064, total allocated 81264640, free 16821104, used 64443536, increment 0
linearPredictor: max memory 932184064, total allocated 81264640, free 16821104, used 64443536, increment 0
FeaturedSpace: max memory 932184064, total allocated 81264640, free 16821104, used 64443536, increment 0
Sequential: max memory 932184064, total allocated 81264640, free 16821104, used 64443536, increment 0
Initial loss: 9.212438170058329
60: time = 0.246000 loss = 9.197235
Resulting gain: 0.015202886500768287
Gustavia_santanderiensis_9 response curves
Response curve: only bio_14
Making features
makeFeatures: max memory 932184064, total allocated 81264640, free 12453304, used 68811336, increment 4367800
Gustavia_santanderiensis_9 bio_14: 
Regularization values: linear/quadratic/product: 0.423, categorical: 0.250, threshold: 1.790, hinge: 0.500
21 samples
Density: max memory 932184064, total allocated 81264640, free 12453304, used 68811336, increment 0
linearPredictor: max memory 932184064, total allocated 81264640, free 12453304, used 68811336, increment 0
FeaturedSpace: max memory 932184064, total allocated 81264640, free 12453304, used 68811336, increment 0
Sequential: max memory 932184064, total allocated 81264640, free 12453304, used 68811336, increment 0
Initial loss: 9.212438170058329
Time since start: 279.772
60: time = 0.236000 loss = 9.061892
Resulting gain: 0.15054569914651772
Gustavia_santanderiensis_9 response curves
Response curve: only bio_15
Making features
makeFeatures: max memory 932184064, total allocated 81264640, free 42087648, used 39176992, increment -29634344
Gustavia_santanderiensis_9 bio_15: 
Regularization values: linear/quadratic/product: 0.423, categorical: 0.250, threshold: 1.790, hinge: 0.500
21 samples
Density: max memory 932184064, total allocated 81264640, free 41417800, used 39846840, increment 669848
linearPredictor: max memory 932184064, total allocated 81264640, free 41417800, used 39846840, increment 0
FeaturedSpace: max memory 932184064, total allocated 81264640, free 41417800, used 39846840, increment 0
Sequential: max memory 932184064, total allocated 81264640, free 41417800, used 39846840, increment 0
Initial loss: 9.212438170058329
60: time = 0.214000 loss = 9.031936
Resulting gain: 0.18050177448107263
Gustavia_santanderiensis_9 response curves
Response curve: only bio_16
Making features
makeFeatures: max memory 932184064, total allocated 81264640, free 37608360, used 43656280, increment 3809440
Gustavia_santanderiensis_9 bio_16: 
Regularization values: linear/quadratic/product: 0.423, categorical: 0.250, threshold: 1.790, hinge: 0.500
21 samples
Density: max memory 932184064, total allocated 81264640, free 37528176, used 43736464, increment 80184
linearPredictor: max memory 932184064, total allocated 81264640, free 37447992, used 43816648, increment 80184
FeaturedSpace: max memory 932184064, total allocated 81264640, free 37447992, used 43816648, increment 0
Sequential: max memory 932184064, total allocated 81264640, free 37447992, used 43816648, increment 0
Initial loss: 9.212438170058329
60: time = 0.227000 loss = 9.192051
Resulting gain: 0.020387226018957705
Gustavia_santanderiensis_9 response curves
Response curve: only bio_17
Making features
makeFeatures: max memory 932184064, total allocated 81264640, free 33110208, used 48154432, increment 4337784
Gustavia_santanderiensis_9 bio_17: 
Regularization values: linear/quadratic/product: 0.423, categorical: 0.250, threshold: 1.790, hinge: 0.500
21 samples
Density: max memory 932184064, total allocated 81264640, free 33110208, used 48154432, increment 0
linearPredictor: max memory 932184064, total allocated 81264640, free 33110208, used 48154432, increment 0
FeaturedSpace: max memory 932184064, total allocated 81264640, free 33110208, used 48154432, increment 0
Sequential: max memory 932184064, total allocated 81264640, free 33110208, used 48154432, increment 0
Initial loss: 9.212438170058329
Time since start: 280.896
60: time = 0.190000 loss = 8.867182
Resulting gain: 0.3452559803126931
Gustavia_santanderiensis_9 response curves
Response curve: only bio_2
Making features
makeFeatures: max memory 932184064, total allocated 81264640, free 28793680, used 52470960, increment 4316528
Gustavia_santanderiensis_9 bio_2: 
Regularization values: linear/quadratic/product: 0.423, categorical: 0.250, threshold: 1.790, hinge: 0.500
21 samples
Density: max memory 932184064, total allocated 81264640, free 28793680, used 52470960, increment 0
linearPredictor: max memory 932184064, total allocated 81264640, free 28713496, used 52551144, increment 80184
FeaturedSpace: max memory 932184064, total allocated 81264640, free 28713496, used 52551144, increment 0
Sequential: max memory 932184064, total allocated 81264640, free 28713496, used 52551144, increment 0
Initial loss: 9.212438170058329
60: time = 0.263000 loss = 9.158687
Resulting gain: 0.053750959330256975
Gustavia_santanderiensis_9 response curves
Time since start: 282.021
Response curve: only bio_3
Making features
makeFeatures: max memory 932184064, total allocated 81264640, free 24396992, used 56867648, increment 4316504
Gustavia_santanderiensis_9 bio_3: 
Regularization values: linear/quadratic/product: 0.423, categorical: 0.250, threshold: 1.790, hinge: 0.500
21 samples
Density: max memory 932184064, total allocated 81264640, free 24396992, used 56867648, increment 0
linearPredictor: max memory 932184064, total allocated 81264640, free 24316808, used 56947832, increment 80184
FeaturedSpace: max memory 932184064, total allocated 81264640, free 24316808, used 56947832, increment 0
Sequential: max memory 932184064, total allocated 81264640, free 24316808, used 56947832, increment 0
Initial loss: 9.212438170058329
60: time = 0.235000 loss = 9.170814
Resulting gain: 0.041624052215253116
Gustavia_santanderiensis_9 response curves
Response curve: only bio_4
Making features
makeFeatures: max memory 932184064, total allocated 81264640, free 20000304, used 61264336, increment 4316504
Gustavia_santanderiensis_9 bio_4: 
Regularization values: linear/quadratic/product: 0.423, categorical: 0.250, threshold: 1.790, hinge: 0.500
21 samples
Density: max memory 932184064, total allocated 81264640, free 20000304, used 61264336, increment 0
linearPredictor: max memory 932184064, total allocated 81264640, free 19920120, used 61344520, increment 80184
FeaturedSpace: max memory 932184064, total allocated 81264640, free 19920120, used 61344520, increment 0
Sequential: max memory 932184064, total allocated 81264640, free 19920120, used 61344520, increment 0
Initial loss: 9.212438170058329
20: time = 0.108000 loss = 9.212438
Resulting gain: 0.0
Gustavia_santanderiensis_9 response curves
Response curve: only bio_5
Making features
makeFeatures: max memory 932184064, total allocated 81264640, free 15600208, used 65664432, increment 4319912
Gustavia_santanderiensis_9 bio_5: 
Regularization values: linear/quadratic/product: 0.423, categorical: 0.250, threshold: 1.790, hinge: 0.500
21 samples
Density: max memory 932184064, total allocated 81264640, free 15600208, used 65664432, increment 0
linearPredictor: max memory 932184064, total allocated 81264640, free 15600208, used 65664432, increment 0
FeaturedSpace: max memory 932184064, total allocated 81264640, free 15600208, used 65664432, increment 0
Sequential: max memory 932184064, total allocated 81264640, free 15600208, used 65664432, increment 0
Initial loss: 9.212438170058329
Time since start: 283.498
80: time = 0.755000 loss = 8.904805
Resulting gain: 0.30763332764354523
Gustavia_santanderiensis_9 response curves
Response curve: only bio_6
Making features
makeFeatures: max memory 932184064, total allocated 81264640, free 11165200, used 70099440, increment 4435008
Gustavia_santanderiensis_9 bio_6: 
Regularization values: linear/quadratic/product: 0.423, categorical: 0.250, threshold: 1.790, hinge: 0.500
21 samples
Density: max memory 932184064, total allocated 81264640, free 11165200, used 70099440, increment 0
linearPredictor: max memory 932184064, total allocated 81264640, free 11165200, used 70099440, increment 0
FeaturedSpace: max memory 932184064, total allocated 81264640, free 11165200, used 70099440, increment 0
Sequential: max memory 932184064, total allocated 81264640, free 11165200, used 70099440, increment 0
Initial loss: 9.212438170058329
80: time = 0.269000 loss = 8.848908
Resulting gain: 0.3635305488061604
Gustavia_santanderiensis_9 response curves
Response curve: only bio_7
Making features
makeFeatures: max memory 932184064, total allocated 77594624, free 39252072, used 38342552, increment -31756888
Gustavia_santanderiensis_9 bio_7: 
Regularization values: linear/quadratic/product: 0.423, categorical: 0.250, threshold: 1.790, hinge: 0.500
21 samples
Density: max memory 932184064, total allocated 77594624, free 39252072, used 38342552, increment 0
linearPredictor: max memory 932184064, total allocated 77594624, free 39252072, used 38342552, increment 0
FeaturedSpace: max memory 932184064, total allocated 77594624, free 39252072, used 38342552, increment 0
Sequential: max memory 932184064, total allocated 77594624, free 39252072, used 38342552, increment 0
Initial loss: 9.212438170058329
20: time = 0.102000 loss = 9.212438
Resulting gain: 0.0
Gustavia_santanderiensis_9 response curves
Response curve: only bio_ai_et0
Making features
makeFeatures: max memory 932184064, total allocated 77594624, free 35002224, used 42592400, increment 4249848
Gustavia_santanderiensis_9 bio_ai_et0: 
Regularization values: linear/quadratic/product: 0.423, categorical: 0.250, threshold: 1.790, hinge: 0.500
21 samples
Density: max memory 932184064, total allocated 77594624, free 35002224, used 42592400, increment 0
linearPredictor: max memory 932184064, total allocated 77594624, free 35002224, used 42592400, increment 0
FeaturedSpace: max memory 932184064, total allocated 77594624, free 35002224, used 42592400, increment 0
Sequential: max memory 932184064, total allocated 77594624, free 35002224, used 42592400, increment 0
Initial loss: 9.212438170058329
Time since start: 284.647
60: time = 0.235000 loss = 9.180841
Resulting gain: 0.03159667837006985
Gustavia_santanderiensis_9 response curves
Response curve: only bio_et0_yr
Making features
makeFeatures: max memory 932184064, total allocated 77594624, free 30753288, used 46841336, increment 4248936
Gustavia_santanderiensis_9 bio_et0_yr: 
Regularization values: linear/quadratic/product: 0.423, categorical: 0.250, threshold: 1.790, hinge: 0.500
21 samples
Density: max memory 932184064, total allocated 77594624, free 30753288, used 46841336, increment 0
linearPredictor: max memory 932184064, total allocated 77594624, free 30673104, used 46921520, increment 80184
FeaturedSpace: max memory 932184064, total allocated 77594624, free 30673104, used 46921520, increment 0
Sequential: max memory 932184064, total allocated 77594624, free 30673104, used 46921520, increment 0
Initial loss: 9.212438170058329
60: time = 0.201000 loss = 9.159407
Resulting gain: 0.05303154116350406
Gustavia_santanderiensis_9 response curves
Time since start: 285.65
Jackknife: leave bio_1 out
Making features
makeFeatures: max memory 932184064, total allocated 78118912, free 24958568, used 53160344, increment 6238824
Gustavia_santanderiensis_9 bio_1: 
Regularization values: linear/quadratic/product: 0.423, categorical: 0.250, threshold: 1.790, hinge: 0.500
21 samples
Density: max memory 932184064, total allocated 78118912, free 24878384, used 53240528, increment 80184
linearPredictor: max memory 932184064, total allocated 78118912, free 24798200, used 53320712, increment 80184
FeaturedSpace: max memory 932184064, total allocated 78118912, free 24798200, used 53320712, increment 0
Sequential: max memory 932184064, total allocated 78118912, free 24798200, used 53320712, increment 0
Initial loss: 9.212438170058329
180: time = 0.911000 loss = 7.838197
Jackknife: leave bio_10 out
Making features
makeFeatures: max memory 932184064, total allocated 78118912, free 22015320, used 56103592, increment 2782880
Gustavia_santanderiensis_9 bio_10: 
Regularization values: linear/quadratic/product: 0.423, categorical: 0.250, threshold: 1.790, hinge: 0.500
21 samples
Density: max memory 932184064, total allocated 78118912, free 21397448, used 56721464, increment 617872
linearPredictor: max memory 932184064, total allocated 78118912, free 21397448, used 56721464, increment 0
FeaturedSpace: max memory 932184064, total allocated 78118912, free 21397448, used 56721464, increment 0
Sequential: max memory 932184064, total allocated 78118912, free 21397448, used 56721464, increment 0
Initial loss: 9.212438170058329
Time since start: 287.015
200: time = 0.428000 loss = 7.832262
Jackknife: leave bio_11 out
Making features
makeFeatures: max memory 932184064, total allocated 78118912, free 18991928, used 59126984, increment 2405520
Gustavia_santanderiensis_9 bio_11: 
Regularization values: linear/quadratic/product: 0.423, categorical: 0.250, threshold: 1.790, hinge: 0.500
21 samples
Density: max memory 932184064, total allocated 78118912, free 18911744, used 59207168, increment 80184
linearPredictor: max memory 932184064, total allocated 78118912, free 18831560, used 59287352, increment 80184
FeaturedSpace: max memory 932184064, total allocated 78118912, free 18831560, used 59287352, increment 0
Sequential: max memory 932184064, total allocated 78118912, free 18831560, used 59287352, increment 0
Initial loss: 9.212438170058329
220: time = 0.759000 loss = 7.832262
Jackknife: leave bio_12 out
Making features
makeFeatures: max memory 932184064, total allocated 78118912, free 15968496, used 62150416, increment 2863064
Gustavia_santanderiensis_9 bio_12: 
Regularization values: linear/quadratic/product: 0.423, categorical: 0.250, threshold: 1.790, hinge: 0.500
21 samples
Density: max memory 932184064, total allocated 78118912, free 15888312, used 62230600, increment 80184
linearPredictor: max memory 932184064, total allocated 78118912, free 15808128, used 62310784, increment 80184
FeaturedSpace: max memory 932184064, total allocated 78118912, free 15808128, used 62310784, increment 0
Sequential: max memory 932184064, total allocated 78118912, free 15808128, used 62310784, increment 0
Initial loss: 9.212438170058329
Time since start: 288.413
200: time = 0.440000 loss = 7.832261
Jackknife: leave bio_13 out
Making features
makeFeatures: max memory 932184064, total allocated 78118912, free 13025232, used 65093680, increment 2782896
Gustavia_santanderiensis_9 bio_13: 
Regularization values: linear/quadratic/product: 0.423, categorical: 0.250, threshold: 1.790, hinge: 0.500
21 samples
Density: max memory 932184064, total allocated 78118912, free 12407360, used 65711552, increment 617872
linearPredictor: max memory 932184064, total allocated 78118912, free 12407360, used 65711552, increment 0
FeaturedSpace: max memory 932184064, total allocated 78118912, free 12407360, used 65711552, increment 0
Sequential: max memory 932184064, total allocated 78118912, free 12407360, used 65711552, increment 0
Initial loss: 9.212438170058329
260: time = 0.465000 loss = 7.832261
Jackknife: leave bio_14 out
Making features
makeFeatures: max memory 932184064, total allocated 75497472, free 37551288, used 37946184, increment -27765368
Gustavia_santanderiensis_9 bio_14: 
Regularization values: linear/quadratic/product: 0.423, categorical: 0.250, threshold: 1.790, hinge: 0.500
21 samples
Density: max memory 932184064, total allocated 75497472, free 37471104, used 38026368, increment 80184
linearPredictor: max memory 932184064, total allocated 75497472, free 37390920, used 38106552, increment 80184
FeaturedSpace: max memory 932184064, total allocated 75497472, free 37390920, used 38106552, increment 0
Sequential: max memory 932184064, total allocated 75497472, free 37390920, used 38106552, increment 0
Initial loss: 9.212438170058329
Time since start: 289.513
220: time = 0.605000 loss = 7.832261
Jackknife: leave bio_15 out
Making features
makeFeatures: max memory 932184064, total allocated 75497472, free 34542336, used 40955136, increment 2848584
Gustavia_santanderiensis_9 bio_15: 
Regularization values: linear/quadratic/product: 0.423, categorical: 0.250, threshold: 1.790, hinge: 0.500
21 samples
Density: max memory 932184064, total allocated 75497472, free 34462152, used 41035320, increment 80184
linearPredictor: max memory 932184064, total allocated 75497472, free 34381968, used 41115504, increment 80184
FeaturedSpace: max memory 932184064, total allocated 75497472, free 34381968, used 41115504, increment 0
Sequential: max memory 932184064, total allocated 75497472, free 34381968, used 41115504, increment 0
Initial loss: 9.212438170058329
200: time = 0.380000 loss = 8.026739
Jackknife: leave bio_16 out
Making features
makeFeatures: max memory 932184064, total allocated 75497472, free 31533376, used 43964096, increment 2848592
Gustavia_santanderiensis_9 bio_16: 
Regularization values: linear/quadratic/product: 0.423, categorical: 0.250, threshold: 1.790, hinge: 0.500
21 samples
Density: max memory 932184064, total allocated 75497472, free 31453192, used 44044280, increment 80184
linearPredictor: max memory 932184064, total allocated 75497472, free 31373008, used 44124464, increment 80184
FeaturedSpace: max memory 932184064, total allocated 75497472, free 31373008, used 44124464, increment 0
Sequential: max memory 932184064, total allocated 75497472, free 31373008, used 44124464, increment 0
Initial loss: 9.212438170058329
220: time = 0.374000 loss = 7.832262
Jackknife: leave bio_17 out
Making features
makeFeatures: max memory 932184064, total allocated 75497472, free 28524296, used 46973176, increment 2848712
Gustavia_santanderiensis_9 bio_17: 
Regularization values: linear/quadratic/product: 0.423, categorical: 0.250, threshold: 1.790, hinge: 0.500
21 samples
Density: max memory 932184064, total allocated 75497472, free 28444112, used 47053360, increment 80184
linearPredictor: max memory 932184064, total allocated 75497472, free 28363928, used 47133544, increment 80184
FeaturedSpace: max memory 932184064, total allocated 75497472, free 28363928, used 47133544, increment 0
Sequential: max memory 932184064, total allocated 75497472, free 28363928, used 47133544, increment 0
Initial loss: 9.212438170058329
Time since start: 290.684
220: time = 0.381000 loss = 7.836418
Jackknife: leave bio_2 out
Making features
makeFeatures: max memory 932184064, total allocated 75497472, free 25515464, used 49982008, increment 2848464
Gustavia_santanderiensis_9 bio_2: 
Regularization values: linear/quadratic/product: 0.423, categorical: 0.250, threshold: 1.790, hinge: 0.500
21 samples
Density: max memory 932184064, total allocated 75497472, free 25435280, used 50062192, increment 80184
linearPredictor: max memory 932184064, total allocated 75497472, free 25355096, used 50142376, increment 80184
FeaturedSpace: max memory 932184064, total allocated 75497472, free 25355096, used 50142376, increment 0
Sequential: max memory 932184064, total allocated 75497472, free 25355096, used 50142376, increment 0
Initial loss: 9.212438170058329
200: time = 0.352000 loss = 7.832262
Jackknife: leave bio_3 out
Making features
makeFeatures: max memory 932184064, total allocated 75497472, free 22506384, used 52991088, increment 2848712
Gustavia_santanderiensis_9 bio_3: 
Regularization values: linear/quadratic/product: 0.423, categorical: 0.250, threshold: 1.790, hinge: 0.500
21 samples
Density: max memory 932184064, total allocated 75497472, free 22426200, used 53071272, increment 80184
linearPredictor: max memory 932184064, total allocated 75497472, free 22346016, used 53151456, increment 80184
FeaturedSpace: max memory 932184064, total allocated 75497472, free 22346016, used 53151456, increment 0
Sequential: max memory 932184064, total allocated 75497472, free 22346016, used 53151456, increment 0
Initial loss: 9.212438170058329
200: time = 0.348000 loss = 7.832262
Jackknife: leave bio_4 out
Making features
makeFeatures: max memory 932184064, total allocated 75497472, free 19214968, used 56282504, increment 3131048
Gustavia_santanderiensis_9 bio_4: 
Regularization values: linear/quadratic/product: 0.423, categorical: 0.250, threshold: 1.790, hinge: 0.500
21 samples
Density: max memory 932184064, total allocated 75497472, free 19214968, used 56282504, increment 0
linearPredictor: max memory 932184064, total allocated 75497472, free 19214968, used 56282504, increment 0
FeaturedSpace: max memory 932184064, total allocated 75497472, free 19214968, used 56282504, increment 0
Sequential: max memory 932184064, total allocated 75497472, free 19214968, used 56282504, increment 0
Initial loss: 9.212438170058329
Time since start: 291.777
200: time = 0.357000 loss = 7.832262
Jackknife: leave bio_5 out
Making features
makeFeatures: max memory 932184064, total allocated 75497472, free 16526624, used 58970848, increment 2688344
Gustavia_santanderiensis_9 bio_5: 
Regularization values: linear/quadratic/product: 0.423, categorical: 0.250, threshold: 1.790, hinge: 0.500
21 samples
Density: max memory 932184064, total allocated 75497472, free 16446440, used 59051032, increment 80184
linearPredictor: max memory 932184064, total allocated 75497472, free 16366256, used 59131216, increment 80184
FeaturedSpace: max memory 932184064, total allocated 75497472, free 16366256, used 59131216, increment 0
Sequential: max memory 932184064, total allocated 75497472, free 16366256, used 59131216, increment 0
Initial loss: 9.212438170058329
160: time = 0.299000 loss = 7.834123
Jackknife: leave bio_6 out
Making features
makeFeatures: max memory 932184064, total allocated 75497472, free 13597728, used 61899744, increment 2768528
Gustavia_santanderiensis_9 bio_6: 
Regularization values: linear/quadratic/product: 0.423, categorical: 0.250, threshold: 1.790, hinge: 0.500
21 samples
Density: max memory 932184064, total allocated 75497472, free 13517544, used 61979928, increment 80184
linearPredictor: max memory 932184064, total allocated 75497472, free 13437360, used 62060112, increment 80184
FeaturedSpace: max memory 932184064, total allocated 75497472, free 13437360, used 62060112, increment 0
Sequential: max memory 932184064, total allocated 75497472, free 13437360, used 62060112, increment 0
Initial loss: 9.212438170058329
160: time = 0.331000 loss = 7.832261
Jackknife: leave bio_7 out
Making features
makeFeatures: max memory 932184064, total allocated 75497472, free 10668832, used 64828640, increment 2768528
Gustavia_santanderiensis_9 bio_7: 
Regularization values: linear/quadratic/product: 0.423, categorical: 0.250, threshold: 1.790, hinge: 0.500
21 samples
Density: max memory 932184064, total allocated 75497472, free 10065544, used 65431928, increment 603288
linearPredictor: max memory 932184064, total allocated 75497472, free 10065544, used 65431928, increment 0
FeaturedSpace: max memory 932184064, total allocated 75497472, free 10065544, used 65431928, increment 0
Sequential: max memory 932184064, total allocated 75497472, free 10065544, used 65431928, increment 0
Initial loss: 9.212438170058329
Time since start: 292.843
240: time = 0.399000 loss = 7.832261
Jackknife: leave bio_ai_et0 out
Making features
makeFeatures: max memory 932184064, total allocated 76546048, free 38552336, used 37993712, increment -27438216
Gustavia_santanderiensis_9 bio_ai_et0: 
Regularization values: linear/quadratic/product: 0.423, categorical: 0.250, threshold: 1.790, hinge: 0.500
21 samples
Density: max memory 932184064, total allocated 76546048, free 37958864, used 38587184, increment 593472
linearPredictor: max memory 932184064, total allocated 76546048, free 37958864, used 38587184, increment 0
FeaturedSpace: max memory 932184064, total allocated 76546048, free 37958864, used 38587184, increment 0
Sequential: max memory 932184064, total allocated 76546048, free 37958864, used 38587184, increment 0
Initial loss: 9.212438170058329
220: time = 0.368000 loss = 7.832262
Jackknife: leave bio_et0_yr out
Making features
makeFeatures: max memory 932184064, total allocated 76546048, free 35521160, used 41024888, increment 2437704
Gustavia_santanderiensis_9 bio_et0_yr: 
Regularization values: linear/quadratic/product: 0.423, categorical: 0.250, threshold: 1.790, hinge: 0.500
21 samples
Density: max memory 932184064, total allocated 76546048, free 35440976, used 41105072, increment 80184
linearPredictor: max memory 932184064, total allocated 76546048, free 34847504, used 41698544, increment 593472
FeaturedSpace: max memory 932184064, total allocated 76546048, free 34847504, used 41698544, increment 0
Sequential: max memory 932184064, total allocated 76546048, free 34847504, used 41698544, increment 0
Initial loss: 9.212438170058329
240: time = 0.402000 loss = 7.832261
Jackknife: only bio_1
Making features
makeFeatures: max memory 932184064, total allocated 76546048, free 34847504, used 41698544, increment 0
Gustavia_santanderiensis_9 bio_1: 
Regularization values: linear/quadratic/product: 0.423, categorical: 0.250, threshold: 1.790, hinge: 0.500
21 samples
Density: max memory 932184064, total allocated 76546048, free 34767320, used 41778728, increment 80184
linearPredictor: max memory 932184064, total allocated 76546048, free 34687136, used 41858912, increment 80184
FeaturedSpace: max memory 932184064, total allocated 76546048, free 34687136, used 41858912, increment 0
Sequential: max memory 932184064, total allocated 76546048, free 34687136, used 41858912, increment 0
Initial loss: 9.212438170058329
Time since start: 293.994
100: time = 0.351000 loss = 8.868578
Res.gain: 0.3438598528301533
Jackknife: only bio_10
Making features
makeFeatures: max memory 932184064, total allocated 76546048, free 34093664, used 42452384, increment 593472
Gustavia_santanderiensis_9 bio_10: 
Regularization values: linear/quadratic/product: 0.423, categorical: 0.250, threshold: 1.790, hinge: 0.500
21 samples
Density: max memory 932184064, total allocated 76546048, free 34093664, used 42452384, increment 0
linearPredictor: max memory 932184064, total allocated 76546048, free 34093664, used 42452384, increment 0
FeaturedSpace: max memory 932184064, total allocated 76546048, free 34093664, used 42452384, increment 0
Sequential: max memory 932184064, total allocated 76546048, free 34093664, used 42452384, increment 0
Initial loss: 9.212438170058329
100: time = 0.322000 loss = 8.901418
Res.gain: 0.31102047568001545
Jackknife: only bio_11
Making features
makeFeatures: max memory 932184064, total allocated 76546048, free 34093664, used 42452384, increment 0
Gustavia_santanderiensis_9 bio_11: 
Regularization values: linear/quadratic/product: 0.423, categorical: 0.250, threshold: 1.790, hinge: 0.500
21 samples
Density: max memory 932184064, total allocated 76546048, free 34013480, used 42532568, increment 80184
linearPredictor: max memory 932184064, total allocated 76546048, free 33933296, used 42612752, increment 80184
FeaturedSpace: max memory 932184064, total allocated 76546048, free 33933296, used 42612752, increment 0
Sequential: max memory 932184064, total allocated 76546048, free 33933296, used 42612752, increment 0
Initial loss: 9.212438170058329
100: time = 0.395000 loss = 8.882797
Res.gain: 0.3296412904066255
Jackknife: only bio_12
Making features
makeFeatures: max memory 932184064, total allocated 76546048, free 33339768, used 43206280, increment 593528
Gustavia_santanderiensis_9 bio_12: 
Regularization values: linear/quadratic/product: 0.423, categorical: 0.250, threshold: 1.790, hinge: 0.500
21 samples
Density: max memory 932184064, total allocated 76546048, free 33339768, used 43206280, increment 0
linearPredictor: max memory 932184064, total allocated 76546048, free 33339768, used 43206280, increment 0
FeaturedSpace: max memory 932184064, total allocated 76546048, free 33339768, used 43206280, increment 0
Sequential: max memory 932184064, total allocated 76546048, free 33339768, used 43206280, increment 0
Initial loss: 9.212438170058329
60: time = 0.218000 loss = 9.128196
Res.gain: 0.08424247853052691
Jackknife: only bio_13
Making features
makeFeatures: max memory 932184064, total allocated 76546048, free 33339768, used 43206280, increment 0
Gustavia_santanderiensis_9 bio_13: 
Regularization values: linear/quadratic/product: 0.423, categorical: 0.250, threshold: 1.790, hinge: 0.500
21 samples
Density: max memory 932184064, total allocated 76546048, free 32746296, used 43799752, increment 593472
linearPredictor: max memory 932184064, total allocated 76546048, free 32746296, used 43799752, increment 0
FeaturedSpace: max memory 932184064, total allocated 76546048, free 32746296, used 43799752, increment 0
Sequential: max memory 932184064, total allocated 76546048, free 32746296, used 43799752, increment 0
Initial loss: 9.212438170058329
Time since start: 295.18
60: time = 0.238000 loss = 9.197235
Res.gain: 0.015202886500768287
Jackknife: only bio_14
Making features
makeFeatures: max memory 932184064, total allocated 76546048, free 32746296, used 43799752, increment 0
Gustavia_santanderiensis_9 bio_14: 
Regularization values: linear/quadratic/product: 0.423, categorical: 0.250, threshold: 1.790, hinge: 0.500
21 samples
Density: max memory 932184064, total allocated 76546048, free 32746296, used 43799752, increment 0
linearPredictor: max memory 932184064, total allocated 76546048, free 32746296, used 43799752, increment 0
FeaturedSpace: max memory 932184064, total allocated 76546048, free 32746296, used 43799752, increment 0
Sequential: max memory 932184064, total allocated 76546048, free 32746296, used 43799752, increment 0
Initial loss: 9.212438170058329
60: time = 0.223000 loss = 9.061892
Res.gain: 0.15054569914651772
Jackknife: only bio_15
Making features
makeFeatures: max memory 932184064, total allocated 76546048, free 32072640, used 44473408, increment 673656
Gustavia_santanderiensis_9 bio_15: 
Regularization values: linear/quadratic/product: 0.423, categorical: 0.250, threshold: 1.790, hinge: 0.500
21 samples
Density: max memory 932184064, total allocated 76546048, free 32072640, used 44473408, increment 0
linearPredictor: max memory 932184064, total allocated 76546048, free 32072640, used 44473408, increment 0
FeaturedSpace: max memory 932184064, total allocated 76546048, free 32072640, used 44473408, increment 0
Sequential: max memory 932184064, total allocated 76546048, free 32072640, used 44473408, increment 0
Initial loss: 9.212438170058329
60: time = 0.199000 loss = 9.031936
Res.gain: 0.18050177448107263
Jackknife: only bio_16
Making features
makeFeatures: max memory 932184064, total allocated 76546048, free 32072640, used 44473408, increment 0
Gustavia_santanderiensis_9 bio_16: 
Regularization values: linear/quadratic/product: 0.423, categorical: 0.250, threshold: 1.790, hinge: 0.500
21 samples
Density: max memory 932184064, total allocated 76546048, free 32072640, used 44473408, increment 0
linearPredictor: max memory 932184064, total allocated 76546048, free 31992456, used 44553592, increment 80184
FeaturedSpace: max memory 932184064, total allocated 76546048, free 31992456, used 44553592, increment 0
Sequential: max memory 932184064, total allocated 76546048, free 31992456, used 44553592, increment 0
Initial loss: 9.212438170058329
60: time = 0.227000 loss = 9.192051
Res.gain: 0.020387226018957705
Jackknife: only bio_17
Making features
makeFeatures: max memory 932184064, total allocated 76546048, free 31318800, used 45227248, increment 673656
Gustavia_santanderiensis_9 bio_17: 
Regularization values: linear/quadratic/product: 0.423, categorical: 0.250, threshold: 1.790, hinge: 0.500
21 samples
Density: max memory 932184064, total allocated 76546048, free 31318800, used 45227248, increment 0
linearPredictor: max memory 932184064, total allocated 76546048, free 31318800, used 45227248, increment 0
FeaturedSpace: max memory 932184064, total allocated 76546048, free 31318800, used 45227248, increment 0
Sequential: max memory 932184064, total allocated 76546048, free 31318800, used 45227248, increment 0
Initial loss: 9.212438170058329
60: time = 0.192000 loss = 8.867182
Res.gain: 0.3452559803126931
Jackknife: only bio_2
Making features
makeFeatures: max memory 932184064, total allocated 76546048, free 31318800, used 45227248, increment 0
Gustavia_santanderiensis_9 bio_2: 
Regularization values: linear/quadratic/product: 0.423, categorical: 0.250, threshold: 1.790, hinge: 0.500
21 samples
Density: max memory 932184064, total allocated 76546048, free 31318800, used 45227248, increment 0
linearPredictor: max memory 932184064, total allocated 76546048, free 31238616, used 45307432, increment 80184
FeaturedSpace: max memory 932184064, total allocated 76546048, free 31238616, used 45307432, increment 0
Sequential: max memory 932184064, total allocated 76546048, free 31238616, used 45307432, increment 0
Initial loss: 9.212438170058329
Time since start: 296.276
60: time = 0.239000 loss = 9.158687
Res.gain: 0.053750959330256975
Jackknife: only bio_3
Making features
makeFeatures: max memory 932184064, total allocated 76546048, free 30564960, used 45981088, increment 673656
Gustavia_santanderiensis_9 bio_3: 
Regularization values: linear/quadratic/product: 0.423, categorical: 0.250, threshold: 1.790, hinge: 0.500
21 samples
Density: max memory 932184064, total allocated 76546048, free 30564960, used 45981088, increment 0
linearPredictor: max memory 932184064, total allocated 76546048, free 30564960, used 45981088, increment 0
FeaturedSpace: max memory 932184064, total allocated 76546048, free 30564960, used 45981088, increment 0
Sequential: max memory 932184064, total allocated 76546048, free 30564960, used 45981088, increment 0
Initial loss: 9.212438170058329
60: time = 0.242000 loss = 9.170814
Res.gain: 0.041624052215253116
Jackknife: only bio_4
Making features
makeFeatures: max memory 932184064, total allocated 76546048, free 30564960, used 45981088, increment 0
Gustavia_santanderiensis_9 bio_4: 
Regularization values: linear/quadratic/product: 0.423, categorical: 0.250, threshold: 1.790, hinge: 0.500
21 samples
Density: max memory 932184064, total allocated 76546048, free 30564960, used 45981088, increment 0
linearPredictor: max memory 932184064, total allocated 76546048, free 30484776, used 46061272, increment 80184
FeaturedSpace: max memory 932184064, total allocated 76546048, free 30484776, used 46061272, increment 0
Sequential: max memory 932184064, total allocated 76546048, free 30484776, used 46061272, increment 0
Initial loss: 9.212438170058329
20: time = 0.107000 loss = 9.212438
Res.gain: 0.0
Jackknife: only bio_5
Making features
makeFeatures: max memory 932184064, total allocated 76546048, free 30324408, used 46221640, increment 160368
Gustavia_santanderiensis_9 bio_5: 
Regularization values: linear/quadratic/product: 0.423, categorical: 0.250, threshold: 1.790, hinge: 0.500
21 samples
Density: max memory 932184064, total allocated 76546048, free 30244224, used 46301824, increment 80184
linearPredictor: max memory 932184064, total allocated 76546048, free 30164040, used 46382008, increment 80184
FeaturedSpace: max memory 932184064, total allocated 76546048, free 30164040, used 46382008, increment 0
Sequential: max memory 932184064, total allocated 76546048, free 30164040, used 46382008, increment 0
Initial loss: 9.212438170058329
80: time = 0.260000 loss = 8.904805
Res.gain: 0.30763332764354523
Jackknife: only bio_6
Making features
makeFeatures: max memory 932184064, total allocated 76546048, free 29570552, used 46975496, increment 593488
Gustavia_santanderiensis_9 bio_6: 
Regularization values: linear/quadratic/product: 0.423, categorical: 0.250, threshold: 1.790, hinge: 0.500
21 samples
Density: max memory 932184064, total allocated 76546048, free 29570552, used 46975496, increment 0
linearPredictor: max memory 932184064, total allocated 76546048, free 29570552, used 46975496, increment 0
FeaturedSpace: max memory 932184064, total allocated 76546048, free 29570552, used 46975496, increment 0
Sequential: max memory 932184064, total allocated 76546048, free 29570552, used 46975496, increment 0
Initial loss: 9.212438170058329
80: time = 0.256000 loss = 8.848908
Res.gain: 0.3635305488061604
Jackknife: only bio_7
Making features
makeFeatures: max memory 932184064, total allocated 76546048, free 29570552, used 46975496, increment 0
Gustavia_santanderiensis_9 bio_7: 
Regularization values: linear/quadratic/product: 0.423, categorical: 0.250, threshold: 1.790, hinge: 0.500
21 samples
Density: max memory 932184064, total allocated 76546048, free 28977080, used 47568968, increment 593472
linearPredictor: max memory 932184064, total allocated 76546048, free 28977080, used 47568968, increment 0
FeaturedSpace: max memory 932184064, total allocated 76546048, free 28977080, used 47568968, increment 0
Sequential: max memory 932184064, total allocated 76546048, free 28977080, used 47568968, increment 0
Initial loss: 9.212438170058329
20: time = 0.103000 loss = 9.212438
Res.gain: 0.0
Jackknife: only bio_ai_et0
Making features
makeFeatures: max memory 932184064, total allocated 76546048, free 28977080, used 47568968, increment 0
Gustavia_santanderiensis_9 bio_ai_et0: 
Regularization values: linear/quadratic/product: 0.423, categorical: 0.250, threshold: 1.790, hinge: 0.500
21 samples
Density: max memory 932184064, total allocated 76546048, free 28977080, used 47568968, increment 0
linearPredictor: max memory 932184064, total allocated 76546048, free 28977080, used 47568968, increment 0
FeaturedSpace: max memory 932184064, total allocated 76546048, free 28977080, used 47568968, increment 0
Sequential: max memory 932184064, total allocated 76546048, free 28977080, used 47568968, increment 0
Initial loss: 9.212438170058329
Time since start: 297.516
60: time = 0.249000 loss = 9.180841
Res.gain: 0.03159667837006985
Jackknife: only bio_et0_yr
Making features
makeFeatures: max memory 932184064, total allocated 76546048, free 28816712, used 47729336, increment 160368
Gustavia_santanderiensis_9 bio_et0_yr: 
Regularization values: linear/quadratic/product: 0.423, categorical: 0.250, threshold: 1.790, hinge: 0.500
21 samples
Density: max memory 932184064, total allocated 76546048, free 28736528, used 47809520, increment 80184
linearPredictor: max memory 932184064, total allocated 76546048, free 28656344, used 47889704, increment 80184
FeaturedSpace: max memory 932184064, total allocated 76546048, free 28656344, used 47889704, increment 0
Sequential: max memory 932184064, total allocated 76546048, free 28656344, used 47889704, increment 0
Initial loss: 9.212438170058329
60: time = 0.203000 loss = 9.159407
Res.gain: 0.05303154116350406
Creating average grid, stddev grid etc.
Writing file C:\Users\Camila\Desktop\Modelo opc3\Final_Models\M_5_F_lq_Set_1\Gustavia_santanderiensis_avg.asc
Writing file C:\Users\Camila\Desktop\Modelo opc3\Final_Models\M_5_F_lq_Set_1\Gustavia_santanderiensis_stddev.asc
Writing file C:\Users\Camila\Desktop\Modelo opc3\Final_Models\M_5_F_lq_Set_1\Gustavia_santanderiensis_min.asc
Writing file C:\Users\Camila\Desktop\Modelo opc3\Final_Models\M_5_F_lq_Set_1\Gustavia_santanderiensis_max.asc
Writing file C:\Users\Camila\Desktop\Modelo opc3\Final_Models\M_5_F_lq_Set_1\Gustavia_santanderiensis_median.asc
Time since start: 305.263
Writing C:\Users\Camila\Desktop\Modelo opc3\Final_Models\M_5_F_lq_Set_1\plots\Gustavia_santanderiensis_avg.png
Writing C:\Users\Camila\Desktop\Modelo opc3\Final_Models\M_5_F_lq_Set_1\plots\Gustavia_santanderiensis_stddev.png
Writing C:\Users\Camila\Desktop\Modelo opc3\Final_Models\M_5_F_lq_Set_1\plots\Gustavia_santanderiensis_min.png
Time since start: 306.857
Writing C:\Users\Camila\Desktop\Modelo opc3\Final_Models\M_5_F_lq_Set_1\plots\Gustavia_santanderiensis_max.png
Writing C:\Users\Camila\Desktop\Modelo opc3\Final_Models\M_5_F_lq_Set_1\plots\Gustavia_santanderiensis_median.png
Time since start: 307.886
Gustavia_santanderiensis average response curves
Time since start: 317.049
Ending
