Fri Apr 18 12:09:31 COT 2025
MaxEnt version 3.4.4
Checking header of C:\Users\Camila\Desktop\Modelo opc3\M_variables\Set_1\bio_1.asc
Checking header of C:\Users\Camila\Desktop\Modelo opc3\M_variables\Set_1\bio_10.asc
Checking header of C:\Users\Camila\Desktop\Modelo opc3\M_variables\Set_1\bio_11.asc
Checking header of C:\Users\Camila\Desktop\Modelo opc3\M_variables\Set_1\bio_12.asc
Checking header of C:\Users\Camila\Desktop\Modelo opc3\M_variables\Set_1\bio_13.asc
Checking header of C:\Users\Camila\Desktop\Modelo opc3\M_variables\Set_1\bio_14.asc
Checking header of C:\Users\Camila\Desktop\Modelo opc3\M_variables\Set_1\bio_15.asc
Checking header of C:\Users\Camila\Desktop\Modelo opc3\M_variables\Set_1\bio_16.asc
Checking header of C:\Users\Camila\Desktop\Modelo opc3\M_variables\Set_1\bio_17.asc
Checking header of C:\Users\Camila\Desktop\Modelo opc3\M_variables\Set_1\bio_2.asc
Checking header of C:\Users\Camila\Desktop\Modelo opc3\M_variables\Set_1\bio_3.asc
Checking header of C:\Users\Camila\Desktop\Modelo opc3\M_variables\Set_1\bio_4.asc
Checking header of C:\Users\Camila\Desktop\Modelo opc3\M_variables\Set_1\bio_5.asc
Checking header of C:\Users\Camila\Desktop\Modelo opc3\M_variables\Set_1\bio_6.asc
Checking header of C:\Users\Camila\Desktop\Modelo opc3\M_variables\Set_1\bio_7.asc
Checking header of C:\Users\Camila\Desktop\Modelo opc3\M_variables\Set_1\bio_ai_et0.asc
Checking header of C:\Users\Camila\Desktop\Modelo opc3\M_variables\Set_1\bio_et0_yr.asc
Reading samples from gustavia_joint.csv
Read samples: max memory 932184064, total allocated 96468992, free 79748264, used 16720728, increment 16720728
Extractor: max memory 932184064, total allocated 96468992, free 78716840, used 17752152, increment 1031424
Extracting random background and sample data
Time since start: 1.863
236229 points with values for all grids
Adding samples to background in feature space
Command line used:  environmentallayers=C:\Users\Camila\Desktop\Modelo opc3\M_variables\Set_1 samplesfile=C:\Users\Camila\Desktop\Modelo opc3\gustavia_joint.csv outputdirectory=C:\Users\Camila\Desktop\Modelo opc3\Final_Models\M_3_F_l_Set_1 betamultiplier=3 autofeature=false linear=true quadratic=false product=false threshold=false hinge=false replicates=10 replicatetype=Bootstrap jackknife=true outputformat=cloglog extrapolate=false doclamp=false writeclampgrid=false writemess=false responsecurves=true warnings=false visible=false redoifexists autorun
Command line to repeat: java density.MaxEnt nowarnings noprefixes responsecurves jackknife "outputdirectory=C:\Users\Camila\Desktop\Modelo opc3\Final_Models\M_3_F_l_Set_1" "samplesfile=C:\Users\Camila\Desktop\Modelo opc3\gustavia_joint.csv" "environmentallayers=C:\Users\Camila\Desktop\Modelo opc3\M_variables\Set_1" randomseed nowarnings noaskoverwrite nowriteclampgrid nowritemess betamultiplier=3.0 replicates=10 replicatetype=bootstrap noquadratic noproduct nohinge autorun noextrapolate novisible noautofeature nodoclamp
Species: Gustavia_santanderiensis_0 Gustavia_santanderiensis_1 Gustavia_santanderiensis_2 Gustavia_santanderiensis_3 Gustavia_santanderiensis_4 Gustavia_santanderiensis_5 Gustavia_santanderiensis_6 Gustavia_santanderiensis_7 Gustavia_santanderiensis_8 Gustavia_santanderiensis_9
Layers: bio_1 bio_10 bio_11 bio_12 bio_13 bio_14 bio_15 bio_16 bio_17 bio_2 bio_3 bio_4 bio_5 bio_6 bio_7 bio_ai_et0 bio_et0_yr
Layertypes: Continuous Continuous Continuous Continuous Continuous Continuous Continuous Continuous Continuous Continuous Continuous Continuous Continuous Continuous Continuous Continuous Continuous
responsecurves: true
jackknife: true
outputdirectory: C:\Users\Camila\Desktop\Modelo opc3\Final_Models\M_3_F_l_Set_1
samplesfile: C:\Users\Camila\Desktop\Modelo opc3\gustavia_joint.csv
environmentallayers: C:\Users\Camila\Desktop\Modelo opc3\M_variables\Set_1
randomseed: true
warnings: false
askoverwrite: false
writeclampgrid: false
writemess: false
betamultiplier: 3.0
replicates: 10
replicatetype: bootstrap
quadratic: false
product: false
hinge: false
autorun: true
extrapolate: false
visible: false
autofeature: false
doclamp: false

getSamples: max memory 932184064, total allocated 96468992, free 89025384, used 7443608, increment -10308544
Making features
makeFeatures: max memory 932184064, total allocated 96468992, free 87742440, used 8726552, increment 1282944
Gustavia_santanderiensis_0: 
Regularization values: linear/quadratic/product: 0.560, categorical: 0.250, threshold: 1.790, hinge: 0.500
21 samples
Density: max memory 932184064, total allocated 96468992, free 87249344, used 9219648, increment 493096
linearPredictor: max memory 932184064, total allocated 96468992, free 87249344, used 9219648, increment 0
FeaturedSpace: max memory 932184064, total allocated 96468992, free 87249344, used 9219648, increment 0
Sequential: max memory 932184064, total allocated 96468992, free 87249344, used 9219648, increment 0
Initial loss: 9.212438170058329
200: time = 0.530000 loss = 7.959133
Resulting gain: 1.2533049923224917
Time since start: 4.088
Projecting...
Writing file C:\Users\Camila\Desktop\Modelo opc3\Final_Models\M_3_F_l_Set_1\Gustavia_santanderiensis_0.asc
Time since start: 6.25
Writing C:\Users\Camila\Desktop\Modelo opc3\Final_Models\M_3_F_l_Set_1\plots\Gustavia_santanderiensis_0.png
Gustavia_santanderiensis_0 response curves
Time since start: 11.258
Response curve: only bio_1
Making features
makeFeatures: max memory 932184064, total allocated 154664960, free 75163016, used 79501944, increment 70282296
Gustavia_santanderiensis_0 bio_1: 
Regularization values: linear/quadratic/product: 0.560, categorical: 0.250, threshold: 1.790, hinge: 0.500
21 samples
Density: max memory 932184064, total allocated 154664960, free 75163016, used 79501944, increment 0
linearPredictor: max memory 932184064, total allocated 154664960, free 75163016, used 79501944, increment 0
FeaturedSpace: max memory 932184064, total allocated 154664960, free 75163016, used 79501944, increment 0
Sequential: max memory 932184064, total allocated 154664960, free 75163016, used 79501944, increment 0
Initial loss: 9.212438170058329
60: time = 0.233000 loss = 8.930535
Resulting gain: 0.2819036044342216
Gustavia_santanderiensis_0 response curves
Time since start: 12.426
Response curve: only bio_10
Making features
makeFeatures: max memory 932184064, total allocated 154664960, free 70519920, used 84145040, increment 4643096
Gustavia_santanderiensis_0 bio_10: 
Regularization values: linear/quadratic/product: 0.560, categorical: 0.250, threshold: 1.790, hinge: 0.500
21 samples
Density: max memory 932184064, total allocated 154664960, free 70519920, used 84145040, increment 0
linearPredictor: max memory 932184064, total allocated 154664960, free 70519920, used 84145040, increment 0
FeaturedSpace: max memory 932184064, total allocated 154664960, free 70519920, used 84145040, increment 0
Sequential: max memory 932184064, total allocated 154664960, free 70519920, used 84145040, increment 0
Initial loss: 9.212438170058329
60: time = 0.262000 loss = 8.957108
Resulting gain: 0.2553301348946615
Gustavia_santanderiensis_0 response curves
Response curve: only bio_11
Making features
makeFeatures: max memory 932184064, total allocated 154664960, free 142875064, used 11789896, increment -72355144
Gustavia_santanderiensis_0 bio_11: 
Regularization values: linear/quadratic/product: 0.560, categorical: 0.250, threshold: 1.790, hinge: 0.500
21 samples
Density: max memory 932184064, total allocated 154664960, free 142875064, used 11789896, increment 0
linearPredictor: max memory 932184064, total allocated 154664960, free 142875064, used 11789896, increment 0
FeaturedSpace: max memory 932184064, total allocated 154664960, free 142875064, used 11789896, increment 0
Sequential: max memory 932184064, total allocated 154664960, free 142875064, used 11789896, increment 0
Initial loss: 9.212438170058329
60: time = 0.233000 loss = 8.944049
Resulting gain: 0.2683891086153576
Gustavia_santanderiensis_0 response curves
Response curve: only bio_12
Making features
makeFeatures: max memory 932184064, total allocated 154664960, free 138829768, used 15835192, increment 4045296
Gustavia_santanderiensis_0 bio_12: 
Regularization values: linear/quadratic/product: 0.560, categorical: 0.250, threshold: 1.790, hinge: 0.500
21 samples
Density: max memory 932184064, total allocated 154664960, free 138829768, used 15835192, increment 0
linearPredictor: max memory 932184064, total allocated 154664960, free 138829768, used 15835192, increment 0
FeaturedSpace: max memory 932184064, total allocated 154664960, free 138829768, used 15835192, increment 0
Sequential: max memory 932184064, total allocated 154664960, free 138829768, used 15835192, increment 0
Initial loss: 9.212438170058329
Time since start: 13.494
60: time = 0.219000 loss = 9.113052
Resulting gain: 0.09938657647584215
Gustavia_santanderiensis_0 response curves
Response curve: only bio_13
Making features
makeFeatures: max memory 932184064, total allocated 154664960, free 134786784, used 19878176, increment 4042984
Gustavia_santanderiensis_0 bio_13: 
Regularization values: linear/quadratic/product: 0.560, categorical: 0.250, threshold: 1.790, hinge: 0.500
21 samples
Density: max memory 932184064, total allocated 154664960, free 134786784, used 19878176, increment 0
linearPredictor: max memory 932184064, total allocated 154664960, free 134786784, used 19878176, increment 0
FeaturedSpace: max memory 932184064, total allocated 154664960, free 134786784, used 19878176, increment 0
Sequential: max memory 932184064, total allocated 154664960, free 134786784, used 19878176, increment 0
Initial loss: 9.212438170058329
60: time = 0.233000 loss = 9.203612
Resulting gain: 0.008826298514769348
Gustavia_santanderiensis_0 response curves
Response curve: only bio_14
Making features
makeFeatures: max memory 932184064, total allocated 154664960, free 130161192, used 24503768, increment 4625592
Gustavia_santanderiensis_0 bio_14: 
Regularization values: linear/quadratic/product: 0.560, categorical: 0.250, threshold: 1.790, hinge: 0.500
21 samples
Density: max memory 932184064, total allocated 154664960, free 130161192, used 24503768, increment 0
linearPredictor: max memory 932184064, total allocated 154664960, free 130161192, used 24503768, increment 0
FeaturedSpace: max memory 932184064, total allocated 154664960, free 130161192, used 24503768, increment 0
Sequential: max memory 932184064, total allocated 154664960, free 130161192, used 24503768, increment 0
Initial loss: 9.212438170058329
60: time = 0.200000 loss = 9.023239
Resulting gain: 0.18919887304603122
Gustavia_santanderiensis_0 response curves
Response curve: only bio_15
Making features
makeFeatures: max memory 932184064, total allocated 154664960, free 126115896, used 28549064, increment 4045296
Gustavia_santanderiensis_0 bio_15: 
Regularization values: linear/quadratic/product: 0.560, categorical: 0.250, threshold: 1.790, hinge: 0.500
21 samples
Density: max memory 932184064, total allocated 154664960, free 126115896, used 28549064, increment 0
linearPredictor: max memory 932184064, total allocated 154664960, free 126115896, used 28549064, increment 0
FeaturedSpace: max memory 932184064, total allocated 154664960, free 126115896, used 28549064, increment 0
Sequential: max memory 932184064, total allocated 154664960, free 126115896, used 28549064, increment 0
Initial loss: 9.212438170058329
Time since start: 15.13
60: time = 0.724000 loss = 9.082733
Resulting gain: 0.12970521678045976
Gustavia_santanderiensis_0 response curves
Response curve: only bio_16
Making features
makeFeatures: max memory 932184064, total allocated 154664960, free 121492600, used 33172360, increment 4623296
Gustavia_santanderiensis_0 bio_16: 
Regularization values: linear/quadratic/product: 0.560, categorical: 0.250, threshold: 1.790, hinge: 0.500
21 samples
Density: max memory 932184064, total allocated 154664960, free 121492600, used 33172360, increment 0
linearPredictor: max memory 932184064, total allocated 154664960, free 121492600, used 33172360, increment 0
FeaturedSpace: max memory 932184064, total allocated 154664960, free 121492600, used 33172360, increment 0
Sequential: max memory 932184064, total allocated 154664960, free 121492600, used 33172360, increment 0
Initial loss: 9.212438170058329
60: time = 0.206000 loss = 9.193913
Resulting gain: 0.01852532610160651
Gustavia_santanderiensis_0 response curves
Response curve: only bio_17
Making features
makeFeatures: max memory 932184064, total allocated 154664960, free 117447304, used 37217656, increment 4045296
Gustavia_santanderiensis_0 bio_17: 
Regularization values: linear/quadratic/product: 0.560, categorical: 0.250, threshold: 1.790, hinge: 0.500
21 samples
Density: max memory 932184064, total allocated 154664960, free 117447304, used 37217656, increment 0
linearPredictor: max memory 932184064, total allocated 154664960, free 117447304, used 37217656, increment 0
FeaturedSpace: max memory 932184064, total allocated 154664960, free 117447304, used 37217656, increment 0
Sequential: max memory 932184064, total allocated 154664960, free 117447304, used 37217656, increment 0
Initial loss: 9.212438170058329
60: time = 0.223000 loss = 8.856918
Resulting gain: 0.3555203091387913
Gustavia_santanderiensis_0 response curves
Response curve: only bio_2
Making features
makeFeatures: max memory 932184064, total allocated 154664960, free 112821752, used 41843208, increment 4625552
Gustavia_santanderiensis_0 bio_2: 
Regularization values: linear/quadratic/product: 0.560, categorical: 0.250, threshold: 1.790, hinge: 0.500
21 samples
Density: max memory 932184064, total allocated 154664960, free 112821752, used 41843208, increment 0
linearPredictor: max memory 932184064, total allocated 154664960, free 112821752, used 41843208, increment 0
FeaturedSpace: max memory 932184064, total allocated 154664960, free 112821752, used 41843208, increment 0
Sequential: max memory 932184064, total allocated 154664960, free 112821752, used 41843208, increment 0
Initial loss: 9.212438170058329
Time since start: 16.29
60: time = 0.247000 loss = 9.180577
Resulting gain: 0.031860884242924215
Gustavia_santanderiensis_0 response curves
Response curve: only bio_3
Making features
makeFeatures: max memory 932184064, total allocated 154664960, free 108776456, used 45888504, increment 4045296
Gustavia_santanderiensis_0 bio_3: 
Regularization values: linear/quadratic/product: 0.560, categorical: 0.250, threshold: 1.790, hinge: 0.500
21 samples
Density: max memory 932184064, total allocated 154664960, free 108776456, used 45888504, increment 0
linearPredictor: max memory 932184064, total allocated 154664960, free 108776456, used 45888504, increment 0
FeaturedSpace: max memory 932184064, total allocated 154664960, free 108776456, used 45888504, increment 0
Sequential: max memory 932184064, total allocated 154664960, free 108776456, used 45888504, increment 0
Initial loss: 9.212438170058329
60: time = 0.201000 loss = 9.189538
Resulting gain: 0.022900554772554926
Gustavia_santanderiensis_0 response curves
Time since start: 17.37
Response curve: only bio_4
Making features
makeFeatures: max memory 932184064, total allocated 154664960, free 104150928, used 50514032, increment 4625528
Gustavia_santanderiensis_0 bio_4: 
Regularization values: linear/quadratic/product: 0.560, categorical: 0.250, threshold: 1.790, hinge: 0.500
21 samples
Density: max memory 932184064, total allocated 154664960, free 104150928, used 50514032, increment 0
linearPredictor: max memory 932184064, total allocated 154664960, free 104150928, used 50514032, increment 0
FeaturedSpace: max memory 932184064, total allocated 154664960, free 104150928, used 50514032, increment 0
Sequential: max memory 932184064, total allocated 154664960, free 104150928, used 50514032, increment 0
Initial loss: 9.212438170058329
20: time = 0.104000 loss = 9.212438
Resulting gain: 0.0
Gustavia_santanderiensis_0 response curves
Response curve: only bio_5
Making features
makeFeatures: max memory 932184064, total allocated 154664960, free 100108024, used 54556936, increment 4042904
Gustavia_santanderiensis_0 bio_5: 
Regularization values: linear/quadratic/product: 0.560, categorical: 0.250, threshold: 1.790, hinge: 0.500
21 samples
Density: max memory 932184064, total allocated 154664960, free 100108024, used 54556936, increment 0
linearPredictor: max memory 932184064, total allocated 154664960, free 100108024, used 54556936, increment 0
FeaturedSpace: max memory 932184064, total allocated 154664960, free 100108024, used 54556936, increment 0
Sequential: max memory 932184064, total allocated 154664960, free 100108024, used 54556936, increment 0
Initial loss: 9.212438170058329
60: time = 0.224000 loss = 8.957826
Resulting gain: 0.2546125505583845
Gustavia_santanderiensis_0 response curves
Response curve: only bio_6
Making features
makeFeatures: max memory 932184064, total allocated 154664960, free 95392312, used 59272648, increment 4715712
Gustavia_santanderiensis_0 bio_6: 
Regularization values: linear/quadratic/product: 0.560, categorical: 0.250, threshold: 1.790, hinge: 0.500
21 samples
Density: max memory 932184064, total allocated 154664960, free 95392312, used 59272648, increment 0
linearPredictor: max memory 932184064, total allocated 154664960, free 95392312, used 59272648, increment 0
FeaturedSpace: max memory 932184064, total allocated 154664960, free 95392312, used 59272648, increment 0
Sequential: max memory 932184064, total allocated 154664960, free 95392312, used 59272648, increment 0
Initial loss: 9.212438170058329
60: time = 0.239000 loss = 8.907758
Resulting gain: 0.3046797502726015
Gustavia_santanderiensis_0 response curves
Time since start: 18.424
Response curve: only bio_7
Making features
makeFeatures: max memory 932184064, total allocated 154664960, free 91347016, used 63317944, increment 4045296
Gustavia_santanderiensis_0 bio_7: 
Regularization values: linear/quadratic/product: 0.560, categorical: 0.250, threshold: 1.790, hinge: 0.500
21 samples
Density: max memory 932184064, total allocated 154664960, free 91347016, used 63317944, increment 0
linearPredictor: max memory 932184064, total allocated 154664960, free 91347016, used 63317944, increment 0
FeaturedSpace: max memory 932184064, total allocated 154664960, free 91347016, used 63317944, increment 0
Sequential: max memory 932184064, total allocated 154664960, free 91347016, used 63317944, increment 0
Initial loss: 9.212438170058329
40: time = 0.125000 loss = 9.212157
Resulting gain: 2.814480601855962E-4
Gustavia_santanderiensis_0 response curves
Response curve: only bio_ai_et0
Making features
makeFeatures: max memory 932184064, total allocated 154664960, free 86721424, used 67943536, increment 4625592
Gustavia_santanderiensis_0 bio_ai_et0: 
Regularization values: linear/quadratic/product: 0.560, categorical: 0.250, threshold: 1.790, hinge: 0.500
21 samples
Density: max memory 932184064, total allocated 154664960, free 86721424, used 67943536, increment 0
linearPredictor: max memory 932184064, total allocated 154664960, free 86721424, used 67943536, increment 0
FeaturedSpace: max memory 932184064, total allocated 154664960, free 86721424, used 67943536, increment 0
Sequential: max memory 932184064, total allocated 154664960, free 86721424, used 67943536, increment 0
Initial loss: 9.212438170058329
60: time = 0.207000 loss = 9.164416
Resulting gain: 0.048022073131152254
Gustavia_santanderiensis_0 response curves
Response curve: only bio_et0_yr
Making features
makeFeatures: max memory 932184064, total allocated 154664960, free 82676128, used 71988832, increment 4045296
Gustavia_santanderiensis_0 bio_et0_yr: 
Regularization values: linear/quadratic/product: 0.560, categorical: 0.250, threshold: 1.790, hinge: 0.500
21 samples
Density: max memory 932184064, total allocated 154664960, free 82676128, used 71988832, increment 0
linearPredictor: max memory 932184064, total allocated 154664960, free 82676128, used 71988832, increment 0
FeaturedSpace: max memory 932184064, total allocated 154664960, free 82676128, used 71988832, increment 0
Sequential: max memory 932184064, total allocated 154664960, free 82676128, used 71988832, increment 0
Initial loss: 9.212438170058329
Time since start: 19.749
60: time = 0.696000 loss = 9.172174
Resulting gain: 0.04026381569087789
Gustavia_santanderiensis_0 response curves
Time since start: 20.861
Jackknife: leave bio_1 out
Making features
makeFeatures: max memory 932184064, total allocated 139984896, free 79893616, used 60091280, increment -11897552
Gustavia_santanderiensis_0 bio_1: 
Regularization values: linear/quadratic/product: 0.560, categorical: 0.250, threshold: 1.790, hinge: 0.500
21 samples
Density: max memory 932184064, total allocated 139984896, free 79813432, used 60171464, increment 80184
linearPredictor: max memory 932184064, total allocated 139984896, free 79733248, used 60251648, increment 80184
FeaturedSpace: max memory 932184064, total allocated 139984896, free 79733248, used 60251648, increment 0
Sequential: max memory 932184064, total allocated 139984896, free 79733248, used 60251648, increment 0
Initial loss: 9.212438170058329
140: time = 0.284000 loss = 7.959131
Jackknife: leave bio_10 out
Making features
makeFeatures: max memory 932184064, total allocated 139984896, free 78290920, used 61693976, increment 1442328
Gustavia_santanderiensis_0 bio_10: 
Regularization values: linear/quadratic/product: 0.560, categorical: 0.250, threshold: 1.790, hinge: 0.500
21 samples
Density: max memory 932184064, total allocated 139984896, free 76848480, used 63136416, increment 1442440
linearPredictor: max memory 932184064, total allocated 139984896, free 76848480, used 63136416, increment 0
FeaturedSpace: max memory 932184064, total allocated 139984896, free 76848480, used 63136416, increment 0
Sequential: max memory 932184064, total allocated 139984896, free 76848480, used 63136416, increment 0
Initial loss: 9.212438170058329
200: time = 0.326000 loss = 7.959132
Jackknife: leave bio_11 out
Making features
makeFeatures: max memory 932184064, total allocated 139984896, free 76527744, used 63457152, increment 320736
Gustavia_santanderiensis_0 bio_11: 
Regularization values: linear/quadratic/product: 0.560, categorical: 0.250, threshold: 1.790, hinge: 0.500
21 samples
Density: max memory 932184064, total allocated 139984896, free 76447560, used 63537336, increment 80184
linearPredictor: max memory 932184064, total allocated 139984896, free 76367376, used 63617520, increment 80184
FeaturedSpace: max memory 932184064, total allocated 139984896, free 76367376, used 63617520, increment 0
Sequential: max memory 932184064, total allocated 139984896, free 76367376, used 63617520, increment 0
Initial loss: 9.212438170058329
200: time = 0.318000 loss = 7.959132
Jackknife: leave bio_12 out
Making features
makeFeatures: max memory 932184064, total allocated 139984896, free 74764608, used 65220288, increment 1602768
Gustavia_santanderiensis_0 bio_12: 
Regularization values: linear/quadratic/product: 0.560, categorical: 0.250, threshold: 1.790, hinge: 0.500
21 samples
Density: max memory 932184064, total allocated 139984896, free 74684424, used 65300472, increment 80184
linearPredictor: max memory 932184064, total allocated 139984896, free 74604240, used 65380656, increment 80184
FeaturedSpace: max memory 932184064, total allocated 139984896, free 74604240, used 65380656, increment 0
Sequential: max memory 932184064, total allocated 139984896, free 74604240, used 65380656, increment 0
Initial loss: 9.212438170058329
Time since start: 22.152
200: time = 0.329000 loss = 7.959133
Jackknife: leave bio_13 out
Making features
makeFeatures: max memory 932184064, total allocated 139984896, free 71639336, used 68345560, increment 2964904
Gustavia_santanderiensis_0 bio_13: 
Regularization values: linear/quadratic/product: 0.560, categorical: 0.250, threshold: 1.790, hinge: 0.500
21 samples
Density: max memory 932184064, total allocated 139984896, free 71639336, used 68345560, increment 0
linearPredictor: max memory 932184064, total allocated 139984896, free 71639336, used 68345560, increment 0
FeaturedSpace: max memory 932184064, total allocated 139984896, free 71639336, used 68345560, increment 0
Sequential: max memory 932184064, total allocated 139984896, free 71639336, used 68345560, increment 0
Initial loss: 9.212438170058329
200: time = 0.322000 loss = 7.959133
Jackknife: leave bio_14 out
Making features
makeFeatures: max memory 932184064, total allocated 139984896, free 71318600, used 68666296, increment 320736
Gustavia_santanderiensis_0 bio_14: 
Regularization values: linear/quadratic/product: 0.560, categorical: 0.250, threshold: 1.790, hinge: 0.500
21 samples
Density: max memory 932184064, total allocated 139984896, free 71238416, used 68746480, increment 80184
linearPredictor: max memory 932184064, total allocated 139984896, free 71158232, used 68826664, increment 80184
FeaturedSpace: max memory 932184064, total allocated 139984896, free 71158232, used 68826664, increment 0
Sequential: max memory 932184064, total allocated 139984896, free 71158232, used 68826664, increment 0
Initial loss: 9.212438170058329
200: time = 0.338000 loss = 7.959132
Jackknife: leave bio_15 out
Making features
makeFeatures: max memory 932184064, total allocated 139984896, free 69555584, used 70429312, increment 1602648
Gustavia_santanderiensis_0 bio_15: 
Regularization values: linear/quadratic/product: 0.560, categorical: 0.250, threshold: 1.790, hinge: 0.500
21 samples
Density: max memory 932184064, total allocated 139984896, free 69475400, used 70509496, increment 80184
linearPredictor: max memory 932184064, total allocated 139984896, free 69395216, used 70589680, increment 80184
FeaturedSpace: max memory 932184064, total allocated 139984896, free 69395216, used 70589680, increment 0
Sequential: max memory 932184064, total allocated 139984896, free 69395216, used 70589680, increment 0
Initial loss: 9.212438170058329
Time since start: 23.168
180: time = 0.330000 loss = 8.111953
Jackknife: leave bio_16 out
Making features
makeFeatures: max memory 932184064, total allocated 139984896, free 67872696, used 72112200, increment 1522520
Gustavia_santanderiensis_0 bio_16: 
Regularization values: linear/quadratic/product: 0.560, categorical: 0.250, threshold: 1.790, hinge: 0.500
21 samples
Density: max memory 932184064, total allocated 139984896, free 67792512, used 72192384, increment 80184
linearPredictor: max memory 932184064, total allocated 139984896, free 67712328, used 72272568, increment 80184
FeaturedSpace: max memory 932184064, total allocated 139984896, free 67712328, used 72272568, increment 0
Sequential: max memory 932184064, total allocated 139984896, free 67712328, used 72272568, increment 0
Initial loss: 9.212438170058329
200: time = 0.320000 loss = 7.959133
Jackknife: leave bio_17 out
Making features
makeFeatures: max memory 932184064, total allocated 139984896, free 64747584, used 75237312, increment 2964744
Gustavia_santanderiensis_0 bio_17: 
Regularization values: linear/quadratic/product: 0.560, categorical: 0.250, threshold: 1.790, hinge: 0.500
21 samples
Density: max memory 932184064, total allocated 139984896, free 64747584, used 75237312, increment 0
linearPredictor: max memory 932184064, total allocated 139984896, free 64747584, used 75237312, increment 0
FeaturedSpace: max memory 932184064, total allocated 139984896, free 64747584, used 75237312, increment 0
Sequential: max memory 932184064, total allocated 139984896, free 64747584, used 75237312, increment 0
Initial loss: 9.212438170058329
180: time = 0.304000 loss = 7.995437
Jackknife: leave bio_2 out
Making features
makeFeatures: max memory 932184064, total allocated 139984896, free 64426848, used 75558048, increment 320736
Gustavia_santanderiensis_0 bio_2: 
Regularization values: linear/quadratic/product: 0.560, categorical: 0.250, threshold: 1.790, hinge: 0.500
21 samples
Density: max memory 932184064, total allocated 139984896, free 64346664, used 75638232, increment 80184
linearPredictor: max memory 932184064, total allocated 139984896, free 64266480, used 75718416, increment 80184
FeaturedSpace: max memory 932184064, total allocated 139984896, free 64266480, used 75718416, increment 0
Sequential: max memory 932184064, total allocated 139984896, free 64266480, used 75718416, increment 0
Initial loss: 9.212438170058329
200: time = 0.321000 loss = 7.959133
Jackknife: leave bio_3 out
Making features
makeFeatures: max memory 932184064, total allocated 139984896, free 61301656, used 78683240, increment 2964824
Gustavia_santanderiensis_0 bio_3: 
Regularization values: linear/quadratic/product: 0.560, categorical: 0.250, threshold: 1.790, hinge: 0.500
21 samples
Density: max memory 932184064, total allocated 139984896, free 61301656, used 78683240, increment 0
linearPredictor: max memory 932184064, total allocated 139984896, free 61301656, used 78683240, increment 0
FeaturedSpace: max memory 932184064, total allocated 139984896, free 61301656, used 78683240, increment 0
Sequential: max memory 932184064, total allocated 139984896, free 61301656, used 78683240, increment 0
Initial loss: 9.212438170058329
Time since start: 24.436
180: time = 0.292000 loss = 7.959269
Jackknife: leave bio_4 out
Making features
makeFeatures: max memory 932184064, total allocated 139984896, free 60980920, used 79003976, increment 320736
Gustavia_santanderiensis_0 bio_4: 
Regularization values: linear/quadratic/product: 0.560, categorical: 0.250, threshold: 1.790, hinge: 0.500
21 samples
Density: max memory 932184064, total allocated 139984896, free 60900736, used 79084160, increment 80184
linearPredictor: max memory 932184064, total allocated 139984896, free 60820552, used 79164344, increment 80184
FeaturedSpace: max memory 932184064, total allocated 139984896, free 60820552, used 79164344, increment 0
Sequential: max memory 932184064, total allocated 139984896, free 60820552, used 79164344, increment 0
Initial loss: 9.212438170058329
200: time = 0.319000 loss = 7.959133
Jackknife: leave bio_5 out
Making features
makeFeatures: max memory 932184064, total allocated 139984896, free 57855664, used 82129232, increment 2964888
Gustavia_santanderiensis_0 bio_5: 
Regularization values: linear/quadratic/product: 0.560, categorical: 0.250, threshold: 1.790, hinge: 0.500
21 samples
Density: max memory 932184064, total allocated 139984896, free 57855664, used 82129232, increment 0
linearPredictor: max memory 932184064, total allocated 139984896, free 57855664, used 82129232, increment 0
FeaturedSpace: max memory 932184064, total allocated 139984896, free 57855664, used 82129232, increment 0
Sequential: max memory 932184064, total allocated 139984896, free 57855664, used 82129232, increment 0
Initial loss: 9.212438170058329
180: time = 0.300000 loss = 7.962966
Jackknife: leave bio_6 out
Making features
makeFeatures: max memory 932184064, total allocated 139984896, free 57534928, used 82449968, increment 320736
Gustavia_santanderiensis_0 bio_6: 
Regularization values: linear/quadratic/product: 0.560, categorical: 0.250, threshold: 1.790, hinge: 0.500
21 samples
Density: max memory 932184064, total allocated 139984896, free 57454744, used 82530152, increment 80184
linearPredictor: max memory 932184064, total allocated 139984896, free 57374560, used 82610336, increment 80184
FeaturedSpace: max memory 932184064, total allocated 139984896, free 57374560, used 82610336, increment 0
Sequential: max memory 932184064, total allocated 139984896, free 57374560, used 82610336, increment 0
Initial loss: 9.212438170058329
140: time = 0.260000 loss = 7.965561
Jackknife: leave bio_7 out
Making features
makeFeatures: max memory 932184064, total allocated 139984896, free 55932280, used 84052616, increment 1442280
Gustavia_santanderiensis_0 bio_7: 
Regularization values: linear/quadratic/product: 0.560, categorical: 0.250, threshold: 1.790, hinge: 0.500
21 samples
Density: max memory 932184064, total allocated 139984896, free 54409816, used 85575080, increment 1522464
linearPredictor: max memory 932184064, total allocated 139984896, free 54409816, used 85575080, increment 0
FeaturedSpace: max memory 932184064, total allocated 139984896, free 54409816, used 85575080, increment 0
Sequential: max memory 932184064, total allocated 139984896, free 54409816, used 85575080, increment 0
Initial loss: 9.212438170058329
Time since start: 25.664
200: time = 0.318000 loss = 7.959133
Jackknife: leave bio_ai_et0 out
Making features
makeFeatures: max memory 932184064, total allocated 138412032, free 122701184, used 15710848, increment -69864232
Gustavia_santanderiensis_0 bio_ai_et0: 
Regularization values: linear/quadratic/product: 0.560, categorical: 0.250, threshold: 1.790, hinge: 0.500
21 samples
Density: max memory 932184064, total allocated 138412032, free 122701184, used 15710848, increment 0
linearPredictor: max memory 932184064, total allocated 138412032, free 122701184, used 15710848, increment 0
FeaturedSpace: max memory 932184064, total allocated 138412032, free 122701184, used 15710848, increment 0
Sequential: max memory 932184064, total allocated 138412032, free 122701184, used 15710848, increment 0
Initial loss: 9.212438170058329
200: time = 0.319000 loss = 7.959133
Jackknife: leave bio_et0_yr out
Making features
makeFeatures: max memory 932184064, total allocated 138412032, free 122139896, used 16272136, increment 561288
Gustavia_santanderiensis_0 bio_et0_yr: 
Regularization values: linear/quadratic/product: 0.560, categorical: 0.250, threshold: 1.790, hinge: 0.500
21 samples
Density: max memory 932184064, total allocated 138412032, free 122059712, used 16352320, increment 80184
linearPredictor: max memory 932184064, total allocated 138412032, free 121979528, used 16432504, increment 80184
FeaturedSpace: max memory 932184064, total allocated 138412032, free 121979528, used 16432504, increment 0
Sequential: max memory 932184064, total allocated 138412032, free 121979528, used 16432504, increment 0
Initial loss: 9.212438170058329
200: time = 0.325000 loss = 7.959133
Jackknife: only bio_1
Making features
makeFeatures: max memory 932184064, total allocated 138412032, free 120598696, used 17813336, increment 1380832
Gustavia_santanderiensis_0 bio_1: 
Regularization values: linear/quadratic/product: 0.560, categorical: 0.250, threshold: 1.790, hinge: 0.500
21 samples
Density: max memory 932184064, total allocated 138412032, free 120598696, used 17813336, increment 0
linearPredictor: max memory 932184064, total allocated 138412032, free 120598696, used 17813336, increment 0
FeaturedSpace: max memory 932184064, total allocated 138412032, free 120598696, used 17813336, increment 0
Sequential: max memory 932184064, total allocated 138412032, free 120598696, used 17813336, increment 0
Initial loss: 9.212438170058329
60: time = 0.202000 loss = 8.930535
Res.gain: 0.2819036044342216
Jackknife: only bio_10
Making features
makeFeatures: max memory 932184064, total allocated 138412032, free 120598696, used 17813336, increment 0
Gustavia_santanderiensis_0 bio_10: 
Regularization values: linear/quadratic/product: 0.560, categorical: 0.250, threshold: 1.790, hinge: 0.500
21 samples
Density: max memory 932184064, total allocated 138412032, free 120598696, used 17813336, increment 0
linearPredictor: max memory 932184064, total allocated 138412032, free 120598696, used 17813336, increment 0
FeaturedSpace: max memory 932184064, total allocated 138412032, free 120598696, used 17813336, increment 0
Sequential: max memory 932184064, total allocated 138412032, free 120598696, used 17813336, increment 0
Initial loss: 9.212438170058329
Time since start: 26.778
60: time = 0.242000 loss = 8.957108
Res.gain: 0.2553301348946615
Jackknife: only bio_11
Making features
makeFeatures: max memory 932184064, total allocated 138412032, free 120598696, used 17813336, increment 0
Gustavia_santanderiensis_0 bio_11: 
Regularization values: linear/quadratic/product: 0.560, categorical: 0.250, threshold: 1.790, hinge: 0.500
21 samples
Density: max memory 932184064, total allocated 138412032, free 120598696, used 17813336, increment 0
linearPredictor: max memory 932184064, total allocated 138412032, free 120598696, used 17813336, increment 0
FeaturedSpace: max memory 932184064, total allocated 138412032, free 120598696, used 17813336, increment 0
Sequential: max memory 932184064, total allocated 138412032, free 120598696, used 17813336, increment 0
Initial loss: 9.212438170058329
60: time = 0.223000 loss = 8.944049
Res.gain: 0.2683891086153576
Jackknife: only bio_12
Making features
makeFeatures: max memory 932184064, total allocated 138412032, free 120598696, used 17813336, increment 0
Gustavia_santanderiensis_0 bio_12: 
Regularization values: linear/quadratic/product: 0.560, categorical: 0.250, threshold: 1.790, hinge: 0.500
21 samples
Density: max memory 932184064, total allocated 138412032, free 120598696, used 17813336, increment 0
linearPredictor: max memory 932184064, total allocated 138412032, free 119137736, used 19274296, increment 1460960
FeaturedSpace: max memory 932184064, total allocated 138412032, free 119137736, used 19274296, increment 0
Sequential: max memory 932184064, total allocated 138412032, free 119137736, used 19274296, increment 0
Initial loss: 9.212438170058329
60: time = 0.209000 loss = 9.113052
Res.gain: 0.09938657647584215
Jackknife: only bio_13
Making features
makeFeatures: max memory 932184064, total allocated 138412032, free 119137736, used 19274296, increment 0
Gustavia_santanderiensis_0 bio_13: 
Regularization values: linear/quadratic/product: 0.560, categorical: 0.250, threshold: 1.790, hinge: 0.500
21 samples
Density: max memory 932184064, total allocated 138412032, free 119137736, used 19274296, increment 0
linearPredictor: max memory 932184064, total allocated 138412032, free 119137736, used 19274296, increment 0
FeaturedSpace: max memory 932184064, total allocated 138412032, free 119137736, used 19274296, increment 0
Sequential: max memory 932184064, total allocated 138412032, free 119137736, used 19274296, increment 0
Initial loss: 9.212438170058329
60: time = 0.215000 loss = 9.203612
Res.gain: 0.008826298514769348
Jackknife: only bio_14
Making features
makeFeatures: max memory 932184064, total allocated 138412032, free 119137736, used 19274296, increment 0
Gustavia_santanderiensis_0 bio_14: 
Regularization values: linear/quadratic/product: 0.560, categorical: 0.250, threshold: 1.790, hinge: 0.500
21 samples
Density: max memory 932184064, total allocated 138412032, free 119137736, used 19274296, increment 0
linearPredictor: max memory 932184064, total allocated 138412032, free 119137736, used 19274296, increment 0
FeaturedSpace: max memory 932184064, total allocated 138412032, free 119137736, used 19274296, increment 0
Sequential: max memory 932184064, total allocated 138412032, free 119137736, used 19274296, increment 0
Initial loss: 9.212438170058329
60: time = 0.198000 loss = 9.023239
Res.gain: 0.18919887304603122
Jackknife: only bio_15
Making features
makeFeatures: max memory 932184064, total allocated 138412032, free 119137736, used 19274296, increment 0
Gustavia_santanderiensis_0 bio_15: 
Regularization values: linear/quadratic/product: 0.560, categorical: 0.250, threshold: 1.790, hinge: 0.500
21 samples
Density: max memory 932184064, total allocated 138412032, free 119137736, used 19274296, increment 0
linearPredictor: max memory 932184064, total allocated 138412032, free 119137736, used 19274296, increment 0
FeaturedSpace: max memory 932184064, total allocated 138412032, free 119137736, used 19274296, increment 0
Sequential: max memory 932184064, total allocated 138412032, free 119137736, used 19274296, increment 0
Initial loss: 9.212438170058329
Time since start: 27.844
60: time = 0.205000 loss = 9.082733
Res.gain: 0.12970521678045976
Jackknife: only bio_16
Making features
makeFeatures: max memory 932184064, total allocated 138412032, free 119137736, used 19274296, increment 0
Gustavia_santanderiensis_0 bio_16: 
Regularization values: linear/quadratic/product: 0.560, categorical: 0.250, threshold: 1.790, hinge: 0.500
21 samples
Density: max memory 932184064, total allocated 138412032, free 119137736, used 19274296, increment 0
linearPredictor: max memory 932184064, total allocated 138412032, free 119137736, used 19274296, increment 0
FeaturedSpace: max memory 932184064, total allocated 138412032, free 119137736, used 19274296, increment 0
Sequential: max memory 932184064, total allocated 138412032, free 119137736, used 19274296, increment 0
Initial loss: 9.212438170058329
60: time = 0.198000 loss = 9.193913
Res.gain: 0.01852532610160651
Jackknife: only bio_17
Making features
makeFeatures: max memory 932184064, total allocated 138412032, free 119057552, used 19354480, increment 80184
Gustavia_santanderiensis_0 bio_17: 
Regularization values: linear/quadratic/product: 0.560, categorical: 0.250, threshold: 1.790, hinge: 0.500
21 samples
Density: max memory 932184064, total allocated 138412032, free 118977368, used 19434664, increment 80184
linearPredictor: max memory 932184064, total allocated 138412032, free 118897184, used 19514848, increment 80184
FeaturedSpace: max memory 932184064, total allocated 138412032, free 118897184, used 19514848, increment 0
Sequential: max memory 932184064, total allocated 138412032, free 118897184, used 19514848, increment 0
Initial loss: 9.212438170058329
60: time = 0.207000 loss = 8.856918
Res.gain: 0.3555203091387913
Jackknife: only bio_2
Making features
makeFeatures: max memory 932184064, total allocated 138412032, free 117516248, used 20895784, increment 1380936
Gustavia_santanderiensis_0 bio_2: 
Regularization values: linear/quadratic/product: 0.560, categorical: 0.250, threshold: 1.790, hinge: 0.500
21 samples
Density: max memory 932184064, total allocated 138412032, free 117516248, used 20895784, increment 0
linearPredictor: max memory 932184064, total allocated 138412032, free 117516248, used 20895784, increment 0
FeaturedSpace: max memory 932184064, total allocated 138412032, free 117516248, used 20895784, increment 0
Sequential: max memory 932184064, total allocated 138412032, free 117516248, used 20895784, increment 0
Initial loss: 9.212438170058329
60: time = 0.215000 loss = 9.180577
Res.gain: 0.031860884242924215
Jackknife: only bio_3
Making features
makeFeatures: max memory 932184064, total allocated 138412032, free 117516248, used 20895784, increment 0
Gustavia_santanderiensis_0 bio_3: 
Regularization values: linear/quadratic/product: 0.560, categorical: 0.250, threshold: 1.790, hinge: 0.500
21 samples
Density: max memory 932184064, total allocated 138412032, free 117516248, used 20895784, increment 0
linearPredictor: max memory 932184064, total allocated 138412032, free 117516248, used 20895784, increment 0
FeaturedSpace: max memory 932184064, total allocated 138412032, free 117516248, used 20895784, increment 0
Sequential: max memory 932184064, total allocated 138412032, free 117516248, used 20895784, increment 0
Initial loss: 9.212438170058329
60: time = 0.192000 loss = 9.189538
Res.gain: 0.022900554772554926
Jackknife: only bio_4
Making features
makeFeatures: max memory 932184064, total allocated 138412032, free 117516248, used 20895784, increment 0
Gustavia_santanderiensis_0 bio_4: 
Regularization values: linear/quadratic/product: 0.560, categorical: 0.250, threshold: 1.790, hinge: 0.500
21 samples
Density: max memory 932184064, total allocated 138412032, free 117516248, used 20895784, increment 0
linearPredictor: max memory 932184064, total allocated 138412032, free 117516248, used 20895784, increment 0
FeaturedSpace: max memory 932184064, total allocated 138412032, free 117516248, used 20895784, increment 0
Sequential: max memory 932184064, total allocated 138412032, free 117516248, used 20895784, increment 0
Initial loss: 9.212438170058329
20: time = 0.100000 loss = 9.212438
Res.gain: 0.0
Jackknife: only bio_5
Making features
makeFeatures: max memory 932184064, total allocated 138412032, free 117516248, used 20895784, increment 0
Gustavia_santanderiensis_0 bio_5: 
Regularization values: linear/quadratic/product: 0.560, categorical: 0.250, threshold: 1.790, hinge: 0.500
21 samples
Density: max memory 932184064, total allocated 138412032, free 117516248, used 20895784, increment 0
linearPredictor: max memory 932184064, total allocated 138412032, free 117516248, used 20895784, increment 0
FeaturedSpace: max memory 932184064, total allocated 138412032, free 117516248, used 20895784, increment 0
Sequential: max memory 932184064, total allocated 138412032, free 117516248, used 20895784, increment 0
Initial loss: 9.212438170058329
Time since start: 28.987
60: time = 0.212000 loss = 8.957826
Res.gain: 0.2546125505583845
Jackknife: only bio_6
Making features
makeFeatures: max memory 932184064, total allocated 138412032, free 117516248, used 20895784, increment 0
Gustavia_santanderiensis_0 bio_6: 
Regularization values: linear/quadratic/product: 0.560, categorical: 0.250, threshold: 1.790, hinge: 0.500
21 samples
Density: max memory 932184064, total allocated 138412032, free 116055288, used 22356744, increment 1460960
linearPredictor: max memory 932184064, total allocated 138412032, free 116055288, used 22356744, increment 0
FeaturedSpace: max memory 932184064, total allocated 138412032, free 116055288, used 22356744, increment 0
Sequential: max memory 932184064, total allocated 138412032, free 116055288, used 22356744, increment 0
Initial loss: 9.212438170058329
60: time = 0.221000 loss = 8.907758
Res.gain: 0.3046797502726015
Jackknife: only bio_7
Making features
makeFeatures: max memory 932184064, total allocated 138412032, free 116055288, used 22356744, increment 0
Gustavia_santanderiensis_0 bio_7: 
Regularization values: linear/quadratic/product: 0.560, categorical: 0.250, threshold: 1.790, hinge: 0.500
21 samples
Density: max memory 932184064, total allocated 138412032, free 116055288, used 22356744, increment 0
linearPredictor: max memory 932184064, total allocated 138412032, free 116055288, used 22356744, increment 0
FeaturedSpace: max memory 932184064, total allocated 138412032, free 116055288, used 22356744, increment 0
Sequential: max memory 932184064, total allocated 138412032, free 116055288, used 22356744, increment 0
Initial loss: 9.212438170058329
40: time = 0.124000 loss = 9.212157
Res.gain: 2.814480601855962E-4
Jackknife: only bio_ai_et0
Making features
makeFeatures: max memory 932184064, total allocated 138412032, free 116055288, used 22356744, increment 0
Gustavia_santanderiensis_0 bio_ai_et0: 
Regularization values: linear/quadratic/product: 0.560, categorical: 0.250, threshold: 1.790, hinge: 0.500
21 samples
Density: max memory 932184064, total allocated 138412032, free 116055288, used 22356744, increment 0
linearPredictor: max memory 932184064, total allocated 138412032, free 116055288, used 22356744, increment 0
FeaturedSpace: max memory 932184064, total allocated 138412032, free 116055288, used 22356744, increment 0
Sequential: max memory 932184064, total allocated 138412032, free 116055288, used 22356744, increment 0
Initial loss: 9.212438170058329
60: time = 0.205000 loss = 9.164416
Res.gain: 0.048022073131152254
Jackknife: only bio_et0_yr
Making features
makeFeatures: max memory 932184064, total allocated 138412032, free 116055288, used 22356744, increment 0
Gustavia_santanderiensis_0 bio_et0_yr: 
Regularization values: linear/quadratic/product: 0.560, categorical: 0.250, threshold: 1.790, hinge: 0.500
21 samples
Density: max memory 932184064, total allocated 138412032, free 116055288, used 22356744, increment 0
linearPredictor: max memory 932184064, total allocated 138412032, free 116055288, used 22356744, increment 0
FeaturedSpace: max memory 932184064, total allocated 138412032, free 116055288, used 22356744, increment 0
Sequential: max memory 932184064, total allocated 138412032, free 116055288, used 22356744, increment 0
Initial loss: 9.212438170058329
60: time = 0.200000 loss = 9.172174
Res.gain: 0.04026381569087789
getSamples: max memory 932184064, total allocated 138412032, free 110442896, used 27969136, increment 5612392
Making features
makeFeatures: max memory 932184064, total allocated 138412032, free 108661200, used 29750832, increment 1781696
Gustavia_santanderiensis_1: 
Regularization values: linear/quadratic/product: 0.560, categorical: 0.250, threshold: 1.790, hinge: 0.500
21 samples
Density: max memory 932184064, total allocated 138412032, free 108661200, used 29750832, increment 0
linearPredictor: max memory 932184064, total allocated 138412032, free 108661200, used 29750832, increment 0
FeaturedSpace: max memory 932184064, total allocated 138412032, free 108661200, used 29750832, increment 0
Sequential: max memory 932184064, total allocated 138412032, free 108661200, used 29750832, increment 0
Initial loss: 9.212438170058329
Time since start: 30.162
160: time = 0.283000 loss = 7.435755
Resulting gain: 1.7766828647256396
Projecting...
Writing file C:\Users\Camila\Desktop\Modelo opc3\Final_Models\M_3_F_l_Set_1\Gustavia_santanderiensis_1.asc
Time since start: 33.398
Writing C:\Users\Camila\Desktop\Modelo opc3\Final_Models\M_3_F_l_Set_1\plots\Gustavia_santanderiensis_1.png
Gustavia_santanderiensis_1 response curves
Time since start: 37.707
Response curve: only bio_1
Making features
makeFeatures: max memory 932184064, total allocated 135266304, free 96114936, used 39151368, increment 9400536
Gustavia_santanderiensis_1 bio_1: 
Regularization values: linear/quadratic/product: 0.560, categorical: 0.250, threshold: 1.790, hinge: 0.500
21 samples
Density: max memory 932184064, total allocated 135266304, free 96114936, used 39151368, increment 0
linearPredictor: max memory 932184064, total allocated 135266304, free 96114936, used 39151368, increment 0
FeaturedSpace: max memory 932184064, total allocated 135266304, free 96114936, used 39151368, increment 0
Sequential: max memory 932184064, total allocated 135266304, free 96114936, used 39151368, increment 0
Initial loss: 9.212438170058329
60: time = 0.481000 loss = 8.908544
Resulting gain: 0.3038939621153176
Gustavia_santanderiensis_1 response curves
Response curve: only bio_10
Making features
makeFeatures: max memory 932184064, total allocated 135266304, free 91602600, used 43663704, increment 4512336
Gustavia_santanderiensis_1 bio_10: 
Regularization values: linear/quadratic/product: 0.560, categorical: 0.250, threshold: 1.790, hinge: 0.500
21 samples
Density: max memory 932184064, total allocated 135266304, free 91602600, used 43663704, increment 0
linearPredictor: max memory 932184064, total allocated 135266304, free 91602600, used 43663704, increment 0
FeaturedSpace: max memory 932184064, total allocated 135266304, free 91602600, used 43663704, increment 0
Sequential: max memory 932184064, total allocated 135266304, free 91602600, used 43663704, increment 0
Initial loss: 9.212438170058329
60: time = 0.233000 loss = 8.934851
Resulting gain: 0.2775867566134913
Gustavia_santanderiensis_1 response curves
Time since start: 38.766
Response curve: only bio_11
Making features
makeFeatures: max memory 932184064, total allocated 135266304, free 88274128, used 46992176, increment 3328472
Gustavia_santanderiensis_1 bio_11: 
Regularization values: linear/quadratic/product: 0.560, categorical: 0.250, threshold: 1.790, hinge: 0.500
21 samples
Density: max memory 932184064, total allocated 135266304, free 88193944, used 47072360, increment 80184
linearPredictor: max memory 932184064, total allocated 135266304, free 88113760, used 47152544, increment 80184
FeaturedSpace: max memory 932184064, total allocated 135266304, free 88113760, used 47152544, increment 0
Sequential: max memory 932184064, total allocated 135266304, free 88113760, used 47152544, increment 0
Initial loss: 9.212438170058329
60: time = 0.250000 loss = 8.925335
Resulting gain: 0.28710323108746216
Gustavia_santanderiensis_1 response curves
Response curve: only bio_12
Making features
makeFeatures: max memory 932184064, total allocated 135266304, free 83585688, used 51680616, increment 4528072
Gustavia_santanderiensis_1 bio_12: 
Regularization values: linear/quadratic/product: 0.560, categorical: 0.250, threshold: 1.790, hinge: 0.500
21 samples
Density: max memory 932184064, total allocated 135266304, free 83585688, used 51680616, increment 0
linearPredictor: max memory 932184064, total allocated 135266304, free 83585688, used 51680616, increment 0
FeaturedSpace: max memory 932184064, total allocated 135266304, free 83585688, used 51680616, increment 0
Sequential: max memory 932184064, total allocated 135266304, free 83585688, used 51680616, increment 0
Initial loss: 9.212438170058329
60: time = 0.238000 loss = 9.137907
Resulting gain: 0.07453155098955833
Gustavia_santanderiensis_1 response curves
Response curve: only bio_13
Making features
makeFeatures: max memory 932184064, total allocated 135266304, free 78852568, used 56413736, increment 4733120
Gustavia_santanderiensis_1 bio_13: 
Regularization values: linear/quadratic/product: 0.560, categorical: 0.250, threshold: 1.790, hinge: 0.500
21 samples
Density: max memory 932184064, total allocated 135266304, free 78852568, used 56413736, increment 0
linearPredictor: max memory 932184064, total allocated 135266304, free 78852568, used 56413736, increment 0
FeaturedSpace: max memory 932184064, total allocated 135266304, free 78852568, used 56413736, increment 0
Sequential: max memory 932184064, total allocated 135266304, free 78852568, used 56413736, increment 0
Initial loss: 9.212438170058329
40: time = 0.117000 loss = 9.212311
Resulting gain: 1.266822301850823E-4
Gustavia_santanderiensis_1 response curves
Time since start: 39.848
Response curve: only bio_14
Making features
makeFeatures: max memory 932184064, total allocated 135266304, free 74340232, used 60926072, increment 4512336
Gustavia_santanderiensis_1 bio_14: 
Regularization values: linear/quadratic/product: 0.560, categorical: 0.250, threshold: 1.790, hinge: 0.500
21 samples
Density: max memory 932184064, total allocated 135266304, free 74340232, used 60926072, increment 0
linearPredictor: max memory 932184064, total allocated 135266304, free 74340232, used 60926072, increment 0
FeaturedSpace: max memory 932184064, total allocated 135266304, free 74340232, used 60926072, increment 0
Sequential: max memory 932184064, total allocated 135266304, free 74340232, used 60926072, increment 0
Initial loss: 9.212438170058329
60: time = 0.705000 loss = 9.054566
Resulting gain: 0.15787231525117384
Gustavia_santanderiensis_1 response curves
Response curve: only bio_15
Making features
makeFeatures: max memory 932184064, total allocated 135266304, free 71011760, used 64254544, increment 3328472
Gustavia_santanderiensis_1 bio_15: 
Regularization values: linear/quadratic/product: 0.560, categorical: 0.250, threshold: 1.790, hinge: 0.500
21 samples
Density: max memory 932184064, total allocated 135266304, free 70931576, used 64334728, increment 80184
linearPredictor: max memory 932184064, total allocated 135266304, free 70851392, used 64414912, increment 80184
FeaturedSpace: max memory 932184064, total allocated 135266304, free 70851392, used 64414912, increment 0
Sequential: max memory 932184064, total allocated 135266304, free 70851392, used 64414912, increment 0
Initial loss: 9.212438170058329
Time since start: 40.961
60: time = 0.214000 loss = 8.966795
Resulting gain: 0.24564273193335673
Gustavia_santanderiensis_1 response curves
Response curve: only bio_16
Making features
makeFeatures: max memory 932184064, total allocated 135266304, free 66323512, used 68942792, increment 4527880
Gustavia_santanderiensis_1 bio_16: 
Regularization values: linear/quadratic/product: 0.560, categorical: 0.250, threshold: 1.790, hinge: 0.500
21 samples
Density: max memory 932184064, total allocated 135266304, free 66323512, used 68942792, increment 0
linearPredictor: max memory 932184064, total allocated 135266304, free 66323512, used 68942792, increment 0
FeaturedSpace: max memory 932184064, total allocated 135266304, free 66323512, used 68942792, increment 0
Sequential: max memory 932184064, total allocated 135266304, free 66323512, used 68942792, increment 0
Initial loss: 9.212438170058329
60: time = 0.179000 loss = 9.207621
Resulting gain: 0.004816703211471207
Gustavia_santanderiensis_1 response curves
Response curve: only bio_17
Making features
makeFeatures: max memory 932184064, total allocated 135266304, free 61585624, used 73680680, increment 4737888
Gustavia_santanderiensis_1 bio_17: 
Regularization values: linear/quadratic/product: 0.560, categorical: 0.250, threshold: 1.790, hinge: 0.500
21 samples
Density: max memory 932184064, total allocated 135266304, free 61585624, used 73680680, increment 0
linearPredictor: max memory 932184064, total allocated 135266304, free 61585624, used 73680680, increment 0
FeaturedSpace: max memory 932184064, total allocated 135266304, free 61585624, used 73680680, increment 0
Sequential: max memory 932184064, total allocated 135266304, free 61585624, used 73680680, increment 0
Initial loss: 9.212438170058329
60: time = 0.194000 loss = 8.837908
Resulting gain: 0.3745303512896676
Gustavia_santanderiensis_1 response curves
Response curve: only bio_2
Making features
makeFeatures: max memory 932184064, total allocated 135266304, free 57073288, used 78193016, increment 4512336
Gustavia_santanderiensis_1 bio_2: 
Regularization values: linear/quadratic/product: 0.560, categorical: 0.250, threshold: 1.790, hinge: 0.500
21 samples
Density: max memory 932184064, total allocated 135266304, free 57073288, used 78193016, increment 0
linearPredictor: max memory 932184064, total allocated 135266304, free 57073288, used 78193016, increment 0
FeaturedSpace: max memory 932184064, total allocated 135266304, free 57073288, used 78193016, increment 0
Sequential: max memory 932184064, total allocated 135266304, free 57073288, used 78193016, increment 0
Initial loss: 9.212438170058329
Time since start: 42.036
60: time = 0.230000 loss = 9.181823
Resulting gain: 0.03061498561115883
Gustavia_santanderiensis_1 response curves
Response curve: only bio_3
Making features
makeFeatures: max memory 932184064, total allocated 135266304, free 53744816, used 81521488, increment 3328472
Gustavia_santanderiensis_1 bio_3: 
Regularization values: linear/quadratic/product: 0.560, categorical: 0.250, threshold: 1.790, hinge: 0.500
21 samples
Density: max memory 932184064, total allocated 135266304, free 53664632, used 81601672, increment 80184
linearPredictor: max memory 932184064, total allocated 135266304, free 53584448, used 81681856, increment 80184
FeaturedSpace: max memory 932184064, total allocated 135266304, free 53584448, used 81681856, increment 0
Sequential: max memory 932184064, total allocated 135266304, free 53584448, used 81681856, increment 0
Initial loss: 9.212438170058329
60: time = 0.181000 loss = 9.178124
Resulting gain: 0.03431446408482408
Gustavia_santanderiensis_1 response curves
Response curve: only bio_4
Making features
makeFeatures: max memory 932184064, total allocated 135266304, free 49448464, used 85817840, increment 4135984
Gustavia_santanderiensis_1 bio_4: 
Regularization values: linear/quadratic/product: 0.560, categorical: 0.250, threshold: 1.790, hinge: 0.500
21 samples
Density: max memory 932184064, total allocated 125304832, free 101500368, used 23804464, increment -62013376
linearPredictor: max memory 932184064, total allocated 125304832, free 100356568, used 24948264, increment 1143800
FeaturedSpace: max memory 932184064, total allocated 125304832, free 100356568, used 24948264, increment 0
Sequential: max memory 932184064, total allocated 125304832, free 100356568, used 24948264, increment 0
Initial loss: 9.212438170058329
20: time = 0.103000 loss = 9.212438
Resulting gain: 0.0
Gustavia_santanderiensis_1 response curves
Response curve: only bio_5
Making features
makeFeatures: max memory 932184064, total allocated 125304832, free 97104120, used 28200712, increment 3252448
Gustavia_santanderiensis_1 bio_5: 
Regularization values: linear/quadratic/product: 0.560, categorical: 0.250, threshold: 1.790, hinge: 0.500
21 samples
Density: max memory 932184064, total allocated 125304832, free 97104120, used 28200712, increment 0
linearPredictor: max memory 932184064, total allocated 125304832, free 97104120, used 28200712, increment 0
FeaturedSpace: max memory 932184064, total allocated 125304832, free 97104120, used 28200712, increment 0
Sequential: max memory 932184064, total allocated 125304832, free 97104120, used 28200712, increment 0
Initial loss: 9.212438170058329
Time since start: 43.456
60: time = 0.707000 loss = 8.940868
Resulting gain: 0.271570412864488
Gustavia_santanderiensis_1 response curves
Response curve: only bio_6
Making features
makeFeatures: max memory 932184064, total allocated 125304832, free 92707824, used 32597008, increment 4396296
Gustavia_santanderiensis_1 bio_6: 
Regularization values: linear/quadratic/product: 0.560, categorical: 0.250, threshold: 1.790, hinge: 0.500
21 samples
Density: max memory 932184064, total allocated 125304832, free 92707824, used 32597008, increment 0
linearPredictor: max memory 932184064, total allocated 125304832, free 92707824, used 32597008, increment 0
FeaturedSpace: max memory 932184064, total allocated 125304832, free 92707824, used 32597008, increment 0
Sequential: max memory 932184064, total allocated 125304832, free 92707824, used 32597008, increment 0
Initial loss: 9.212438170058329
60: time = 0.232000 loss = 8.873882
Resulting gain: 0.3385559705280645
Gustavia_santanderiensis_1 response curves
Response curve: only bio_7
Making features
makeFeatures: max memory 932184064, total allocated 125304832, free 88295176, used 37009656, increment 4412648
Gustavia_santanderiensis_1 bio_7: 
Regularization values: linear/quadratic/product: 0.560, categorical: 0.250, threshold: 1.790, hinge: 0.500
21 samples
Density: max memory 932184064, total allocated 125304832, free 88295176, used 37009656, increment 0
linearPredictor: max memory 932184064, total allocated 125304832, free 88295176, used 37009656, increment 0
FeaturedSpace: max memory 932184064, total allocated 125304832, free 88295176, used 37009656, increment 0
Sequential: max memory 932184064, total allocated 125304832, free 88295176, used 37009656, increment 0
Initial loss: 9.212438170058329
20: time = 0.105000 loss = 9.212438
Resulting gain: 0.0
Gustavia_santanderiensis_1 response curves
Response curve: only bio_ai_et0
Making features
makeFeatures: max memory 932184064, total allocated 125304832, free 83898872, used 41405960, increment 4396304
Gustavia_santanderiensis_1 bio_ai_et0: 
Regularization values: linear/quadratic/product: 0.560, categorical: 0.250, threshold: 1.790, hinge: 0.500
21 samples
Density: max memory 932184064, total allocated 125304832, free 83898872, used 41405960, increment 0
linearPredictor: max memory 932184064, total allocated 125304832, free 83898872, used 41405960, increment 0
FeaturedSpace: max memory 932184064, total allocated 125304832, free 83898872, used 41405960, increment 0
Sequential: max memory 932184064, total allocated 125304832, free 83898872, used 41405960, increment 0
Initial loss: 9.212438170058329
Time since start: 44.481
60: time = 0.218000 loss = 9.182708
Resulting gain: 0.029730615919337566
Gustavia_santanderiensis_1 response curves
Response curve: only bio_et0_yr
Making features
makeFeatures: max memory 932184064, total allocated 125304832, free 79504904, used 45799928, increment 4393968
Gustavia_santanderiensis_1 bio_et0_yr: 
Regularization values: linear/quadratic/product: 0.560, categorical: 0.250, threshold: 1.790, hinge: 0.500
21 samples
Density: max memory 932184064, total allocated 125304832, free 79504904, used 45799928, increment 0
linearPredictor: max memory 932184064, total allocated 125304832, free 79504904, used 45799928, increment 0
FeaturedSpace: max memory 932184064, total allocated 125304832, free 79504904, used 45799928, increment 0
Sequential: max memory 932184064, total allocated 125304832, free 79504904, used 45799928, increment 0
Initial loss: 9.212438170058329
60: time = 0.710000 loss = 9.166481
Resulting gain: 0.045957059626596575
Gustavia_santanderiensis_1 response curves
Time since start: 46.214
Jackknife: leave bio_1 out
Making features
makeFeatures: max memory 932184064, total allocated 122159104, free 51115784, used 71043320, increment 25243392
Gustavia_santanderiensis_1 bio_1: 
Regularization values: linear/quadratic/product: 0.560, categorical: 0.250, threshold: 1.790, hinge: 0.500
21 samples
Density: max memory 932184064, total allocated 122159104, free 51035600, used 71123504, increment 80184
linearPredictor: max memory 932184064, total allocated 122159104, free 50955416, used 71203688, increment 80184
FeaturedSpace: max memory 932184064, total allocated 122159104, free 50955416, used 71203688, increment 0
Sequential: max memory 932184064, total allocated 122159104, free 50955416, used 71203688, increment 0
Initial loss: 9.212438170058329
120: time = 0.246000 loss = 7.435755
Jackknife: leave bio_10 out
Making features
makeFeatures: max memory 932184064, total allocated 122159104, free 49548296, used 72610808, increment 1407120
Gustavia_santanderiensis_1 bio_10: 
Regularization values: linear/quadratic/product: 0.560, categorical: 0.250, threshold: 1.790, hinge: 0.500
21 samples
Density: max memory 932184064, total allocated 122159104, free 49468112, used 72690992, increment 80184
linearPredictor: max memory 932184064, total allocated 122159104, free 49387928, used 72771176, increment 80184
FeaturedSpace: max memory 932184064, total allocated 122159104, free 49383128, used 72775976, increment 4800
Sequential: max memory 932184064, total allocated 122159104, free 49383128, used 72775976, increment 0
Initial loss: 9.212438170058329
160: time = 0.302000 loss = 7.435755
Jackknife: leave bio_11 out
Making features
makeFeatures: max memory 932184064, total allocated 122159104, free 47895832, used 74263272, increment 1487296
Gustavia_santanderiensis_1 bio_11: 
Regularization values: linear/quadratic/product: 0.560, categorical: 0.250, threshold: 1.790, hinge: 0.500
21 samples
Density: max memory 932184064, total allocated 122159104, free 47815648, used 74343456, increment 80184
linearPredictor: max memory 932184064, total allocated 122159104, free 47735464, used 74423640, increment 80184
FeaturedSpace: max memory 932184064, total allocated 122159104, free 47735464, used 74423640, increment 0
Sequential: max memory 932184064, total allocated 122159104, free 47735464, used 74423640, increment 0
Initial loss: 9.212438170058329
160: time = 0.286000 loss = 7.435755
Jackknife: leave bio_12 out
Making features
makeFeatures: max memory 932184064, total allocated 122159104, free 46328304, used 75830800, increment 1407160
Gustavia_santanderiensis_1 bio_12: 
Regularization values: linear/quadratic/product: 0.560, categorical: 0.250, threshold: 1.790, hinge: 0.500
21 samples
Density: max memory 932184064, total allocated 122159104, free 45161776, used 76997328, increment 1166528
linearPredictor: max memory 932184064, total allocated 122159104, free 45161776, used 76997328, increment 0
FeaturedSpace: max memory 932184064, total allocated 122159104, free 45161776, used 76997328, increment 0
Sequential: max memory 932184064, total allocated 122159104, free 45161776, used 76997328, increment 0
Initial loss: 9.212438170058329
Time since start: 47.354
160: time = 0.270000 loss = 7.435755
Jackknife: leave bio_13 out
Making features
makeFeatures: max memory 932184064, total allocated 122159104, free 44680672, used 77478432, increment 481104
Gustavia_santanderiensis_1 bio_13: 
Regularization values: linear/quadratic/product: 0.560, categorical: 0.250, threshold: 1.790, hinge: 0.500
21 samples
Density: max memory 932184064, total allocated 122159104, free 44600488, used 77558616, increment 80184
linearPredictor: max memory 932184064, total allocated 122159104, free 44520304, used 77638800, increment 80184
FeaturedSpace: max memory 932184064, total allocated 122159104, free 44520304, used 77638800, increment 0
Sequential: max memory 932184064, total allocated 122159104, free 44520304, used 77638800, increment 0
Initial loss: 9.212438170058329
160: time = 0.752000 loss = 7.435755
Jackknife: leave bio_14 out
Making features
makeFeatures: max memory 932184064, total allocated 122159104, free 42267368, used 79891736, increment 2252936
Gustavia_santanderiensis_1 bio_14: 
Regularization values: linear/quadratic/product: 0.560, categorical: 0.250, threshold: 1.790, hinge: 0.500
21 samples
Density: max memory 932184064, total allocated 122159104, free 42267368, used 79891736, increment 0
linearPredictor: max memory 932184064, total allocated 122159104, free 42267368, used 79891736, increment 0
FeaturedSpace: max memory 932184064, total allocated 122159104, free 42267368, used 79891736, increment 0
Sequential: max memory 932184064, total allocated 122159104, free 42267368, used 79891736, increment 0
Initial loss: 9.212438170058329
Time since start: 48.43
160: time = 0.309000 loss = 7.435755
Jackknife: leave bio_15 out
Making features
makeFeatures: max memory 932184064, total allocated 127926272, free 101051504, used 26874768, increment -53016968
Gustavia_santanderiensis_1 bio_15: 
Regularization values: linear/quadratic/product: 0.560, categorical: 0.250, threshold: 1.790, hinge: 0.500
21 samples
Density: max memory 932184064, total allocated 127926272, free 101051504, used 26874768, increment 0
linearPredictor: max memory 932184064, total allocated 127926272, free 101051504, used 26874768, increment 0
FeaturedSpace: max memory 932184064, total allocated 127926272, free 101051504, used 26874768, increment 0
Sequential: max memory 932184064, total allocated 127926272, free 101051504, used 26874768, increment 0
Initial loss: 9.212438170058329
200: time = 0.361000 loss = 7.805107
Jackknife: leave bio_16 out
Making features
makeFeatures: max memory 932184064, total allocated 127926272, free 99682520, used 28243752, increment 1368984
Gustavia_santanderiensis_1 bio_16: 
Regularization values: linear/quadratic/product: 0.560, categorical: 0.250, threshold: 1.790, hinge: 0.500
21 samples
Density: max memory 932184064, total allocated 127926272, free 99602336, used 28323936, increment 80184
linearPredictor: max memory 932184064, total allocated 127926272, free 99522152, used 28404120, increment 80184
FeaturedSpace: max memory 932184064, total allocated 127926272, free 99522152, used 28404120, increment 0
Sequential: max memory 932184064, total allocated 127926272, free 99522152, used 28404120, increment 0
Initial loss: 9.212438170058329
160: time = 0.302000 loss = 7.435755
Jackknife: leave bio_17 out
Making features
makeFeatures: max memory 932184064, total allocated 127926272, free 98072992, used 29853280, increment 1449160
Gustavia_santanderiensis_1 bio_17: 
Regularization values: linear/quadratic/product: 0.560, categorical: 0.250, threshold: 1.790, hinge: 0.500
21 samples
Density: max memory 932184064, total allocated 127926272, free 97992808, used 29933464, increment 80184
linearPredictor: max memory 932184064, total allocated 127926272, free 97912624, used 30013648, increment 80184
FeaturedSpace: max memory 932184064, total allocated 127926272, free 97912624, used 30013648, increment 0
Sequential: max memory 932184064, total allocated 127926272, free 97912624, used 30013648, increment 0
Initial loss: 9.212438170058329
120: time = 0.294000 loss = 7.435755
Jackknife: leave bio_2 out
Making features
Time since start: 49.437
makeFeatures: max memory 932184064, total allocated 127926272, free 95735984, used 32190288, increment 2176640
Gustavia_santanderiensis_1 bio_2: 
Regularization values: linear/quadratic/product: 0.560, categorical: 0.250, threshold: 1.790, hinge: 0.500
21 samples
Density: max memory 932184064, total allocated 127926272, free 95735984, used 32190288, increment 0
linearPredictor: max memory 932184064, total allocated 127926272, free 95735984, used 32190288, increment 0
FeaturedSpace: max memory 932184064, total allocated 127926272, free 95735984, used 32190288, increment 0
Sequential: max memory 932184064, total allocated 127926272, free 95735984, used 32190288, increment 0
Initial loss: 9.212438170058329
160: time = 0.280000 loss = 7.435755
Jackknife: leave bio_3 out
Making features
makeFeatures: max memory 932184064, total allocated 127926272, free 94607608, used 33318664, increment 1128376
Gustavia_santanderiensis_1 bio_3: 
Regularization values: linear/quadratic/product: 0.560, categorical: 0.250, threshold: 1.790, hinge: 0.500
21 samples
Density: max memory 932184064, total allocated 127926272, free 94607608, used 33318664, increment 0
linearPredictor: max memory 932184064, total allocated 127926272, free 94607608, used 33318664, increment 0
FeaturedSpace: max memory 932184064, total allocated 127926272, free 94607608, used 33318664, increment 0
Sequential: max memory 932184064, total allocated 127926272, free 94607608, used 33318664, increment 0
Initial loss: 9.212438170058329
160: time = 0.274000 loss = 7.435755
Jackknife: leave bio_4 out
Making features
makeFeatures: max memory 932184064, total allocated 127926272, free 92350856, used 35575416, increment 2256752
Gustavia_santanderiensis_1 bio_4: 
Regularization values: linear/quadratic/product: 0.560, categorical: 0.250, threshold: 1.790, hinge: 0.500
21 samples
Density: max memory 932184064, total allocated 127926272, free 92350856, used 35575416, increment 0
linearPredictor: max memory 932184064, total allocated 127926272, free 92350856, used 35575416, increment 0
FeaturedSpace: max memory 932184064, total allocated 127926272, free 92350856, used 35575416, increment 0
Sequential: max memory 932184064, total allocated 127926272, free 92350856, used 35575416, increment 0
Initial loss: 9.212438170058329
160: time = 0.273000 loss = 7.435755
Jackknife: leave bio_5 out
Making features
makeFeatures: max memory 932184064, total allocated 127926272, free 91222480, used 36703792, increment 1128376
Gustavia_santanderiensis_1 bio_5: 
Regularization values: linear/quadratic/product: 0.560, categorical: 0.250, threshold: 1.790, hinge: 0.500
21 samples
Density: max memory 932184064, total allocated 127926272, free 91222480, used 36703792, increment 0
linearPredictor: max memory 932184064, total allocated 127926272, free 91222480, used 36703792, increment 0
FeaturedSpace: max memory 932184064, total allocated 127926272, free 91222480, used 36703792, increment 0
Sequential: max memory 932184064, total allocated 127926272, free 91222480, used 36703792, increment 0
Initial loss: 9.212438170058329
Time since start: 50.52
120: time = 0.230000 loss = 7.446112
Jackknife: leave bio_6 out
Making features
makeFeatures: max memory 932184064, total allocated 127926272, free 90099904, used 37826368, increment 1122576
Gustavia_santanderiensis_1 bio_6: 
Regularization values: linear/quadratic/product: 0.560, categorical: 0.250, threshold: 1.790, hinge: 0.500
21 samples
Density: max memory 932184064, total allocated 127926272, free 90019720, used 37906552, increment 80184
linearPredictor: max memory 932184064, total allocated 127926272, free 89939536, used 37986736, increment 80184
FeaturedSpace: max memory 932184064, total allocated 127926272, free 89939536, used 37986736, increment 0
Sequential: max memory 932184064, total allocated 127926272, free 89939536, used 37986736, increment 0
Initial loss: 9.212438170058329
100: time = 0.200000 loss = 7.460688
Jackknife: leave bio_7 out
Making features
makeFeatures: max memory 932184064, total allocated 127926272, free 87762920, used 40163352, increment 2176616
Gustavia_santanderiensis_1 bio_7: 
Regularization values: linear/quadratic/product: 0.560, categorical: 0.250, threshold: 1.790, hinge: 0.500
21 samples
Density: max memory 932184064, total allocated 127926272, free 87762920, used 40163352, increment 0
linearPredictor: max memory 932184064, total allocated 127926272, free 87762920, used 40163352, increment 0
FeaturedSpace: max memory 932184064, total allocated 127926272, free 87762920, used 40163352, increment 0
Sequential: max memory 932184064, total allocated 127926272, free 87762920, used 40163352, increment 0
Initial loss: 9.212438170058329
160: time = 0.273000 loss = 7.435755
Jackknife: leave bio_ai_et0 out
Making features
makeFeatures: max memory 932184064, total allocated 127926272, free 86634544, used 41291728, increment 1128376
Gustavia_santanderiensis_1 bio_ai_et0: 
Regularization values: linear/quadratic/product: 0.560, categorical: 0.250, threshold: 1.790, hinge: 0.500
21 samples
Density: max memory 932184064, total allocated 127926272, free 86634544, used 41291728, increment 0
linearPredictor: max memory 932184064, total allocated 127926272, free 86634544, used 41291728, increment 0
FeaturedSpace: max memory 932184064, total allocated 127926272, free 86634544, used 41291728, increment 0
Sequential: max memory 932184064, total allocated 127926272, free 86634544, used 41291728, increment 0
Initial loss: 9.212438170058329
160: time = 0.269000 loss = 7.435755
Jackknife: leave bio_et0_yr out
Making features
makeFeatures: max memory 932184064, total allocated 127926272, free 84377792, used 43548480, increment 2256752
Gustavia_santanderiensis_1 bio_et0_yr: 
Regularization values: linear/quadratic/product: 0.560, categorical: 0.250, threshold: 1.790, hinge: 0.500
21 samples
Density: max memory 932184064, total allocated 127926272, free 84377792, used 43548480, increment 0
linearPredictor: max memory 932184064, total allocated 127926272, free 84377792, used 43548480, increment 0
FeaturedSpace: max memory 932184064, total allocated 127926272, free 84377792, used 43548480, increment 0
Sequential: max memory 932184064, total allocated 127926272, free 84377792, used 43548480, increment 0
Initial loss: 9.212438170058329
Time since start: 51.564
160: time = 0.271000 loss = 7.435755
Jackknife: only bio_1
Making features
makeFeatures: max memory 932184064, total allocated 127926272, free 84377792, used 43548480, increment 0
Gustavia_santanderiensis_1 bio_1: 
Regularization values: linear/quadratic/product: 0.560, categorical: 0.250, threshold: 1.790, hinge: 0.500
21 samples
Density: max memory 932184064, total allocated 127926272, free 84377792, used 43548480, increment 0
linearPredictor: max memory 932184064, total allocated 127926272, free 84377792, used 43548480, increment 0
FeaturedSpace: max memory 932184064, total allocated 127926272, free 84377792, used 43548480, increment 0
Sequential: max memory 932184064, total allocated 127926272, free 84377792, used 43548480, increment 0
Initial loss: 9.212438170058329
60: time = 0.211000 loss = 8.908544
Res.gain: 0.3038939621153176
Jackknife: only bio_10
Making features
makeFeatures: max memory 932184064, total allocated 127926272, free 84377792, used 43548480, increment 0
Gustavia_santanderiensis_1 bio_10: 
Regularization values: linear/quadratic/product: 0.560, categorical: 0.250, threshold: 1.790, hinge: 0.500
21 samples
Density: max memory 932184064, total allocated 127926272, free 84377792, used 43548480, increment 0
linearPredictor: max memory 932184064, total allocated 127926272, free 84377792, used 43548480, increment 0
FeaturedSpace: max memory 932184064, total allocated 127926272, free 84377792, used 43548480, increment 0
Sequential: max memory 932184064, total allocated 127926272, free 84377792, used 43548480, increment 0
Initial loss: 9.212438170058329
60: time = 0.218000 loss = 8.934851
Res.gain: 0.2775867566134913
Jackknife: only bio_11
Making features
makeFeatures: max memory 932184064, total allocated 127926272, free 84297608, used 43628664, increment 80184
Gustavia_santanderiensis_1 bio_11: 
Regularization values: linear/quadratic/product: 0.560, categorical: 0.250, threshold: 1.790, hinge: 0.500
21 samples
Density: max memory 932184064, total allocated 127926272, free 84217424, used 43708848, increment 80184
linearPredictor: max memory 932184064, total allocated 127926272, free 84137240, used 43789032, increment 80184
FeaturedSpace: max memory 932184064, total allocated 127926272, free 84137240, used 43789032, increment 0
Sequential: max memory 932184064, total allocated 127926272, free 84137240, used 43789032, increment 0
Initial loss: 9.212438170058329
60: time = 0.231000 loss = 8.925335
Res.gain: 0.28710323108746216
Jackknife: only bio_12
Making features
makeFeatures: max memory 932184064, total allocated 127926272, free 83008864, used 44917408, increment 1128376
Gustavia_santanderiensis_1 bio_12: 
Regularization values: linear/quadratic/product: 0.560, categorical: 0.250, threshold: 1.790, hinge: 0.500
21 samples
Density: max memory 932184064, total allocated 127926272, free 83008864, used 44917408, increment 0
linearPredictor: max memory 932184064, total allocated 127926272, free 83008864, used 44917408, increment 0
FeaturedSpace: max memory 932184064, total allocated 127926272, free 83008864, used 44917408, increment 0
Sequential: max memory 932184064, total allocated 127926272, free 83008864, used 44917408, increment 0
Initial loss: 9.212438170058329
60: time = 0.203000 loss = 9.137907
Res.gain: 0.07453155098955833
Jackknife: only bio_13
Making features
makeFeatures: max memory 932184064, total allocated 127926272, free 83008864, used 44917408, increment 0
Gustavia_santanderiensis_1 bio_13: 
Regularization values: linear/quadratic/product: 0.560, categorical: 0.250, threshold: 1.790, hinge: 0.500
21 samples
Density: max memory 932184064, total allocated 127926272, free 83008864, used 44917408, increment 0
linearPredictor: max memory 932184064, total allocated 127926272, free 83008864, used 44917408, increment 0
FeaturedSpace: max memory 932184064, total allocated 127926272, free 83008864, used 44917408, increment 0
Sequential: max memory 932184064, total allocated 127926272, free 83008864, used 44917408, increment 0
Initial loss: 9.212438170058329
40: time = 0.115000 loss = 9.212311
Res.gain: 1.266822301850823E-4
Jackknife: only bio_14
Making features
makeFeatures: max memory 932184064, total allocated 127926272, free 83008864, used 44917408, increment 0
Gustavia_santanderiensis_1 bio_14: 
Regularization values: linear/quadratic/product: 0.560, categorical: 0.250, threshold: 1.790, hinge: 0.500
21 samples
Density: max memory 932184064, total allocated 127926272, free 83008864, used 44917408, increment 0
linearPredictor: max memory 932184064, total allocated 127926272, free 83008864, used 44917408, increment 0
FeaturedSpace: max memory 932184064, total allocated 127926272, free 83008864, used 44917408, increment 0
Sequential: max memory 932184064, total allocated 127926272, free 83008864, used 44917408, increment 0
Initial loss: 9.212438170058329
Time since start: 52.738
60: time = 0.177000 loss = 9.054566
Res.gain: 0.15787231525117384
Jackknife: only bio_15
Making features
makeFeatures: max memory 932184064, total allocated 127926272, free 83008864, used 44917408, increment 0
Gustavia_santanderiensis_1 bio_15: 
Regularization values: linear/quadratic/product: 0.560, categorical: 0.250, threshold: 1.790, hinge: 0.500
21 samples
Density: max memory 932184064, total allocated 127926272, free 83008864, used 44917408, increment 0
linearPredictor: max memory 932184064, total allocated 127926272, free 83008864, used 44917408, increment 0
FeaturedSpace: max memory 932184064, total allocated 127926272, free 83008864, used 44917408, increment 0
Sequential: max memory 932184064, total allocated 127926272, free 83008864, used 44917408, increment 0
Initial loss: 9.212438170058329
60: time = 0.200000 loss = 8.966795
Res.gain: 0.24564273193335673
Jackknife: only bio_16
Making features
makeFeatures: max memory 932184064, total allocated 127926272, free 81960584, used 45965688, increment 1048280
Gustavia_santanderiensis_1 bio_16: 
Regularization values: linear/quadratic/product: 0.560, categorical: 0.250, threshold: 1.790, hinge: 0.500
21 samples
Density: max memory 932184064, total allocated 127926272, free 81960584, used 45965688, increment 0
linearPredictor: max memory 932184064, total allocated 127926272, free 81960584, used 45965688, increment 0
FeaturedSpace: max memory 932184064, total allocated 127926272, free 81960584, used 45965688, increment 0
Sequential: max memory 932184064, total allocated 127926272, free 81960584, used 45965688, increment 0
Initial loss: 9.212438170058329
60: time = 0.170000 loss = 9.207621
Res.gain: 0.004816703211471207
Jackknife: only bio_17
Making features
makeFeatures: max memory 932184064, total allocated 127926272, free 81960584, used 45965688, increment 0
Gustavia_santanderiensis_1 bio_17: 
Regularization values: linear/quadratic/product: 0.560, categorical: 0.250, threshold: 1.790, hinge: 0.500
21 samples
Density: max memory 932184064, total allocated 127926272, free 81960584, used 45965688, increment 0
linearPredictor: max memory 932184064, total allocated 127926272, free 81960584, used 45965688, increment 0
FeaturedSpace: max memory 932184064, total allocated 127926272, free 81960584, used 45965688, increment 0
Sequential: max memory 932184064, total allocated 127926272, free 81960584, used 45965688, increment 0
Initial loss: 9.212438170058329
60: time = 0.178000 loss = 8.837908
Res.gain: 0.3745303512896676
Jackknife: only bio_2
Making features
makeFeatures: max memory 932184064, total allocated 127926272, free 81960584, used 45965688, increment 0
Gustavia_santanderiensis_1 bio_2: 
Regularization values: linear/quadratic/product: 0.560, categorical: 0.250, threshold: 1.790, hinge: 0.500
21 samples
Density: max memory 932184064, total allocated 127926272, free 81960584, used 45965688, increment 0
linearPredictor: max memory 932184064, total allocated 127926272, free 81960584, used 45965688, increment 0
FeaturedSpace: max memory 932184064, total allocated 127926272, free 81960584, used 45965688, increment 0
Sequential: max memory 932184064, total allocated 127926272, free 81960584, used 45965688, increment 0
Initial loss: 9.212438170058329
60: time = 0.220000 loss = 9.181823
Res.gain: 0.03061498561115883
Jackknife: only bio_3
Making features
makeFeatures: max memory 932184064, total allocated 127926272, free 81960584, used 45965688, increment 0
Gustavia_santanderiensis_1 bio_3: 
Regularization values: linear/quadratic/product: 0.560, categorical: 0.250, threshold: 1.790, hinge: 0.500
21 samples
Density: max memory 932184064, total allocated 127926272, free 81880400, used 46045872, increment 80184
linearPredictor: max memory 932184064, total allocated 127926272, free 81800216, used 46126056, increment 80184
FeaturedSpace: max memory 932184064, total allocated 127926272, free 81800216, used 46126056, increment 0
Sequential: max memory 932184064, total allocated 127926272, free 81800216, used 46126056, increment 0
Initial loss: 9.212438170058329
60: time = 0.179000 loss = 9.178124
Res.gain: 0.03431446408482408
Jackknife: only bio_4
Making features
makeFeatures: max memory 932184064, total allocated 127926272, free 80752000, used 47174272, increment 1048216
Gustavia_santanderiensis_1 bio_4: 
Regularization values: linear/quadratic/product: 0.560, categorical: 0.250, threshold: 1.790, hinge: 0.500
21 samples
Density: max memory 932184064, total allocated 127926272, free 80752000, used 47174272, increment 0
linearPredictor: max memory 932184064, total allocated 127926272, free 80752000, used 47174272, increment 0
FeaturedSpace: max memory 932184064, total allocated 127926272, free 80752000, used 47174272, increment 0
Sequential: max memory 932184064, total allocated 127926272, free 80752000, used 47174272, increment 0
Initial loss: 9.212438170058329
Time since start: 53.799
20: time = 0.097000 loss = 9.212438
Res.gain: 0.0
Jackknife: only bio_5
Making features
makeFeatures: max memory 932184064, total allocated 127926272, free 80752000, used 47174272, increment 0
Gustavia_santanderiensis_1 bio_5: 
Regularization values: linear/quadratic/product: 0.560, categorical: 0.250, threshold: 1.790, hinge: 0.500
21 samples
Density: max memory 932184064, total allocated 127926272, free 80752000, used 47174272, increment 0
linearPredictor: max memory 932184064, total allocated 127926272, free 80752000, used 47174272, increment 0
FeaturedSpace: max memory 932184064, total allocated 127926272, free 80752000, used 47174272, increment 0
Sequential: max memory 932184064, total allocated 127926272, free 80752000, used 47174272, increment 0
Initial loss: 9.212438170058329
60: time = 0.237000 loss = 8.940868
Res.gain: 0.271570412864488
Jackknife: only bio_6
Making features
makeFeatures: max memory 932184064, total allocated 127926272, free 80752000, used 47174272, increment 0
Gustavia_santanderiensis_1 bio_6: 
Regularization values: linear/quadratic/product: 0.560, categorical: 0.250, threshold: 1.790, hinge: 0.500
21 samples
Density: max memory 932184064, total allocated 127926272, free 80752000, used 47174272, increment 0
linearPredictor: max memory 932184064, total allocated 127926272, free 80752000, used 47174272, increment 0
FeaturedSpace: max memory 932184064, total allocated 127926272, free 80752000, used 47174272, increment 0
Sequential: max memory 932184064, total allocated 127926272, free 80752000, used 47174272, increment 0
Initial loss: 9.212438170058329
60: time = 0.217000 loss = 8.873882
Res.gain: 0.3385559705280645
Jackknife: only bio_7
Making features
makeFeatures: max memory 932184064, total allocated 127926272, free 80752000, used 47174272, increment 0
Gustavia_santanderiensis_1 bio_7: 
Regularization values: linear/quadratic/product: 0.560, categorical: 0.250, threshold: 1.790, hinge: 0.500
21 samples
Density: max memory 932184064, total allocated 127926272, free 80752000, used 47174272, increment 0
linearPredictor: max memory 932184064, total allocated 127926272, free 80671816, used 47254456, increment 80184
FeaturedSpace: max memory 932184064, total allocated 127926272, free 80671816, used 47254456, increment 0
Sequential: max memory 932184064, total allocated 127926272, free 80671816, used 47254456, increment 0
Initial loss: 9.212438170058329
20: time = 0.097000 loss = 9.212438
Res.gain: 0.0
Jackknife: only bio_ai_et0
Making features
makeFeatures: max memory 932184064, total allocated 127926272, free 79543440, used 48382832, increment 1128376
Gustavia_santanderiensis_1 bio_ai_et0: 
Regularization values: linear/quadratic/product: 0.560, categorical: 0.250, threshold: 1.790, hinge: 0.500
21 samples
Density: max memory 932184064, total allocated 127926272, free 79543440, used 48382832, increment 0
linearPredictor: max memory 932184064, total allocated 127926272, free 79543440, used 48382832, increment 0
FeaturedSpace: max memory 932184064, total allocated 127926272, free 79543440, used 48382832, increment 0
Sequential: max memory 932184064, total allocated 127926272, free 79543440, used 48382832, increment 0
Initial loss: 9.212438170058329
60: time = 0.207000 loss = 9.182708
Res.gain: 0.029730615919337566
Jackknife: only bio_et0_yr
Making features
makeFeatures: max memory 932184064, total allocated 127926272, free 79543440, used 48382832, increment 0
Gustavia_santanderiensis_1 bio_et0_yr: 
Regularization values: linear/quadratic/product: 0.560, categorical: 0.250, threshold: 1.790, hinge: 0.500
21 samples
Density: max memory 932184064, total allocated 127926272, free 79543440, used 48382832, increment 0
linearPredictor: max memory 932184064, total allocated 127926272, free 79543440, used 48382832, increment 0
FeaturedSpace: max memory 932184064, total allocated 127926272, free 79543440, used 48382832, increment 0
Sequential: max memory 932184064, total allocated 127926272, free 79543440, used 48382832, increment 0
Initial loss: 9.212438170058329
60: time = 0.175000 loss = 9.166481
Res.gain: 0.045957059626596575
Time since start: 54.859
getSamples: max memory 932184064, total allocated 127926272, free 74928800, used 52997472, increment 4614640
Making features
makeFeatures: max memory 932184064, total allocated 127926272, free 73645856, used 54280416, increment 1282944
Gustavia_santanderiensis_2: 
Regularization values: linear/quadratic/product: 0.560, categorical: 0.250, threshold: 1.790, hinge: 0.500
21 samples
Density: max memory 932184064, total allocated 127926272, free 73565672, used 54360600, increment 80184
linearPredictor: max memory 932184064, total allocated 127926272, free 73485488, used 54440784, increment 80184
FeaturedSpace: max memory 932184064, total allocated 127926272, free 73485488, used 54440784, increment 0
Sequential: max memory 932184064, total allocated 127926272, free 73485488, used 54440784, increment 0
Initial loss: 9.212438170058329
180: time = 0.306000 loss = 8.120039
Resulting gain: 1.0923994057173605
Projecting...
Writing file C:\Users\Camila\Desktop\Modelo opc3\Final_Models\M_3_F_l_Set_1\Gustavia_santanderiensis_2.asc
Time since start: 58.137
Writing C:\Users\Camila\Desktop\Modelo opc3\Final_Models\M_3_F_l_Set_1\plots\Gustavia_santanderiensis_2.png
Gustavia_santanderiensis_2 response curves
Time since start: 62.667
Response curve: only bio_1
Making features
makeFeatures: max memory 932184064, total allocated 138936320, free 86836672, used 52099648, increment -2341136
Gustavia_santanderiensis_2 bio_1: 
Regularization values: linear/quadratic/product: 0.560, categorical: 0.250, threshold: 1.790, hinge: 0.500
21 samples
Density: max memory 932184064, total allocated 138936320, free 86836672, used 52099648, increment 0
linearPredictor: max memory 932184064, total allocated 138936320, free 86836672, used 52099648, increment 0
FeaturedSpace: max memory 932184064, total allocated 138936320, free 86836672, used 52099648, increment 0
Sequential: max memory 932184064, total allocated 138936320, free 86836672, used 52099648, increment 0
Initial loss: 9.212438170058329
60: time = 0.236000 loss = 8.947490
Resulting gain: 0.26494810382349065
Gustavia_santanderiensis_2 response curves
Response curve: only bio_10
Making features
makeFeatures: max memory 932184064, total allocated 138936320, free 82068552, used 56867768, increment 4768120
Gustavia_santanderiensis_2 bio_10: 
Regularization values: linear/quadratic/product: 0.560, categorical: 0.250, threshold: 1.790, hinge: 0.500
21 samples
Density: max memory 932184064, total allocated 138936320, free 82068552, used 56867768, increment 0
linearPredictor: max memory 932184064, total allocated 138936320, free 82068552, used 56867768, increment 0
FeaturedSpace: max memory 932184064, total allocated 138936320, free 82068552, used 56867768, increment 0
Sequential: max memory 932184064, total allocated 138936320, free 82068552, used 56867768, increment 0
Initial loss: 9.212438170058329
60: time = 0.249000 loss = 8.967801
Resulting gain: 0.2446376201493532
Gustavia_santanderiensis_2 response curves
Response curve: only bio_11
Making features
makeFeatures: max memory 932184064, total allocated 138936320, free 78568760, used 60367560, increment 3499792
Gustavia_santanderiensis_2 bio_11: 
Regularization values: linear/quadratic/product: 0.560, categorical: 0.250, threshold: 1.790, hinge: 0.500
21 samples
Density: max memory 932184064, total allocated 138936320, free 78568760, used 60367560, increment 0
linearPredictor: max memory 932184064, total allocated 138936320, free 78568760, used 60367560, increment 0
FeaturedSpace: max memory 932184064, total allocated 138936320, free 78568760, used 60367560, increment 0
Sequential: max memory 932184064, total allocated 138936320, free 78568760, used 60367560, increment 0
Initial loss: 9.212438170058329
Time since start: 63.744
60: time = 0.253000 loss = 8.961347
Resulting gain: 0.251091419899689
Gustavia_santanderiensis_2 response curves
Response curve: only bio_12
Making features
makeFeatures: max memory 932184064, total allocated 138936320, free 73803888, used 65132432, increment 4764872
Gustavia_santanderiensis_2 bio_12: 
Regularization values: linear/quadratic/product: 0.560, categorical: 0.250, threshold: 1.790, hinge: 0.500
21 samples
Density: max memory 932184064, total allocated 138936320, free 73803888, used 65132432, increment 0
linearPredictor: max memory 932184064, total allocated 138936320, free 73803888, used 65132432, increment 0
FeaturedSpace: max memory 932184064, total allocated 138936320, free 73803888, used 65132432, increment 0
Sequential: max memory 932184064, total allocated 138936320, free 73803888, used 65132432, increment 0
Initial loss: 9.212438170058329
60: time = 0.198000 loss = 9.152489
Resulting gain: 0.05994918045488262
Gustavia_santanderiensis_2 response curves
Response curve: only bio_13
Making features
makeFeatures: max memory 932184064, total allocated 138936320, free 69035768, used 69900552, increment 4768120
Gustavia_santanderiensis_2 bio_13: 
Regularization values: linear/quadratic/product: 0.560, categorical: 0.250, threshold: 1.790, hinge: 0.500
21 samples
Density: max memory 932184064, total allocated 138936320, free 69035768, used 69900552, increment 0
linearPredictor: max memory 932184064, total allocated 138936320, free 69035768, used 69900552, increment 0
FeaturedSpace: max memory 932184064, total allocated 138936320, free 69035768, used 69900552, increment 0
Sequential: max memory 932184064, total allocated 138936320, free 69035768, used 69900552, increment 0
Initial loss: 9.212438170058329
60: time = 0.198000 loss = 9.205632
Resulting gain: 0.006806118584401943
Gustavia_santanderiensis_2 response curves
Time since start: 64.757
Response curve: only bio_14
Making features
makeFeatures: max memory 932184064, total allocated 138936320, free 65535976, used 73400344, increment 3499792
Gustavia_santanderiensis_2 bio_14: 
Regularization values: linear/quadratic/product: 0.560, categorical: 0.250, threshold: 1.790, hinge: 0.500
21 samples
Density: max memory 932184064, total allocated 138936320, free 65535976, used 73400344, increment 0
linearPredictor: max memory 932184064, total allocated 138936320, free 65535976, used 73400344, increment 0
FeaturedSpace: max memory 932184064, total allocated 138936320, free 65535976, used 73400344, increment 0
Sequential: max memory 932184064, total allocated 138936320, free 65535976, used 73400344, increment 0
Initial loss: 9.212438170058329
60: time = 0.200000 loss = 9.121018
Resulting gain: 0.09141979851648507
Gustavia_santanderiensis_2 response curves
Response curve: only bio_15
Making features
makeFeatures: max memory 932184064, total allocated 138936320, free 60460320, used 78476000, increment 5075656
Gustavia_santanderiensis_2 bio_15: 
Regularization values: linear/quadratic/product: 0.560, categorical: 0.250, threshold: 1.790, hinge: 0.500
21 samples
Density: max memory 932184064, total allocated 138936320, free 60460320, used 78476000, increment 0
linearPredictor: max memory 932184064, total allocated 138936320, free 60460320, used 78476000, increment 0
FeaturedSpace: max memory 932184064, total allocated 138936320, free 60460320, used 78476000, increment 0
Sequential: max memory 932184064, total allocated 138936320, free 60460320, used 78476000, increment 0
Initial loss: 9.212438170058329
60: time = 0.196000 loss = 9.112958
Resulting gain: 0.09948007606667453
Gustavia_santanderiensis_2 response curves
Response curve: only bio_16
Making features
makeFeatures: max memory 932184064, total allocated 138936320, free 56958160, used 81978160, increment 3502160
Gustavia_santanderiensis_2 bio_16: 
Regularization values: linear/quadratic/product: 0.560, categorical: 0.250, threshold: 1.790, hinge: 0.500
21 samples
Density: max memory 932184064, total allocated 138936320, free 56958160, used 81978160, increment 0
linearPredictor: max memory 932184064, total allocated 138936320, free 56958160, used 81978160, increment 0
FeaturedSpace: max memory 932184064, total allocated 138936320, free 56958160, used 81978160, increment 0
Sequential: max memory 932184064, total allocated 138936320, free 56958160, used 81978160, increment 0
Initial loss: 9.212438170058329
60: time = 0.202000 loss = 9.208829
Resulting gain: 0.003609257997322146
Gustavia_santanderiensis_2 response curves
Time since start: 65.837
Response curve: only bio_17
Making features
makeFeatures: max memory 932184064, total allocated 138936320, free 51883352, used 87052968, increment 5074808
Gustavia_santanderiensis_2 bio_17: 
Regularization values: linear/quadratic/product: 0.560, categorical: 0.250, threshold: 1.790, hinge: 0.500
21 samples
Density: max memory 932184064, total allocated 138936320, free 51883352, used 87052968, increment 0
linearPredictor: max memory 932184064, total allocated 138936320, free 51883352, used 87052968, increment 0
FeaturedSpace: max memory 932184064, total allocated 138936320, free 51883352, used 87052968, increment 0
Sequential: max memory 932184064, total allocated 138936320, free 51883352, used 87052968, increment 0
Initial loss: 9.212438170058329
60: time = 0.187000 loss = 8.900866
Resulting gain: 0.3115720266763091
Gustavia_santanderiensis_2 response curves
Response curve: only bio_2
Making features
makeFeatures: max memory 932184064, total allocated 138936320, free 48383560, used 90552760, increment 3499792
Gustavia_santanderiensis_2 bio_2: 
Regularization values: linear/quadratic/product: 0.560, categorical: 0.250, threshold: 1.790, hinge: 0.500
21 samples
Density: max memory 932184064, total allocated 138936320, free 48383560, used 90552760, increment 0
linearPredictor: max memory 932184064, total allocated 138936320, free 48383560, used 90552760, increment 0
FeaturedSpace: max memory 932184064, total allocated 138936320, free 48383560, used 90552760, increment 0
Sequential: max memory 932184064, total allocated 138936320, free 48383560, used 90552760, increment 0
Initial loss: 9.212438170058329
60: time = 0.200000 loss = 9.162404
Resulting gain: 0.05003459813848821
Gustavia_santanderiensis_2 response curves
Response curve: only bio_3
Making features
makeFeatures: max memory 932184064, total allocated 138936320, free 43305400, used 95630920, increment 5078160
Gustavia_santanderiensis_2 bio_3: 
Regularization values: linear/quadratic/product: 0.560, categorical: 0.250, threshold: 1.790, hinge: 0.500
21 samples
Density: max memory 932184064, total allocated 138936320, free 43305400, used 95630920, increment 0
linearPredictor: max memory 932184064, total allocated 138936320, free 43305400, used 95630920, increment 0
FeaturedSpace: max memory 932184064, total allocated 138936320, free 43305400, used 95630920, increment 0
Sequential: max memory 932184064, total allocated 138936320, free 43305400, used 95630920, increment 0
Initial loss: 9.212438170058329
60: time = 0.192000 loss = 9.191746
Resulting gain: 0.02069219429113467
Gustavia_santanderiensis_2 response curves
Response curve: only bio_4
Making features
makeFeatures: max memory 932184064, total allocated 138936320, free 39805608, used 99130712, increment 3499792
Gustavia_santanderiensis_2 bio_4: 
Regularization values: linear/quadratic/product: 0.560, categorical: 0.250, threshold: 1.790, hinge: 0.500
21 samples
Density: max memory 932184064, total allocated 138936320, free 39805608, used 99130712, increment 0
linearPredictor: max memory 932184064, total allocated 138936320, free 39805608, used 99130712, increment 0
FeaturedSpace: max memory 932184064, total allocated 138936320, free 39805608, used 99130712, increment 0
Sequential: max memory 932184064, total allocated 138936320, free 39805608, used 99130712, increment 0
Initial loss: 9.212438170058329
Time since start: 66.935
20: time = 0.098000 loss = 9.212438
Resulting gain: 0.0
Gustavia_santanderiensis_2 response curves
Response curve: only bio_5
Making features
makeFeatures: max memory 932184064, total allocated 138936320, free 34732392, used 104203928, increment 5073216
Gustavia_santanderiensis_2 bio_5: 
Regularization values: linear/quadratic/product: 0.560, categorical: 0.250, threshold: 1.790, hinge: 0.500
21 samples
Density: max memory 932184064, total allocated 138936320, free 34732392, used 104203928, increment 0
linearPredictor: max memory 932184064, total allocated 138936320, free 34732392, used 104203928, increment 0
FeaturedSpace: max memory 932184064, total allocated 138936320, free 34732392, used 104203928, increment 0
Sequential: max memory 932184064, total allocated 138936320, free 34732392, used 104203928, increment 0
Initial loss: 9.212438170058329
60: time = 0.206000 loss = 8.958543
Resulting gain: 0.25389499019559914
Gustavia_santanderiensis_2 response curves
Response curve: only bio_6
Making features
makeFeatures: max memory 932184064, total allocated 132120576, free 86196448, used 45924128, increment -58279800
Gustavia_santanderiensis_2 bio_6: 
Regularization values: linear/quadratic/product: 0.560, categorical: 0.250, threshold: 1.790, hinge: 0.500
21 samples
Density: max memory 932184064, total allocated 132120576, free 86196448, used 45924128, increment 0
linearPredictor: max memory 932184064, total allocated 132120576, free 86196448, used 45924128, increment 0
FeaturedSpace: max memory 932184064, total allocated 132120576, free 86196448, used 45924128, increment 0
Sequential: max memory 932184064, total allocated 132120576, free 86196448, used 45924128, increment 0
Initial loss: 9.212438170058329
Time since start: 68.103
60: time = 0.684000 loss = 8.935523
Resulting gain: 0.2769148112761197
Gustavia_santanderiensis_2 response curves
Response curve: only bio_7
Making features
makeFeatures: max memory 932184064, total allocated 132120576, free 81553888, used 50566688, increment 4642560
Gustavia_santanderiensis_2 bio_7: 
Regularization values: linear/quadratic/product: 0.560, categorical: 0.250, threshold: 1.790, hinge: 0.500
21 samples
Density: max memory 932184064, total allocated 132120576, free 81553888, used 50566688, increment 0
linearPredictor: max memory 932184064, total allocated 132120576, free 81553888, used 50566688, increment 0
FeaturedSpace: max memory 932184064, total allocated 132120576, free 81553888, used 50566688, increment 0
Sequential: max memory 932184064, total allocated 132120576, free 81553888, used 50566688, increment 0
Initial loss: 9.212438170058329
60: time = 0.209000 loss = 9.211376
Resulting gain: 0.0010623415934123415
Gustavia_santanderiensis_2 response curves
Response curve: only bio_ai_et0
Making features
makeFeatures: max memory 932184064, total allocated 132120576, free 78140192, used 53980384, increment 3413696
Gustavia_santanderiensis_2 bio_ai_et0: 
Regularization values: linear/quadratic/product: 0.560, categorical: 0.250, threshold: 1.790, hinge: 0.500
21 samples
Density: max memory 932184064, total allocated 132120576, free 78060008, used 54060568, increment 80184
linearPredictor: max memory 932184064, total allocated 132120576, free 77979824, used 54140752, increment 80184
FeaturedSpace: max memory 932184064, total allocated 132120576, free 77979824, used 54140752, increment 0
Sequential: max memory 932184064, total allocated 132120576, free 77979824, used 54140752, increment 0
Initial loss: 9.212438170058329
60: time = 0.215000 loss = 9.195109
Resulting gain: 0.017329285141508777
Gustavia_santanderiensis_2 response curves
Response curve: only bio_et0_yr
Making features
makeFeatures: max memory 932184064, total allocated 132120576, free 73340392, used 58780184, increment 4639432
Gustavia_santanderiensis_2 bio_et0_yr: 
Regularization values: linear/quadratic/product: 0.560, categorical: 0.250, threshold: 1.790, hinge: 0.500
21 samples
Density: max memory 932184064, total allocated 132120576, free 73340392, used 58780184, increment 0
linearPredictor: max memory 932184064, total allocated 132120576, free 73340392, used 58780184, increment 0
FeaturedSpace: max memory 932184064, total allocated 132120576, free 73340392, used 58780184, increment 0
Sequential: max memory 932184064, total allocated 132120576, free 73340392, used 58780184, increment 0
Initial loss: 9.212438170058329
Time since start: 69.304
60: time = 0.242000 loss = 9.165551
Resulting gain: 0.0468869925520945
Gustavia_santanderiensis_2 response curves
Time since start: 70.613
Jackknife: leave bio_1 out
Making features
makeFeatures: max memory 932184064, total allocated 125304832, free 56410632, used 68894200, increment 10114016
Gustavia_santanderiensis_2 bio_1: 
Regularization values: linear/quadratic/product: 0.560, categorical: 0.250, threshold: 1.790, hinge: 0.500
21 samples
Density: max memory 932184064, total allocated 125304832, free 55177592, used 70127240, increment 1233040
linearPredictor: max memory 932184064, total allocated 125304832, free 55177592, used 70127240, increment 0
FeaturedSpace: max memory 932184064, total allocated 125304832, free 55177592, used 70127240, increment 0
Sequential: max memory 932184064, total allocated 125304832, free 55177592, used 70127240, increment 0
Initial loss: 9.212438170058329
120: time = 0.321000 loss = 8.120038
Jackknife: leave bio_10 out
Making features
makeFeatures: max memory 932184064, total allocated 125304832, free 54776672, used 70528160, increment 400920
Gustavia_santanderiensis_2 bio_10: 
Regularization values: linear/quadratic/product: 0.560, categorical: 0.250, threshold: 1.790, hinge: 0.500
21 samples
Density: max memory 932184064, total allocated 125304832, free 54696488, used 70608344, increment 80184
linearPredictor: max memory 932184064, total allocated 125304832, free 54616304, used 70688528, increment 80184
FeaturedSpace: max memory 932184064, total allocated 125304832, free 54616304, used 70688528, increment 0
Sequential: max memory 932184064, total allocated 125304832, free 54616304, used 70688528, increment 0
Initial loss: 9.212438170058329
180: time = 0.362000 loss = 8.120038
Jackknife: leave bio_11 out
Making features
makeFeatures: max memory 932184064, total allocated 125304832, free 53142640, used 72162192, increment 1473664
Gustavia_santanderiensis_2 bio_11: 
Regularization values: linear/quadratic/product: 0.560, categorical: 0.250, threshold: 1.790, hinge: 0.500
21 samples
Density: max memory 932184064, total allocated 125304832, free 53062456, used 72242376, increment 80184
linearPredictor: max memory 932184064, total allocated 125304832, free 52982272, used 72322560, increment 80184
FeaturedSpace: max memory 932184064, total allocated 125304832, free 52982272, used 72322560, increment 0
Sequential: max memory 932184064, total allocated 125304832, free 52982272, used 72322560, increment 0
Initial loss: 9.212438170058329
Time since start: 71.733
180: time = 0.411000 loss = 8.120038
Jackknife: leave bio_12 out
Making features
makeFeatures: max memory 932184064, total allocated 125304832, free 50596352, used 74708480, increment 2385920
Gustavia_santanderiensis_2 bio_12: 
Regularization values: linear/quadratic/product: 0.560, categorical: 0.250, threshold: 1.790, hinge: 0.500
21 samples
Density: max memory 932184064, total allocated 125304832, free 50596352, used 74708480, increment 0
linearPredictor: max memory 932184064, total allocated 125304832, free 50596352, used 74708480, increment 0
FeaturedSpace: max memory 932184064, total allocated 125304832, free 50596352, used 74708480, increment 0
Sequential: max memory 932184064, total allocated 125304832, free 50596352, used 74708480, increment 0
Initial loss: 9.212438170058329
180: time = 0.304000 loss = 8.120038
Jackknife: leave bio_13 out
Making features
makeFeatures: max memory 932184064, total allocated 125304832, free 49363312, used 75941520, increment 1233040
Gustavia_santanderiensis_2 bio_13: 
Regularization values: linear/quadratic/product: 0.560, categorical: 0.250, threshold: 1.790, hinge: 0.500
21 samples
Density: max memory 932184064, total allocated 125304832, free 49363312, used 75941520, increment 0
linearPredictor: max memory 932184064, total allocated 125304832, free 49363312, used 75941520, increment 0
FeaturedSpace: max memory 932184064, total allocated 125304832, free 49363312, used 75941520, increment 0
Sequential: max memory 932184064, total allocated 125304832, free 49363312, used 75941520, increment 0
Initial loss: 9.212438170058329
180: time = 0.304000 loss = 8.120038
Jackknife: leave bio_14 out
Making features
makeFeatures: max memory 932184064, total allocated 125304832, free 48128104, used 77176728, increment 1235208
Gustavia_santanderiensis_2 bio_14: 
Regularization values: linear/quadratic/product: 0.560, categorical: 0.250, threshold: 1.790, hinge: 0.500
21 samples
Density: max memory 932184064, total allocated 125304832, free 48128104, used 77176728, increment 0
linearPredictor: max memory 932184064, total allocated 125304832, free 48128104, used 77176728, increment 0
FeaturedSpace: max memory 932184064, total allocated 125304832, free 48128104, used 77176728, increment 0
Sequential: max memory 932184064, total allocated 125304832, free 48128104, used 77176728, increment 0
Initial loss: 9.212438170058329
180: time = 0.304000 loss = 8.120038
Jackknife: leave bio_15 out
Making features
makeFeatures: max memory 932184064, total allocated 125304832, free 46654488, used 78650344, increment 1473616
Gustavia_santanderiensis_2 bio_15: 
Regularization values: linear/quadratic/product: 0.560, categorical: 0.250, threshold: 1.790, hinge: 0.500
21 samples
Density: max memory 932184064, total allocated 125304832, free 46574304, used 78730528, increment 80184
linearPredictor: max memory 932184064, total allocated 125304832, free 46494120, used 78810712, increment 80184
FeaturedSpace: max memory 932184064, total allocated 125304832, free 46494120, used 78810712, increment 0
Sequential: max memory 932184064, total allocated 125304832, free 46494120, used 78810712, increment 0
Initial loss: 9.212438170058329
Time since start: 73.027
180: time = 0.344000 loss = 8.221601
Jackknife: leave bio_16 out
Making features
makeFeatures: max memory 932184064, total allocated 125304832, free 45020480, used 80284352, increment 1473640
Gustavia_santanderiensis_2 bio_16: 
Regularization values: linear/quadratic/product: 0.560, categorical: 0.250, threshold: 1.790, hinge: 0.500
21 samples
Density: max memory 932184064, total allocated 125304832, free 44940296, used 80364536, increment 80184
linearPredictor: max memory 932184064, total allocated 125304832, free 44860112, used 80444720, increment 80184
FeaturedSpace: max memory 932184064, total allocated 125304832, free 44860112, used 80444720, increment 0
Sequential: max memory 932184064, total allocated 125304832, free 44860112, used 80444720, increment 0
Initial loss: 9.212438170058329
180: time = 0.316000 loss = 8.120038
Jackknife: leave bio_17 out
Making features
makeFeatures: max memory 932184064, total allocated 125304832, free 43386496, used 81918336, increment 1473616
Gustavia_santanderiensis_2 bio_17: 
Regularization values: linear/quadratic/product: 0.560, categorical: 0.250, threshold: 1.790, hinge: 0.500
21 samples
Density: max memory 932184064, total allocated 125304832, free 43306312, used 81998520, increment 80184
linearPredictor: max memory 932184064, total allocated 125304832, free 43226128, used 82078704, increment 80184
FeaturedSpace: max memory 932184064, total allocated 125304832, free 43226128, used 82078704, increment 0
Sequential: max memory 932184064, total allocated 125304832, free 43226128, used 82078704, increment 0
Initial loss: 9.212438170058329
160: time = 0.295000 loss = 8.168071
Jackknife: leave bio_2 out
Making features
makeFeatures: max memory 932184064, total allocated 125304832, free 41752504, used 83552328, increment 1473624
Gustavia_santanderiensis_2 bio_2: 
Regularization values: linear/quadratic/product: 0.560, categorical: 0.250, threshold: 1.790, hinge: 0.500
21 samples
Density: max memory 932184064, total allocated 125304832, free 41672320, used 83632512, increment 80184
linearPredictor: max memory 932184064, total allocated 125304832, free 41592136, used 83712696, increment 80184
FeaturedSpace: max memory 932184064, total allocated 125304832, free 41592136, used 83712696, increment 0
Sequential: max memory 932184064, total allocated 125304832, free 41592136, used 83712696, increment 0
Initial loss: 9.212438170058329
180: time = 0.303000 loss = 8.120039
Jackknife: leave bio_3 out
Making features
makeFeatures: max memory 932184064, total allocated 125304832, free 39206096, used 86098736, increment 2386040
Gustavia_santanderiensis_2 bio_3: 
Regularization values: linear/quadratic/product: 0.560, categorical: 0.250, threshold: 1.790, hinge: 0.500
21 samples
Density: max memory 932184064, total allocated 125304832, free 39206096, used 86098736, increment 0
linearPredictor: max memory 932184064, total allocated 125304832, free 39206096, used 86098736, increment 0
FeaturedSpace: max memory 932184064, total allocated 125304832, free 39206096, used 86098736, increment 0
Sequential: max memory 932184064, total allocated 125304832, free 39206096, used 86098736, increment 0
Initial loss: 9.212438170058329
Time since start: 74.284
180: time = 0.304000 loss = 8.120039
Jackknife: leave bio_4 out
Making features
makeFeatures: max memory 932184064, total allocated 125304832, free 37973056, used 87331776, increment 1233040
Gustavia_santanderiensis_2 bio_4: 
Regularization values: linear/quadratic/product: 0.560, categorical: 0.250, threshold: 1.790, hinge: 0.500
21 samples
Density: max memory 932184064, total allocated 125304832, free 37973056, used 87331776, increment 0
linearPredictor: max memory 932184064, total allocated 125304832, free 37973056, used 87331776, increment 0
FeaturedSpace: max memory 932184064, total allocated 125304832, free 37973056, used 87331776, increment 0
Sequential: max memory 932184064, total allocated 125304832, free 37973056, used 87331776, increment 0
Initial loss: 9.212438170058329
180: time = 0.299000 loss = 8.120038
Jackknife: leave bio_5 out
Making features
makeFeatures: max memory 932184064, total allocated 125304832, free 36740016, used 88564816, increment 1233040
Gustavia_santanderiensis_2 bio_5: 
Regularization values: linear/quadratic/product: 0.560, categorical: 0.250, threshold: 1.790, hinge: 0.500
21 samples
Density: max memory 932184064, total allocated 125304832, free 36740016, used 88564816, increment 0
linearPredictor: max memory 932184064, total allocated 125304832, free 36740016, used 88564816, increment 0
FeaturedSpace: max memory 932184064, total allocated 125304832, free 36740016, used 88564816, increment 0
Sequential: max memory 932184064, total allocated 125304832, free 36740016, used 88564816, increment 0
Initial loss: 9.212438170058329
140: time = 0.293000 loss = 8.140447
Jackknife: leave bio_6 out
Making features
makeFeatures: max memory 932184064, total allocated 125304832, free 35266280, used 90038552, increment 1473736
Gustavia_santanderiensis_2 bio_6: 
Regularization values: linear/quadratic/product: 0.560, categorical: 0.250, threshold: 1.790, hinge: 0.500
21 samples
Density: max memory 932184064, total allocated 125304832, free 35186096, used 90118736, increment 80184
linearPredictor: max memory 932184064, total allocated 125304832, free 35105912, used 90198920, increment 80184
FeaturedSpace: max memory 932184064, total allocated 125304832, free 35105912, used 90198920, increment 0
Sequential: max memory 932184064, total allocated 125304832, free 35105912, used 90198920, increment 0
Initial loss: 9.212438170058329
Time since start: 75.401
180: time = 0.498000 loss = 8.122948
Jackknife: leave bio_7 out
Making features
makeFeatures: max memory 932184064, total allocated 125304832, free 33632272, used 91672560, increment 1473640
Gustavia_santanderiensis_2 bio_7: 
Regularization values: linear/quadratic/product: 0.560, categorical: 0.250, threshold: 1.790, hinge: 0.500
21 samples
Density: max memory 932184064, total allocated 125304832, free 33552088, used 91752744, increment 80184
linearPredictor: max memory 932184064, total allocated 125304832, free 33471904, used 91832928, increment 80184
FeaturedSpace: max memory 932184064, total allocated 125304832, free 33471904, used 91832928, increment 0
Sequential: max memory 932184064, total allocated 125304832, free 33471904, used 91832928, increment 0
Initial loss: 9.212438170058329
180: time = 0.347000 loss = 8.120038
Jackknife: leave bio_ai_et0 out
Making features
makeFeatures: max memory 932184064, total allocated 125304832, free 31085976, used 94218856, increment 2385928
Gustavia_santanderiensis_2 bio_ai_et0: 
Regularization values: linear/quadratic/product: 0.560, categorical: 0.250, threshold: 1.790, hinge: 0.500
21 samples
Density: max memory 932184064, total allocated 125304832, free 31085976, used 94218856, increment 0
linearPredictor: max memory 932184064, total allocated 125304832, free 31085976, used 94218856, increment 0
FeaturedSpace: max memory 932184064, total allocated 125304832, free 31085976, used 94218856, increment 0
Sequential: max memory 932184064, total allocated 125304832, free 31085976, used 94218856, increment 0
Initial loss: 9.212438170058329
180: time = 0.327000 loss = 8.120038
Jackknife: leave bio_et0_yr out
Making features
makeFeatures: max memory 932184064, total allocated 125304832, free 29852936, used 95451896, increment 1233040
Gustavia_santanderiensis_2 bio_et0_yr: 
Regularization values: linear/quadratic/product: 0.560, categorical: 0.250, threshold: 1.790, hinge: 0.500
21 samples
Density: max memory 932184064, total allocated 125304832, free 29852936, used 95451896, increment 0
linearPredictor: max memory 932184064, total allocated 125304832, free 29852936, used 95451896, increment 0
FeaturedSpace: max memory 932184064, total allocated 125304832, free 29852936, used 95451896, increment 0
Sequential: max memory 932184064, total allocated 125304832, free 29852936, used 95451896, increment 0
Initial loss: 9.212438170058329
Time since start: 76.424
180: time = 0.322000 loss = 8.120039
Jackknife: only bio_1
Making features
makeFeatures: max memory 932184064, total allocated 125304832, free 29852936, used 95451896, increment 0
Gustavia_santanderiensis_2 bio_1: 
Regularization values: linear/quadratic/product: 0.560, categorical: 0.250, threshold: 1.790, hinge: 0.500
21 samples
Density: max memory 932184064, total allocated 125304832, free 29852936, used 95451896, increment 0
linearPredictor: max memory 932184064, total allocated 125304832, free 29852936, used 95451896, increment 0
FeaturedSpace: max memory 932184064, total allocated 125304832, free 29852936, used 95451896, increment 0
Sequential: max memory 932184064, total allocated 125304832, free 29852936, used 95451896, increment 0
Initial loss: 9.212438170058329
60: time = 0.230000 loss = 8.947490
Res.gain: 0.26494810382349065
Jackknife: only bio_10
Making features
makeFeatures: max memory 932184064, total allocated 125304832, free 28700016, used 96604816, increment 1152920
Gustavia_santanderiensis_2 bio_10: 
Regularization values: linear/quadratic/product: 0.560, categorical: 0.250, threshold: 1.790, hinge: 0.500
21 samples
Density: max memory 932184064, total allocated 125304832, free 28700016, used 96604816, increment 0
linearPredictor: max memory 932184064, total allocated 125304832, free 28700016, used 96604816, increment 0
FeaturedSpace: max memory 932184064, total allocated 125304832, free 28700016, used 96604816, increment 0
Sequential: max memory 932184064, total allocated 125304832, free 28700016, used 96604816, increment 0
Initial loss: 9.212438170058329
60: time = 0.231000 loss = 8.967801
Res.gain: 0.2446376201493532
Jackknife: only bio_11
Making features
makeFeatures: max memory 932184064, total allocated 125304832, free 28700016, used 96604816, increment 0
Gustavia_santanderiensis_2 bio_11: 
Regularization values: linear/quadratic/product: 0.560, categorical: 0.250, threshold: 1.790, hinge: 0.500
21 samples
Density: max memory 932184064, total allocated 125304832, free 28700016, used 96604816, increment 0
linearPredictor: max memory 932184064, total allocated 125304832, free 28700016, used 96604816, increment 0
FeaturedSpace: max memory 932184064, total allocated 125304832, free 28700016, used 96604816, increment 0
Sequential: max memory 932184064, total allocated 125304832, free 28700016, used 96604816, increment 0
Initial loss: 9.212438170058329
60: time = 0.253000 loss = 8.961347
Res.gain: 0.251091419899689
Jackknife: only bio_12
Making features
makeFeatures: max memory 932184064, total allocated 125304832, free 28700016, used 96604816, increment 0
Gustavia_santanderiensis_2 bio_12: 
Regularization values: linear/quadratic/product: 0.560, categorical: 0.250, threshold: 1.790, hinge: 0.500
21 samples
Density: max memory 932184064, total allocated 125304832, free 28700016, used 96604816, increment 0
linearPredictor: max memory 932184064, total allocated 125304832, free 28700016, used 96604816, increment 0
FeaturedSpace: max memory 932184064, total allocated 125304832, free 28700016, used 96604816, increment 0
Sequential: max memory 932184064, total allocated 125304832, free 28700016, used 96604816, increment 0
Initial loss: 9.212438170058329
60: time = 0.193000 loss = 9.152489
Res.gain: 0.05994918045488262
Jackknife: only bio_13
Making features
makeFeatures: max memory 932184064, total allocated 125304832, free 28700016, used 96604816, increment 0
Gustavia_santanderiensis_2 bio_13: 
Regularization values: linear/quadratic/product: 0.560, categorical: 0.250, threshold: 1.790, hinge: 0.500
21 samples
Density: max memory 932184064, total allocated 125304832, free 28700016, used 96604816, increment 0
linearPredictor: max memory 932184064, total allocated 125304832, free 28619832, used 96685000, increment 80184
FeaturedSpace: max memory 932184064, total allocated 125304832, free 28619832, used 96685000, increment 0
Sequential: max memory 932184064, total allocated 125304832, free 28619832, used 96685000, increment 0
Initial loss: 9.212438170058329
Time since start: 77.555
60: time = 0.208000 loss = 9.205632
Res.gain: 0.006806118584401943
Jackknife: only bio_14
Making features
makeFeatures: max memory 932184064, total allocated 125304832, free 28539648, used 96765184, increment 80184
Gustavia_santanderiensis_2 bio_14: 
Regularization values: linear/quadratic/product: 0.560, categorical: 0.250, threshold: 1.790, hinge: 0.500
21 samples
Density: max memory 932184064, total allocated 125304832, free 27306608, used 97998224, increment 1233040
linearPredictor: max memory 932184064, total allocated 125304832, free 27306608, used 97998224, increment 0
FeaturedSpace: max memory 932184064, total allocated 125304832, free 27306608, used 97998224, increment 0
Sequential: max memory 932184064, total allocated 125304832, free 27306608, used 97998224, increment 0
Initial loss: 9.212438170058329
60: time = 0.201000 loss = 9.121018
Res.gain: 0.09141979851648507
Jackknife: only bio_15
Making features
makeFeatures: max memory 932184064, total allocated 125304832, free 27306608, used 97998224, increment 0
Gustavia_santanderiensis_2 bio_15: 
Regularization values: linear/quadratic/product: 0.560, categorical: 0.250, threshold: 1.790, hinge: 0.500
21 samples
Density: max memory 932184064, total allocated 125304832, free 27306608, used 97998224, increment 0
linearPredictor: max memory 932184064, total allocated 125304832, free 27306608, used 97998224, increment 0
FeaturedSpace: max memory 932184064, total allocated 125304832, free 27306608, used 97998224, increment 0
Sequential: max memory 932184064, total allocated 125304832, free 27306608, used 97998224, increment 0
Initial loss: 9.212438170058329
60: time = 0.205000 loss = 9.112958
Res.gain: 0.09948007606667453
Jackknife: only bio_16
Making features
makeFeatures: max memory 932184064, total allocated 125304832, free 27306608, used 97998224, increment 0
Gustavia_santanderiensis_2 bio_16: 
Regularization values: linear/quadratic/product: 0.560, categorical: 0.250, threshold: 1.790, hinge: 0.500
21 samples
Density: max memory 932184064, total allocated 125304832, free 27306608, used 97998224, increment 0
linearPredictor: max memory 932184064, total allocated 125304832, free 27306608, used 97998224, increment 0
FeaturedSpace: max memory 932184064, total allocated 125304832, free 27306608, used 97998224, increment 0
Sequential: max memory 932184064, total allocated 125304832, free 27306608, used 97998224, increment 0
Initial loss: 9.212438170058329
60: time = 0.214000 loss = 9.208829
Res.gain: 0.003609257997322146
Jackknife: only bio_17
Making features
makeFeatures: max memory 932184064, total allocated 125304832, free 27306608, used 97998224, increment 0
Gustavia_santanderiensis_2 bio_17: 
Regularization values: linear/quadratic/product: 0.560, categorical: 0.250, threshold: 1.790, hinge: 0.500
21 samples
Density: max memory 932184064, total allocated 125304832, free 27306608, used 97998224, increment 0
linearPredictor: max memory 932184064, total allocated 125304832, free 27306608, used 97998224, increment 0
FeaturedSpace: max memory 932184064, total allocated 125304832, free 27306608, used 97998224, increment 0
Sequential: max memory 932184064, total allocated 125304832, free 27306608, used 97998224, increment 0
Initial loss: 9.212438170058329
60: time = 0.197000 loss = 8.900866
Res.gain: 0.3115720266763091
Jackknife: only bio_2
Making features
makeFeatures: max memory 932184064, total allocated 125304832, free 27306608, used 97998224, increment 0
Gustavia_santanderiensis_2 bio_2: 
Regularization values: linear/quadratic/product: 0.560, categorical: 0.250, threshold: 1.790, hinge: 0.500
21 samples
Density: max memory 932184064, total allocated 125304832, free 27226424, used 98078408, increment 80184
linearPredictor: max memory 932184064, total allocated 125304832, free 27146240, used 98158592, increment 80184
FeaturedSpace: max memory 932184064, total allocated 125304832, free 27146240, used 98158592, increment 0
Sequential: max memory 932184064, total allocated 125304832, free 27146240, used 98158592, increment 0
Initial loss: 9.212438170058329
Time since start: 78.601
60: time = 0.210000 loss = 9.162404
Res.gain: 0.05003459813848821
Jackknife: only bio_3
Making features
makeFeatures: max memory 932184064, total allocated 125304832, free 25913200, used 99391632, increment 1233040
Gustavia_santanderiensis_2 bio_3: 
Regularization values: linear/quadratic/product: 0.560, categorical: 0.250, threshold: 1.790, hinge: 0.500
21 samples
Density: max memory 932184064, total allocated 125304832, free 25913200, used 99391632, increment 0
linearPredictor: max memory 932184064, total allocated 125304832, free 25913200, used 99391632, increment 0
FeaturedSpace: max memory 932184064, total allocated 125304832, free 25913200, used 99391632, increment 0
Sequential: max memory 932184064, total allocated 125304832, free 25913200, used 99391632, increment 0
Initial loss: 9.212438170058329
60: time = 0.199000 loss = 9.191746
Res.gain: 0.02069219429113467
Jackknife: only bio_4
Making features
makeFeatures: max memory 932184064, total allocated 125304832, free 25913200, used 99391632, increment 0
Gustavia_santanderiensis_2 bio_4: 
Regularization values: linear/quadratic/product: 0.560, categorical: 0.250, threshold: 1.790, hinge: 0.500
21 samples
Density: max memory 932184064, total allocated 125304832, free 25913200, used 99391632, increment 0
linearPredictor: max memory 932184064, total allocated 125304832, free 25913200, used 99391632, increment 0
FeaturedSpace: max memory 932184064, total allocated 125304832, free 25913200, used 99391632, increment 0
Sequential: max memory 932184064, total allocated 125304832, free 25913200, used 99391632, increment 0
Initial loss: 9.212438170058329
20: time = 0.103000 loss = 9.212438
Res.gain: 0.0
Jackknife: only bio_5
Making features
makeFeatures: max memory 932184064, total allocated 125304832, free 25913200, used 99391632, increment 0
Gustavia_santanderiensis_2 bio_5: 
Regularization values: linear/quadratic/product: 0.560, categorical: 0.250, threshold: 1.790, hinge: 0.500
21 samples
Density: max memory 932184064, total allocated 125304832, free 25913200, used 99391632, increment 0
linearPredictor: max memory 932184064, total allocated 125304832, free 25913200, used 99391632, increment 0
FeaturedSpace: max memory 932184064, total allocated 125304832, free 25913200, used 99391632, increment 0
Sequential: max memory 932184064, total allocated 125304832, free 25913200, used 99391632, increment 0
Initial loss: 9.212438170058329
60: time = 0.219000 loss = 8.958543
Res.gain: 0.25389499019559914
Jackknife: only bio_6
Making features
makeFeatures: max memory 932184064, total allocated 125304832, free 25913200, used 99391632, increment 0
Gustavia_santanderiensis_2 bio_6: 
Regularization values: linear/quadratic/product: 0.560, categorical: 0.250, threshold: 1.790, hinge: 0.500
21 samples
Density: max memory 932184064, total allocated 125304832, free 25913200, used 99391632, increment 0
linearPredictor: max memory 932184064, total allocated 125304832, free 25913200, used 99391632, increment 0
FeaturedSpace: max memory 932184064, total allocated 125304832, free 25913200, used 99391632, increment 0
Sequential: max memory 932184064, total allocated 125304832, free 25913200, used 99391632, increment 0
Initial loss: 9.212438170058329
60: time = 0.230000 loss = 8.935523
Res.gain: 0.2769148112761197
Jackknife: only bio_7
Making features
makeFeatures: max memory 932184064, total allocated 125304832, free 25913200, used 99391632, increment 0
Gustavia_santanderiensis_2 bio_7: 
Regularization values: linear/quadratic/product: 0.560, categorical: 0.250, threshold: 1.790, hinge: 0.500
21 samples
Density: max memory 932184064, total allocated 125304832, free 25656536, used 99648296, increment 256664
linearPredictor: max memory 932184064, total allocated 125304832, free 25656536, used 99648296, increment 0
FeaturedSpace: max memory 932184064, total allocated 125304832, free 25656536, used 99648296, increment 0
Sequential: max memory 932184064, total allocated 125304832, free 25656536, used 99648296, increment 0
Initial loss: 9.212438170058329
60: time = 0.206000 loss = 9.211376
Res.gain: 0.0010623415934123415
Jackknife: only bio_ai_et0
Making features
makeFeatures: max memory 932184064, total allocated 130547712, free 88578432, used 41969280, increment -57679016
Gustavia_santanderiensis_2 bio_ai_et0: 
Regularization values: linear/quadratic/product: 0.560, categorical: 0.250, threshold: 1.790, hinge: 0.500
21 samples
Density: max memory 932184064, total allocated 130547712, free 87459248, used 43088464, increment 1119184
linearPredictor: max memory 932184064, total allocated 130547712, free 87459248, used 43088464, increment 0
FeaturedSpace: max memory 932184064, total allocated 130547712, free 87459248, used 43088464, increment 0
Sequential: max memory 932184064, total allocated 130547712, free 87459248, used 43088464, increment 0
Initial loss: 9.212438170058329
Time since start: 79.799
60: time = 0.220000 loss = 9.195109
Res.gain: 0.017329285141508777
Jackknife: only bio_et0_yr
Making features
makeFeatures: max memory 932184064, total allocated 130547712, free 87459248, used 43088464, increment 0
Gustavia_santanderiensis_2 bio_et0_yr: 
Regularization values: linear/quadratic/product: 0.560, categorical: 0.250, threshold: 1.790, hinge: 0.500
21 samples
Density: max memory 932184064, total allocated 130547712, free 87459248, used 43088464, increment 0
linearPredictor: max memory 932184064, total allocated 130547712, free 87459248, used 43088464, increment 0
FeaturedSpace: max memory 932184064, total allocated 130547712, free 87459248, used 43088464, increment 0
Sequential: max memory 932184064, total allocated 130547712, free 87459248, used 43088464, increment 0
Initial loss: 9.212438170058329
60: time = 0.202000 loss = 9.165551
Res.gain: 0.0468869925520945
getSamples: max memory 932184064, total allocated 130547712, free 82631632, used 47916080, increment 4827616
Making features
makeFeatures: max memory 932184064, total allocated 130547712, free 81669424, used 48878288, increment 962208
Gustavia_santanderiensis_3: 
Regularization values: linear/quadratic/product: 0.560, categorical: 0.250, threshold: 1.790, hinge: 0.500
21 samples
Density: max memory 932184064, total allocated 130547712, free 80470056, used 50077656, increment 1199368
linearPredictor: max memory 932184064, total allocated 130547712, free 80470056, used 50077656, increment 0
FeaturedSpace: max memory 932184064, total allocated 130547712, free 80470056, used 50077656, increment 0
Sequential: max memory 932184064, total allocated 130547712, free 80470056, used 50077656, increment 0
Initial loss: 9.212438170058329
180: time = 0.360000 loss = 7.562597
Resulting gain: 1.6498409236672673
Time since start: 80.934
Projecting...
Writing file C:\Users\Camila\Desktop\Modelo opc3\Final_Models\M_3_F_l_Set_1\Gustavia_santanderiensis_3.asc
Time since start: 84.784
Writing C:\Users\Camila\Desktop\Modelo opc3\Final_Models\M_3_F_l_Set_1\plots\Gustavia_santanderiensis_3.png
Gustavia_santanderiensis_3 response curves
Time since start: 89.526
Response curve: only bio_1
Making features
makeFeatures: max memory 932184064, total allocated 122683392, free 53933488, used 68749904, increment 18672248
Gustavia_santanderiensis_3 bio_1: 
Regularization values: linear/quadratic/product: 0.560, categorical: 0.250, threshold: 1.790, hinge: 0.500
21 samples
Density: max memory 932184064, total allocated 122683392, free 53933488, used 68749904, increment 0
linearPredictor: max memory 932184064, total allocated 122683392, free 53933488, used 68749904, increment 0
FeaturedSpace: max memory 932184064, total allocated 122683392, free 53933488, used 68749904, increment 0
Sequential: max memory 932184064, total allocated 122683392, free 53933488, used 68749904, increment 0
Initial loss: 9.212438170058329
60: time = 0.195000 loss = 8.896464
Resulting gain: 0.31597466675926
Gustavia_santanderiensis_3 response curves
Response curve: only bio_10
Making features
makeFeatures: max memory 932184064, total allocated 122683392, free 50413344, used 72270048, increment 3520144
Gustavia_santanderiensis_3 bio_10: 
Regularization values: linear/quadratic/product: 0.560, categorical: 0.250, threshold: 1.790, hinge: 0.500
21 samples
Density: max memory 932184064, total allocated 122683392, free 50413344, used 72270048, increment 0
linearPredictor: max memory 932184064, total allocated 122683392, free 50413344, used 72270048, increment 0
FeaturedSpace: max memory 932184064, total allocated 122683392, free 50413344, used 72270048, increment 0
Sequential: max memory 932184064, total allocated 122683392, free 50413344, used 72270048, increment 0
Initial loss: 9.212438170058329
60: time = 0.256000 loss = 8.918137
Resulting gain: 0.29430136449685307
Gustavia_santanderiensis_3 response curves
Response curve: only bio_11
Making features
makeFeatures: max memory 932184064, total allocated 122683392, free 45293336, used 77390056, increment 5120008
Gustavia_santanderiensis_3 bio_11: 
Regularization values: linear/quadratic/product: 0.560, categorical: 0.250, threshold: 1.790, hinge: 0.500
21 samples
Density: max memory 932184064, total allocated 122683392, free 45293336, used 77390056, increment 0
linearPredictor: max memory 932184064, total allocated 122683392, free 45293336, used 77390056, increment 0
FeaturedSpace: max memory 932184064, total allocated 122683392, free 45293336, used 77390056, increment 0
Sequential: max memory 932184064, total allocated 122683392, free 45293336, used 77390056, increment 0
Initial loss: 9.212438170058329
Time since start: 90.566
60: time = 0.240000 loss = 8.916158
Resulting gain: 0.29628062634637864
Gustavia_santanderiensis_3 response curves
Response curve: only bio_12
Making features
makeFeatures: max memory 932184064, total allocated 122683392, free 102655432, used 20027960, increment -57362096
Gustavia_santanderiensis_3 bio_12: 
Regularization values: linear/quadratic/product: 0.560, categorical: 0.250, threshold: 1.790, hinge: 0.500
21 samples
Density: max memory 932184064, total allocated 122683392, free 102655432, used 20027960, increment 0
linearPredictor: max memory 932184064, total allocated 122683392, free 102655432, used 20027960, increment 0
FeaturedSpace: max memory 932184064, total allocated 122683392, free 102655432, used 20027960, increment 0
Sequential: max memory 932184064, total allocated 122683392, free 102655432, used 20027960, increment 0
Initial loss: 9.212438170058329
60: time = 0.227000 loss = 9.159725
Resulting gain: 0.05271364573782833
Gustavia_santanderiensis_3 response curves
Response curve: only bio_13
Making features
makeFeatures: max memory 932184064, total allocated 122683392, free 97844448, used 24838944, increment 4810984
Gustavia_santanderiensis_3 bio_13: 
Regularization values: linear/quadratic/product: 0.560, categorical: 0.250, threshold: 1.790, hinge: 0.500
21 samples
Density: max memory 932184064, total allocated 122683392, free 97844448, used 24838944, increment 0
linearPredictor: max memory 932184064, total allocated 122683392, free 97844448, used 24838944, increment 0
FeaturedSpace: max memory 932184064, total allocated 122683392, free 97844448, used 24838944, increment 0
Sequential: max memory 932184064, total allocated 122683392, free 97844448, used 24838944, increment 0
Initial loss: 9.212438170058329
40: time = 0.124000 loss = 9.212375
Resulting gain: 6.282713832206355E-5
Gustavia_santanderiensis_3 response curves
Response curve: only bio_14
Making features
makeFeatures: max memory 932184064, total allocated 122683392, free 94316080, used 28367312, increment 3528368
Gustavia_santanderiensis_3 bio_14: 
Regularization values: linear/quadratic/product: 0.560, categorical: 0.250, threshold: 1.790, hinge: 0.500
21 samples
Density: max memory 932184064, total allocated 122683392, free 94316080, used 28367312, increment 0
linearPredictor: max memory 932184064, total allocated 122683392, free 94316080, used 28367312, increment 0
FeaturedSpace: max memory 932184064, total allocated 122683392, free 94316080, used 28367312, increment 0
Sequential: max memory 932184064, total allocated 122683392, free 94316080, used 28367312, increment 0
Initial loss: 9.212438170058329
Time since start: 91.585
60: time = 0.196000 loss = 9.103825
Resulting gain: 0.10861326906486646
Gustavia_santanderiensis_3 response curves
Response curve: only bio_15
Making features
makeFeatures: max memory 932184064, total allocated 122683392, free 90385696, used 32297696, increment 3930384
Gustavia_santanderiensis_3 bio_15: 
Regularization values: linear/quadratic/product: 0.560, categorical: 0.250, threshold: 1.790, hinge: 0.500
21 samples
Density: max memory 932184064, total allocated 122683392, free 90305512, used 32377880, increment 80184
linearPredictor: max memory 932184064, total allocated 122683392, free 90225328, used 32458064, increment 80184
FeaturedSpace: max memory 932184064, total allocated 122683392, free 90225328, used 32458064, increment 0
Sequential: max memory 932184064, total allocated 122683392, free 90225328, used 32458064, increment 0
Initial loss: 9.212438170058329
60: time = 0.195000 loss = 9.010808
Resulting gain: 0.20163004461073086
Gustavia_santanderiensis_3 response curves
Response curve: only bio_16
Making features
makeFeatures: max memory 932184064, total allocated 122683392, free 85417616, used 37265776, increment 4807712
Gustavia_santanderiensis_3 bio_16: 
Regularization values: linear/quadratic/product: 0.560, categorical: 0.250, threshold: 1.790, hinge: 0.500
21 samples
Density: max memory 932184064, total allocated 122683392, free 85417616, used 37265776, increment 0
linearPredictor: max memory 932184064, total allocated 122683392, free 85417616, used 37265776, increment 0
FeaturedSpace: max memory 932184064, total allocated 122683392, free 85417616, used 37265776, increment 0
Sequential: max memory 932184064, total allocated 122683392, free 85417616, used 37265776, increment 0
Initial loss: 9.212438170058329
60: time = 0.197000 loss = 9.211591
Resulting gain: 8.469344413395419E-4
Gustavia_santanderiensis_3 response curves
Response curve: only bio_17
Making features
makeFeatures: max memory 932184064, total allocated 122683392, free 80527304, used 42156088, increment 4890312
Gustavia_santanderiensis_3 bio_17: 
Regularization values: linear/quadratic/product: 0.560, categorical: 0.250, threshold: 1.790, hinge: 0.500
21 samples
Density: max memory 932184064, total allocated 122683392, free 80527304, used 42156088, increment 0
linearPredictor: max memory 932184064, total allocated 122683392, free 80527304, used 42156088, increment 0
FeaturedSpace: max memory 932184064, total allocated 122683392, free 80527304, used 42156088, increment 0
Sequential: max memory 932184064, total allocated 122683392, free 80527304, used 42156088, increment 0
Initial loss: 9.212438170058329
Time since start: 92.588
60: time = 0.177000 loss = 8.850754
Resulting gain: 0.3616845223402372
Gustavia_santanderiensis_3 response curves
Response curve: only bio_2
Making features
makeFeatures: max memory 932184064, total allocated 122683392, free 76998936, used 45684456, increment 3528368
Gustavia_santanderiensis_3 bio_2: 
Regularization values: linear/quadratic/product: 0.560, categorical: 0.250, threshold: 1.790, hinge: 0.500
21 samples
Density: max memory 932184064, total allocated 122683392, free 76998936, used 45684456, increment 0
linearPredictor: max memory 932184064, total allocated 122683392, free 76998936, used 45684456, increment 0
FeaturedSpace: max memory 932184064, total allocated 122683392, free 76998936, used 45684456, increment 0
Sequential: max memory 932184064, total allocated 122683392, free 76998936, used 45684456, increment 0
Initial loss: 9.212438170058329
60: time = 0.201000 loss = 9.175532
Resulting gain: 0.03690614417441296
Gustavia_santanderiensis_3 response curves
Response curve: only bio_3
Making features
makeFeatures: max memory 932184064, total allocated 122683392, free 73148800, used 49534592, increment 3850136
Gustavia_santanderiensis_3 bio_3: 
Regularization values: linear/quadratic/product: 0.560, categorical: 0.250, threshold: 1.790, hinge: 0.500
21 samples
Density: max memory 932184064, total allocated 122683392, free 73068616, used 49614776, increment 80184
linearPredictor: max memory 932184064, total allocated 122683392, free 72988432, used 49694960, increment 80184
FeaturedSpace: max memory 932184064, total allocated 122683392, free 72988432, used 49694960, increment 0
Sequential: max memory 932184064, total allocated 122683392, free 72988432, used 49694960, increment 0
Initial loss: 9.212438170058329
60: time = 0.204000 loss = 9.193662
Resulting gain: 0.018775908252980145
Gustavia_santanderiensis_3 response curves
Response curve: only bio_4
Making features
makeFeatures: max memory 932184064, total allocated 122683392, free 67854904, used 54828488, increment 5133528
Gustavia_santanderiensis_3 bio_4: 
Regularization values: linear/quadratic/product: 0.560, categorical: 0.250, threshold: 1.790, hinge: 0.500
21 samples
Density: max memory 932184064, total allocated 122683392, free 67854904, used 54828488, increment 0
linearPredictor: max memory 932184064, total allocated 122683392, free 67854904, used 54828488, increment 0
FeaturedSpace: max memory 932184064, total allocated 122683392, free 67854904, used 54828488, increment 0
Sequential: max memory 932184064, total allocated 122683392, free 67854904, used 54828488, increment 0
Initial loss: 9.212438170058329
20: time = 0.100000 loss = 9.212438
Resulting gain: 0.0
Gustavia_santanderiensis_3 response curves
Time since start: 93.645
Response curve: only bio_5
Making features
makeFeatures: max memory 932184064, total allocated 122683392, free 64326536, used 58356856, increment 3528368
Gustavia_santanderiensis_3 bio_5: 
Regularization values: linear/quadratic/product: 0.560, categorical: 0.250, threshold: 1.790, hinge: 0.500
21 samples
Density: max memory 932184064, total allocated 122683392, free 64326536, used 58356856, increment 0
linearPredictor: max memory 932184064, total allocated 122683392, free 64326536, used 58356856, increment 0
FeaturedSpace: max memory 932184064, total allocated 122683392, free 64326536, used 58356856, increment 0
Sequential: max memory 932184064, total allocated 122683392, free 64326536, used 58356856, increment 0
Initial loss: 9.212438170058329
60: time = 0.685000 loss = 8.916296
Resulting gain: 0.29614264294168535
Gustavia_santanderiensis_3 response curves
Response curve: only bio_6
Making features
makeFeatures: max memory 932184064, total allocated 122683392, free 59197024, used 63486368, increment 5129512
Gustavia_santanderiensis_3 bio_6: 
Regularization values: linear/quadratic/product: 0.560, categorical: 0.250, threshold: 1.790, hinge: 0.500
21 samples
Density: max memory 932184064, total allocated 122683392, free 59197024, used 63486368, increment 0
linearPredictor: max memory 932184064, total allocated 122683392, free 59197024, used 63486368, increment 0
FeaturedSpace: max memory 932184064, total allocated 122683392, free 59197024, used 63486368, increment 0
Sequential: max memory 932184064, total allocated 122683392, free 59197024, used 63486368, increment 0
Initial loss: 9.212438170058329
Time since start: 94.693
60: time = 0.197000 loss = 8.865675
Resulting gain: 0.34676301103665175
Gustavia_santanderiensis_3 response curves
Response curve: only bio_7
Making features
makeFeatures: max memory 932184064, total allocated 122683392, free 55668656, used 67014736, increment 3528368
Gustavia_santanderiensis_3 bio_7: 
Regularization values: linear/quadratic/product: 0.560, categorical: 0.250, threshold: 1.790, hinge: 0.500
21 samples
Density: max memory 932184064, total allocated 122683392, free 55668656, used 67014736, increment 0
linearPredictor: max memory 932184064, total allocated 122683392, free 55668656, used 67014736, increment 0
FeaturedSpace: max memory 932184064, total allocated 122683392, free 55668656, used 67014736, increment 0
Sequential: max memory 932184064, total allocated 122683392, free 55668656, used 67014736, increment 0
Initial loss: 9.212438170058329
60: time = 0.216000 loss = 9.211840
Resulting gain: 5.980005282104628E-4
Gustavia_santanderiensis_3 response curves
Response curve: only bio_ai_et0
Making features
makeFeatures: max memory 932184064, total allocated 122683392, free 50538320, used 72145072, increment 5130336
Gustavia_santanderiensis_3 bio_ai_et0: 
Regularization values: linear/quadratic/product: 0.560, categorical: 0.250, threshold: 1.790, hinge: 0.500
21 samples
Density: max memory 932184064, total allocated 122683392, free 50538320, used 72145072, increment 0
linearPredictor: max memory 932184064, total allocated 122683392, free 50538320, used 72145072, increment 0
FeaturedSpace: max memory 932184064, total allocated 122683392, free 50538320, used 72145072, increment 0
Sequential: max memory 932184064, total allocated 122683392, free 50538320, used 72145072, increment 0
Initial loss: 9.212438170058329
60: time = 0.238000 loss = 9.199763
Resulting gain: 0.012674825251187016
Gustavia_santanderiensis_3 response curves
Time since start: 96.18
Response curve: only bio_et0_yr
Making features
makeFeatures: max memory 932184064, total allocated 122683392, free 47009952, used 75673440, increment 3528368
Gustavia_santanderiensis_3 bio_et0_yr: 
Regularization values: linear/quadratic/product: 0.560, categorical: 0.250, threshold: 1.790, hinge: 0.500
21 samples
Density: max memory 932184064, total allocated 122683392, free 47009952, used 75673440, increment 0
linearPredictor: max memory 932184064, total allocated 122683392, free 47009952, used 75673440, increment 0
FeaturedSpace: max memory 932184064, total allocated 122683392, free 47009952, used 75673440, increment 0
Sequential: max memory 932184064, total allocated 122683392, free 47009952, used 75673440, increment 0
Initial loss: 9.212438170058329
60: time = 0.180000 loss = 9.155986
Resulting gain: 0.0564521025992466
Gustavia_santanderiensis_3 response curves
Jackknife: leave bio_1 out
Making features
makeFeatures: max memory 932184064, total allocated 109576192, free 89845056, used 19731136, increment -55942304
Gustavia_santanderiensis_3 bio_1: 
Regularization values: linear/quadratic/product: 0.560, categorical: 0.250, threshold: 1.790, hinge: 0.500
21 samples
Density: max memory 932184064, total allocated 109576192, free 88604784, used 20971408, increment 1240272
linearPredictor: max memory 932184064, total allocated 109576192, free 88604784, used 20971408, increment 0
FeaturedSpace: max memory 932184064, total allocated 109576192, free 88604784, used 20971408, increment 0
Sequential: max memory 932184064, total allocated 109576192, free 88604784, used 20971408, increment 0
Initial loss: 9.212438170058329
Time since start: 97.385
140: time = 0.275000 loss = 7.562597
Jackknife: leave bio_10 out
Making features
makeFeatures: max memory 932184064, total allocated 109576192, free 88203864, used 21372328, increment 400920
Gustavia_santanderiensis_3 bio_10: 
Regularization values: linear/quadratic/product: 0.560, categorical: 0.250, threshold: 1.790, hinge: 0.500
21 samples
Density: max memory 932184064, total allocated 109576192, free 88123680, used 21452512, increment 80184
linearPredictor: max memory 932184064, total allocated 109576192, free 88043496, used 21532696, increment 80184
FeaturedSpace: max memory 932184064, total allocated 109576192, free 88043496, used 21532696, increment 0
Sequential: max memory 932184064, total allocated 109576192, free 88043496, used 21532696, increment 0
Initial loss: 9.212438170058329
180: time = 0.323000 loss = 7.562597
Jackknife: leave bio_11 out
Making features
makeFeatures: max memory 932184064, total allocated 109576192, free 86562600, used 23013592, increment 1480896
Gustavia_santanderiensis_3 bio_11: 
Regularization values: linear/quadratic/product: 0.560, categorical: 0.250, threshold: 1.790, hinge: 0.500
21 samples
Density: max memory 932184064, total allocated 109576192, free 86482416, used 23093776, increment 80184
linearPredictor: max memory 932184064, total allocated 109576192, free 86402232, used 23173960, increment 80184
FeaturedSpace: max memory 932184064, total allocated 109576192, free 86402232, used 23173960, increment 0
Sequential: max memory 932184064, total allocated 109576192, free 86402232, used 23173960, increment 0
Initial loss: 9.212438170058329
180: time = 0.298000 loss = 7.562597
Jackknife: leave bio_12 out
Making features
makeFeatures: max memory 932184064, total allocated 109576192, free 84001752, used 25574440, increment 2400480
Gustavia_santanderiensis_3 bio_12: 
Regularization values: linear/quadratic/product: 0.560, categorical: 0.250, threshold: 1.790, hinge: 0.500
21 samples
Density: max memory 932184064, total allocated 109576192, free 84001752, used 25574440, increment 0
linearPredictor: max memory 932184064, total allocated 109576192, free 84001752, used 25574440, increment 0
FeaturedSpace: max memory 932184064, total allocated 109576192, free 84001752, used 25574440, increment 0
Sequential: max memory 932184064, total allocated 109576192, free 84001752, used 25574440, increment 0
Initial loss: 9.212438170058329
180: time = 0.294000 loss = 7.562597
Jackknife: leave bio_13 out
Making features
makeFeatures: max memory 932184064, total allocated 109576192, free 82761480, used 26814712, increment 1240272
Gustavia_santanderiensis_3 bio_13: 
Regularization values: linear/quadratic/product: 0.560, categorical: 0.250, threshold: 1.790, hinge: 0.500
21 samples
Density: max memory 932184064, total allocated 109576192, free 82761480, used 26814712, increment 0
linearPredictor: max memory 932184064, total allocated 109576192, free 82761480, used 26814712, increment 0
FeaturedSpace: max memory 932184064, total allocated 109576192, free 82761480, used 26814712, increment 0
Sequential: max memory 932184064, total allocated 109576192, free 82761480, used 26814712, increment 0
Initial loss: 9.212438170058329
Time since start: 99.201
180: time = 0.864000 loss = 7.562598
Jackknife: leave bio_14 out
Making features
makeFeatures: max memory 932184064, total allocated 109576192, free 81521208, used 28054984, increment 1240272
Gustavia_santanderiensis_3 bio_14: 
Regularization values: linear/quadratic/product: 0.560, categorical: 0.250, threshold: 1.790, hinge: 0.500
21 samples
Density: max memory 932184064, total allocated 109576192, free 81521208, used 28054984, increment 0
linearPredictor: max memory 932184064, total allocated 109576192, free 81521208, used 28054984, increment 0
FeaturedSpace: max memory 932184064, total allocated 109576192, free 81521208, used 28054984, increment 0
Sequential: max memory 932184064, total allocated 109576192, free 81521208, used 28054984, increment 0
Initial loss: 9.212438170058329
180: time = 0.317000 loss = 7.562597
Jackknife: leave bio_15 out
Making features
makeFeatures: max memory 932184064, total allocated 109576192, free 80040352, used 29535840, increment 1480856
Gustavia_santanderiensis_3 bio_15: 
Regularization values: linear/quadratic/product: 0.560, categorical: 0.250, threshold: 1.790, hinge: 0.500
21 samples
Density: max memory 932184064, total allocated 109576192, free 79960168, used 29616024, increment 80184
linearPredictor: max memory 932184064, total allocated 109576192, free 79879984, used 29696208, increment 80184
FeaturedSpace: max memory 932184064, total allocated 109576192, free 79879984, used 29696208, increment 0
Sequential: max memory 932184064, total allocated 109576192, free 79879984, used 29696208, increment 0
Initial loss: 9.212438170058329
140: time = 0.270000 loss = 7.850813
Jackknife: leave bio_16 out
Making features
makeFeatures: max memory 932184064, total allocated 109576192, free 78479288, used 31096904, increment 1400696
Gustavia_santanderiensis_3 bio_16: 
Regularization values: linear/quadratic/product: 0.560, categorical: 0.250, threshold: 1.790, hinge: 0.500
21 samples
Density: max memory 932184064, total allocated 109576192, free 77239016, used 32337176, increment 1240272
linearPredictor: max memory 932184064, total allocated 109576192, free 77239016, used 32337176, increment 0
FeaturedSpace: max memory 932184064, total allocated 109576192, free 77239016, used 32337176, increment 0
Sequential: max memory 932184064, total allocated 109576192, free 77239016, used 32337176, increment 0
Initial loss: 9.212438170058329
180: time = 0.338000 loss = 7.562597
Jackknife: leave bio_17 out
Making features
makeFeatures: max memory 932184064, total allocated 109576192, free 76838096, used 32738096, increment 400920
Gustavia_santanderiensis_3 bio_17: 
Regularization values: linear/quadratic/product: 0.560, categorical: 0.250, threshold: 1.790, hinge: 0.500
21 samples
Density: max memory 932184064, total allocated 109576192, free 75597824, used 33978368, increment 1240272
linearPredictor: max memory 932184064, total allocated 109576192, free 75597824, used 33978368, increment 0
FeaturedSpace: max memory 932184064, total allocated 109576192, free 75597824, used 33978368, increment 0
Sequential: max memory 932184064, total allocated 109576192, free 75597824, used 33978368, increment 0
Initial loss: 9.212438170058329
Time since start: 100.481
140: time = 0.315000 loss = 7.564590
Jackknife: leave bio_2 out
Making features
makeFeatures: max memory 932184064, total allocated 109576192, free 75196904, used 34379288, increment 400920
Gustavia_santanderiensis_3 bio_2: 
Regularization values: linear/quadratic/product: 0.560, categorical: 0.250, threshold: 1.790, hinge: 0.500
21 samples
Density: max memory 932184064, total allocated 109576192, free 75116720, used 34459472, increment 80184
linearPredictor: max memory 932184064, total allocated 109576192, free 75036536, used 34539656, increment 80184
FeaturedSpace: max memory 932184064, total allocated 109576192, free 75036536, used 34539656, increment 0
Sequential: max memory 932184064, total allocated 109576192, free 75036536, used 34539656, increment 0
Initial loss: 9.212438170058329
180: time = 0.292000 loss = 7.562597
Jackknife: leave bio_3 out
Making features
makeFeatures: max memory 932184064, total allocated 109576192, free 73555592, used 36020600, increment 1480944
Gustavia_santanderiensis_3 bio_3: 
Regularization values: linear/quadratic/product: 0.560, categorical: 0.250, threshold: 1.790, hinge: 0.500
21 samples
Density: max memory 932184064, total allocated 109576192, free 73475408, used 36100784, increment 80184
linearPredictor: max memory 932184064, total allocated 109576192, free 73395224, used 36180968, increment 80184
FeaturedSpace: max memory 932184064, total allocated 109576192, free 73395224, used 36180968, increment 0
Sequential: max memory 932184064, total allocated 109576192, free 73395224, used 36180968, increment 0
Initial loss: 9.212438170058329
160: time = 0.270000 loss = 7.564747
Jackknife: leave bio_4 out
Making features
makeFeatures: max memory 932184064, total allocated 109576192, free 71994536, used 37581656, increment 1400688
Gustavia_santanderiensis_3 bio_4: 
Regularization values: linear/quadratic/product: 0.560, categorical: 0.250, threshold: 1.790, hinge: 0.500
21 samples
Density: max memory 932184064, total allocated 109576192, free 70754264, used 38821928, increment 1240272
linearPredictor: max memory 932184064, total allocated 109576192, free 70754264, used 38821928, increment 0
FeaturedSpace: max memory 932184064, total allocated 109576192, free 70754264, used 38821928, increment 0
Sequential: max memory 932184064, total allocated 109576192, free 70754264, used 38821928, increment 0
Initial loss: 9.212438170058329
180: time = 0.292000 loss = 7.562597
Jackknife: leave bio_5 out
Making features
makeFeatures: max memory 932184064, total allocated 109576192, free 70353344, used 39222848, increment 400920
Gustavia_santanderiensis_3 bio_5: 
Regularization values: linear/quadratic/product: 0.560, categorical: 0.250, threshold: 1.790, hinge: 0.500
21 samples
Density: max memory 932184064, total allocated 109576192, free 69113072, used 40463120, increment 1240272
linearPredictor: max memory 932184064, total allocated 109576192, free 69113072, used 40463120, increment 0
FeaturedSpace: max memory 932184064, total allocated 109576192, free 69113072, used 40463120, increment 0
Sequential: max memory 932184064, total allocated 109576192, free 69113072, used 40463120, increment 0
Initial loss: 9.212438170058329
Time since start: 101.658
180: time = 0.293000 loss = 7.574425
Jackknife: leave bio_6 out
Making features
makeFeatures: max memory 932184064, total allocated 109576192, free 68712152, used 40864040, increment 400920
Gustavia_santanderiensis_3 bio_6: 
Regularization values: linear/quadratic/product: 0.560, categorical: 0.250, threshold: 1.790, hinge: 0.500
21 samples
Density: max memory 932184064, total allocated 109576192, free 67471880, used 42104312, increment 1240272
linearPredictor: max memory 932184064, total allocated 109576192, free 67471880, used 42104312, increment 0
FeaturedSpace: max memory 932184064, total allocated 109576192, free 67471880, used 42104312, increment 0
Sequential: max memory 932184064, total allocated 109576192, free 67471880, used 42104312, increment 0
Initial loss: 9.212438170058329
120: time = 0.262000 loss = 7.590227
Jackknife: leave bio_7 out
Making features
makeFeatures: max memory 932184064, total allocated 109576192, free 67070960, used 42505232, increment 400920
Gustavia_santanderiensis_3 bio_7: 
Regularization values: linear/quadratic/product: 0.560, categorical: 0.250, threshold: 1.790, hinge: 0.500
21 samples
Density: max memory 932184064, total allocated 109576192, free 66990776, used 42585416, increment 80184
linearPredictor: max memory 932184064, total allocated 109576192, free 66910592, used 42665600, increment 80184
FeaturedSpace: max memory 932184064, total allocated 109576192, free 66910592, used 42665600, increment 0
Sequential: max memory 932184064, total allocated 109576192, free 66910592, used 42665600, increment 0
Initial loss: 9.212438170058329
180: time = 0.297000 loss = 7.562597
Jackknife: leave bio_ai_et0 out
Making features
makeFeatures: max memory 932184064, total allocated 109576192, free 64510184, used 45066008, increment 2400408
Gustavia_santanderiensis_3 bio_ai_et0: 
Regularization values: linear/quadratic/product: 0.560, categorical: 0.250, threshold: 1.790, hinge: 0.500
21 samples
Density: max memory 932184064, total allocated 109576192, free 64510184, used 45066008, increment 0
linearPredictor: max memory 932184064, total allocated 109576192, free 64510184, used 45066008, increment 0
FeaturedSpace: max memory 932184064, total allocated 109576192, free 64510184, used 45066008, increment 0
Sequential: max memory 932184064, total allocated 109576192, free 64510184, used 45066008, increment 0
Initial loss: 9.212438170058329
180: time = 0.294000 loss = 7.562597
Jackknife: leave bio_et0_yr out
Making features
makeFeatures: max memory 932184064, total allocated 109576192, free 63269912, used 46306280, increment 1240272
Gustavia_santanderiensis_3 bio_et0_yr: 
Regularization values: linear/quadratic/product: 0.560, categorical: 0.250, threshold: 1.790, hinge: 0.500
21 samples
Density: max memory 932184064, total allocated 109576192, free 63269912, used 46306280, increment 0
linearPredictor: max memory 932184064, total allocated 109576192, free 63269912, used 46306280, increment 0
FeaturedSpace: max memory 932184064, total allocated 109576192, free 63269912, used 46306280, increment 0
Sequential: max memory 932184064, total allocated 109576192, free 63269912, used 46306280, increment 0
Initial loss: 9.212438170058329
Time since start: 102.839
180: time = 0.293000 loss = 7.562597
Jackknife: only bio_1
Making features
makeFeatures: max memory 932184064, total allocated 109576192, free 63269912, used 46306280, increment 0
Gustavia_santanderiensis_3 bio_1: 
Regularization values: linear/quadratic/product: 0.560, categorical: 0.250, threshold: 1.790, hinge: 0.500
21 samples
Density: max memory 932184064, total allocated 109576192, free 63269912, used 46306280, increment 0
linearPredictor: max memory 932184064, total allocated 109576192, free 63269912, used 46306280, increment 0
FeaturedSpace: max memory 932184064, total allocated 109576192, free 63269912, used 46306280, increment 0
Sequential: max memory 932184064, total allocated 109576192, free 63269912, used 46306280, increment 0
Initial loss: 9.212438170058329
60: time = 0.183000 loss = 8.896464
Res.gain: 0.31597466675926
Jackknife: only bio_10
Making features
makeFeatures: max memory 932184064, total allocated 109576192, free 62109704, used 47466488, increment 1160208
Gustavia_santanderiensis_3 bio_10: 
Regularization values: linear/quadratic/product: 0.560, categorical: 0.250, threshold: 1.790, hinge: 0.500
21 samples
Density: max memory 932184064, total allocated 109576192, free 62109704, used 47466488, increment 0
linearPredictor: max memory 932184064, total allocated 109576192, free 62109704, used 47466488, increment 0
FeaturedSpace: max memory 932184064, total allocated 109576192, free 62109704, used 47466488, increment 0
Sequential: max memory 932184064, total allocated 109576192, free 62109704, used 47466488, increment 0
Initial loss: 9.212438170058329
60: time = 0.217000 loss = 8.918137
Res.gain: 0.29430136449685307
Jackknife: only bio_11
Making features
makeFeatures: max memory 932184064, total allocated 109576192, free 62109704, used 47466488, increment 0
Gustavia_santanderiensis_3 bio_11: 
Regularization values: linear/quadratic/product: 0.560, categorical: 0.250, threshold: 1.790, hinge: 0.500
21 samples
Density: max memory 932184064, total allocated 109576192, free 62109704, used 47466488, increment 0
linearPredictor: max memory 932184064, total allocated 109576192, free 62109704, used 47466488, increment 0
FeaturedSpace: max memory 932184064, total allocated 109576192, free 62109704, used 47466488, increment 0
Sequential: max memory 932184064, total allocated 109576192, free 62109704, used 47466488, increment 0
Initial loss: 9.212438170058329
60: time = 0.226000 loss = 8.916158
Res.gain: 0.29628062634637864
Jackknife: only bio_12
Making features
makeFeatures: max memory 932184064, total allocated 109576192, free 62109704, used 47466488, increment 0
Gustavia_santanderiensis_3 bio_12: 
Regularization values: linear/quadratic/product: 0.560, categorical: 0.250, threshold: 1.790, hinge: 0.500
21 samples
Density: max memory 932184064, total allocated 109576192, free 62109704, used 47466488, increment 0
linearPredictor: max memory 932184064, total allocated 109576192, free 62109704, used 47466488, increment 0
FeaturedSpace: max memory 932184064, total allocated 109576192, free 62109704, used 47466488, increment 0
Sequential: max memory 932184064, total allocated 109576192, free 62109704, used 47466488, increment 0
Initial loss: 9.212438170058329
60: time = 0.197000 loss = 9.159725
Res.gain: 0.05271364573782833
Jackknife: only bio_13
Making features
makeFeatures: max memory 932184064, total allocated 109576192, free 62109704, used 47466488, increment 0
Gustavia_santanderiensis_3 bio_13: 
Regularization values: linear/quadratic/product: 0.560, categorical: 0.250, threshold: 1.790, hinge: 0.500
21 samples
Density: max memory 932184064, total allocated 109576192, free 62109704, used 47466488, increment 0
linearPredictor: max memory 932184064, total allocated 109576192, free 62109704, used 47466488, increment 0
FeaturedSpace: max memory 932184064, total allocated 109576192, free 60949528, used 48626664, increment 1160176
Sequential: max memory 932184064, total allocated 109576192, free 60949528, used 48626664, increment 0
Initial loss: 9.212438170058329
40: time = 0.121000 loss = 9.212375
Res.gain: 6.282713832206355E-5
Jackknife: only bio_14
Making features
makeFeatures: max memory 932184064, total allocated 109576192, free 60949528, used 48626664, increment 0
Gustavia_santanderiensis_3 bio_14: 
Regularization values: linear/quadratic/product: 0.560, categorical: 0.250, threshold: 1.790, hinge: 0.500
21 samples
Density: max memory 932184064, total allocated 109576192, free 60949528, used 48626664, increment 0
linearPredictor: max memory 932184064, total allocated 109576192, free 60949528, used 48626664, increment 0
FeaturedSpace: max memory 932184064, total allocated 109576192, free 60949528, used 48626664, increment 0
Sequential: max memory 932184064, total allocated 109576192, free 60949528, used 48626664, increment 0
Initial loss: 9.212438170058329
Time since start: 104.0
60: time = 0.198000 loss = 9.103825
Res.gain: 0.10861326906486646
Jackknife: only bio_15
Making features
makeFeatures: max memory 932184064, total allocated 109576192, free 60949528, used 48626664, increment 0
Gustavia_santanderiensis_3 bio_15: 
Regularization values: linear/quadratic/product: 0.560, categorical: 0.250, threshold: 1.790, hinge: 0.500
21 samples
Density: max memory 932184064, total allocated 109576192, free 60949528, used 48626664, increment 0
linearPredictor: max memory 932184064, total allocated 109576192, free 60949528, used 48626664, increment 0
FeaturedSpace: max memory 932184064, total allocated 109576192, free 60949528, used 48626664, increment 0
Sequential: max memory 932184064, total allocated 109576192, free 60949528, used 48626664, increment 0
Initial loss: 9.212438170058329
60: time = 0.198000 loss = 9.010808
Res.gain: 0.20163004461073086
Jackknife: only bio_16
Making features
makeFeatures: max memory 932184064, total allocated 109576192, free 60949528, used 48626664, increment 0
Gustavia_santanderiensis_3 bio_16: 
Regularization values: linear/quadratic/product: 0.560, categorical: 0.250, threshold: 1.790, hinge: 0.500
21 samples
Density: max memory 932184064, total allocated 109576192, free 60949528, used 48626664, increment 0
linearPredictor: max memory 932184064, total allocated 109576192, free 60949528, used 48626664, increment 0
FeaturedSpace: max memory 932184064, total allocated 109576192, free 60949528, used 48626664, increment 0
Sequential: max memory 932184064, total allocated 109576192, free 60949528, used 48626664, increment 0
Initial loss: 9.212438170058329
60: time = 0.196000 loss = 9.211591
Res.gain: 8.469344413395419E-4
Jackknife: only bio_17
Making features
makeFeatures: max memory 932184064, total allocated 109576192, free 60949528, used 48626664, increment 0
Gustavia_santanderiensis_3 bio_17: 
Regularization values: linear/quadratic/product: 0.560, categorical: 0.250, threshold: 1.790, hinge: 0.500
21 samples
Density: max memory 932184064, total allocated 109576192, free 60949528, used 48626664, increment 0
linearPredictor: max memory 932184064, total allocated 109576192, free 60869344, used 48706848, increment 80184
FeaturedSpace: max memory 932184064, total allocated 109576192, free 60869344, used 48706848, increment 0
Sequential: max memory 932184064, total allocated 109576192, free 60869344, used 48706848, increment 0
Initial loss: 9.212438170058329
60: time = 0.177000 loss = 8.850754
Res.gain: 0.3616845223402372
Jackknife: only bio_2
Making features
makeFeatures: max memory 932184064, total allocated 109576192, free 59629072, used 49947120, increment 1240272
Gustavia_santanderiensis_3 bio_2: 
Regularization values: linear/quadratic/product: 0.560, categorical: 0.250, threshold: 1.790, hinge: 0.500
21 samples
Density: max memory 932184064, total allocated 109576192, free 59629072, used 49947120, increment 0
linearPredictor: max memory 932184064, total allocated 109576192, free 59629072, used 49947120, increment 0
FeaturedSpace: max memory 932184064, total allocated 109576192, free 59629072, used 49947120, increment 0
Sequential: max memory 932184064, total allocated 109576192, free 59629072, used 49947120, increment 0
Initial loss: 9.212438170058329
60: time = 0.202000 loss = 9.175532
Res.gain: 0.03690614417441296
Jackknife: only bio_3
Making features
makeFeatures: max memory 932184064, total allocated 109576192, free 59629072, used 49947120, increment 0
Gustavia_santanderiensis_3 bio_3: 
Regularization values: linear/quadratic/product: 0.560, categorical: 0.250, threshold: 1.790, hinge: 0.500
21 samples
Density: max memory 932184064, total allocated 109576192, free 59629072, used 49947120, increment 0
linearPredictor: max memory 932184064, total allocated 109576192, free 59629072, used 49947120, increment 0
FeaturedSpace: max memory 932184064, total allocated 109576192, free 59629072, used 49947120, increment 0
Sequential: max memory 932184064, total allocated 109576192, free 59629072, used 49947120, increment 0
Initial loss: 9.212438170058329
60: time = 0.208000 loss = 9.193662
Res.gain: 0.018775908252980145
Jackknife: only bio_4
Making features
makeFeatures: max memory 932184064, total allocated 109576192, free 59629072, used 49947120, increment 0
Gustavia_santanderiensis_3 bio_4: 
Regularization values: linear/quadratic/product: 0.560, categorical: 0.250, threshold: 1.790, hinge: 0.500
21 samples
Density: max memory 932184064, total allocated 109576192, free 59629072, used 49947120, increment 0
linearPredictor: max memory 932184064, total allocated 109576192, free 59629072, used 49947120, increment 0
FeaturedSpace: max memory 932184064, total allocated 109576192, free 59629072, used 49947120, increment 0
Sequential: max memory 932184064, total allocated 109576192, free 59629072, used 49947120, increment 0
Initial loss: 9.212438170058329
Time since start: 105.096
20: time = 0.099000 loss = 9.212438
Res.gain: 0.0
Jackknife: only bio_5
Making features
makeFeatures: max memory 932184064, total allocated 109576192, free 59629072, used 49947120, increment 0
Gustavia_santanderiensis_3 bio_5: 
Regularization values: linear/quadratic/product: 0.560, categorical: 0.250, threshold: 1.790, hinge: 0.500
21 samples
Density: max memory 932184064, total allocated 109576192, free 59629072, used 49947120, increment 0
linearPredictor: max memory 932184064, total allocated 109576192, free 59629072, used 49947120, increment 0
FeaturedSpace: max memory 932184064, total allocated 109576192, free 59629072, used 49947120, increment 0
Sequential: max memory 932184064, total allocated 109576192, free 59629072, used 49947120, increment 0
Initial loss: 9.212438170058329
60: time = 0.211000 loss = 8.916296
Res.gain: 0.29614264294168535
Jackknife: only bio_6
Making features
makeFeatures: max memory 932184064, total allocated 109576192, free 59629072, used 49947120, increment 0
Gustavia_santanderiensis_3 bio_6: 
Regularization values: linear/quadratic/product: 0.560, categorical: 0.250, threshold: 1.790, hinge: 0.500
21 samples
Density: max memory 932184064, total allocated 109576192, free 58388800, used 51187392, increment 1240272
linearPredictor: max memory 932184064, total allocated 109576192, free 58388800, used 51187392, increment 0
FeaturedSpace: max memory 932184064, total allocated 109576192, free 58388800, used 51187392, increment 0
Sequential: max memory 932184064, total allocated 109576192, free 58388800, used 51187392, increment 0
Initial loss: 9.212438170058329
60: time = 0.195000 loss = 8.865675
Res.gain: 0.34676301103665175
Jackknife: only bio_7
Making features
makeFeatures: max memory 932184064, total allocated 109576192, free 58388800, used 51187392, increment 0
Gustavia_santanderiensis_3 bio_7: 
Regularization values: linear/quadratic/product: 0.560, categorical: 0.250, threshold: 1.790, hinge: 0.500
21 samples
Density: max memory 932184064, total allocated 109576192, free 58388800, used 51187392, increment 0
linearPredictor: max memory 932184064, total allocated 109576192, free 58388800, used 51187392, increment 0
FeaturedSpace: max memory 932184064, total allocated 109576192, free 58388800, used 51187392, increment 0
Sequential: max memory 932184064, total allocated 109576192, free 58388800, used 51187392, increment 0
Initial loss: 9.212438170058329
60: time = 0.207000 loss = 9.211840
Res.gain: 5.980005282104628E-4
Jackknife: only bio_ai_et0
Making features
makeFeatures: max memory 932184064, total allocated 109576192, free 58388800, used 51187392, increment 0
Gustavia_santanderiensis_3 bio_ai_et0: 
Regularization values: linear/quadratic/product: 0.560, categorical: 0.250, threshold: 1.790, hinge: 0.500
21 samples
Density: max memory 932184064, total allocated 109576192, free 58388800, used 51187392, increment 0
linearPredictor: max memory 932184064, total allocated 109576192, free 58388800, used 51187392, increment 0
FeaturedSpace: max memory 932184064, total allocated 109576192, free 58388800, used 51187392, increment 0
Sequential: max memory 932184064, total allocated 109576192, free 58388800, used 51187392, increment 0
Initial loss: 9.212438170058329
60: time = 0.211000 loss = 9.199763
Res.gain: 0.012674825251187016
Jackknife: only bio_et0_yr
Making features
makeFeatures: max memory 932184064, total allocated 109576192, free 58388800, used 51187392, increment 0
Gustavia_santanderiensis_3 bio_et0_yr: 
Regularization values: linear/quadratic/product: 0.560, categorical: 0.250, threshold: 1.790, hinge: 0.500
21 samples
Density: max memory 932184064, total allocated 109576192, free 58388800, used 51187392, increment 0
linearPredictor: max memory 932184064, total allocated 109576192, free 58388800, used 51187392, increment 0
FeaturedSpace: max memory 932184064, total allocated 109576192, free 58388800, used 51187392, increment 0
Sequential: max memory 932184064, total allocated 109576192, free 58388800, used 51187392, increment 0
Initial loss: 9.212438170058329
Time since start: 106.113
60: time = 0.178000 loss = 9.155986
Res.gain: 0.0564521025992466
getSamples: max memory 932184064, total allocated 109576192, free 53438472, used 56137720, increment 4950328
Making features
makeFeatures: max memory 932184064, total allocated 109576192, free 52075344, used 57500848, increment 1363128
Gustavia_santanderiensis_4: 
Regularization values: linear/quadratic/product: 0.560, categorical: 0.250, threshold: 1.790, hinge: 0.500
21 samples
Density: max memory 932184064, total allocated 109576192, free 51995160, used 57581032, increment 80184
linearPredictor: max memory 932184064, total allocated 109576192, free 51914976, used 57661216, increment 80184
FeaturedSpace: max memory 932184064, total allocated 109576192, free 51914976, used 57661216, increment 0
Sequential: max memory 932184064, total allocated 109576192, free 51914976, used 57661216, increment 0
Initial loss: 9.212438170058329
160: time = 0.260000 loss = 7.784742
Resulting gain: 1.4276961681505682
Projecting...
Writing file C:\Users\Camila\Desktop\Modelo opc3\Final_Models\M_3_F_l_Set_1\Gustavia_santanderiensis_4.asc
Time since start: 109.209
Writing C:\Users\Camila\Desktop\Modelo opc3\Final_Models\M_3_F_l_Set_1\plots\Gustavia_santanderiensis_4.png
Gustavia_santanderiensis_4 response curves
Time since start: 114.317
Response curve: only bio_1
Making features
makeFeatures: max memory 932184064, total allocated 100139008, free 35491696, used 64647312, increment 6986096
Gustavia_santanderiensis_4 bio_1: 
Regularization values: linear/quadratic/product: 0.560, categorical: 0.250, threshold: 1.790, hinge: 0.500
21 samples
Density: max memory 932184064, total allocated 100139008, free 35491696, used 64647312, increment 0
linearPredictor: max memory 932184064, total allocated 100139008, free 35491696, used 64647312, increment 0
FeaturedSpace: max memory 932184064, total allocated 100139008, free 35491696, used 64647312, increment 0
Sequential: max memory 932184064, total allocated 100139008, free 35491696, used 64647312, increment 0
Initial loss: 9.212438170058329
60: time = 0.260000 loss = 8.883381
Resulting gain: 0.32905670446706736
Gustavia_santanderiensis_4 response curves
Response curve: only bio_10
Making features
makeFeatures: max memory 932184064, total allocated 100139008, free 31616888, used 68522120, increment 3874808
Gustavia_santanderiensis_4 bio_10: 
Regularization values: linear/quadratic/product: 0.560, categorical: 0.250, threshold: 1.790, hinge: 0.500
21 samples
Density: max memory 932184064, total allocated 100139008, free 31616888, used 68522120, increment 0
linearPredictor: max memory 932184064, total allocated 100139008, free 31536704, used 68602304, increment 80184
FeaturedSpace: max memory 932184064, total allocated 100139008, free 31536704, used 68602304, increment 0
Sequential: max memory 932184064, total allocated 100139008, free 31536704, used 68602304, increment 0
Initial loss: 9.212438170058329
60: time = 0.258000 loss = 8.914961
Resulting gain: 0.2974767423503515
Gustavia_santanderiensis_4 response curves
Response curve: only bio_11
Making features
makeFeatures: max memory 932184064, total allocated 100139008, free 26701816, used 73437192, increment 4834888
Gustavia_santanderiensis_4 bio_11: 
Regularization values: linear/quadratic/product: 0.560, categorical: 0.250, threshold: 1.790, hinge: 0.500
21 samples
Density: max memory 932184064, total allocated 100139008, free 26701816, used 73437192, increment 0
linearPredictor: max memory 932184064, total allocated 100139008, free 26701816, used 73437192, increment 0
FeaturedSpace: max memory 932184064, total allocated 100139008, free 26701816, used 73437192, increment 0
Sequential: max memory 932184064, total allocated 100139008, free 26701816, used 73437192, increment 0
Initial loss: 9.212438170058329
Time since start: 115.908
60: time = 0.641000 loss = 8.898939
Resulting gain: 0.31349921095071487
Gustavia_santanderiensis_4 response curves
Response curve: only bio_12
Making features
makeFeatures: max memory 932184064, total allocated 100139008, free 22834472, used 77304536, increment 3867344
Gustavia_santanderiensis_4 bio_12: 
Regularization values: linear/quadratic/product: 0.560, categorical: 0.250, threshold: 1.790, hinge: 0.500
21 samples
Density: max memory 932184064, total allocated 100139008, free 22834472, used 77304536, increment 0
linearPredictor: max memory 932184064, total allocated 100139008, free 22834472, used 77304536, increment 0
FeaturedSpace: max memory 932184064, total allocated 100139008, free 22834472, used 77304536, increment 0
Sequential: max memory 932184064, total allocated 100139008, free 22834472, used 77304536, increment 0
Initial loss: 9.212438170058329
60: time = 0.193000 loss = 9.125912
Resulting gain: 0.08652619292630703
Gustavia_santanderiensis_4 response curves
Response curve: only bio_13
Making features
makeFeatures: max memory 932184064, total allocated 104333312, free 70756504, used 33576808, increment -43727728
Gustavia_santanderiensis_4 bio_13: 
Regularization values: linear/quadratic/product: 0.560, categorical: 0.250, threshold: 1.790, hinge: 0.500
21 samples
Density: max memory 932184064, total allocated 104333312, free 70756504, used 33576808, increment 0
linearPredictor: max memory 932184064, total allocated 104333312, free 70756504, used 33576808, increment 0
FeaturedSpace: max memory 932184064, total allocated 104333312, free 70756504, used 33576808, increment 0
Sequential: max memory 932184064, total allocated 104333312, free 70756504, used 33576808, increment 0
Initial loss: 9.212438170058329
Time since start: 116.974
60: time = 0.232000 loss = 9.197352
Resulting gain: 0.015086298573283585
Gustavia_santanderiensis_4 response curves
Response curve: only bio_14
Making features
makeFeatures: max memory 932184064, total allocated 104333312, free 66974992, used 37358320, increment 3781512
Gustavia_santanderiensis_4 bio_14: 
Regularization values: linear/quadratic/product: 0.560, categorical: 0.250, threshold: 1.790, hinge: 0.500
21 samples
Density: max memory 932184064, total allocated 104333312, free 66894808, used 37438504, increment 80184
linearPredictor: max memory 932184064, total allocated 104333312, free 66814624, used 37518688, increment 80184
FeaturedSpace: max memory 932184064, total allocated 104333312, free 66814624, used 37518688, increment 0
Sequential: max memory 932184064, total allocated 104333312, free 66814624, used 37518688, increment 0
Initial loss: 9.212438170058329
60: time = 0.354000 loss = 9.041970
Resulting gain: 0.1704679145185839
Gustavia_santanderiensis_4 response curves
Response curve: only bio_15
Making features
makeFeatures: max memory 932184064, total allocated 104333312, free 62093280, used 42240032, increment 4721344
Gustavia_santanderiensis_4 bio_15: 
Regularization values: linear/quadratic/product: 0.560, categorical: 0.250, threshold: 1.790, hinge: 0.500
21 samples
Density: max memory 932184064, total allocated 104333312, free 62093280, used 42240032, increment 0
linearPredictor: max memory 932184064, total allocated 104333312, free 62093280, used 42240032, increment 0
FeaturedSpace: max memory 932184064, total allocated 104333312, free 62093280, used 42240032, increment 0
Sequential: max memory 932184064, total allocated 104333312, free 62093280, used 42240032, increment 0
Initial loss: 9.212438170058329
60: time = 0.193000 loss = 9.074192
Resulting gain: 0.13824597662486227
Gustavia_santanderiensis_4 response curves
Time since start: 118.002
Response curve: only bio_16
Making features
makeFeatures: max memory 932184064, total allocated 104333312, free 58309368, used 46023944, increment 3783912
Gustavia_santanderiensis_4 bio_16: 
Regularization values: linear/quadratic/product: 0.560, categorical: 0.250, threshold: 1.790, hinge: 0.500
21 samples
Density: max memory 932184064, total allocated 104333312, free 58309368, used 46023944, increment 0
linearPredictor: max memory 932184064, total allocated 104333312, free 57290304, used 47043008, increment 1019064
FeaturedSpace: max memory 932184064, total allocated 104333312, free 57290304, used 47043008, increment 0
Sequential: max memory 932184064, total allocated 104333312, free 57290304, used 47043008, increment 0
Initial loss: 9.212438170058329
60: time = 0.694000 loss = 9.198554
Resulting gain: 0.01388440494434029
Gustavia_santanderiensis_4 response curves
Response curve: only bio_17
Making features
makeFeatures: max memory 932184064, total allocated 104333312, free 53507960, used 50825352, increment 3782344
Gustavia_santanderiensis_4 bio_17: 
Regularization values: linear/quadratic/product: 0.560, categorical: 0.250, threshold: 1.790, hinge: 0.500
21 samples
Density: max memory 932184064, total allocated 104333312, free 53507960, used 50825352, increment 0
linearPredictor: max memory 932184064, total allocated 104333312, free 53507960, used 50825352, increment 0
FeaturedSpace: max memory 932184064, total allocated 104333312, free 53507960, used 50825352, increment 0
Sequential: max memory 932184064, total allocated 104333312, free 53507960, used 50825352, increment 0
Initial loss: 9.212438170058329
Time since start: 119.083
60: time = 0.216000 loss = 8.855964
Resulting gain: 0.35647443391611944
Gustavia_santanderiensis_4 response curves
Time since start: 120.842
Response curve: only bio_2
Making features
makeFeatures: max memory 932184064, total allocated 104333312, free 49721968, used 54611344, increment 3785992
Gustavia_santanderiensis_4 bio_2: 
Regularization values: linear/quadratic/product: 0.560, categorical: 0.250, threshold: 1.790, hinge: 0.500
21 samples
Density: max memory 932184064, total allocated 104333312, free 49721968, used 54611344, increment 0
linearPredictor: max memory 932184064, total allocated 104333312, free 49641784, used 54691528, increment 80184
FeaturedSpace: max memory 932184064, total allocated 104333312, free 49641784, used 54691528, increment 0
Sequential: max memory 932184064, total allocated 104333312, free 49641784, used 54691528, increment 0
Initial loss: 9.212438170058329
60: time = 0.211000 loss = 9.161872
Resulting gain: 0.05056625071770959
Gustavia_santanderiensis_4 response curves
Response curve: only bio_3
Making features
makeFeatures: max memory 932184064, total allocated 104333312, free 44920536, used 59412776, increment 4721248
Gustavia_santanderiensis_4 bio_3: 
Regularization values: linear/quadratic/product: 0.560, categorical: 0.250, threshold: 1.790, hinge: 0.500
21 samples
Density: max memory 932184064, total allocated 104333312, free 44920536, used 59412776, increment 0
linearPredictor: max memory 932184064, total allocated 104333312, free 44920536, used 59412776, increment 0
FeaturedSpace: max memory 932184064, total allocated 104333312, free 44920536, used 59412776, increment 0
Sequential: max memory 932184064, total allocated 104333312, free 44920536, used 59412776, increment 0
Initial loss: 9.212438170058329
60: time = 0.220000 loss = 9.167691
Resulting gain: 0.04474684036637555
Gustavia_santanderiensis_4 response curves
Response curve: only bio_4
Making features
makeFeatures: max memory 932184064, total allocated 104333312, free 41139024, used 63194288, increment 3781512
Gustavia_santanderiensis_4 bio_4: 
Regularization values: linear/quadratic/product: 0.560, categorical: 0.250, threshold: 1.790, hinge: 0.500
21 samples
Density: max memory 932184064, total allocated 104333312, free 41058840, used 63274472, increment 80184
linearPredictor: max memory 932184064, total allocated 104333312, free 40978656, used 63354656, increment 80184
FeaturedSpace: max memory 932184064, total allocated 104333312, free 40978656, used 63354656, increment 0
Sequential: max memory 932184064, total allocated 104333312, free 40978656, used 63354656, increment 0
Initial loss: 9.212438170058329
20: time = 0.098000 loss = 9.212438
Resulting gain: 0.0
Gustavia_santanderiensis_4 response curves
Response curve: only bio_5
Making features
makeFeatures: max memory 932184064, total allocated 104333312, free 36241032, used 68092280, increment 4737624
Gustavia_santanderiensis_4 bio_5: 
Regularization values: linear/quadratic/product: 0.560, categorical: 0.250, threshold: 1.790, hinge: 0.500
21 samples
Density: max memory 932184064, total allocated 104333312, free 36241032, used 68092280, increment 0
linearPredictor: max memory 932184064, total allocated 104333312, free 36241032, used 68092280, increment 0
FeaturedSpace: max memory 932184064, total allocated 104333312, free 36241032, used 68092280, increment 0
Sequential: max memory 932184064, total allocated 104333312, free 36241032, used 68092280, increment 0
Initial loss: 9.212438170058329
Time since start: 122.011
60: time = 0.202000 loss = 8.917391
Resulting gain: 0.29504682852907216
Gustavia_santanderiensis_4 response curves
Response curve: only bio_6
Making features
makeFeatures: max memory 932184064, total allocated 104333312, free 32452312, used 71881000, increment 3788720
Gustavia_santanderiensis_4 bio_6: 
Regularization values: linear/quadratic/product: 0.560, categorical: 0.250, threshold: 1.790, hinge: 0.500
21 samples
Density: max memory 932184064, total allocated 104333312, free 32452312, used 71881000, increment 0
linearPredictor: max memory 932184064, total allocated 104333312, free 31433248, used 72900064, increment 1019064
FeaturedSpace: max memory 932184064, total allocated 104333312, free 31433248, used 72900064, increment 0
Sequential: max memory 932184064, total allocated 104333312, free 31433248, used 72900064, increment 0
Initial loss: 9.212438170058329
60: time = 0.248000 loss = 8.852715
Resulting gain: 0.3597231571035202
Gustavia_santanderiensis_4 response curves
Time since start: 123.02
Response curve: only bio_7
Making features
makeFeatures: max memory 932184064, total allocated 104333312, free 27650904, used 76682408, increment 3782344
Gustavia_santanderiensis_4 bio_7: 
Regularization values: linear/quadratic/product: 0.560, categorical: 0.250, threshold: 1.790, hinge: 0.500
21 samples
Density: max memory 932184064, total allocated 104333312, free 27650904, used 76682408, increment 0
linearPredictor: max memory 932184064, total allocated 104333312, free 27650904, used 76682408, increment 0
FeaturedSpace: max memory 932184064, total allocated 104333312, free 27650904, used 76682408, increment 0
Sequential: max memory 932184064, total allocated 104333312, free 27650904, used 76682408, increment 0
Initial loss: 9.212438170058329
40: time = 0.147000 loss = 9.212044
Resulting gain: 3.9378535473133525E-4
Gustavia_santanderiensis_4 response curves
Response curve: only bio_ai_et0
Making features
makeFeatures: max memory 932184064, total allocated 100663296, free 64376960, used 36286336, increment -40396072
Gustavia_santanderiensis_4 bio_ai_et0: 
Regularization values: linear/quadratic/product: 0.560, categorical: 0.250, threshold: 1.790, hinge: 0.500
21 samples
Density: max memory 932184064, total allocated 100663296, free 64376960, used 36286336, increment 0
linearPredictor: max memory 932184064, total allocated 100663296, free 64376960, used 36286336, increment 0
FeaturedSpace: max memory 932184064, total allocated 100663296, free 64376960, used 36286336, increment 0
Sequential: max memory 932184064, total allocated 100663296, free 64376960, used 36286336, increment 0
Initial loss: 9.212438170058329
60: time = 0.220000 loss = 9.177573
Resulting gain: 0.03486479045138857
Gustavia_santanderiensis_4 response curves
Response curve: only bio_et0_yr
Making features
makeFeatures: max memory 932184064, total allocated 100663296, free 59736600, used 40926696, increment 4640360
Gustavia_santanderiensis_4 bio_et0_yr: 
Regularization values: linear/quadratic/product: 0.560, categorical: 0.250, threshold: 1.790, hinge: 0.500
21 samples
Density: max memory 932184064, total allocated 100663296, free 59736600, used 40926696, increment 0
linearPredictor: max memory 932184064, total allocated 100663296, free 59736600, used 40926696, increment 0
FeaturedSpace: max memory 932184064, total allocated 100663296, free 59736600, used 40926696, increment 0
Sequential: max memory 932184064, total allocated 100663296, free 59736600, used 40926696, increment 0
Initial loss: 9.212438170058329
60: time = 0.193000 loss = 9.165599
Resulting gain: 0.04683931817944931
Gustavia_santanderiensis_4 response curves
Time since start: 124.561
Jackknife: leave bio_1 out
Making features
makeFeatures: max memory 932184064, total allocated 94371840, free 57803920, used 36567920, increment -4358776
Gustavia_santanderiensis_4 bio_1: 
Regularization values: linear/quadratic/product: 0.560, categorical: 0.250, threshold: 1.790, hinge: 0.500
21 samples
Density: max memory 932184064, total allocated 94371840, free 57803920, used 36567920, increment 0
linearPredictor: max memory 932184064, total allocated 94371840, free 57803920, used 36567920, increment 0
FeaturedSpace: max memory 932184064, total allocated 94371840, free 57803920, used 36567920, increment 0
Sequential: max memory 932184064, total allocated 94371840, free 57803920, used 36567920, increment 0
Initial loss: 9.212438170058329
120: time = 0.219000 loss = 7.784742
Jackknife: leave bio_10 out
Making features
makeFeatures: max memory 932184064, total allocated 94371840, free 56383856, used 37987984, increment 1420064
Gustavia_santanderiensis_4 bio_10: 
Regularization values: linear/quadratic/product: 0.560, categorical: 0.250, threshold: 1.790, hinge: 0.500
21 samples
Density: max memory 932184064, total allocated 94371840, free 56303672, used 38068168, increment 80184
linearPredictor: max memory 932184064, total allocated 94371840, free 56223488, used 38148352, increment 80184
FeaturedSpace: max memory 932184064, total allocated 94371840, free 56223488, used 38148352, increment 0
Sequential: max memory 932184064, total allocated 94371840, free 56223488, used 38148352, increment 0
Initial loss: 9.212438170058329
160: time = 0.740000 loss = 7.784742
Jackknife: leave bio_11 out
Making features
makeFeatures: max memory 932184064, total allocated 94371840, free 54803488, used 39568352, increment 1420000
Gustavia_santanderiensis_4 bio_11: 
Regularization values: linear/quadratic/product: 0.560, categorical: 0.250, threshold: 1.790, hinge: 0.500
21 samples
Density: max memory 932184064, total allocated 94371840, free 54723304, used 39648536, increment 80184
linearPredictor: max memory 932184064, total allocated 94371840, free 54643120, used 39728720, increment 80184
FeaturedSpace: max memory 932184064, total allocated 94371840, free 54643120, used 39728720, increment 0
Sequential: max memory 932184064, total allocated 94371840, free 54643120, used 39728720, increment 0
Initial loss: 9.212438170058329
Time since start: 125.875
180: time = 0.314000 loss = 7.784742
Jackknife: leave bio_12 out
Making features
makeFeatures: max memory 932184064, total allocated 94371840, free 53142896, used 41228944, increment 1500224
Gustavia_santanderiensis_4 bio_12: 
Regularization values: linear/quadratic/product: 0.560, categorical: 0.250, threshold: 1.790, hinge: 0.500
21 samples
Density: max memory 932184064, total allocated 94371840, free 53062712, used 41309128, increment 80184
linearPredictor: max memory 932184064, total allocated 94371840, free 52982528, used 41389312, increment 80184
FeaturedSpace: max memory 932184064, total allocated 94371840, free 52982528, used 41389312, increment 0
Sequential: max memory 932184064, total allocated 94371840, free 52982528, used 41389312, increment 0
Initial loss: 9.212438170058329
160: time = 0.282000 loss = 7.784742
Jackknife: leave bio_13 out
Making features
makeFeatures: max memory 932184064, total allocated 94371840, free 51562464, used 42809376, increment 1420064
Gustavia_santanderiensis_4 bio_13: 
Regularization values: linear/quadratic/product: 0.560, categorical: 0.250, threshold: 1.790, hinge: 0.500
21 samples
Density: max memory 932184064, total allocated 94371840, free 51482280, used 42889560, increment 80184
linearPredictor: max memory 932184064, total allocated 94371840, free 51402096, used 42969744, increment 80184
FeaturedSpace: max memory 932184064, total allocated 94371840, free 51402096, used 42969744, increment 0
Sequential: max memory 932184064, total allocated 94371840, free 51402096, used 42969744, increment 0
Initial loss: 9.212438170058329
160: time = 0.284000 loss = 7.784742
Jackknife: leave bio_14 out
Making features
makeFeatures: max memory 932184064, total allocated 94371840, free 49604600, used 44767240, increment 1797496
Gustavia_santanderiensis_4 bio_14: 
Regularization values: linear/quadratic/product: 0.560, categorical: 0.250, threshold: 1.790, hinge: 0.500
21 samples
Density: max memory 932184064, total allocated 94371840, free 49604600, used 44767240, increment 0
linearPredictor: max memory 932184064, total allocated 94371840, free 49604600, used 44767240, increment 0
FeaturedSpace: max memory 932184064, total allocated 94371840, free 49604600, used 44767240, increment 0
Sequential: max memory 932184064, total allocated 94371840, free 49604600, used 44767240, increment 0
Initial loss: 9.212438170058329
160: time = 0.285000 loss = 7.784742
Jackknife: leave bio_15 out
Making features
makeFeatures: max memory 932184064, total allocated 94371840, free 48321656, used 46050184, increment 1282944
Gustavia_santanderiensis_4 bio_15: 
Regularization values: linear/quadratic/product: 0.560, categorical: 0.250, threshold: 1.790, hinge: 0.500
21 samples
Density: max memory 932184064, total allocated 94371840, free 48241472, used 46130368, increment 80184
linearPredictor: max memory 932184064, total allocated 94371840, free 48161288, used 46210552, increment 80184
FeaturedSpace: max memory 932184064, total allocated 94371840, free 48161288, used 46210552, increment 0
Sequential: max memory 932184064, total allocated 94371840, free 48161288, used 46210552, increment 0
Initial loss: 9.212438170058329
Time since start: 127.083
160: time = 0.322000 loss = 7.974851
Jackknife: leave bio_16 out
Making features
makeFeatures: max memory 932184064, total allocated 94371840, free 46741248, used 47630592, increment 1420040
Gustavia_santanderiensis_4 bio_16: 
Regularization values: linear/quadratic/product: 0.560, categorical: 0.250, threshold: 1.790, hinge: 0.500
21 samples
Density: max memory 932184064, total allocated 94371840, free 45802432, used 48569408, increment 938816
linearPredictor: max memory 932184064, total allocated 94371840, free 45802432, used 48569408, increment 0
FeaturedSpace: max memory 932184064, total allocated 94371840, free 45802432, used 48569408, increment 0
Sequential: max memory 932184064, total allocated 94371840, free 45802432, used 48569408, increment 0
Initial loss: 9.212438170058329
160: time = 0.266000 loss = 7.784742
Jackknife: leave bio_17 out
Making features
makeFeatures: max memory 932184064, total allocated 94371840, free 45080776, used 49291064, increment 721656
Gustavia_santanderiensis_4 bio_17: 
Regularization values: linear/quadratic/product: 0.560, categorical: 0.250, threshold: 1.790, hinge: 0.500
21 samples
Density: max memory 932184064, total allocated 94371840, free 45000592, used 49371248, increment 80184
linearPredictor: max memory 932184064, total allocated 94371840, free 44920408, used 49451432, increment 80184
FeaturedSpace: max memory 932184064, total allocated 94371840, free 44920408, used 49451432, increment 0
Sequential: max memory 932184064, total allocated 94371840, free 44920408, used 49451432, increment 0
Initial loss: 9.212438170058329
140: time = 0.254000 loss = 7.807778
Jackknife: leave bio_2 out
Making features
makeFeatures: max memory 932184064, total allocated 94371840, free 43500344, used 50871496, increment 1420064
Gustavia_santanderiensis_4 bio_2: 
Regularization values: linear/quadratic/product: 0.560, categorical: 0.250, threshold: 1.790, hinge: 0.500
21 samples
Density: max memory 932184064, total allocated 94371840, free 43420160, used 50951680, increment 80184
linearPredictor: max memory 932184064, total allocated 94371840, free 43339976, used 51031864, increment 80184
FeaturedSpace: max memory 932184064, total allocated 94371840, free 43339976, used 51031864, increment 0
Sequential: max memory 932184064, total allocated 94371840, free 43339976, used 51031864, increment 0
Initial loss: 9.212438170058329
160: time = 0.263000 loss = 7.784742
Jackknife: leave bio_3 out
Making features
makeFeatures: max memory 932184064, total allocated 94371840, free 41920008, used 52451832, increment 1419968
Gustavia_santanderiensis_4 bio_3: 
Regularization values: linear/quadratic/product: 0.560, categorical: 0.250, threshold: 1.790, hinge: 0.500
21 samples
Density: max memory 932184064, total allocated 94371840, free 40981192, used 53390648, increment 938816
linearPredictor: max memory 932184064, total allocated 94371840, free 40981192, used 53390648, increment 0
FeaturedSpace: max memory 932184064, total allocated 94371840, free 40981192, used 53390648, increment 0
Sequential: max memory 932184064, total allocated 94371840, free 40981192, used 53390648, increment 0
Initial loss: 9.212438170058329
Time since start: 128.183
160: time = 0.288000 loss = 7.784742
Jackknife: leave bio_4 out
Making features
makeFeatures: max memory 932184064, total allocated 94371840, free 40259536, used 54112304, increment 721656
Gustavia_santanderiensis_4 bio_4: 
Regularization values: linear/quadratic/product: 0.560, categorical: 0.250, threshold: 1.790, hinge: 0.500
21 samples
Density: max memory 932184064, total allocated 94371840, free 40179352, used 54192488, increment 80184
linearPredictor: max memory 932184064, total allocated 94371840, free 40099168, used 54272672, increment 80184
FeaturedSpace: max memory 932184064, total allocated 94371840, free 40099168, used 54272672, increment 0
Sequential: max memory 932184064, total allocated 94371840, free 40099168, used 54272672, increment 0
Initial loss: 9.212438170058329
160: time = 0.259000 loss = 7.784742
Jackknife: leave bio_5 out
Making features
makeFeatures: max memory 932184064, total allocated 94371840, free 38679168, used 55692672, increment 1420000
Gustavia_santanderiensis_4 bio_5: 
Regularization values: linear/quadratic/product: 0.560, categorical: 0.250, threshold: 1.790, hinge: 0.500
21 samples
Density: max memory 932184064, total allocated 94371840, free 38598984, used 55772856, increment 80184
linearPredictor: max memory 932184064, total allocated 94371840, free 38518800, used 55853040, increment 80184
FeaturedSpace: max memory 932184064, total allocated 94371840, free 38518800, used 55853040, increment 0
Sequential: max memory 932184064, total allocated 94371840, free 38518800, used 55853040, increment 0
Initial loss: 9.212438170058329
160: time = 0.268000 loss = 7.794761
Jackknife: leave bio_6 out
Making features
makeFeatures: max memory 932184064, total allocated 94371840, free 36721232, used 57650608, increment 1797568
Gustavia_santanderiensis_4 bio_6: 
Regularization values: linear/quadratic/product: 0.560, categorical: 0.250, threshold: 1.790, hinge: 0.500
21 samples
Density: max memory 932184064, total allocated 94371840, free 36721232, used 57650608, increment 0
linearPredictor: max memory 932184064, total allocated 94371840, free 36721232, used 57650608, increment 0
FeaturedSpace: max memory 932184064, total allocated 94371840, free 36721232, used 57650608, increment 0
Sequential: max memory 932184064, total allocated 94371840, free 36721232, used 57650608, increment 0
Initial loss: 9.212438170058329
140: time = 0.253000 loss = 7.799994
Jackknife: leave bio_7 out
Making features
makeFeatures: max memory 932184064, total allocated 94371840, free 35438288, used 58933552, increment 1282944
Gustavia_santanderiensis_4 bio_7: 
Regularization values: linear/quadratic/product: 0.560, categorical: 0.250, threshold: 1.790, hinge: 0.500
21 samples
Density: max memory 932184064, total allocated 94371840, free 35358104, used 59013736, increment 80184
linearPredictor: max memory 932184064, total allocated 94371840, free 35277920, used 59093920, increment 80184
FeaturedSpace: max memory 932184064, total allocated 94371840, free 35277920, used 59093920, increment 0
Sequential: max memory 932184064, total allocated 94371840, free 35277920, used 59093920, increment 0
Initial loss: 9.212438170058329
Time since start: 129.256
160: time = 0.262000 loss = 7.784742
Jackknife: leave bio_ai_et0 out
Making features
makeFeatures: max memory 932184064, total allocated 94371840, free 33857880, used 60513960, increment 1420040
Gustavia_santanderiensis_4 bio_ai_et0: 
Regularization values: linear/quadratic/product: 0.560, categorical: 0.250, threshold: 1.790, hinge: 0.500
21 samples
Density: max memory 932184064, total allocated 94371840, free 33777696, used 60594144, increment 80184
linearPredictor: max memory 932184064, total allocated 94371840, free 33697512, used 60674328, increment 80184
FeaturedSpace: max memory 932184064, total allocated 94371840, free 33697512, used 60674328, increment 0
Sequential: max memory 932184064, total allocated 94371840, free 33697512, used 60674328, increment 0
Initial loss: 9.212438170058329
180: time = 0.287000 loss = 7.784742
Jackknife: leave bio_et0_yr out
Making features
makeFeatures: max memory 932184064, total allocated 94371840, free 32197352, used 62174488, increment 1500160
Gustavia_santanderiensis_4 bio_et0_yr: 
Regularization values: linear/quadratic/product: 0.560, categorical: 0.250, threshold: 1.790, hinge: 0.500
21 samples
Density: max memory 932184064, total allocated 94371840, free 32117168, used 62254672, increment 80184
linearPredictor: max memory 932184064, total allocated 94371840, free 32036984, used 62334856, increment 80184
FeaturedSpace: max memory 932184064, total allocated 94371840, free 32036984, used 62334856, increment 0
Sequential: max memory 932184064, total allocated 94371840, free 32036984, used 62334856, increment 0
Initial loss: 9.212438170058329
160: time = 0.259000 loss = 7.784742
Jackknife: only bio_1
Making features
makeFeatures: max memory 932184064, total allocated 94371840, free 31178304, used 63193536, increment 858680
Gustavia_santanderiensis_4 bio_1: 
Regularization values: linear/quadratic/product: 0.560, categorical: 0.250, threshold: 1.790, hinge: 0.500
21 samples
Density: max memory 932184064, total allocated 94371840, free 31178304, used 63193536, increment 0
linearPredictor: max memory 932184064, total allocated 94371840, free 31178304, used 63193536, increment 0
FeaturedSpace: max memory 932184064, total allocated 94371840, free 31178304, used 63193536, increment 0
Sequential: max memory 932184064, total allocated 94371840, free 31178304, used 63193536, increment 0
Initial loss: 9.212438170058329
60: time = 0.241000 loss = 8.883381
Res.gain: 0.32905670446706736
Jackknife: only bio_10
Making features
makeFeatures: max memory 932184064, total allocated 94371840, free 31178304, used 63193536, increment 0
Gustavia_santanderiensis_4 bio_10: 
Regularization values: linear/quadratic/product: 0.560, categorical: 0.250, threshold: 1.790, hinge: 0.500
21 samples
Density: max memory 932184064, total allocated 94371840, free 31178304, used 63193536, increment 0
linearPredictor: max memory 932184064, total allocated 94371840, free 31178304, used 63193536, increment 0
FeaturedSpace: max memory 932184064, total allocated 94371840, free 31178304, used 63193536, increment 0
Sequential: max memory 932184064, total allocated 94371840, free 31178304, used 63193536, increment 0
Initial loss: 9.212438170058329
Time since start: 130.273
60: time = 0.210000 loss = 8.914961
Res.gain: 0.2974767423503515
Jackknife: only bio_11
Making features
makeFeatures: max memory 932184064, total allocated 94371840, free 31178304, used 63193536, increment 0
Gustavia_santanderiensis_4 bio_11: 
Regularization values: linear/quadratic/product: 0.560, categorical: 0.250, threshold: 1.790, hinge: 0.500
21 samples
Density: max memory 932184064, total allocated 94371840, free 31178304, used 63193536, increment 0
linearPredictor: max memory 932184064, total allocated 94371840, free 31098120, used 63273720, increment 80184
FeaturedSpace: max memory 932184064, total allocated 94371840, free 31098120, used 63273720, increment 0
Sequential: max memory 932184064, total allocated 94371840, free 31098120, used 63273720, increment 0
Initial loss: 9.212438170058329
60: time = 0.187000 loss = 8.898939
Res.gain: 0.31349921095071487
Jackknife: only bio_12
Making features
makeFeatures: max memory 932184064, total allocated 94371840, free 30239464, used 64132376, increment 858656
Gustavia_santanderiensis_4 bio_12: 
Regularization values: linear/quadratic/product: 0.560, categorical: 0.250, threshold: 1.790, hinge: 0.500
21 samples
Density: max memory 932184064, total allocated 94371840, free 30239464, used 64132376, increment 0
linearPredictor: max memory 932184064, total allocated 94371840, free 30239464, used 64132376, increment 0
FeaturedSpace: max memory 932184064, total allocated 94371840, free 30239464, used 64132376, increment 0
Sequential: max memory 932184064, total allocated 94371840, free 30239464, used 64132376, increment 0
Initial loss: 9.212438170058329
60: time = 0.189000 loss = 9.125912
Res.gain: 0.08652619292630703
Jackknife: only bio_13
Making features
makeFeatures: max memory 932184064, total allocated 94371840, free 30239464, used 64132376, increment 0
Gustavia_santanderiensis_4 bio_13: 
Regularization values: linear/quadratic/product: 0.560, categorical: 0.250, threshold: 1.790, hinge: 0.500
21 samples
Density: max memory 932184064, total allocated 94371840, free 30239464, used 64132376, increment 0
linearPredictor: max memory 932184064, total allocated 94371840, free 30239464, used 64132376, increment 0
FeaturedSpace: max memory 932184064, total allocated 94371840, free 30239464, used 64132376, increment 0
Sequential: max memory 932184064, total allocated 94371840, free 30239464, used 64132376, increment 0
Initial loss: 9.212438170058329
60: time = 0.224000 loss = 9.197352
Res.gain: 0.015086298573283585
Jackknife: only bio_14
Making features
makeFeatures: max memory 932184064, total allocated 94371840, free 30239464, used 64132376, increment 0
Gustavia_santanderiensis_4 bio_14: 
Regularization values: linear/quadratic/product: 0.560, categorical: 0.250, threshold: 1.790, hinge: 0.500
21 samples
Density: max memory 932184064, total allocated 94371840, free 30239464, used 64132376, increment 0
linearPredictor: max memory 932184064, total allocated 94371840, free 30159280, used 64212560, increment 80184
FeaturedSpace: max memory 932184064, total allocated 94371840, free 30159280, used 64212560, increment 0
Sequential: max memory 932184064, total allocated 94371840, free 30159280, used 64212560, increment 0
Initial loss: 9.212438170058329
60: time = 0.199000 loss = 9.041970
Res.gain: 0.1704679145185839
Jackknife: only bio_15
Making features
makeFeatures: max memory 932184064, total allocated 94371840, free 30079096, used 64292744, increment 80184
Gustavia_santanderiensis_4 bio_15: 
Regularization values: linear/quadratic/product: 0.560, categorical: 0.250, threshold: 1.790, hinge: 0.500
21 samples
Density: max memory 932184064, total allocated 94371840, free 29998912, used 64372928, increment 80184
linearPredictor: max memory 932184064, total allocated 94371840, free 29918728, used 64453112, increment 80184
FeaturedSpace: max memory 932184064, total allocated 94371840, free 29918728, used 64453112, increment 0
Sequential: max memory 932184064, total allocated 94371840, free 29918728, used 64453112, increment 0
Initial loss: 9.212438170058329
Time since start: 131.285
60: time = 0.196000 loss = 9.074192
Res.gain: 0.13824597662486227
Jackknife: only bio_16
Making features
makeFeatures: max memory 932184064, total allocated 94371840, free 29060072, used 65311768, increment 858656
Gustavia_santanderiensis_4 bio_16: 
Regularization values: linear/quadratic/product: 0.560, categorical: 0.250, threshold: 1.790, hinge: 0.500
21 samples
Density: max memory 932184064, total allocated 94371840, free 29060072, used 65311768, increment 0
linearPredictor: max memory 932184064, total allocated 94371840, free 29060072, used 65311768, increment 0
FeaturedSpace: max memory 932184064, total allocated 94371840, free 29060072, used 65311768, increment 0
Sequential: max memory 932184064, total allocated 94371840, free 29060072, used 65311768, increment 0
Initial loss: 9.212438170058329
60: time = 0.200000 loss = 9.198554
Res.gain: 0.01388440494434029
Jackknife: only bio_17
Making features
makeFeatures: max memory 932184064, total allocated 94371840, free 29060072, used 65311768, increment 0
Gustavia_santanderiensis_4 bio_17: 
Regularization values: linear/quadratic/product: 0.560, categorical: 0.250, threshold: 1.790, hinge: 0.500
21 samples
Density: max memory 932184064, total allocated 94371840, free 29060072, used 65311768, increment 0
linearPredictor: max memory 932184064, total allocated 94371840, free 29060072, used 65311768, increment 0
FeaturedSpace: max memory 932184064, total allocated 94371840, free 29060072, used 65311768, increment 0
Sequential: max memory 932184064, total allocated 94371840, free 29060072, used 65311768, increment 0
Initial loss: 9.212438170058329
60: time = 0.204000 loss = 8.855964
Res.gain: 0.35647443391611944
Jackknife: only bio_2
Making features
makeFeatures: max memory 932184064, total allocated 94371840, free 29060072, used 65311768, increment 0
Gustavia_santanderiensis_4 bio_2: 
Regularization values: linear/quadratic/product: 0.560, categorical: 0.250, threshold: 1.790, hinge: 0.500
21 samples
Density: max memory 932184064, total allocated 94371840, free 29060072, used 65311768, increment 0
linearPredictor: max memory 932184064, total allocated 94371840, free 29060072, used 65311768, increment 0
FeaturedSpace: max memory 932184064, total allocated 94371840, free 29060072, used 65311768, increment 0
Sequential: max memory 932184064, total allocated 94371840, free 28201440, used 66170400, increment 858632
Initial loss: 9.212438170058329
60: time = 0.208000 loss = 9.161872
Res.gain: 0.05056625071770959
Jackknife: only bio_3
Making features
makeFeatures: max memory 932184064, total allocated 94371840, free 28201440, used 66170400, increment 0
Gustavia_santanderiensis_4 bio_3: 
Regularization values: linear/quadratic/product: 0.560, categorical: 0.250, threshold: 1.790, hinge: 0.500
21 samples
Density: max memory 932184064, total allocated 94371840, free 28201440, used 66170400, increment 0
linearPredictor: max memory 932184064, total allocated 94371840, free 28201440, used 66170400, increment 0
FeaturedSpace: max memory 932184064, total allocated 94371840, free 28201440, used 66170400, increment 0
Sequential: max memory 932184064, total allocated 94371840, free 28201440, used 66170400, increment 0
Initial loss: 9.212438170058329
60: time = 0.222000 loss = 9.167691
Res.gain: 0.04474684036637555
Jackknife: only bio_4
Making features
makeFeatures: max memory 932184064, total allocated 94371840, free 28201440, used 66170400, increment 0
Gustavia_santanderiensis_4 bio_4: 
Regularization values: linear/quadratic/product: 0.560, categorical: 0.250, threshold: 1.790, hinge: 0.500
21 samples
Density: max memory 932184064, total allocated 94371840, free 28201440, used 66170400, increment 0
linearPredictor: max memory 932184064, total allocated 94371840, free 28201440, used 66170400, increment 0
FeaturedSpace: max memory 932184064, total allocated 94371840, free 28201440, used 66170400, increment 0
Sequential: max memory 932184064, total allocated 94371840, free 28201440, used 66170400, increment 0
Initial loss: 9.212438170058329
20: time = 0.098000 loss = 9.212438
Res.gain: 0.0
Jackknife: only bio_5
Making features
makeFeatures: max memory 932184064, total allocated 94371840, free 28201440, used 66170400, increment 0
Gustavia_santanderiensis_4 bio_5: 
Regularization values: linear/quadratic/product: 0.560, categorical: 0.250, threshold: 1.790, hinge: 0.500
21 samples
Density: max memory 932184064, total allocated 94371840, free 28201440, used 66170400, increment 0
linearPredictor: max memory 932184064, total allocated 94371840, free 28201440, used 66170400, increment 0
FeaturedSpace: max memory 932184064, total allocated 94371840, free 28201440, used 66170400, increment 0
Sequential: max memory 932184064, total allocated 94371840, free 28201440, used 66170400, increment 0
Initial loss: 9.212438170058329
Time since start: 132.439
60: time = 0.205000 loss = 8.917391
Res.gain: 0.29504682852907216
Jackknife: only bio_6
Making features
makeFeatures: max memory 932184064, total allocated 94371840, free 27342760, used 67029080, increment 858680
Gustavia_santanderiensis_4 bio_6: 
Regularization values: linear/quadratic/product: 0.560, categorical: 0.250, threshold: 1.790, hinge: 0.500
21 samples
Density: max memory 932184064, total allocated 94371840, free 27342760, used 67029080, increment 0
linearPredictor: max memory 932184064, total allocated 94371840, free 27342760, used 67029080, increment 0
FeaturedSpace: max memory 932184064, total allocated 94371840, free 27342760, used 67029080, increment 0
Sequential: max memory 932184064, total allocated 94371840, free 27342760, used 67029080, increment 0
Initial loss: 9.212438170058329
60: time = 0.190000 loss = 8.852715
Res.gain: 0.3597231571035202
Jackknife: only bio_7
Making features
makeFeatures: max memory 932184064, total allocated 94371840, free 27342760, used 67029080, increment 0
Gustavia_santanderiensis_4 bio_7: 
Regularization values: linear/quadratic/product: 0.560, categorical: 0.250, threshold: 1.790, hinge: 0.500
21 samples
Density: max memory 932184064, total allocated 94371840, free 27342760, used 67029080, increment 0
linearPredictor: max memory 932184064, total allocated 94371840, free 27342760, used 67029080, increment 0
FeaturedSpace: max memory 932184064, total allocated 94371840, free 27342760, used 67029080, increment 0
Sequential: max memory 932184064, total allocated 94371840, free 27342760, used 67029080, increment 0
Initial loss: 9.212438170058329
40: time = 0.157000 loss = 9.212044
Res.gain: 3.9378535473133525E-4
Jackknife: only bio_ai_et0
Making features
makeFeatures: max memory 932184064, total allocated 94371840, free 27342760, used 67029080, increment 0
Gustavia_santanderiensis_4 bio_ai_et0: 
Regularization values: linear/quadratic/product: 0.560, categorical: 0.250, threshold: 1.790, hinge: 0.500
21 samples
Density: max memory 932184064, total allocated 94371840, free 27342760, used 67029080, increment 0
linearPredictor: max memory 932184064, total allocated 94371840, free 27262576, used 67109264, increment 80184
FeaturedSpace: max memory 932184064, total allocated 94371840, free 27262576, used 67109264, increment 0
Sequential: max memory 932184064, total allocated 94371840, free 27262576, used 67109264, increment 0
Initial loss: 9.212438170058329
60: time = 0.214000 loss = 9.177573
Res.gain: 0.03486479045138857
Jackknife: only bio_et0_yr
Making features
makeFeatures: max memory 932184064, total allocated 94371840, free 27182392, used 67189448, increment 80184
Gustavia_santanderiensis_4 bio_et0_yr: 
Regularization values: linear/quadratic/product: 0.560, categorical: 0.250, threshold: 1.790, hinge: 0.500
21 samples
Density: max memory 932184064, total allocated 94371840, free 27102208, used 67269632, increment 80184
linearPredictor: max memory 932184064, total allocated 94371840, free 27022024, used 67349816, increment 80184
FeaturedSpace: max memory 932184064, total allocated 94371840, free 27022024, used 67349816, increment 0
Sequential: max memory 932184064, total allocated 94371840, free 27022024, used 67349816, increment 0
Initial loss: 9.212438170058329
60: time = 0.186000 loss = 9.165599
Res.gain: 0.04683931817944931
getSamples: max memory 932184064, total allocated 94371840, free 21260512, used 73111328, increment 5761512
Making features
makeFeatures: max memory 932184064, total allocated 94371840, free 20538856, used 73832984, increment 721656
Gustavia_santanderiensis_5: 
Regularization values: linear/quadratic/product: 0.560, categorical: 0.250, threshold: 1.790, hinge: 0.500
21 samples
Density: max memory 932184064, total allocated 94371840, free 20458672, used 73913168, increment 80184
linearPredictor: max memory 932184064, total allocated 94371840, free 20378488, used 73993352, increment 80184
FeaturedSpace: max memory 932184064, total allocated 94371840, free 20378488, used 73993352, increment 0
Sequential: max memory 932184064, total allocated 94371840, free 20378488, used 73993352, increment 0
Initial loss: 9.212438170058329
Time since start: 133.677
180: time = 0.352000 loss = 7.850184
Resulting gain: 1.3622539058440788
Projecting...
Writing file C:\Users\Camila\Desktop\Modelo opc3\Final_Models\M_3_F_l_Set_1\Gustavia_santanderiensis_5.asc
Time since start: 136.136
Writing C:\Users\Camila\Desktop\Modelo opc3\Final_Models\M_3_F_l_Set_1\plots\Gustavia_santanderiensis_5.png
Gustavia_santanderiensis_5 response curves
Time since start: 140.975
Response curve: only bio_1
Making features
makeFeatures: max memory 932184064, total allocated 90177536, free 46081760, used 44095776, increment -29897576
Gustavia_santanderiensis_5 bio_1: 
Regularization values: linear/quadratic/product: 0.560, categorical: 0.250, threshold: 1.790, hinge: 0.500
21 samples
Density: max memory 932184064, total allocated 90177536, free 46081760, used 44095776, increment 0
linearPredictor: max memory 932184064, total allocated 90177536, free 46081760, used 44095776, increment 0
FeaturedSpace: max memory 932184064, total allocated 90177536, free 46081760, used 44095776, increment 0
Sequential: max memory 932184064, total allocated 90177536, free 46081760, used 44095776, increment 0
Initial loss: 9.212438170058329
60: time = 0.260000 loss = 9.000460
Resulting gain: 0.21197767232894904
Gustavia_santanderiensis_5 response curves
Response curve: only bio_10
Making features
makeFeatures: max memory 932184064, total allocated 90177536, free 41526296, used 48651240, increment 4555464
Gustavia_santanderiensis_5 bio_10: 
Regularization values: linear/quadratic/product: 0.560, categorical: 0.250, threshold: 1.790, hinge: 0.500
21 samples
Density: max memory 932184064, total allocated 90177536, free 41526296, used 48651240, increment 0
linearPredictor: max memory 932184064, total allocated 90177536, free 41526296, used 48651240, increment 0
FeaturedSpace: max memory 932184064, total allocated 90177536, free 41526296, used 48651240, increment 0
Sequential: max memory 932184064, total allocated 90177536, free 41526296, used 48651240, increment 0
Initial loss: 9.212438170058329
60: time = 0.218000 loss = 9.015634
Resulting gain: 0.1968040903644166
Gustavia_santanderiensis_5 response curves
Response curve: only bio_11
Making features
makeFeatures: max memory 932184064, total allocated 83886080, free 67876880, used 16009200, increment -32642040
Gustavia_santanderiensis_5 bio_11: 
Regularization values: linear/quadratic/product: 0.560, categorical: 0.250, threshold: 1.790, hinge: 0.500
21 samples
Density: max memory 932184064, total allocated 83886080, free 67796696, used 16089384, increment 80184
linearPredictor: max memory 932184064, total allocated 83886080, free 67716512, used 16169568, increment 80184
FeaturedSpace: max memory 932184064, total allocated 83886080, free 67716512, used 16169568, increment 0
Sequential: max memory 932184064, total allocated 83886080, free 67716512, used 16169568, increment 0
Initial loss: 9.212438170058329
Time since start: 142.013
60: time = 0.235000 loss = 9.016578
Resulting gain: 0.19585990205176884
Gustavia_santanderiensis_5 response curves
Response curve: only bio_12
Making features
makeFeatures: max memory 932184064, total allocated 83886080, free 63205936, used 20680144, increment 4510576
Gustavia_santanderiensis_5 bio_12: 
Regularization values: linear/quadratic/product: 0.560, categorical: 0.250, threshold: 1.790, hinge: 0.500
21 samples
Density: max memory 932184064, total allocated 83886080, free 63205936, used 20680144, increment 0
linearPredictor: max memory 932184064, total allocated 83886080, free 63205936, used 20680144, increment 0
FeaturedSpace: max memory 932184064, total allocated 83886080, free 63205936, used 20680144, increment 0
Sequential: max memory 932184064, total allocated 83886080, free 63205936, used 20680144, increment 0
Initial loss: 9.212438170058329
60: time = 0.732000 loss = 9.169343
Resulting gain: 0.04309566957395994
Gustavia_santanderiensis_5 response curves
Time since start: 143.095
Response curve: only bio_13
Making features
makeFeatures: max memory 932184064, total allocated 83886080, free 58695392, used 25190688, increment 4510544
Gustavia_santanderiensis_5 bio_13: 
Regularization values: linear/quadratic/product: 0.560, categorical: 0.250, threshold: 1.790, hinge: 0.500
21 samples
Density: max memory 932184064, total allocated 83886080, free 58695392, used 25190688, increment 0
linearPredictor: max memory 932184064, total allocated 83886080, free 58695392, used 25190688, increment 0
FeaturedSpace: max memory 932184064, total allocated 83886080, free 58695392, used 25190688, increment 0
Sequential: max memory 932184064, total allocated 83886080, free 58695392, used 25190688, increment 0
Initial loss: 9.212438170058329
20: time = 0.106000 loss = 9.212438
Resulting gain: 0.0
Gustavia_santanderiensis_5 response curves
Response curve: only bio_14
Making features
makeFeatures: max memory 932184064, total allocated 83886080, free 54898984, used 28987096, increment 3796408
Gustavia_santanderiensis_5 bio_14: 
Regularization values: linear/quadratic/product: 0.560, categorical: 0.250, threshold: 1.790, hinge: 0.500
21 samples
Density: max memory 932184064, total allocated 83886080, free 54898984, used 28987096, increment 0
linearPredictor: max memory 932184064, total allocated 83886080, free 54818800, used 29067280, increment 80184
FeaturedSpace: max memory 932184064, total allocated 83886080, free 54818800, used 29067280, increment 0
Sequential: max memory 932184064, total allocated 83886080, free 54818800, used 29067280, increment 0
Initial loss: 9.212438170058329
60: time = 0.222000 loss = 9.038117
Resulting gain: 0.1743210028551534
Gustavia_santanderiensis_5 response curves
Response curve: only bio_15
Making features
makeFeatures: max memory 932184064, total allocated 83886080, free 50308280, used 33577800, increment 4510520
Gustavia_santanderiensis_5 bio_15: 
Regularization values: linear/quadratic/product: 0.560, categorical: 0.250, threshold: 1.790, hinge: 0.500
21 samples
Density: max memory 932184064, total allocated 83886080, free 50308280, used 33577800, increment 0
linearPredictor: max memory 932184064, total allocated 83886080, free 50308280, used 33577800, increment 0
FeaturedSpace: max memory 932184064, total allocated 83886080, free 50308280, used 33577800, increment 0
Sequential: max memory 932184064, total allocated 83886080, free 50308280, used 33577800, increment 0
Initial loss: 9.212438170058329
60: time = 0.216000 loss = 8.989611
Resulting gain: 0.22282746225704209
Gustavia_santanderiensis_5 response curves
Time since start: 144.135
Response curve: only bio_16
Making features
makeFeatures: max memory 932184064, total allocated 83886080, free 45797672, used 38088408, increment 4510608
Gustavia_santanderiensis_5 bio_16: 
Regularization values: linear/quadratic/product: 0.560, categorical: 0.250, threshold: 1.790, hinge: 0.500
21 samples
Density: max memory 932184064, total allocated 83886080, free 45797672, used 38088408, increment 0
linearPredictor: max memory 932184064, total allocated 83886080, free 45797672, used 38088408, increment 0
FeaturedSpace: max memory 932184064, total allocated 83886080, free 45797672, used 38088408, increment 0
Sequential: max memory 932184064, total allocated 83886080, free 45797672, used 38088408, increment 0
Initial loss: 9.212438170058329
60: time = 0.190000 loss = 9.211840
Resulting gain: 5.977652112285625E-4
Gustavia_santanderiensis_5 response curves
Response curve: only bio_17
Making features
makeFeatures: max memory 932184064, total allocated 83886080, free 41986872, used 41899208, increment 3810800
Gustavia_santanderiensis_5 bio_17: 
Regularization values: linear/quadratic/product: 0.560, categorical: 0.250, threshold: 1.790, hinge: 0.500
21 samples
Density: max memory 932184064, total allocated 83886080, free 41986872, used 41899208, increment 0
linearPredictor: max memory 932184064, total allocated 83886080, free 41906688, used 41979392, increment 80184
FeaturedSpace: max memory 932184064, total allocated 83886080, free 41906688, used 41979392, increment 0
Sequential: max memory 932184064, total allocated 83886080, free 41906688, used 41979392, increment 0
Initial loss: 9.212438170058329
60: time = 0.159000 loss = 8.823115
Resulting gain: 0.38932348013036666
Gustavia_santanderiensis_5 response curves
Response curve: only bio_2
Making features
makeFeatures: max memory 932184064, total allocated 83886080, free 37396144, used 46489936, increment 4510544
Gustavia_santanderiensis_5 bio_2: 
Regularization values: linear/quadratic/product: 0.560, categorical: 0.250, threshold: 1.790, hinge: 0.500
21 samples
Density: max memory 932184064, total allocated 83886080, free 37396144, used 46489936, increment 0
linearPredictor: max memory 932184064, total allocated 83886080, free 37396144, used 46489936, increment 0
FeaturedSpace: max memory 932184064, total allocated 83886080, free 37396144, used 46489936, increment 0
Sequential: max memory 932184064, total allocated 83886080, free 37396144, used 46489936, increment 0
Initial loss: 9.212438170058329
60: time = 0.222000 loss = 9.193149
Resulting gain: 0.019289127182499755
Gustavia_santanderiensis_5 response curves
Time since start: 145.639
Response curve: only bio_3
Making features
makeFeatures: max memory 932184064, total allocated 88080384, free 72005368, used 16075016, increment -30414920
Gustavia_santanderiensis_5 bio_3: 
Regularization values: linear/quadratic/product: 0.560, categorical: 0.250, threshold: 1.790, hinge: 0.500
21 samples
Density: max memory 932184064, total allocated 88080384, free 71925184, used 16155200, increment 80184
linearPredictor: max memory 932184064, total allocated 88080384, free 71845000, used 16235384, increment 80184
FeaturedSpace: max memory 932184064, total allocated 88080384, free 71845000, used 16235384, increment 0
Sequential: max memory 932184064, total allocated 88080384, free 71845000, used 16235384, increment 0
Initial loss: 9.212438170058329
60: time = 0.211000 loss = 9.204275
Resulting gain: 0.008163649756388835
Gustavia_santanderiensis_5 response curves
Response curve: only bio_4
Making features
makeFeatures: max memory 932184064, total allocated 88080384, free 67379136, used 20701248, increment 4465864
Gustavia_santanderiensis_5 bio_4: 
Regularization values: linear/quadratic/product: 0.560, categorical: 0.250, threshold: 1.790, hinge: 0.500
21 samples
Density: max memory 932184064, total allocated 88080384, free 67379136, used 20701248, increment 0
linearPredictor: max memory 932184064, total allocated 88080384, free 67379136, used 20701248, increment 0
FeaturedSpace: max memory 932184064, total allocated 88080384, free 67379136, used 20701248, increment 0
Sequential: max memory 932184064, total allocated 88080384, free 67379136, used 20701248, increment 0
Initial loss: 9.212438170058329
20: time = 0.105000 loss = 9.212438
Resulting gain: 0.0
Gustavia_santanderiensis_5 response curves
Response curve: only bio_5
Making features
makeFeatures: max memory 932184064, total allocated 88080384, free 62917192, used 25163192, increment 4461944
Gustavia_santanderiensis_5 bio_5: 
Regularization values: linear/quadratic/product: 0.560, categorical: 0.250, threshold: 1.790, hinge: 0.500
21 samples
Density: max memory 932184064, total allocated 88080384, free 62917192, used 25163192, increment 0
linearPredictor: max memory 932184064, total allocated 88080384, free 62917192, used 25163192, increment 0
FeaturedSpace: max memory 932184064, total allocated 88080384, free 62917192, used 25163192, increment 0
Sequential: max memory 932184064, total allocated 88080384, free 62917192, used 25163192, increment 0
Initial loss: 9.212438170058329
Time since start: 146.8
60: time = 0.447000 loss = 9.007958
Resulting gain: 0.20447967771985454
Gustavia_santanderiensis_5 response curves
Response curve: only bio_6
Making features
makeFeatures: max memory 932184064, total allocated 88080384, free 59072592, used 29007792, increment 3844600
Gustavia_santanderiensis_5 bio_6: 
Regularization values: linear/quadratic/product: 0.560, categorical: 0.250, threshold: 1.790, hinge: 0.500
21 samples
Density: max memory 932184064, total allocated 88080384, free 58992408, used 29087976, increment 80184
linearPredictor: max memory 932184064, total allocated 88080384, free 58912224, used 29168160, increment 80184
FeaturedSpace: max memory 932184064, total allocated 88080384, free 58912224, used 29168160, increment 0
Sequential: max memory 932184064, total allocated 88080384, free 58912224, used 29168160, increment 0
Initial loss: 9.212438170058329
60: time = 0.226000 loss = 8.977303
Resulting gain: 0.23513518184900484
Gustavia_santanderiensis_5 response curves
Time since start: 147.958
Response curve: only bio_7
Making features
makeFeatures: max memory 932184064, total allocated 88080384, free 54450384, used 33630000, increment 4461840
Gustavia_santanderiensis_5 bio_7: 
Regularization values: linear/quadratic/product: 0.560, categorical: 0.250, threshold: 1.790, hinge: 0.500
21 samples
Density: max memory 932184064, total allocated 88080384, free 54450384, used 33630000, increment 0
linearPredictor: max memory 932184064, total allocated 88080384, free 54450384, used 33630000, increment 0
FeaturedSpace: max memory 932184064, total allocated 88080384, free 54450384, used 33630000, increment 0
Sequential: max memory 932184064, total allocated 88080384, free 54450384, used 33630000, increment 0
Initial loss: 9.212438170058329
20: time = 0.108000 loss = 9.212438
Resulting gain: 0.0
Gustavia_santanderiensis_5 response curves
Response curve: only bio_ai_et0
Making features
makeFeatures: max memory 932184064, total allocated 88080384, free 49990832, used 38089552, increment 4459552
Gustavia_santanderiensis_5 bio_ai_et0: 
Regularization values: linear/quadratic/product: 0.560, categorical: 0.250, threshold: 1.790, hinge: 0.500
21 samples
Density: max memory 932184064, total allocated 88080384, free 49990832, used 38089552, increment 0
linearPredictor: max memory 932184064, total allocated 88080384, free 49990832, used 38089552, increment 0
FeaturedSpace: max memory 932184064, total allocated 88080384, free 49990832, used 38089552, increment 0
Sequential: max memory 932184064, total allocated 88080384, free 49990832, used 38089552, increment 0
Initial loss: 9.212438170058329
60: time = 0.265000 loss = 9.202042
Resulting gain: 0.01039660094353323
Gustavia_santanderiensis_5 response curves
Response curve: only bio_et0_yr
Making features
makeFeatures: max memory 932184064, total allocated 88080384, free 46148320, used 41932064, increment 3842512
Gustavia_santanderiensis_5 bio_et0_yr: 
Regularization values: linear/quadratic/product: 0.560, categorical: 0.250, threshold: 1.790, hinge: 0.500
21 samples
Density: max memory 932184064, total allocated 88080384, free 46068136, used 42012248, increment 80184
linearPredictor: max memory 932184064, total allocated 88080384, free 45987952, used 42092432, increment 80184
FeaturedSpace: max memory 932184064, total allocated 88080384, free 45987952, used 42092432, increment 0
Sequential: max memory 932184064, total allocated 88080384, free 45987952, used 42092432, increment 0
Initial loss: 9.212438170058329
60: time = 0.217000 loss = 9.173954
Resulting gain: 0.03848436773373898
Gustavia_santanderiensis_5 response curves
Time since start: 149.652
Jackknife: leave bio_1 out
Making features
makeFeatures: max memory 932184064, total allocated 81264640, free 42476640, used 38788000, increment -3304432
Gustavia_santanderiensis_5 bio_1: 
Regularization values: linear/quadratic/product: 0.560, categorical: 0.250, threshold: 1.790, hinge: 0.500
21 samples
Density: max memory 932184064, total allocated 81264640, free 41736568, used 39528072, increment 740072
linearPredictor: max memory 932184064, total allocated 81264640, free 41736568, used 39528072, increment 0
FeaturedSpace: max memory 932184064, total allocated 81264640, free 41736568, used 39528072, increment 0
Sequential: max memory 932184064, total allocated 81264640, free 41736568, used 39528072, increment 0
Initial loss: 9.212438170058329
140: time = 0.750000 loss = 7.850184
Jackknife: leave bio_10 out
Making features
makeFeatures: max memory 932184064, total allocated 81264640, free 40854544, used 40410096, increment 882024
Gustavia_santanderiensis_5 bio_10: 
Regularization values: linear/quadratic/product: 0.560, categorical: 0.250, threshold: 1.790, hinge: 0.500
21 samples
Density: max memory 932184064, total allocated 81264640, free 40774360, used 40490280, increment 80184
linearPredictor: max memory 932184064, total allocated 81264640, free 40694176, used 40570464, increment 80184
FeaturedSpace: max memory 932184064, total allocated 81264640, free 40694176, used 40570464, increment 0
Sequential: max memory 932184064, total allocated 81264640, free 40694176, used 40570464, increment 0
Initial loss: 9.212438170058329
Time since start: 150.759
180: time = 0.342000 loss = 7.850183
Jackknife: leave bio_11 out
Making features
makeFeatures: max memory 932184064, total allocated 81264640, free 39232328, used 42032312, increment 1461848
Gustavia_santanderiensis_5 bio_11: 
Regularization values: linear/quadratic/product: 0.560, categorical: 0.250, threshold: 1.790, hinge: 0.500
21 samples
Density: max memory 932184064, total allocated 81264640, free 39152144, used 42112496, increment 80184
linearPredictor: max memory 932184064, total allocated 81264640, free 39071960, used 42192680, increment 80184
FeaturedSpace: max memory 932184064, total allocated 81264640, free 39071960, used 42192680, increment 0
Sequential: max memory 932184064, total allocated 81264640, free 39071960, used 42192680, increment 0
Initial loss: 9.212438170058329
180: time = 0.339000 loss = 7.850183
Jackknife: leave bio_12 out
Making features
makeFeatures: max memory 932184064, total allocated 81264640, free 37610208, used 43654432, increment 1461752
Gustavia_santanderiensis_5 bio_12: 
Regularization values: linear/quadratic/product: 0.560, categorical: 0.250, threshold: 1.790, hinge: 0.500
21 samples
Density: max memory 932184064, total allocated 81264640, free 37530024, used 43734616, increment 80184
linearPredictor: max memory 932184064, total allocated 81264640, free 37449840, used 43814800, increment 80184
FeaturedSpace: max memory 932184064, total allocated 81264640, free 37449840, used 43814800, increment 0
Sequential: max memory 932184064, total allocated 81264640, free 37449840, used 43814800, increment 0
Initial loss: 9.212438170058329
200: time = 0.370000 loss = 7.850184
Jackknife: leave bio_13 out
Making features
makeFeatures: max memory 932184064, total allocated 81264640, free 35809280, used 45455360, increment 1640560
Gustavia_santanderiensis_5 bio_13: 
Regularization values: linear/quadratic/product: 0.560, categorical: 0.250, threshold: 1.790, hinge: 0.500
21 samples
Density: max memory 932184064, total allocated 81264640, free 35809280, used 45455360, increment 0
linearPredictor: max memory 932184064, total allocated 81264640, free 35809280, used 45455360, increment 0
FeaturedSpace: max memory 932184064, total allocated 81264640, free 35809280, used 45455360, increment 0
Sequential: max memory 932184064, total allocated 81264640, free 35149336, used 46115304, increment 659944
Initial loss: 9.212438170058329
Time since start: 151.837
180: time = 0.343000 loss = 7.850184
Jackknife: leave bio_14 out
Making features
makeFeatures: max memory 932184064, total allocated 83886080, free 68392344, used 15493736, increment -30621568
Gustavia_santanderiensis_5 bio_14: 
Regularization values: linear/quadratic/product: 0.560, categorical: 0.250, threshold: 1.790, hinge: 0.500
21 samples
Density: max memory 932184064, total allocated 83886080, free 68392344, used 15493736, increment 0
linearPredictor: max memory 932184064, total allocated 83886080, free 68392344, used 15493736, increment 0
FeaturedSpace: max memory 932184064, total allocated 83886080, free 68392344, used 15493736, increment 0
Sequential: max memory 932184064, total allocated 83886080, free 68392344, used 15493736, increment 0
Initial loss: 9.212438170058329
200: time = 0.332000 loss = 7.850184
Jackknife: leave bio_15 out
Making features
makeFeatures: max memory 932184064, total allocated 83886080, free 67269768, used 16616312, increment 1122576
Gustavia_santanderiensis_5 bio_15: 
Regularization values: linear/quadratic/product: 0.560, categorical: 0.250, threshold: 1.790, hinge: 0.500
21 samples
Density: max memory 932184064, total allocated 83886080, free 67189584, used 16696496, increment 80184
linearPredictor: max memory 932184064, total allocated 83886080, free 67109400, used 16776680, increment 80184
FeaturedSpace: max memory 932184064, total allocated 83886080, free 67109400, used 16776680, increment 0
Sequential: max memory 932184064, total allocated 83886080, free 67109400, used 16776680, increment 0
Initial loss: 9.212438170058329
120: time = 0.223000 loss = 8.077132
Jackknife: leave bio_16 out
Making features
makeFeatures: max memory 932184064, total allocated 83886080, free 65662504, used 18223576, increment 1446896
Gustavia_santanderiensis_5 bio_16: 
Regularization values: linear/quadratic/product: 0.560, categorical: 0.250, threshold: 1.790, hinge: 0.500
21 samples
Density: max memory 932184064, total allocated 83886080, free 65582320, used 18303760, increment 80184
linearPredictor: max memory 932184064, total allocated 83886080, free 65502136, used 18383944, increment 80184
FeaturedSpace: max memory 932184064, total allocated 83886080, free 65502136, used 18383944, increment 0
Sequential: max memory 932184064, total allocated 83886080, free 65502136, used 18383944, increment 0
Initial loss: 9.212438170058329
200: time = 0.335000 loss = 7.850184
Jackknife: leave bio_17 out
Making features
makeFeatures: max memory 932184064, total allocated 83886080, free 64055176, used 19830904, increment 1446960
Gustavia_santanderiensis_5 bio_17: 
Regularization values: linear/quadratic/product: 0.560, categorical: 0.250, threshold: 1.790, hinge: 0.500
21 samples
Density: max memory 932184064, total allocated 83886080, free 63974992, used 19911088, increment 80184
linearPredictor: max memory 932184064, total allocated 83886080, free 63894808, used 19991272, increment 80184
FeaturedSpace: max memory 932184064, total allocated 83886080, free 63894808, used 19991272, increment 0
Sequential: max memory 932184064, total allocated 83886080, free 63894808, used 19991272, increment 0
Initial loss: 9.212438170058329
Time since start: 153.027
140: time = 0.268000 loss = 7.857601
Jackknife: leave bio_2 out
Making features
makeFeatures: max memory 932184064, total allocated 83886080, free 62447944, used 21438136, increment 1446864
Gustavia_santanderiensis_5 bio_2: 
Regularization values: linear/quadratic/product: 0.560, categorical: 0.250, threshold: 1.790, hinge: 0.500
21 samples
Density: max memory 932184064, total allocated 83886080, free 62367760, used 21518320, increment 80184
linearPredictor: max memory 932184064, total allocated 83886080, free 62287576, used 21598504, increment 80184
FeaturedSpace: max memory 932184064, total allocated 83886080, free 62287576, used 21598504, increment 0
Sequential: max memory 932184064, total allocated 83886080, free 62287576, used 21598504, increment 0
Initial loss: 9.212438170058329
200: time = 0.331000 loss = 7.850184
Jackknife: leave bio_3 out
Making features
makeFeatures: max memory 932184064, total allocated 83886080, free 60840640, used 23045440, increment 1446936
Gustavia_santanderiensis_5 bio_3: 
Regularization values: linear/quadratic/product: 0.560, categorical: 0.250, threshold: 1.790, hinge: 0.500
21 samples
Density: max memory 932184064, total allocated 83886080, free 60115480, used 23770600, increment 725160
linearPredictor: max memory 932184064, total allocated 83886080, free 60115480, used 23770600, increment 0
FeaturedSpace: max memory 932184064, total allocated 83886080, free 60115480, used 23770600, increment 0
Sequential: max memory 932184064, total allocated 83886080, free 60115480, used 23770600, increment 0
Initial loss: 9.212438170058329
160: time = 0.279000 loss = 7.850259
Jackknife: leave bio_4 out
Making features
makeFeatures: max memory 932184064, total allocated 83886080, free 58748848, used 25137232, increment 1366632
Gustavia_santanderiensis_5 bio_4: 
Regularization values: linear/quadratic/product: 0.560, categorical: 0.250, threshold: 1.790, hinge: 0.500
21 samples
Density: max memory 932184064, total allocated 83886080, free 58748848, used 25137232, increment 0
linearPredictor: max memory 932184064, total allocated 83886080, free 58748848, used 25137232, increment 0
FeaturedSpace: max memory 932184064, total allocated 83886080, free 58748848, used 25137232, increment 0
Sequential: max memory 932184064, total allocated 83886080, free 58748848, used 25137232, increment 0
Initial loss: 9.212438170058329
180: time = 0.320000 loss = 7.850184
Jackknife: leave bio_5 out
Making features
makeFeatures: max memory 932184064, total allocated 83886080, free 57546088, used 26339992, increment 1202760
Gustavia_santanderiensis_5 bio_5: 
Regularization values: linear/quadratic/product: 0.560, categorical: 0.250, threshold: 1.790, hinge: 0.500
21 samples
Density: max memory 932184064, total allocated 83886080, free 57465904, used 26420176, increment 80184
linearPredictor: max memory 932184064, total allocated 83886080, free 57385720, used 26500360, increment 80184
FeaturedSpace: max memory 932184064, total allocated 83886080, free 57385720, used 26500360, increment 0
Sequential: max memory 932184064, total allocated 83886080, free 57385720, used 26500360, increment 0
Initial loss: 9.212438170058329
Time since start: 154.308
180: time = 0.321000 loss = 7.871042
Jackknife: leave bio_6 out
Making features
makeFeatures: max memory 932184064, total allocated 83886080, free 55938856, used 27947224, increment 1446864
Gustavia_santanderiensis_5 bio_6: 
Regularization values: linear/quadratic/product: 0.560, categorical: 0.250, threshold: 1.790, hinge: 0.500
21 samples
Density: max memory 932184064, total allocated 83886080, free 55858672, used 28027408, increment 80184
linearPredictor: max memory 932184064, total allocated 83886080, free 55778488, used 28107592, increment 80184
FeaturedSpace: max memory 932184064, total allocated 83886080, free 55778488, used 28107592, increment 0
Sequential: max memory 932184064, total allocated 83886080, free 55778488, used 28107592, increment 0
Initial loss: 9.212438170058329
180: time = 0.453000 loss = 7.865444
Jackknife: leave bio_7 out
Making features
makeFeatures: max memory 932184064, total allocated 83886080, free 54331648, used 29554432, increment 1446840
Gustavia_santanderiensis_5 bio_7: 
Regularization values: linear/quadratic/product: 0.560, categorical: 0.250, threshold: 1.790, hinge: 0.500
21 samples
Density: max memory 932184064, total allocated 83886080, free 53686672, used 30199408, increment 644976
linearPredictor: max memory 932184064, total allocated 83886080, free 53686672, used 30199408, increment 0
FeaturedSpace: max memory 932184064, total allocated 83886080, free 53686672, used 30199408, increment 0
Sequential: max memory 932184064, total allocated 83886080, free 53686672, used 30199408, increment 0
Initial loss: 9.212438170058329
180: time = 0.316000 loss = 7.850184
Jackknife: leave bio_ai_et0 out
Making features
makeFeatures: max memory 932184064, total allocated 83886080, free 52644280, used 31241800, increment 1042392
Gustavia_santanderiensis_5 bio_ai_et0: 
Regularization values: linear/quadratic/product: 0.560, categorical: 0.250, threshold: 1.790, hinge: 0.500
21 samples
Density: max memory 932184064, total allocated 83886080, free 52564096, used 31321984, increment 80184
linearPredictor: max memory 932184064, total allocated 83886080, free 52483912, used 31402168, increment 80184
FeaturedSpace: max memory 932184064, total allocated 83886080, free 52483912, used 31402168, increment 0
Sequential: max memory 932184064, total allocated 83886080, free 52483912, used 31402168, increment 0
Initial loss: 9.212438170058329
Time since start: 155.443
180: time = 0.341000 loss = 7.850184
Jackknife: leave bio_et0_yr out
Making features
makeFeatures: max memory 932184064, total allocated 83886080, free 51036952, used 32849128, increment 1446960
Gustavia_santanderiensis_5 bio_et0_yr: 
Regularization values: linear/quadratic/product: 0.560, categorical: 0.250, threshold: 1.790, hinge: 0.500
21 samples
Density: max memory 932184064, total allocated 83886080, free 50956768, used 32929312, increment 80184
linearPredictor: max memory 932184064, total allocated 83886080, free 50876584, used 33009496, increment 80184
FeaturedSpace: max memory 932184064, total allocated 83886080, free 50876584, used 33009496, increment 0
Sequential: max memory 932184064, total allocated 83886080, free 50876584, used 33009496, increment 0
Initial loss: 9.212438170058329
140: time = 0.276000 loss = 7.850726
Jackknife: only bio_1
Making features
makeFeatures: max memory 932184064, total allocated 83886080, free 50231480, used 33654600, increment 645104
Gustavia_santanderiensis_5 bio_1: 
Regularization values: linear/quadratic/product: 0.560, categorical: 0.250, threshold: 1.790, hinge: 0.500
21 samples
Density: max memory 932184064, total allocated 83886080, free 50231480, used 33654600, increment 0
linearPredictor: max memory 932184064, total allocated 83886080, free 50231480, used 33654600, increment 0
FeaturedSpace: max memory 932184064, total allocated 83886080, free 50231480, used 33654600, increment 0
Sequential: max memory 932184064, total allocated 83886080, free 50231480, used 33654600, increment 0
Initial loss: 9.212438170058329
60: time = 0.256000 loss = 9.000460
Res.gain: 0.21197767232894904
Jackknife: only bio_10
Making features
makeFeatures: max memory 932184064, total allocated 83886080, free 50231480, used 33654600, increment 0
Gustavia_santanderiensis_5 bio_10: 
Regularization values: linear/quadratic/product: 0.560, categorical: 0.250, threshold: 1.790, hinge: 0.500
21 samples
Density: max memory 932184064, total allocated 83886080, free 50231480, used 33654600, increment 0
linearPredictor: max memory 932184064, total allocated 83886080, free 50231480, used 33654600, increment 0
FeaturedSpace: max memory 932184064, total allocated 83886080, free 50231480, used 33654600, increment 0
Sequential: max memory 932184064, total allocated 83886080, free 50231480, used 33654600, increment 0
Initial loss: 9.212438170058329
60: time = 0.233000 loss = 9.015634
Res.gain: 0.1968040903644166
Jackknife: only bio_11
Making features
makeFeatures: max memory 932184064, total allocated 83886080, free 49586456, used 34299624, increment 645024
Gustavia_santanderiensis_5 bio_11: 
Regularization values: linear/quadratic/product: 0.560, categorical: 0.250, threshold: 1.790, hinge: 0.500
21 samples
Density: max memory 932184064, total allocated 83886080, free 49586456, used 34299624, increment 0
linearPredictor: max memory 932184064, total allocated 83886080, free 49586456, used 34299624, increment 0
FeaturedSpace: max memory 932184064, total allocated 83886080, free 49586456, used 34299624, increment 0
Sequential: max memory 932184064, total allocated 83886080, free 49586456, used 34299624, increment 0
Initial loss: 9.212438170058329
Time since start: 156.445
60: time = 0.218000 loss = 9.016578
Res.gain: 0.19585990205176884
Jackknife: only bio_12
Making features
makeFeatures: max memory 932184064, total allocated 83886080, free 49586456, used 34299624, increment 0
Gustavia_santanderiensis_5 bio_12: 
Regularization values: linear/quadratic/product: 0.560, categorical: 0.250, threshold: 1.790, hinge: 0.500
21 samples
Density: max memory 932184064, total allocated 83886080, free 49586456, used 34299624, increment 0
linearPredictor: max memory 932184064, total allocated 83886080, free 49586456, used 34299624, increment 0
FeaturedSpace: max memory 932184064, total allocated 83886080, free 49586456, used 34299624, increment 0
Sequential: max memory 932184064, total allocated 83886080, free 49586456, used 34299624, increment 0
Initial loss: 9.212438170058329
60: time = 0.228000 loss = 9.169343
Res.gain: 0.04309566957395994
Jackknife: only bio_13
Making features
makeFeatures: max memory 932184064, total allocated 83886080, free 49506272, used 34379808, increment 80184
Gustavia_santanderiensis_5 bio_13: 
Regularization values: linear/quadratic/product: 0.560, categorical: 0.250, threshold: 1.790, hinge: 0.500
21 samples
Density: max memory 932184064, total allocated 83886080, free 49426088, used 34459992, increment 80184
linearPredictor: max memory 932184064, total allocated 83886080, free 49345904, used 34540176, increment 80184
FeaturedSpace: max memory 932184064, total allocated 83886080, free 49345904, used 34540176, increment 0
Sequential: max memory 932184064, total allocated 83886080, free 49345904, used 34540176, increment 0
Initial loss: 9.212438170058329
20: time = 0.097000 loss = 9.212438
Res.gain: 0.0
Jackknife: only bio_14
Making features
makeFeatures: max memory 932184064, total allocated 83886080, free 48700808, used 35185272, increment 645096
Gustavia_santanderiensis_5 bio_14: 
Regularization values: linear/quadratic/product: 0.560, categorical: 0.250, threshold: 1.790, hinge: 0.500
21 samples
Density: max memory 932184064, total allocated 83886080, free 48700808, used 35185272, increment 0
linearPredictor: max memory 932184064, total allocated 83886080, free 48700808, used 35185272, increment 0
FeaturedSpace: max memory 932184064, total allocated 83886080, free 48700808, used 35185272, increment 0
Sequential: max memory 932184064, total allocated 83886080, free 48700808, used 35185272, increment 0
Initial loss: 9.212438170058329
60: time = 0.205000 loss = 9.038117
Res.gain: 0.1743210028551534
Jackknife: only bio_15
Making features
makeFeatures: max memory 932184064, total allocated 83886080, free 48700808, used 35185272, increment 0
Gustavia_santanderiensis_5 bio_15: 
Regularization values: linear/quadratic/product: 0.560, categorical: 0.250, threshold: 1.790, hinge: 0.500
21 samples
Density: max memory 932184064, total allocated 83886080, free 48700808, used 35185272, increment 0
linearPredictor: max memory 932184064, total allocated 83886080, free 48700808, used 35185272, increment 0
FeaturedSpace: max memory 932184064, total allocated 83886080, free 48700808, used 35185272, increment 0
Sequential: max memory 932184064, total allocated 83886080, free 48700808, used 35185272, increment 0
Initial loss: 9.212438170058329
60: time = 0.189000 loss = 8.989611
Res.gain: 0.22282746225704209
Jackknife: only bio_16
Making features
makeFeatures: max memory 932184064, total allocated 83886080, free 48620624, used 35265456, increment 80184
Gustavia_santanderiensis_5 bio_16: 
Regularization values: linear/quadratic/product: 0.560, categorical: 0.250, threshold: 1.790, hinge: 0.500
21 samples
Density: max memory 932184064, total allocated 83886080, free 48540440, used 35345640, increment 80184
linearPredictor: max memory 932184064, total allocated 83886080, free 48460256, used 35425824, increment 80184
FeaturedSpace: max memory 932184064, total allocated 83886080, free 48460256, used 35425824, increment 0
Sequential: max memory 932184064, total allocated 83886080, free 48460256, used 35425824, increment 0
Initial loss: 9.212438170058329
60: time = 0.179000 loss = 9.211840
Res.gain: 5.977652112285625E-4
Jackknife: only bio_17
Making features
makeFeatures: max memory 932184064, total allocated 83886080, free 47815232, used 36070848, increment 645024
Gustavia_santanderiensis_5 bio_17: 
Regularization values: linear/quadratic/product: 0.560, categorical: 0.250, threshold: 1.790, hinge: 0.500
21 samples
Density: max memory 932184064, total allocated 83886080, free 47815232, used 36070848, increment 0
linearPredictor: max memory 932184064, total allocated 83886080, free 47815232, used 36070848, increment 0
FeaturedSpace: max memory 932184064, total allocated 83886080, free 47815232, used 36070848, increment 0
Sequential: max memory 932184064, total allocated 83886080, free 47815232, used 36070848, increment 0
Initial loss: 9.212438170058329
Time since start: 157.516
60: time = 0.156000 loss = 8.823115
Res.gain: 0.38932348013036666
Jackknife: only bio_2
Making features
makeFeatures: max memory 932184064, total allocated 83886080, free 47815232, used 36070848, increment 0
Gustavia_santanderiensis_5 bio_2: 
Regularization values: linear/quadratic/product: 0.560, categorical: 0.250, threshold: 1.790, hinge: 0.500
21 samples
Density: max memory 932184064, total allocated 83886080, free 47815232, used 36070848, increment 0
linearPredictor: max memory 932184064, total allocated 83886080, free 47815232, used 36070848, increment 0
FeaturedSpace: max memory 932184064, total allocated 83886080, free 47815232, used 36070848, increment 0
Sequential: max memory 932184064, total allocated 83886080, free 47815232, used 36070848, increment 0
Initial loss: 9.212438170058329
60: time = 0.222000 loss = 9.193149
Res.gain: 0.019289127182499755
Jackknife: only bio_3
Making features
makeFeatures: max memory 932184064, total allocated 83886080, free 47735048, used 36151032, increment 80184
Gustavia_santanderiensis_5 bio_3: 
Regularization values: linear/quadratic/product: 0.560, categorical: 0.250, threshold: 1.790, hinge: 0.500
21 samples
Density: max memory 932184064, total allocated 83886080, free 47654864, used 36231216, increment 80184
linearPredictor: max memory 932184064, total allocated 83886080, free 47574680, used 36311400, increment 80184
FeaturedSpace: max memory 932184064, total allocated 83886080, free 47574680, used 36311400, increment 0
Sequential: max memory 932184064, total allocated 83886080, free 47574680, used 36311400, increment 0
Initial loss: 9.212438170058329
60: time = 0.198000 loss = 9.204275
Res.gain: 0.008163649756388835
Jackknife: only bio_4
Making features
makeFeatures: max memory 932184064, total allocated 83886080, free 46929680, used 36956400, increment 645000
Gustavia_santanderiensis_5 bio_4: 
Regularization values: linear/quadratic/product: 0.560, categorical: 0.250, threshold: 1.790, hinge: 0.500
21 samples
Density: max memory 932184064, total allocated 83886080, free 46929680, used 36956400, increment 0
linearPredictor: max memory 932184064, total allocated 83886080, free 46929680, used 36956400, increment 0
FeaturedSpace: max memory 932184064, total allocated 83886080, free 46929680, used 36956400, increment 0
Sequential: max memory 932184064, total allocated 83886080, free 46929680, used 36956400, increment 0
Initial loss: 9.212438170058329
20: time = 0.099000 loss = 9.212438
Res.gain: 0.0
Jackknife: only bio_5
Making features
makeFeatures: max memory 932184064, total allocated 83886080, free 46929680, used 36956400, increment 0
Gustavia_santanderiensis_5 bio_5: 
Regularization values: linear/quadratic/product: 0.560, categorical: 0.250, threshold: 1.790, hinge: 0.500
21 samples
Density: max memory 932184064, total allocated 83886080, free 46929680, used 36956400, increment 0
linearPredictor: max memory 932184064, total allocated 83886080, free 46929680, used 36956400, increment 0
FeaturedSpace: max memory 932184064, total allocated 83886080, free 46929680, used 36956400, increment 0
Sequential: max memory 932184064, total allocated 83886080, free 46929680, used 36956400, increment 0
Initial loss: 9.212438170058329
60: time = 0.218000 loss = 9.007958
Res.gain: 0.20447967771985454
Jackknife: only bio_6
Making features
makeFeatures: max memory 932184064, total allocated 83886080, free 46849496, used 37036584, increment 80184
Gustavia_santanderiensis_5 bio_6: 
Regularization values: linear/quadratic/product: 0.560, categorical: 0.250, threshold: 1.790, hinge: 0.500
21 samples
Density: max memory 932184064, total allocated 83886080, free 46769312, used 37116768, increment 80184
linearPredictor: max memory 932184064, total allocated 83886080, free 46689128, used 37196952, increment 80184
FeaturedSpace: max memory 932184064, total allocated 83886080, free 46689128, used 37196952, increment 0
Sequential: max memory 932184064, total allocated 83886080, free 46689128, used 37196952, increment 0
Initial loss: 9.212438170058329
60: time = 0.212000 loss = 8.977303
Res.gain: 0.23513518184900484
Jackknife: only bio_7
Making features
makeFeatures: max memory 932184064, total allocated 83886080, free 46608944, used 37277136, increment 80184
Gustavia_santanderiensis_5 bio_7: 
Regularization values: linear/quadratic/product: 0.560, categorical: 0.250, threshold: 1.790, hinge: 0.500
21 samples
Density: max memory 932184064, total allocated 83886080, free 46528760, used 37357320, increment 80184
linearPredictor: max memory 932184064, total allocated 83886080, free 46448576, used 37437504, increment 80184
FeaturedSpace: max memory 932184064, total allocated 83886080, free 46448576, used 37437504, increment 0
Sequential: max memory 932184064, total allocated 83886080, free 46448576, used 37437504, increment 0
Initial loss: 9.212438170058329
Time since start: 158.58
20: time = 0.098000 loss = 9.212438
Res.gain: 0.0
Jackknife: only bio_ai_et0
Making features
makeFeatures: max memory 932184064, total allocated 83886080, free 45803552, used 38082528, increment 645024
Gustavia_santanderiensis_5 bio_ai_et0: 
Regularization values: linear/quadratic/product: 0.560, categorical: 0.250, threshold: 1.790, hinge: 0.500
21 samples
Density: max memory 932184064, total allocated 83886080, free 45803552, used 38082528, increment 0
linearPredictor: max memory 932184064, total allocated 83886080, free 45803552, used 38082528, increment 0
FeaturedSpace: max memory 932184064, total allocated 83886080, free 45803552, used 38082528, increment 0
Sequential: max memory 932184064, total allocated 83886080, free 45803552, used 38082528, increment 0
Initial loss: 9.212438170058329
60: time = 0.193000 loss = 9.202042
Res.gain: 0.01039660094353323
Jackknife: only bio_et0_yr
Making features
makeFeatures: max memory 932184064, total allocated 83886080, free 45803552, used 38082528, increment 0
Gustavia_santanderiensis_5 bio_et0_yr: 
Regularization values: linear/quadratic/product: 0.560, categorical: 0.250, threshold: 1.790, hinge: 0.500
21 samples
Density: max memory 932184064, total allocated 83886080, free 45803552, used 38082528, increment 0
linearPredictor: max memory 932184064, total allocated 83886080, free 45803552, used 38082528, increment 0
FeaturedSpace: max memory 932184064, total allocated 83886080, free 45803552, used 38082528, increment 0
Sequential: max memory 932184064, total allocated 83886080, free 45803552, used 38082528, increment 0
Initial loss: 9.212438170058329
60: time = 0.197000 loss = 9.173954
Res.gain: 0.03848436773373898
getSamples: max memory 932184064, total allocated 83886080, free 40446776, used 43439304, increment 5356776
Making features
makeFeatures: max memory 932184064, total allocated 83886080, free 39404384, used 44481696, increment 1042392
Gustavia_santanderiensis_6: 
Regularization values: linear/quadratic/product: 0.560, categorical: 0.250, threshold: 1.790, hinge: 0.500
21 samples
Density: max memory 932184064, total allocated 83886080, free 39324200, used 44561880, increment 80184
linearPredictor: max memory 932184064, total allocated 83886080, free 39244016, used 44642064, increment 80184
FeaturedSpace: max memory 932184064, total allocated 83886080, free 39244016, used 44642064, increment 0
Sequential: max memory 932184064, total allocated 83886080, free 39244016, used 44642064, increment 0
Initial loss: 9.212438170058329
140: time = 0.263000 loss = 8.003605
Resulting gain: 1.2088331598907427
Time since start: 159.671
Projecting...
Writing file C:\Users\Camila\Desktop\Modelo opc3\Final_Models\M_3_F_l_Set_1\Gustavia_santanderiensis_6.asc
Time since start: 161.999
Writing C:\Users\Camila\Desktop\Modelo opc3\Final_Models\M_3_F_l_Set_1\plots\Gustavia_santanderiensis_6.png
Gustavia_santanderiensis_6 response curves
Time since start: 166.034
Response curve: only bio_1
Making features
makeFeatures: max memory 932184064, total allocated 94896128, free 36735160, used 58160968, increment 13518904
Gustavia_santanderiensis_6 bio_1: 
Regularization values: linear/quadratic/product: 0.560, categorical: 0.250, threshold: 1.790, hinge: 0.500
21 samples
Density: max memory 932184064, total allocated 94896128, free 36654976, used 58241152, increment 80184
linearPredictor: max memory 932184064, total allocated 94896128, free 36574792, used 58321336, increment 80184
FeaturedSpace: max memory 932184064, total allocated 94896128, free 36574792, used 58321336, increment 0
Sequential: max memory 932184064, total allocated 94896128, free 36574792, used 58321336, increment 0
Initial loss: 9.212438170058329
60: time = 0.671000 loss = 8.948369
Resulting gain: 0.2640688511494478
Gustavia_santanderiensis_6 response curves
Response curve: only bio_10
Making features
makeFeatures: max memory 932184064, total allocated 94896128, free 32057440, used 62838688, increment 4517352
Gustavia_santanderiensis_6 bio_10: 
Regularization values: linear/quadratic/product: 0.560, categorical: 0.250, threshold: 1.790, hinge: 0.500
21 samples
Density: max memory 932184064, total allocated 94896128, free 32057440, used 62838688, increment 0
linearPredictor: max memory 932184064, total allocated 94896128, free 32057440, used 62838688, increment 0
FeaturedSpace: max memory 932184064, total allocated 94896128, free 32057440, used 62838688, increment 0
Sequential: max memory 932184064, total allocated 94896128, free 32057440, used 62838688, increment 0
Initial loss: 9.212438170058329
Time since start: 167.112
60: time = 0.227000 loss = 8.975244
Resulting gain: 0.23719374738947252
Gustavia_santanderiensis_6 response curves
Response curve: only bio_11
Making features
makeFeatures: max memory 932184064, total allocated 94896128, free 27654400, used 67241728, increment 4403040
Gustavia_santanderiensis_6 bio_11: 
Regularization values: linear/quadratic/product: 0.560, categorical: 0.250, threshold: 1.790, hinge: 0.500
21 samples
Density: max memory 932184064, total allocated 94896128, free 27654400, used 67241728, increment 0
linearPredictor: max memory 932184064, total allocated 94896128, free 27654400, used 67241728, increment 0
FeaturedSpace: max memory 932184064, total allocated 94896128, free 27654400, used 67241728, increment 0
Sequential: max memory 932184064, total allocated 94896128, free 27654400, used 67241728, increment 0
Initial loss: 9.212438170058329
60: time = 0.237000 loss = 8.963147
Resulting gain: 0.24929135949521886
Gustavia_santanderiensis_6 response curves
Response curve: only bio_12
Making features
makeFeatures: max memory 932184064, total allocated 94896128, free 23251360, used 71644768, increment 4403040
Gustavia_santanderiensis_6 bio_12: 
Regularization values: linear/quadratic/product: 0.560, categorical: 0.250, threshold: 1.790, hinge: 0.500
21 samples
Density: max memory 932184064, total allocated 94896128, free 23251360, used 71644768, increment 0
linearPredictor: max memory 932184064, total allocated 94896128, free 23251360, used 71644768, increment 0
FeaturedSpace: max memory 932184064, total allocated 94896128, free 23251360, used 71644768, increment 0
Sequential: max memory 932184064, total allocated 94896128, free 23251360, used 71644768, increment 0
Initial loss: 9.212438170058329
60: time = 0.184000 loss = 9.118292
Resulting gain: 0.0941458259003145
Gustavia_santanderiensis_6 response curves
Response curve: only bio_13
Making features
makeFeatures: max memory 932184064, total allocated 94896128, free 18848376, used 76047752, increment 4402984
Gustavia_santanderiensis_6 bio_13: 
Regularization values: linear/quadratic/product: 0.560, categorical: 0.250, threshold: 1.790, hinge: 0.500
21 samples
Density: max memory 932184064, total allocated 94896128, free 18848376, used 76047752, increment 0
linearPredictor: max memory 932184064, total allocated 94896128, free 18848376, used 76047752, increment 0
FeaturedSpace: max memory 932184064, total allocated 94896128, free 18848376, used 76047752, increment 0
Sequential: max memory 932184064, total allocated 94896128, free 18848376, used 76047752, increment 0
Initial loss: 9.212438170058329
Time since start: 168.299
60: time = 0.247000 loss = 9.193570
Resulting gain: 0.018868484761666693
Gustavia_santanderiensis_6 response curves
Response curve: only bio_14
Making features
makeFeatures: max memory 932184064, total allocated 90177536, free 55810032, used 34367504, increment -41680248
Gustavia_santanderiensis_6 bio_14: 
Regularization values: linear/quadratic/product: 0.560, categorical: 0.250, threshold: 1.790, hinge: 0.500
21 samples
Density: max memory 932184064, total allocated 90177536, free 55810032, used 34367504, increment 0
linearPredictor: max memory 932184064, total allocated 90177536, free 55810032, used 34367504, increment 0
FeaturedSpace: max memory 932184064, total allocated 90177536, free 55810032, used 34367504, increment 0
Sequential: max memory 932184064, total allocated 90177536, free 55810032, used 34367504, increment 0
Initial loss: 9.212438170058329
60: time = 0.185000 loss = 9.037650
Resulting gain: 0.17478769412382356
Gustavia_santanderiensis_6 response curves
Time since start: 169.303
Response curve: only bio_15
Making features
makeFeatures: max memory 932184064, total allocated 90177536, free 51502696, used 38674840, increment 4307336
Gustavia_santanderiensis_6 bio_15: 
Regularization values: linear/quadratic/product: 0.560, categorical: 0.250, threshold: 1.790, hinge: 0.500
21 samples
Density: max memory 932184064, total allocated 90177536, free 51502696, used 38674840, increment 0
linearPredictor: max memory 932184064, total allocated 90177536, free 51502696, used 38674840, increment 0
FeaturedSpace: max memory 932184064, total allocated 90177536, free 51502696, used 38674840, increment 0
Sequential: max memory 932184064, total allocated 90177536, free 51502696, used 38674840, increment 0
Initial loss: 9.212438170058329
60: time = 0.211000 loss = 9.078144
Resulting gain: 0.1342941737728438
Gustavia_santanderiensis_6 response curves
Response curve: only bio_16
Making features
makeFeatures: max memory 932184064, total allocated 90177536, free 47076872, used 43100664, increment 4425824
Gustavia_santanderiensis_6 bio_16: 
Regularization values: linear/quadratic/product: 0.560, categorical: 0.250, threshold: 1.790, hinge: 0.500
21 samples
Density: max memory 932184064, total allocated 90177536, free 47076872, used 43100664, increment 0
linearPredictor: max memory 932184064, total allocated 90177536, free 47076872, used 43100664, increment 0
FeaturedSpace: max memory 932184064, total allocated 90177536, free 47076872, used 43100664, increment 0
Sequential: max memory 932184064, total allocated 90177536, free 47076872, used 43100664, increment 0
Initial loss: 9.212438170058329
60: time = 0.204000 loss = 9.194361
Resulting gain: 0.018076873012864425
Gustavia_santanderiensis_6 response curves
Response curve: only bio_17
Making features
makeFeatures: max memory 932184064, total allocated 90177536, free 42768608, used 47408928, increment 4308264
Gustavia_santanderiensis_6 bio_17: 
Regularization values: linear/quadratic/product: 0.560, categorical: 0.250, threshold: 1.790, hinge: 0.500
21 samples
Density: max memory 932184064, total allocated 90177536, free 42768608, used 47408928, increment 0
linearPredictor: max memory 932184064, total allocated 90177536, free 42768608, used 47408928, increment 0
FeaturedSpace: max memory 932184064, total allocated 90177536, free 42768608, used 47408928, increment 0
Sequential: max memory 932184064, total allocated 90177536, free 42768608, used 47408928, increment 0
Initial loss: 9.212438170058329
60: time = 0.206000 loss = 8.881005
Resulting gain: 0.33143337846661325
Gustavia_santanderiensis_6 response curves
Time since start: 170.426
Response curve: only bio_2
Making features
makeFeatures: max memory 932184064, total allocated 90177536, free 38460504, used 51717032, increment 4308104
Gustavia_santanderiensis_6 bio_2: 
Regularization values: linear/quadratic/product: 0.560, categorical: 0.250, threshold: 1.790, hinge: 0.500
21 samples
Density: max memory 932184064, total allocated 90177536, free 38460504, used 51717032, increment 0
linearPredictor: max memory 932184064, total allocated 90177536, free 38460504, used 51717032, increment 0
FeaturedSpace: max memory 932184064, total allocated 90177536, free 38460504, used 51717032, increment 0
Sequential: max memory 932184064, total allocated 90177536, free 38460504, used 51717032, increment 0
Initial loss: 9.212438170058329
60: time = 0.223000 loss = 9.189639
Resulting gain: 0.022799422175138417
Gustavia_santanderiensis_6 response curves
Response curve: only bio_3
Making features
makeFeatures: max memory 932184064, total allocated 90177536, free 34152376, used 56025160, increment 4308128
Gustavia_santanderiensis_6 bio_3: 
Regularization values: linear/quadratic/product: 0.560, categorical: 0.250, threshold: 1.790, hinge: 0.500
21 samples
Density: max memory 932184064, total allocated 90177536, free 34152376, used 56025160, increment 0
linearPredictor: max memory 932184064, total allocated 90177536, free 34152376, used 56025160, increment 0
FeaturedSpace: max memory 932184064, total allocated 90177536, free 34152376, used 56025160, increment 0
Sequential: max memory 932184064, total allocated 90177536, free 34152376, used 56025160, increment 0
Initial loss: 9.212438170058329
60: time = 0.207000 loss = 9.180348
Resulting gain: 0.03208998493249915
Gustavia_santanderiensis_6 response curves
Response curve: only bio_4
Making features
makeFeatures: max memory 932184064, total allocated 90177536, free 29845080, used 60332456, increment 4307296
Gustavia_santanderiensis_6 bio_4: 
Regularization values: linear/quadratic/product: 0.560, categorical: 0.250, threshold: 1.790, hinge: 0.500
21 samples
Density: max memory 932184064, total allocated 90177536, free 29845080, used 60332456, increment 0
linearPredictor: max memory 932184064, total allocated 90177536, free 29845080, used 60332456, increment 0
FeaturedSpace: max memory 932184064, total allocated 90177536, free 29845080, used 60332456, increment 0
Sequential: max memory 932184064, total allocated 90177536, free 29845080, used 60332456, increment 0
Initial loss: 9.212438170058329
20: time = 0.097000 loss = 9.212438
Resulting gain: 0.0
Gustavia_santanderiensis_6 response curves
Response curve: only bio_5
Making features
makeFeatures: max memory 932184064, total allocated 90177536, free 25536816, used 64640720, increment 4308264
Gustavia_santanderiensis_6 bio_5: 
Regularization values: linear/quadratic/product: 0.560, categorical: 0.250, threshold: 1.790, hinge: 0.500
21 samples
Density: max memory 932184064, total allocated 90177536, free 25536816, used 64640720, increment 0
linearPredictor: max memory 932184064, total allocated 90177536, free 25536816, used 64640720, increment 0
FeaturedSpace: max memory 932184064, total allocated 90177536, free 25536816, used 64640720, increment 0
Sequential: max memory 932184064, total allocated 90177536, free 25536816, used 64640720, increment 0
Initial loss: 9.212438170058329
Time since start: 171.609
60: time = 0.229000 loss = 8.978252
Resulting gain: 0.23418587162904103
Gustavia_santanderiensis_6 response curves
Response curve: only bio_6
Making features
makeFeatures: max memory 932184064, total allocated 90177536, free 21228552, used 68948984, increment 4308264
Gustavia_santanderiensis_6 bio_6: 
Regularization values: linear/quadratic/product: 0.560, categorical: 0.250, threshold: 1.790, hinge: 0.500
21 samples
Density: max memory 932184064, total allocated 90177536, free 21228552, used 68948984, increment 0
linearPredictor: max memory 932184064, total allocated 90177536, free 21228552, used 68948984, increment 0
FeaturedSpace: max memory 932184064, total allocated 90177536, free 21228552, used 68948984, increment 0
Sequential: max memory 932184064, total allocated 90177536, free 21228552, used 68948984, increment 0
Initial loss: 9.212438170058329
60: time = 0.238000 loss = 8.918113
Resulting gain: 0.29432565825030466
Gustavia_santanderiensis_6 response curves
Time since start: 172.631
Response curve: only bio_7
Making features
makeFeatures: max memory 932184064, total allocated 90177536, free 16920288, used 73257248, increment 4308264
Gustavia_santanderiensis_6 bio_7: 
Regularization values: linear/quadratic/product: 0.560, categorical: 0.250, threshold: 1.790, hinge: 0.500
21 samples
Density: max memory 932184064, total allocated 90177536, free 16920288, used 73257248, increment 0
linearPredictor: max memory 932184064, total allocated 90177536, free 16920288, used 73257248, increment 0
FeaturedSpace: max memory 932184064, total allocated 90177536, free 16920288, used 73257248, increment 0
Sequential: max memory 932184064, total allocated 90177536, free 16920288, used 73257248, increment 0
Initial loss: 9.212438170058329
20: time = 0.102000 loss = 9.212438
Resulting gain: 0.0
Gustavia_santanderiensis_6 response curves
Response curve: only bio_ai_et0
Making features
makeFeatures: max memory 932184064, total allocated 92798976, free 53906616, used 38892360, increment -34364888
Gustavia_santanderiensis_6 bio_ai_et0: 
Regularization values: linear/quadratic/product: 0.560, categorical: 0.250, threshold: 1.790, hinge: 0.500
21 samples
Density: max memory 932184064, total allocated 92798976, free 53906616, used 38892360, increment 0
linearPredictor: max memory 932184064, total allocated 92798976, free 53906616, used 38892360, increment 0
FeaturedSpace: max memory 932184064, total allocated 92798976, free 53906616, used 38892360, increment 0
Sequential: max memory 932184064, total allocated 92798976, free 53906616, used 38892360, increment 0
Initial loss: 9.212438170058329
60: time = 0.225000 loss = 9.167160
Resulting gain: 0.04527793762502874
Gustavia_santanderiensis_6 response curves
Response curve: only bio_et0_yr
Making features
makeFeatures: max memory 932184064, total allocated 92798976, free 49676088, used 43122888, increment 4230528
Gustavia_santanderiensis_6 bio_et0_yr: 
Regularization values: linear/quadratic/product: 0.560, categorical: 0.250, threshold: 1.790, hinge: 0.500
21 samples
Density: max memory 932184064, total allocated 92798976, free 49676088, used 43122888, increment 0
linearPredictor: max memory 932184064, total allocated 92798976, free 49676088, used 43122888, increment 0
FeaturedSpace: max memory 932184064, total allocated 92798976, free 49676088, used 43122888, increment 0
Sequential: max memory 932184064, total allocated 92798976, free 49676088, used 43122888, increment 0
Initial loss: 9.212438170058329
Time since start: 174.103
60: time = 0.770000 loss = 9.175882
Resulting gain: 0.03655567083583122
Gustavia_santanderiensis_6 response curves
Jackknife: leave bio_1 out
Making features
makeFeatures: max memory 932184064, total allocated 85983232, free 31889232, used 54094000, increment 10971112
Gustavia_santanderiensis_6 bio_1: 
Regularization values: linear/quadratic/product: 0.560, categorical: 0.250, threshold: 1.790, hinge: 0.500
21 samples
Density: max memory 932184064, total allocated 85983232, free 31134888, used 54848344, increment 754344
linearPredictor: max memory 932184064, total allocated 85983232, free 31134888, used 54848344, increment 0
FeaturedSpace: max memory 932184064, total allocated 85983232, free 31134888, used 54848344, increment 0
Sequential: max memory 932184064, total allocated 85983232, free 31134888, used 54848344, increment 0
Initial loss: 9.212438170058329
120: time = 0.259000 loss = 8.003604
Jackknife: leave bio_10 out
Making features
makeFeatures: max memory 932184064, total allocated 85983232, free 30252864, used 55730368, increment 882024
Gustavia_santanderiensis_6 bio_10: 
Regularization values: linear/quadratic/product: 0.560, categorical: 0.250, threshold: 1.790, hinge: 0.500
21 samples
Density: max memory 932184064, total allocated 85983232, free 30172680, used 55810552, increment 80184
linearPredictor: max memory 932184064, total allocated 85983232, free 30092496, used 55890736, increment 80184
FeaturedSpace: max memory 932184064, total allocated 85983232, free 30092496, used 55890736, increment 0
Sequential: max memory 932184064, total allocated 85983232, free 30092496, used 55890736, increment 0
Initial loss: 9.212438170058329
Time since start: 175.428
180: time = 0.335000 loss = 8.003604
Jackknife: leave bio_11 out
Making features
makeFeatures: max memory 932184064, total allocated 85983232, free 28503568, used 57479664, increment 1588928
Gustavia_santanderiensis_6 bio_11: 
Regularization values: linear/quadratic/product: 0.560, categorical: 0.250, threshold: 1.790, hinge: 0.500
21 samples
Density: max memory 932184064, total allocated 85983232, free 28503568, used 57479664, increment 0
linearPredictor: max memory 932184064, total allocated 85983232, free 28503568, used 57479664, increment 0
FeaturedSpace: max memory 932184064, total allocated 85983232, free 28503568, used 57479664, increment 0
Sequential: max memory 932184064, total allocated 85983232, free 28503568, used 57479664, increment 0
Initial loss: 9.212438170058329
180: time = 0.316000 loss = 8.003604
Jackknife: leave bio_12 out
Making features
makeFeatures: max memory 932184064, total allocated 85983232, free 27027504, used 58955728, increment 1476064
Gustavia_santanderiensis_6 bio_12: 
Regularization values: linear/quadratic/product: 0.560, categorical: 0.250, threshold: 1.790, hinge: 0.500
21 samples
Density: max memory 932184064, total allocated 85983232, free 26947320, used 59035912, increment 80184
linearPredictor: max memory 932184064, total allocated 85983232, free 26867136, used 59116096, increment 80184
FeaturedSpace: max memory 932184064, total allocated 85983232, free 26867136, used 59116096, increment 0
Sequential: max memory 932184064, total allocated 85983232, free 26867136, used 59116096, increment 0
Initial loss: 9.212438170058329
180: time = 0.312000 loss = 8.003604
Jackknife: leave bio_13 out
Making features
makeFeatures: max memory 932184064, total allocated 85983232, free 25391096, used 60592136, increment 1476040
Gustavia_santanderiensis_6 bio_13: 
Regularization values: linear/quadratic/product: 0.560, categorical: 0.250, threshold: 1.790, hinge: 0.500
21 samples
Density: max memory 932184064, total allocated 85983232, free 25310912, used 60672320, increment 80184
linearPredictor: max memory 932184064, total allocated 85983232, free 25230728, used 60752504, increment 80184
FeaturedSpace: max memory 932184064, total allocated 85983232, free 25230728, used 60752504, increment 0
Sequential: max memory 932184064, total allocated 85983232, free 25230728, used 60752504, increment 0
Initial loss: 9.212438170058329
Time since start: 176.905
180: time = 0.825000 loss = 8.003604
Jackknife: leave bio_14 out
Making features
makeFeatures: max memory 932184064, total allocated 85983232, free 23754608, used 62228624, increment 1476120
Gustavia_santanderiensis_6 bio_14: 
Regularization values: linear/quadratic/product: 0.560, categorical: 0.250, threshold: 1.790, hinge: 0.500
21 samples
Density: max memory 932184064, total allocated 85983232, free 23674424, used 62308808, increment 80184
linearPredictor: max memory 932184064, total allocated 85983232, free 23594240, used 62388992, increment 80184
FeaturedSpace: max memory 932184064, total allocated 85983232, free 23594240, used 62388992, increment 0
Sequential: max memory 932184064, total allocated 85983232, free 23594240, used 62388992, increment 0
Initial loss: 9.212438170058329
160: time = 0.314000 loss = 8.003604
Jackknife: leave bio_15 out
Making features
makeFeatures: max memory 932184064, total allocated 85983232, free 22005312, used 63977920, increment 1588928
Gustavia_santanderiensis_6 bio_15: 
Regularization values: linear/quadratic/product: 0.560, categorical: 0.250, threshold: 1.790, hinge: 0.500
21 samples
Density: max memory 932184064, total allocated 85983232, free 22005312, used 63977920, increment 0
linearPredictor: max memory 932184064, total allocated 85983232, free 22005312, used 63977920, increment 0
FeaturedSpace: max memory 932184064, total allocated 85983232, free 22005312, used 63977920, increment 0
Sequential: max memory 932184064, total allocated 85983232, free 22005312, used 63977920, increment 0
Initial loss: 9.212438170058329
180: time = 0.340000 loss = 8.159888
Jackknife: leave bio_16 out
Making features
makeFeatures: max memory 932184064, total allocated 85983232, free 20529248, used 65453984, increment 1476064
Gustavia_santanderiensis_6 bio_16: 
Regularization values: linear/quadratic/product: 0.560, categorical: 0.250, threshold: 1.790, hinge: 0.500
21 samples
Density: max memory 932184064, total allocated 85983232, free 20449064, used 65534168, increment 80184
linearPredictor: max memory 932184064, total allocated 85983232, free 20368880, used 65614352, increment 80184
FeaturedSpace: max memory 932184064, total allocated 85983232, free 20368880, used 65614352, increment 0
Sequential: max memory 932184064, total allocated 85983232, free 20368880, used 65614352, increment 0
Initial loss: 9.212438170058329
Time since start: 177.938
180: time = 0.353000 loss = 8.003604
Jackknife: leave bio_17 out
Making features
makeFeatures: max memory 932184064, total allocated 85983232, free 18892736, used 67090496, increment 1476144
Gustavia_santanderiensis_6 bio_17: 
Regularization values: linear/quadratic/product: 0.560, categorical: 0.250, threshold: 1.790, hinge: 0.500
21 samples
Density: max memory 932184064, total allocated 85983232, free 18812552, used 67170680, increment 80184
linearPredictor: max memory 932184064, total allocated 85983232, free 18732368, used 67250864, increment 80184
FeaturedSpace: max memory 932184064, total allocated 85983232, free 18732368, used 67250864, increment 0
Sequential: max memory 932184064, total allocated 85983232, free 18732368, used 67250864, increment 0
Initial loss: 9.212438170058329
160: time = 0.309000 loss = 8.021723
Jackknife: leave bio_2 out
Making features
makeFeatures: max memory 932184064, total allocated 85983232, free 17256320, used 68726912, increment 1476048
Gustavia_santanderiensis_6 bio_2: 
Regularization values: linear/quadratic/product: 0.560, categorical: 0.250, threshold: 1.790, hinge: 0.500
21 samples
Density: max memory 932184064, total allocated 85983232, free 17176136, used 68807096, increment 80184
linearPredictor: max memory 932184064, total allocated 85983232, free 17095952, used 68887280, increment 80184
FeaturedSpace: max memory 932184064, total allocated 85983232, free 17095952, used 68887280, increment 0
Sequential: max memory 932184064, total allocated 85983232, free 17095952, used 68887280, increment 0
Initial loss: 9.212438170058329
180: time = 0.314000 loss = 8.003604
Jackknife: leave bio_3 out
Making features
makeFeatures: max memory 932184064, total allocated 85983232, free 15507056, used 70476176, increment 1588896
Gustavia_santanderiensis_6 bio_3: 
Regularization values: linear/quadratic/product: 0.560, categorical: 0.250, threshold: 1.790, hinge: 0.500
21 samples
Density: max memory 932184064, total allocated 85983232, free 15507056, used 70476176, increment 0
linearPredictor: max memory 932184064, total allocated 85983232, free 15507056, used 70476176, increment 0
FeaturedSpace: max memory 932184064, total allocated 85983232, free 15507056, used 70476176, increment 0
Sequential: max memory 932184064, total allocated 85983232, free 15507056, used 70476176, increment 0
Initial loss: 9.212438170058329
160: time = 0.279000 loss = 8.003705
Jackknife: leave bio_4 out
Making features
makeFeatures: max memory 932184064, total allocated 85983232, free 14031008, used 71952224, increment 1476048
Gustavia_santanderiensis_6 bio_4: 
Regularization values: linear/quadratic/product: 0.560, categorical: 0.250, threshold: 1.790, hinge: 0.500
21 samples
Density: max memory 932184064, total allocated 85983232, free 13950824, used 72032408, increment 80184
linearPredictor: max memory 932184064, total allocated 85983232, free 13870640, used 72112592, increment 80184
FeaturedSpace: max memory 932184064, total allocated 85983232, free 13870640, used 72112592, increment 0
Sequential: max memory 932184064, total allocated 85983232, free 13870640, used 72112592, increment 0
Initial loss: 9.212438170058329
Time since start: 179.182
180: time = 0.310000 loss = 8.003604
Jackknife: leave bio_5 out
Making features
makeFeatures: max memory 932184064, total allocated 87031808, free 50279408, used 36752400, increment -35360192
Gustavia_santanderiensis_6 bio_5: 
Regularization values: linear/quadratic/product: 0.560, categorical: 0.250, threshold: 1.790, hinge: 0.500
21 samples
Density: max memory 932184064, total allocated 87031808, free 50279408, used 36752400, increment 0
linearPredictor: max memory 932184064, total allocated 87031808, free 50279408, used 36752400, increment 0
FeaturedSpace: max memory 932184064, total allocated 87031808, free 50279408, used 36752400, increment 0
Sequential: max memory 932184064, total allocated 87031808, free 50279408, used 36752400, increment 0
Initial loss: 9.212438170058329
160: time = 0.284000 loss = 8.008912
Jackknife: leave bio_6 out
Making features
makeFeatures: max memory 932184064, total allocated 87031808, free 48659056, used 38372752, increment 1620352
Gustavia_santanderiensis_6 bio_6: 
Regularization values: linear/quadratic/product: 0.560, categorical: 0.250, threshold: 1.790, hinge: 0.500
21 samples
Density: max memory 932184064, total allocated 87031808, free 48659056, used 38372752, increment 0
linearPredictor: max memory 932184064, total allocated 87031808, free 48659056, used 38372752, increment 0
FeaturedSpace: max memory 932184064, total allocated 87031808, free 48659056, used 38372752, increment 0
Sequential: max memory 932184064, total allocated 87031808, free 48659056, used 38372752, increment 0
Initial loss: 9.212438170058329
120: time = 0.234000 loss = 8.021485
Jackknife: leave bio_7 out
Making features
makeFeatures: max memory 932184064, total allocated 87031808, free 47696848, used 39334960, increment 962208
Gustavia_santanderiensis_6 bio_7: 
Regularization values: linear/quadratic/product: 0.560, categorical: 0.250, threshold: 1.790, hinge: 0.500
21 samples
Density: max memory 932184064, total allocated 87031808, free 47616664, used 39415144, increment 80184
linearPredictor: max memory 932184064, total allocated 87031808, free 47536480, used 39495328, increment 80184
FeaturedSpace: max memory 932184064, total allocated 87031808, free 47536480, used 39495328, increment 0
Sequential: max memory 932184064, total allocated 87031808, free 47536480, used 39495328, increment 0
Initial loss: 9.212438170058329
160: time = 0.277000 loss = 8.003604
Jackknife: leave bio_ai_et0 out
Making features
makeFeatures: max memory 932184064, total allocated 87031808, free 46084808, used 40947000, increment 1451672
Gustavia_santanderiensis_6 bio_ai_et0: 
Regularization values: linear/quadratic/product: 0.560, categorical: 0.250, threshold: 1.790, hinge: 0.500
21 samples
Density: max memory 932184064, total allocated 87031808, free 46004624, used 41027184, increment 80184
linearPredictor: max memory 932184064, total allocated 87031808, free 45924440, used 41107368, increment 80184
FeaturedSpace: max memory 932184064, total allocated 87031808, free 45924440, used 41107368, increment 0
Sequential: max memory 932184064, total allocated 87031808, free 45924440, used 41107368, increment 0
Initial loss: 9.212438170058329
Time since start: 180.284
160: time = 0.277000 loss = 8.003604
Jackknife: leave bio_et0_yr out
Making features
makeFeatures: max memory 932184064, total allocated 87031808, free 44472760, used 42559048, increment 1451680
Gustavia_santanderiensis_6 bio_et0_yr: 
Regularization values: linear/quadratic/product: 0.560, categorical: 0.250, threshold: 1.790, hinge: 0.500
21 samples
Density: max memory 932184064, total allocated 87031808, free 44392576, used 42639232, increment 80184
linearPredictor: max memory 932184064, total allocated 87031808, free 44312392, used 42719416, increment 80184
FeaturedSpace: max memory 932184064, total allocated 87031808, free 44312392, used 42719416, increment 0
Sequential: max memory 932184064, total allocated 87031808, free 44312392, used 42719416, increment 0
Initial loss: 9.212438170058329
140: time = 0.251000 loss = 8.003605
Jackknife: only bio_1
Making features
makeFeatures: max memory 932184064, total allocated 87031808, free 43582352, used 43449456, increment 730040
Gustavia_santanderiensis_6 bio_1: 
Regularization values: linear/quadratic/product: 0.560, categorical: 0.250, threshold: 1.790, hinge: 0.500
21 samples
Density: max memory 932184064, total allocated 87031808, free 43582352, used 43449456, increment 0
linearPredictor: max memory 932184064, total allocated 87031808, free 43582352, used 43449456, increment 0
FeaturedSpace: max memory 932184064, total allocated 87031808, free 43582352, used 43449456, increment 0
Sequential: max memory 932184064, total allocated 87031808, free 43582352, used 43449456, increment 0
Initial loss: 9.212438170058329
60: time = 0.194000 loss = 8.948369
Res.gain: 0.2640688511494478
Jackknife: only bio_10
Making features
makeFeatures: max memory 932184064, total allocated 87031808, free 43582352, used 43449456, increment 0
Gustavia_santanderiensis_6 bio_10: 
Regularization values: linear/quadratic/product: 0.560, categorical: 0.250, threshold: 1.790, hinge: 0.500
21 samples
Density: max memory 932184064, total allocated 87031808, free 43582352, used 43449456, increment 0
linearPredictor: max memory 932184064, total allocated 87031808, free 43582352, used 43449456, increment 0
FeaturedSpace: max memory 932184064, total allocated 87031808, free 43582352, used 43449456, increment 0
Sequential: max memory 932184064, total allocated 87031808, free 43582352, used 43449456, increment 0
Initial loss: 9.212438170058329
60: time = 0.214000 loss = 8.975244
Res.gain: 0.23719374738947252
Jackknife: only bio_11
Making features
makeFeatures: max memory 932184064, total allocated 87031808, free 43502168, used 43529640, increment 80184
Gustavia_santanderiensis_6 bio_11: 
Regularization values: linear/quadratic/product: 0.560, categorical: 0.250, threshold: 1.790, hinge: 0.500
21 samples
Density: max memory 932184064, total allocated 87031808, free 43421984, used 43609824, increment 80184
linearPredictor: max memory 932184064, total allocated 87031808, free 43341800, used 43690008, increment 80184
FeaturedSpace: max memory 932184064, total allocated 87031808, free 43341800, used 43690008, increment 0
Sequential: max memory 932184064, total allocated 87031808, free 43341800, used 43690008, increment 0
Initial loss: 9.212438170058329
60: time = 0.216000 loss = 8.963147
Res.gain: 0.24929135949521886
Jackknife: only bio_12
Making features
makeFeatures: max memory 932184064, total allocated 87031808, free 42611784, used 44420024, increment 730016
Gustavia_santanderiensis_6 bio_12: 
Regularization values: linear/quadratic/product: 0.560, categorical: 0.250, threshold: 1.790, hinge: 0.500
21 samples
Density: max memory 932184064, total allocated 87031808, free 42611784, used 44420024, increment 0
linearPredictor: max memory 932184064, total allocated 87031808, free 42611784, used 44420024, increment 0
FeaturedSpace: max memory 932184064, total allocated 87031808, free 42611784, used 44420024, increment 0
Sequential: max memory 932184064, total allocated 87031808, free 42611784, used 44420024, increment 0
Initial loss: 9.212438170058329
Time since start: 181.352
60: time = 0.174000 loss = 9.118292
Res.gain: 0.0941458259003145
Jackknife: only bio_13
Making features
makeFeatures: max memory 932184064, total allocated 87031808, free 42611784, used 44420024, increment 0
Gustavia_santanderiensis_6 bio_13: 
Regularization values: linear/quadratic/product: 0.560, categorical: 0.250, threshold: 1.790, hinge: 0.500
21 samples
Density: max memory 932184064, total allocated 87031808, free 42611784, used 44420024, increment 0
linearPredictor: max memory 932184064, total allocated 87031808, free 42611784, used 44420024, increment 0
FeaturedSpace: max memory 932184064, total allocated 87031808, free 42611784, used 44420024, increment 0
Sequential: max memory 932184064, total allocated 87031808, free 42611784, used 44420024, increment 0
Initial loss: 9.212438170058329
60: time = 0.221000 loss = 9.193570
Res.gain: 0.018868484761666693
Jackknife: only bio_14
Making features
makeFeatures: max memory 932184064, total allocated 87031808, free 42611784, used 44420024, increment 0
Gustavia_santanderiensis_6 bio_14: 
Regularization values: linear/quadratic/product: 0.560, categorical: 0.250, threshold: 1.790, hinge: 0.500
21 samples
Density: max memory 932184064, total allocated 87031808, free 42531600, used 44500208, increment 80184
linearPredictor: max memory 932184064, total allocated 87031808, free 42451416, used 44580392, increment 80184
FeaturedSpace: max memory 932184064, total allocated 87031808, free 42451416, used 44580392, increment 0
Sequential: max memory 932184064, total allocated 87031808, free 42451416, used 44580392, increment 0
Initial loss: 9.212438170058329
60: time = 0.181000 loss = 9.037650
Res.gain: 0.17478769412382356
Jackknife: only bio_15
Making features
makeFeatures: max memory 932184064, total allocated 87031808, free 41721424, used 45310384, increment 729992
Gustavia_santanderiensis_6 bio_15: 
Regularization values: linear/quadratic/product: 0.560, categorical: 0.250, threshold: 1.790, hinge: 0.500
21 samples
Density: max memory 932184064, total allocated 87031808, free 41721424, used 45310384, increment 0
linearPredictor: max memory 932184064, total allocated 87031808, free 41721424, used 45310384, increment 0
FeaturedSpace: max memory 932184064, total allocated 87031808, free 41721424, used 45310384, increment 0
Sequential: max memory 932184064, total allocated 87031808, free 41721424, used 45310384, increment 0
Initial loss: 9.212438170058329
60: time = 0.195000 loss = 9.078144
Res.gain: 0.1342941737728438
Jackknife: only bio_16
Making features
makeFeatures: max memory 932184064, total allocated 87031808, free 41721424, used 45310384, increment 0
Gustavia_santanderiensis_6 bio_16: 
Regularization values: linear/quadratic/product: 0.560, categorical: 0.250, threshold: 1.790, hinge: 0.500
21 samples
Density: max memory 932184064, total allocated 87031808, free 41721424, used 45310384, increment 0
linearPredictor: max memory 932184064, total allocated 87031808, free 41721424, used 45310384, increment 0
FeaturedSpace: max memory 932184064, total allocated 87031808, free 41721424, used 45310384, increment 0
Sequential: max memory 932184064, total allocated 87031808, free 41721424, used 45310384, increment 0
Initial loss: 9.212438170058329
60: time = 0.199000 loss = 9.194361
Res.gain: 0.018076873012864425
Jackknife: only bio_17
Making features
makeFeatures: max memory 932184064, total allocated 87031808, free 41721424, used 45310384, increment 0
Gustavia_santanderiensis_6 bio_17: 
Regularization values: linear/quadratic/product: 0.560, categorical: 0.250, threshold: 1.790, hinge: 0.500
21 samples
Density: max memory 932184064, total allocated 87031808, free 41641240, used 45390568, increment 80184
linearPredictor: max memory 932184064, total allocated 87031808, free 41561056, used 45470752, increment 80184
FeaturedSpace: max memory 932184064, total allocated 87031808, free 41561056, used 45470752, increment 0
Sequential: max memory 932184064, total allocated 87031808, free 41561056, used 45470752, increment 0
Initial loss: 9.212438170058329
Time since start: 182.355
60: time = 0.195000 loss = 8.881005
Res.gain: 0.33143337846661325
Jackknife: only bio_2
Making features
makeFeatures: max memory 932184064, total allocated 87031808, free 40750880, used 46280928, increment 810176
Gustavia_santanderiensis_6 bio_2: 
Regularization values: linear/quadratic/product: 0.560, categorical: 0.250, threshold: 1.790, hinge: 0.500
21 samples
Density: max memory 932184064, total allocated 87031808, free 40750880, used 46280928, increment 0
linearPredictor: max memory 932184064, total allocated 87031808, free 40750880, used 46280928, increment 0
FeaturedSpace: max memory 932184064, total allocated 87031808, free 40750880, used 46280928, increment 0
Sequential: max memory 932184064, total allocated 87031808, free 40750880, used 46280928, increment 0
Initial loss: 9.212438170058329
60: time = 0.205000 loss = 9.189639
Res.gain: 0.022799422175138417
Jackknife: only bio_3
Making features
makeFeatures: max memory 932184064, total allocated 87031808, free 40750880, used 46280928, increment 0
Gustavia_santanderiensis_6 bio_3: 
Regularization values: linear/quadratic/product: 0.560, categorical: 0.250, threshold: 1.790, hinge: 0.500
21 samples
Density: max memory 932184064, total allocated 87031808, free 40750880, used 46280928, increment 0
linearPredictor: max memory 932184064, total allocated 87031808, free 40750880, used 46280928, increment 0
FeaturedSpace: max memory 932184064, total allocated 87031808, free 40750880, used 46280928, increment 0
Sequential: max memory 932184064, total allocated 87031808, free 40750880, used 46280928, increment 0
Initial loss: 9.212438170058329
60: time = 0.203000 loss = 9.180348
Res.gain: 0.03208998493249915
Jackknife: only bio_4
Making features
makeFeatures: max memory 932184064, total allocated 87031808, free 40750880, used 46280928, increment 0
Gustavia_santanderiensis_6 bio_4: 
Regularization values: linear/quadratic/product: 0.560, categorical: 0.250, threshold: 1.790, hinge: 0.500
21 samples
Density: max memory 932184064, total allocated 87031808, free 40750880, used 46280928, increment 0
linearPredictor: max memory 932184064, total allocated 87031808, free 40670696, used 46361112, increment 80184
FeaturedSpace: max memory 932184064, total allocated 87031808, free 40670696, used 46361112, increment 0
Sequential: max memory 932184064, total allocated 87031808, free 40670696, used 46361112, increment 0
Initial loss: 9.212438170058329
20: time = 0.098000 loss = 9.212438
Res.gain: 0.0
Jackknife: only bio_5
Making features
makeFeatures: max memory 932184064, total allocated 87031808, free 40590512, used 46441296, increment 80184
Gustavia_santanderiensis_6 bio_5: 
Regularization values: linear/quadratic/product: 0.560, categorical: 0.250, threshold: 1.790, hinge: 0.500
21 samples
Density: max memory 932184064, total allocated 87031808, free 40510328, used 46521480, increment 80184
linearPredictor: max memory 932184064, total allocated 87031808, free 40430144, used 46601664, increment 80184
FeaturedSpace: max memory 932184064, total allocated 87031808, free 40430144, used 46601664, increment 0
Sequential: max memory 932184064, total allocated 87031808, free 40430144, used 46601664, increment 0
Initial loss: 9.212438170058329
60: time = 0.229000 loss = 8.978252
Res.gain: 0.23418587162904103
Jackknife: only bio_6
Making features
makeFeatures: max memory 932184064, total allocated 87031808, free 39700104, used 47331704, increment 730040
Gustavia_santanderiensis_6 bio_6: 
Regularization values: linear/quadratic/product: 0.560, categorical: 0.250, threshold: 1.790, hinge: 0.500
21 samples
Density: max memory 932184064, total allocated 87031808, free 39700104, used 47331704, increment 0
linearPredictor: max memory 932184064, total allocated 87031808, free 39700104, used 47331704, increment 0
FeaturedSpace: max memory 932184064, total allocated 87031808, free 39700104, used 47331704, increment 0
Sequential: max memory 932184064, total allocated 87031808, free 39700104, used 47331704, increment 0
Initial loss: 9.212438170058329
60: time = 0.225000 loss = 8.918113
Res.gain: 0.29432565825030466
Jackknife: only bio_7
Making features
makeFeatures: max memory 932184064, total allocated 87031808, free 39700104, used 47331704, increment 0
Gustavia_santanderiensis_6 bio_7: 
Regularization values: linear/quadratic/product: 0.560, categorical: 0.250, threshold: 1.790, hinge: 0.500
21 samples
Density: max memory 932184064, total allocated 87031808, free 39700104, used 47331704, increment 0
linearPredictor: max memory 932184064, total allocated 87031808, free 39700104, used 47331704, increment 0
FeaturedSpace: max memory 932184064, total allocated 87031808, free 39700104, used 47331704, increment 0
Sequential: max memory 932184064, total allocated 87031808, free 39700104, used 47331704, increment 0
Initial loss: 9.212438170058329
Time since start: 183.442
20: time = 0.110000 loss = 9.212438
Res.gain: 0.0
Jackknife: only bio_ai_et0
Making features
makeFeatures: max memory 932184064, total allocated 87031808, free 39700104, used 47331704, increment 0
Gustavia_santanderiensis_6 bio_ai_et0: 
Regularization values: linear/quadratic/product: 0.560, categorical: 0.250, threshold: 1.790, hinge: 0.500
21 samples
Density: max memory 932184064, total allocated 87031808, free 39619920, used 47411888, increment 80184
linearPredictor: max memory 932184064, total allocated 87031808, free 39539736, used 47492072, increment 80184
FeaturedSpace: max memory 932184064, total allocated 87031808, free 39539736, used 47492072, increment 0
Sequential: max memory 932184064, total allocated 87031808, free 39539736, used 47492072, increment 0
Initial loss: 9.212438170058329
60: time = 0.218000 loss = 9.167160
Res.gain: 0.04527793762502874
Jackknife: only bio_et0_yr
Making features
makeFeatures: max memory 932184064, total allocated 87031808, free 39459552, used 47572256, increment 80184
Gustavia_santanderiensis_6 bio_et0_yr: 
Regularization values: linear/quadratic/product: 0.560, categorical: 0.250, threshold: 1.790, hinge: 0.500
21 samples
Density: max memory 932184064, total allocated 87031808, free 39379368, used 47652440, increment 80184
linearPredictor: max memory 932184064, total allocated 87031808, free 39299184, used 47732624, increment 80184
FeaturedSpace: max memory 932184064, total allocated 87031808, free 39299184, used 47732624, increment 0
Sequential: max memory 932184064, total allocated 87031808, free 39299184, used 47732624, increment 0
Initial loss: 9.212438170058329
60: time = 0.212000 loss = 9.175882
Res.gain: 0.03655567083583122
getSamples: max memory 932184064, total allocated 87031808, free 34179080, used 52852728, increment 5120104
Making features
makeFeatures: max memory 932184064, total allocated 87031808, free 32815952, used 54215856, increment 1363128
Gustavia_santanderiensis_7: 
Regularization values: linear/quadratic/product: 0.560, categorical: 0.250, threshold: 1.790, hinge: 0.500
21 samples
Density: max memory 932184064, total allocated 87031808, free 32735768, used 54296040, increment 80184
linearPredictor: max memory 932184064, total allocated 87031808, free 32655584, used 54376224, increment 80184
FeaturedSpace: max memory 932184064, total allocated 87031808, free 32655584, used 54376224, increment 0
Sequential: max memory 932184064, total allocated 87031808, free 32655584, used 54376224, increment 0
Initial loss: 9.212438170058329
160: time = 0.301000 loss = 7.457609
Resulting gain: 1.7548288102456464
Time since start: 184.597
Projecting...
Writing file C:\Users\Camila\Desktop\Modelo opc3\Final_Models\M_3_F_l_Set_1\Gustavia_santanderiensis_7.asc
Time since start: 186.622
Writing C:\Users\Camila\Desktop\Modelo opc3\Final_Models\M_3_F_l_Set_1\plots\Gustavia_santanderiensis_7.png
Gustavia_santanderiensis_7 response curves
Time since start: 190.62
Response curve: only bio_1
Making features
makeFeatures: max memory 932184064, total allocated 84934656, free 37338312, used 47596344, increment -6779880
Gustavia_santanderiensis_7 bio_1: 
Regularization values: linear/quadratic/product: 0.560, categorical: 0.250, threshold: 1.790, hinge: 0.500
21 samples
Density: max memory 932184064, total allocated 84934656, free 37258128, used 47676528, increment 80184
linearPredictor: max memory 932184064, total allocated 84934656, free 37177944, used 47756712, increment 80184
FeaturedSpace: max memory 932184064, total allocated 84934656, free 37177944, used 47756712, increment 0
Sequential: max memory 932184064, total allocated 84934656, free 37177944, used 47756712, increment 0
Initial loss: 9.212438170058329
60: time = 0.180000 loss = 8.727221
Resulting gain: 0.48521701445703513
Gustavia_santanderiensis_7 response curves
Response curve: only bio_10
Making features
makeFeatures: max memory 932184064, total allocated 88080384, free 71568328, used 16512056, increment -31244656
Gustavia_santanderiensis_7 bio_10: 
Regularization values: linear/quadratic/product: 0.560, categorical: 0.250, threshold: 1.790, hinge: 0.500
21 samples
Density: max memory 932184064, total allocated 88080384, free 71568328, used 16512056, increment 0
linearPredictor: max memory 932184064, total allocated 88080384, free 71488144, used 16592240, increment 80184
FeaturedSpace: max memory 932184064, total allocated 88080384, free 71488144, used 16592240, increment 0
Sequential: max memory 932184064, total allocated 88080384, free 71488144, used 16592240, increment 0
Initial loss: 9.212438170058329
60: time = 0.668000 loss = 8.780280
Resulting gain: 0.43215815283437564
Gustavia_santanderiensis_7 response curves
Time since start: 191.768
Response curve: only bio_11
Making features
makeFeatures: max memory 932184064, total allocated 88080384, free 66765440, used 21314944, increment 4722704
Gustavia_santanderiensis_7 bio_11: 
Regularization values: linear/quadratic/product: 0.560, categorical: 0.250, threshold: 1.790, hinge: 0.500
21 samples
Density: max memory 932184064, total allocated 88080384, free 66765440, used 21314944, increment 0
linearPredictor: max memory 932184064, total allocated 88080384, free 66765440, used 21314944, increment 0
FeaturedSpace: max memory 932184064, total allocated 88080384, free 66765440, used 21314944, increment 0
Sequential: max memory 932184064, total allocated 88080384, free 66765440, used 21314944, increment 0
Initial loss: 9.212438170058329
60: time = 0.194000 loss = 8.740440
Resulting gain: 0.4719983673938586
Gustavia_santanderiensis_7 response curves
Response curve: only bio_12
Making features
makeFeatures: max memory 932184064, total allocated 88080384, free 62679008, used 25401376, increment 4086432
Gustavia_santanderiensis_7 bio_12: 
Regularization values: linear/quadratic/product: 0.560, categorical: 0.250, threshold: 1.790, hinge: 0.500
21 samples
Density: max memory 932184064, total allocated 88080384, free 62679008, used 25401376, increment 0
linearPredictor: max memory 932184064, total allocated 88080384, free 62679008, used 25401376, increment 0
FeaturedSpace: max memory 932184064, total allocated 88080384, free 62679008, used 25401376, increment 0
Sequential: max memory 932184064, total allocated 88080384, free 62679008, used 25401376, increment 0
Initial loss: 9.212438170058329
60: time = 0.233000 loss = 9.104443
Resulting gain: 0.10799504498077717
Gustavia_santanderiensis_7 response curves
Response curve: only bio_13
Making features
makeFeatures: max memory 932184064, total allocated 88080384, free 58692184, used 29388200, increment 3986824
Gustavia_santanderiensis_7 bio_13: 
Regularization values: linear/quadratic/product: 0.560, categorical: 0.250, threshold: 1.790, hinge: 0.500
21 samples
Density: max memory 932184064, total allocated 88080384, free 58612000, used 29468384, increment 80184
linearPredictor: max memory 932184064, total allocated 88080384, free 58531816, used 29548568, increment 80184
FeaturedSpace: max memory 932184064, total allocated 88080384, free 58531816, used 29548568, increment 0
Sequential: max memory 932184064, total allocated 88080384, free 58531816, used 29548568, increment 0
Initial loss: 9.212438170058329
60: time = 0.213000 loss = 9.187208
Resulting gain: 0.025230612236327943
Gustavia_santanderiensis_7 response curves
Time since start: 192.916
Response curve: only bio_14
Making features
makeFeatures: max memory 932184064, total allocated 88080384, free 53812464, used 34267920, increment 4719352
Gustavia_santanderiensis_7 bio_14: 
Regularization values: linear/quadratic/product: 0.560, categorical: 0.250, threshold: 1.790, hinge: 0.500
21 samples
Density: max memory 932184064, total allocated 88080384, free 53812464, used 34267920, increment 0
linearPredictor: max memory 932184064, total allocated 88080384, free 53812464, used 34267920, increment 0
FeaturedSpace: max memory 932184064, total allocated 88080384, free 53812464, used 34267920, increment 0
Sequential: max memory 932184064, total allocated 88080384, free 53812464, used 34267920, increment 0
Initial loss: 9.212438170058329
60: time = 0.735000 loss = 9.108039
Resulting gain: 0.10439940883662402
Gustavia_santanderiensis_7 response curves
Response curve: only bio_15
Making features
makeFeatures: max memory 932184064, total allocated 88080384, free 49841176, used 38239208, increment 3971288
Gustavia_santanderiensis_7 bio_15: 
Regularization values: linear/quadratic/product: 0.560, categorical: 0.250, threshold: 1.790, hinge: 0.500
21 samples
Density: max memory 932184064, total allocated 88080384, free 49841176, used 38239208, increment 0
linearPredictor: max memory 932184064, total allocated 88080384, free 49841176, used 38239208, increment 0
FeaturedSpace: max memory 932184064, total allocated 88080384, free 49841176, used 38239208, increment 0
Sequential: max memory 932184064, total allocated 88080384, free 49841176, used 38239208, increment 0
Initial loss: 9.212438170058329
Time since start: 194.032
60: time = 0.196000 loss = 9.118410
Resulting gain: 0.09402789720148164
Gustavia_santanderiensis_7 response curves
Response curve: only bio_16
Making features
makeFeatures: max memory 932184064, total allocated 88080384, free 45793032, used 42287352, increment 4048144
Gustavia_santanderiensis_7 bio_16: 
Regularization values: linear/quadratic/product: 0.560, categorical: 0.250, threshold: 1.790, hinge: 0.500
21 samples
Density: max memory 932184064, total allocated 88080384, free 45712848, used 42367536, increment 80184
linearPredictor: max memory 932184064, total allocated 88080384, free 45632664, used 42447720, increment 80184
FeaturedSpace: max memory 932184064, total allocated 88080384, free 45632664, used 42447720, increment 0
Sequential: max memory 932184064, total allocated 88080384, free 45632664, used 42447720, increment 0
Initial loss: 9.212438170058329
60: time = 0.222000 loss = 9.178273
Resulting gain: 0.03416559029431632
Gustavia_santanderiensis_7 response curves
Response curve: only bio_17
Making features
makeFeatures: max memory 932184064, total allocated 88080384, free 40910016, used 47170368, increment 4722648
Gustavia_santanderiensis_7 bio_17: 
Regularization values: linear/quadratic/product: 0.560, categorical: 0.250, threshold: 1.790, hinge: 0.500
21 samples
Density: max memory 932184064, total allocated 88080384, free 40910016, used 47170368, increment 0
linearPredictor: max memory 932184064, total allocated 88080384, free 40910016, used 47170368, increment 0
FeaturedSpace: max memory 932184064, total allocated 88080384, free 40910016, used 47170368, increment 0
Sequential: max memory 932184064, total allocated 88080384, free 40910016, used 47170368, increment 0
Initial loss: 9.212438170058329
60: time = 0.218000 loss = 8.925445
Resulting gain: 0.28699352509199016
Gustavia_santanderiensis_7 response curves
Response curve: only bio_2
Making features
makeFeatures: max memory 932184064, total allocated 88080384, free 36942024, used 51138360, increment 3967992
Gustavia_santanderiensis_7 bio_2: 
Regularization values: linear/quadratic/product: 0.560, categorical: 0.250, threshold: 1.790, hinge: 0.500
21 samples
Density: max memory 932184064, total allocated 88080384, free 36942024, used 51138360, increment 0
linearPredictor: max memory 932184064, total allocated 88080384, free 36942024, used 51138360, increment 0
FeaturedSpace: max memory 932184064, total allocated 88080384, free 36942024, used 51138360, increment 0
Sequential: max memory 932184064, total allocated 88080384, free 36942024, used 51138360, increment 0
Initial loss: 9.212438170058329
Time since start: 195.191
60: time = 0.227000 loss = 9.148838
Resulting gain: 0.06360026795901419
Gustavia_santanderiensis_7 response curves
Response curve: only bio_3
Making features
makeFeatures: max memory 932184064, total allocated 82837504, free 66920688, used 15916816, increment -35221544
Gustavia_santanderiensis_7 bio_3: 
Regularization values: linear/quadratic/product: 0.560, categorical: 0.250, threshold: 1.790, hinge: 0.500
21 samples
Density: max memory 932184064, total allocated 82837504, free 66920688, used 15916816, increment 0
linearPredictor: max memory 932184064, total allocated 82837504, free 66840504, used 15997000, increment 80184
FeaturedSpace: max memory 932184064, total allocated 82837504, free 66840504, used 15997000, increment 0
Sequential: max memory 932184064, total allocated 82837504, free 66840504, used 15997000, increment 0
Initial loss: 9.212438170058329
60: time = 0.209000 loss = 9.148257
Resulting gain: 0.06418087737753453
Gustavia_santanderiensis_7 response curves
Response curve: only bio_4
Making features
makeFeatures: max memory 932184064, total allocated 82837504, free 62241424, used 20596080, increment 4599080
Gustavia_santanderiensis_7 bio_4: 
Regularization values: linear/quadratic/product: 0.560, categorical: 0.250, threshold: 1.790, hinge: 0.500
21 samples
Density: max memory 932184064, total allocated 82837504, free 62241424, used 20596080, increment 0
linearPredictor: max memory 932184064, total allocated 82837504, free 62241424, used 20596080, increment 0
FeaturedSpace: max memory 932184064, total allocated 82837504, free 62241424, used 20596080, increment 0
Sequential: max memory 932184064, total allocated 82837504, free 62241424, used 20596080, increment 0
Initial loss: 9.212438170058329
Time since start: 196.409
60: time = 0.726000 loss = 9.211452
Resulting gain: 9.856734607645024E-4
Gustavia_santanderiensis_7 response curves
Response curve: only bio_5
Making features
makeFeatures: max memory 932184064, total allocated 82837504, free 58289144, used 24548360, increment 3952280
Gustavia_santanderiensis_7 bio_5: 
Regularization values: linear/quadratic/product: 0.560, categorical: 0.250, threshold: 1.790, hinge: 0.500
21 samples
Density: max memory 932184064, total allocated 82837504, free 58208960, used 24628544, increment 80184
linearPredictor: max memory 932184064, total allocated 82837504, free 58128776, used 24708728, increment 80184
FeaturedSpace: max memory 932184064, total allocated 82837504, free 58128776, used 24708728, increment 0
Sequential: max memory 932184064, total allocated 82837504, free 58128776, used 24708728, increment 0
Initial loss: 9.212438170058329
60: time = 0.188000 loss = 8.813262
Resulting gain: 0.39917594795258005
Gustavia_santanderiensis_7 response curves
Response curve: only bio_6
Making features
makeFeatures: max memory 932184064, total allocated 82837504, free 53532072, used 29305432, increment 4596704
Gustavia_santanderiensis_7 bio_6: 
Regularization values: linear/quadratic/product: 0.560, categorical: 0.250, threshold: 1.790, hinge: 0.500
21 samples
Density: max memory 932184064, total allocated 82837504, free 53532072, used 29305432, increment 0
linearPredictor: max memory 932184064, total allocated 82837504, free 53532072, used 29305432, increment 0
FeaturedSpace: max memory 932184064, total allocated 82837504, free 53532072, used 29305432, increment 0
Sequential: max memory 932184064, total allocated 82837504, free 53532072, used 29305432, increment 0
Initial loss: 9.212438170058329
60: time = 0.181000 loss = 8.680901
Resulting gain: 0.5315368839016195
Gustavia_santanderiensis_7 response curves
Response curve: only bio_7
Making features
makeFeatures: max memory 932184064, total allocated 82837504, free 49662360, used 33175144, increment 3869712
Gustavia_santanderiensis_7 bio_7: 
Regularization values: linear/quadratic/product: 0.560, categorical: 0.250, threshold: 1.790, hinge: 0.500
21 samples
Density: max memory 932184064, total allocated 82837504, free 48936192, used 33901312, increment 726168
linearPredictor: max memory 932184064, total allocated 82837504, free 48936192, used 33901312, increment 0
FeaturedSpace: max memory 932184064, total allocated 82837504, free 48936192, used 33901312, increment 0
Sequential: max memory 932184064, total allocated 82837504, free 48936192, used 33901312, increment 0
Initial loss: 9.212438170058329
Time since start: 197.423
40: time = 0.143000 loss = 9.212226
Resulting gain: 2.1241300426311227E-4
Gustavia_santanderiensis_7 response curves
Response curve: only bio_ai_et0
Making features
makeFeatures: max memory 932184064, total allocated 82837504, free 45064232, used 37773272, increment 3871960
Gustavia_santanderiensis_7 bio_ai_et0: 
Regularization values: linear/quadratic/product: 0.560, categorical: 0.250, threshold: 1.790, hinge: 0.500
21 samples
Density: max memory 932184064, total allocated 82837504, free 45064232, used 37773272, increment 0
linearPredictor: max memory 932184064, total allocated 82837504, free 45064232, used 37773272, increment 0
FeaturedSpace: max memory 932184064, total allocated 82837504, free 45064232, used 37773272, increment 0
Sequential: max memory 932184064, total allocated 82837504, free 45064232, used 37773272, increment 0
Initial loss: 9.212438170058329
60: time = 0.758000 loss = 9.164460
Resulting gain: 0.04797811748460745
Gustavia_santanderiensis_7 response curves
Time since start: 198.531
Response curve: only bio_et0_yr
Making features
makeFeatures: max memory 932184064, total allocated 82837504, free 40466072, used 42371432, increment 4598160
Gustavia_santanderiensis_7 bio_et0_yr: 
Regularization values: linear/quadratic/product: 0.560, categorical: 0.250, threshold: 1.790, hinge: 0.500
21 samples
Density: max memory 932184064, total allocated 82837504, free 40466072, used 42371432, increment 0
linearPredictor: max memory 932184064, total allocated 82837504, free 40466072, used 42371432, increment 0
FeaturedSpace: max memory 932184064, total allocated 82837504, free 40466072, used 42371432, increment 0
Sequential: max memory 932184064, total allocated 82837504, free 40466072, used 42371432, increment 0
Initial loss: 9.212438170058329
60: time = 0.208000 loss = 9.151267
Resulting gain: 0.06117158150233948
Gustavia_santanderiensis_7 response curves
Jackknife: leave bio_1 out
Making features
makeFeatures: max memory 932184064, total allocated 80216064, free 46240184, used 33975880, increment -8395552
Gustavia_santanderiensis_7 bio_1: 
Regularization values: linear/quadratic/product: 0.560, categorical: 0.250, threshold: 1.790, hinge: 0.500
21 samples
Density: max memory 932184064, total allocated 80216064, free 46160000, used 34056064, increment 80184
linearPredictor: max memory 932184064, total allocated 80216064, free 46079816, used 34136248, increment 80184
FeaturedSpace: max memory 932184064, total allocated 80216064, free 46079816, used 34136248, increment 0
Sequential: max memory 932184064, total allocated 80216064, free 46079816, used 34136248, increment 0
Initial loss: 9.212438170058329
Time since start: 199.757
160: time = 0.308000 loss = 7.470266
Jackknife: leave bio_10 out
Making features
makeFeatures: max memory 932184064, total allocated 80216064, free 44158128, used 36057936, increment 1921688
Gustavia_santanderiensis_7 bio_10: 
Regularization values: linear/quadratic/product: 0.560, categorical: 0.250, threshold: 1.790, hinge: 0.500
21 samples
Density: max memory 932184064, total allocated 80216064, free 44158128, used 36057936, increment 0
linearPredictor: max memory 932184064, total allocated 80216064, free 44158128, used 36057936, increment 0
FeaturedSpace: max memory 932184064, total allocated 80216064, free 44158128, used 36057936, increment 0
Sequential: max memory 932184064, total allocated 80216064, free 44158128, used 36057936, increment 0
Initial loss: 9.212438170058329
160: time = 0.272000 loss = 7.457609
Jackknife: leave bio_11 out
Making features
makeFeatures: max memory 932184064, total allocated 80216064, free 43035552, used 37180512, increment 1122576
Gustavia_santanderiensis_7 bio_11: 
Regularization values: linear/quadratic/product: 0.560, categorical: 0.250, threshold: 1.790, hinge: 0.500
21 samples
Density: max memory 932184064, total allocated 80216064, free 42955368, used 37260696, increment 80184
linearPredictor: max memory 932184064, total allocated 80216064, free 42875184, used 37340880, increment 80184
FeaturedSpace: max memory 932184064, total allocated 80216064, free 42875184, used 37340880, increment 0
Sequential: max memory 932184064, total allocated 80216064, free 42875184, used 37340880, increment 0
Initial loss: 9.212438170058329
180: time = 0.293000 loss = 7.457609
Jackknife: leave bio_12 out
Making features
makeFeatures: max memory 932184064, total allocated 80216064, free 41393120, used 38822944, increment 1482064
Gustavia_santanderiensis_7 bio_12: 
Regularization values: linear/quadratic/product: 0.560, categorical: 0.250, threshold: 1.790, hinge: 0.500
21 samples
Density: max memory 932184064, total allocated 80216064, free 41312936, used 38903128, increment 80184
linearPredictor: max memory 932184064, total allocated 80216064, free 41232752, used 38983312, increment 80184
FeaturedSpace: max memory 932184064, total allocated 80216064, free 41232752, used 38983312, increment 0
Sequential: max memory 932184064, total allocated 80216064, free 41232752, used 38983312, increment 0
Initial loss: 9.212438170058329
Time since start: 201.085
160: time = 0.738000 loss = 7.457609
Jackknife: leave bio_13 out
Making features
makeFeatures: max memory 932184064, total allocated 80216064, free 39792176, used 40423888, increment 1440576
Gustavia_santanderiensis_7 bio_13: 
Regularization values: linear/quadratic/product: 0.560, categorical: 0.250, threshold: 1.790, hinge: 0.500
21 samples
Density: max memory 932184064, total allocated 80216064, free 39711992, used 40504072, increment 80184
linearPredictor: max memory 932184064, total allocated 80216064, free 39631808, used 40584256, increment 80184
FeaturedSpace: max memory 932184064, total allocated 80216064, free 39631808, used 40584256, increment 0
Sequential: max memory 932184064, total allocated 80216064, free 39631808, used 40584256, increment 0
Initial loss: 9.212438170058329
160: time = 0.298000 loss = 7.457609
Jackknife: leave bio_14 out
Making features
makeFeatures: max memory 932184064, total allocated 80216064, free 38149704, used 42066360, increment 1482104
Gustavia_santanderiensis_7 bio_14: 
Regularization values: linear/quadratic/product: 0.560, categorical: 0.250, threshold: 1.790, hinge: 0.500
21 samples
Density: max memory 932184064, total allocated 80216064, free 38069520, used 42146544, increment 80184
linearPredictor: max memory 932184064, total allocated 80216064, free 37989336, used 42226728, increment 80184
FeaturedSpace: max memory 932184064, total allocated 80216064, free 37989336, used 42226728, increment 0
Sequential: max memory 932184064, total allocated 80216064, free 37989336, used 42226728, increment 0
Initial loss: 9.212438170058329
160: time = 0.292000 loss = 7.457609
Jackknife: leave bio_15 out
Making features
makeFeatures: max memory 932184064, total allocated 80216064, free 36587448, used 43628616, increment 1401888
Gustavia_santanderiensis_7 bio_15: 
Regularization values: linear/quadratic/product: 0.560, categorical: 0.250, threshold: 1.790, hinge: 0.500
21 samples
Density: max memory 932184064, total allocated 80216064, free 35907264, used 44308800, increment 680184
linearPredictor: max memory 932184064, total allocated 80216064, free 35907264, used 44308800, increment 0
FeaturedSpace: max memory 932184064, total allocated 80216064, free 35907264, used 44308800, increment 0
Sequential: max memory 932184064, total allocated 80216064, free 35907264, used 44308800, increment 0
Initial loss: 9.212438170058329
120: time = 0.250000 loss = 7.563353
Jackknife: leave bio_16 out
Making features
makeFeatures: max memory 932184064, total allocated 80216064, free 34986528, used 45229536, increment 920736
Gustavia_santanderiensis_7 bio_16: 
Regularization values: linear/quadratic/product: 0.560, categorical: 0.250, threshold: 1.790, hinge: 0.500
21 samples
Density: max memory 932184064, total allocated 80216064, free 34906344, used 45309720, increment 80184
linearPredictor: max memory 932184064, total allocated 80216064, free 34826160, used 45389904, increment 80184
FeaturedSpace: max memory 932184064, total allocated 80216064, free 34826160, used 45389904, increment 0
Sequential: max memory 932184064, total allocated 80216064, free 34826160, used 45389904, increment 0
Initial loss: 9.212438170058329
Time since start: 202.264
160: time = 0.304000 loss = 7.457609
Jackknife: leave bio_17 out
Making features
makeFeatures: max memory 932184064, total allocated 80216064, free 33344104, used 46871960, increment 1482056
Gustavia_santanderiensis_7 bio_17: 
Regularization values: linear/quadratic/product: 0.560, categorical: 0.250, threshold: 1.790, hinge: 0.500
21 samples
Density: max memory 932184064, total allocated 80216064, free 33263920, used 46952144, increment 80184
linearPredictor: max memory 932184064, total allocated 80216064, free 33183736, used 47032328, increment 80184
FeaturedSpace: max memory 932184064, total allocated 80216064, free 33183736, used 47032328, increment 0
Sequential: max memory 932184064, total allocated 80216064, free 33183736, used 47032328, increment 0
Initial loss: 9.212438170058329
140: time = 0.260000 loss = 7.460220
Jackknife: leave bio_2 out
Making features
makeFeatures: max memory 932184064, total allocated 82313216, free 67533928, used 14779288, increment -32253040
Gustavia_santanderiensis_7 bio_2: 
Regularization values: linear/quadratic/product: 0.560, categorical: 0.250, threshold: 1.790, hinge: 0.500
21 samples
Density: max memory 932184064, total allocated 82313216, free 67453744, used 14859472, increment 80184
linearPredictor: max memory 932184064, total allocated 82313216, free 66787648, used 15525568, increment 666096
FeaturedSpace: max memory 932184064, total allocated 82313216, free 66787648, used 15525568, increment 0
Sequential: max memory 932184064, total allocated 82313216, free 66787648, used 15525568, increment 0
Initial loss: 9.212438170058329
160: time = 0.269000 loss = 7.457609
Jackknife: leave bio_3 out
Making features
makeFeatures: max memory 932184064, total allocated 82313216, free 65905624, used 16407592, increment 882024
Gustavia_santanderiensis_7 bio_3: 
Regularization values: linear/quadratic/product: 0.560, categorical: 0.250, threshold: 1.790, hinge: 0.500
21 samples
Density: max memory 932184064, total allocated 82313216, free 65825440, used 16487776, increment 80184
linearPredictor: max memory 932184064, total allocated 82313216, free 65745256, used 16567960, increment 80184
FeaturedSpace: max memory 932184064, total allocated 82313216, free 65745256, used 16567960, increment 0
Sequential: max memory 932184064, total allocated 82313216, free 65745256, used 16567960, increment 0
Initial loss: 9.212438170058329
160: time = 0.263000 loss = 7.459512
Jackknife: leave bio_4 out
Making features
makeFeatures: max memory 932184064, total allocated 82313216, free 64277296, used 18035920, increment 1467960
Gustavia_santanderiensis_7 bio_4: 
Regularization values: linear/quadratic/product: 0.560, categorical: 0.250, threshold: 1.790, hinge: 0.500
21 samples
Density: max memory 932184064, total allocated 82313216, free 64197112, used 18116104, increment 80184
linearPredictor: max memory 932184064, total allocated 82313216, free 64116928, used 18196288, increment 80184
FeaturedSpace: max memory 932184064, total allocated 82313216, free 64116928, used 18196288, increment 0
Sequential: max memory 932184064, total allocated 82313216, free 64116928, used 18196288, increment 0
Initial loss: 9.212438170058329
Time since start: 203.356
160: time = 0.267000 loss = 7.457609
Jackknife: leave bio_5 out
Making features
makeFeatures: max memory 932184064, total allocated 82313216, free 62648968, used 19664248, increment 1467960
Gustavia_santanderiensis_7 bio_5: 
Regularization values: linear/quadratic/product: 0.560, categorical: 0.250, threshold: 1.790, hinge: 0.500
21 samples
Density: max memory 932184064, total allocated 82313216, free 62568784, used 19744432, increment 80184
linearPredictor: max memory 932184064, total allocated 82313216, free 62488600, used 19824616, increment 80184
FeaturedSpace: max memory 932184064, total allocated 82313216, free 62488600, used 19824616, increment 0
Sequential: max memory 932184064, total allocated 82313216, free 62488600, used 19824616, increment 0
Initial loss: 9.212438170058329
160: time = 0.268000 loss = 7.457609
Jackknife: leave bio_6 out
Making features
makeFeatures: max memory 932184064, total allocated 82313216, free 61076104, used 21237112, increment 1412496
Gustavia_santanderiensis_7 bio_6: 
Regularization values: linear/quadratic/product: 0.560, categorical: 0.250, threshold: 1.790, hinge: 0.500
21 samples
Density: max memory 932184064, total allocated 82313216, free 60995920, used 21317296, increment 80184
linearPredictor: max memory 932184064, total allocated 82313216, free 60329824, used 21983392, increment 666096
FeaturedSpace: max memory 932184064, total allocated 82313216, free 60329824, used 21983392, increment 0
Sequential: max memory 932184064, total allocated 82313216, free 60329824, used 21983392, increment 0
Initial loss: 9.212438170058329
140: time = 0.243000 loss = 7.486782
Jackknife: leave bio_7 out
Making features
makeFeatures: max memory 932184064, total allocated 82313216, free 59447800, used 22865416, increment 882024
Gustavia_santanderiensis_7 bio_7: 
Regularization values: linear/quadratic/product: 0.560, categorical: 0.250, threshold: 1.790, hinge: 0.500
21 samples
Density: max memory 932184064, total allocated 82313216, free 59367616, used 22945600, increment 80184
linearPredictor: max memory 932184064, total allocated 82313216, free 59287432, used 23025784, increment 80184
FeaturedSpace: max memory 932184064, total allocated 82313216, free 59287432, used 23025784, increment 0
Sequential: max memory 932184064, total allocated 82313216, free 59287432, used 23025784, increment 0
Initial loss: 9.212438170058329
160: time = 0.270000 loss = 7.457609
Jackknife: leave bio_ai_et0 out
Making features
makeFeatures: max memory 932184064, total allocated 82313216, free 57819440, used 24493776, increment 1467992
Gustavia_santanderiensis_7 bio_ai_et0: 
Regularization values: linear/quadratic/product: 0.560, categorical: 0.250, threshold: 1.790, hinge: 0.500
21 samples
Density: max memory 932184064, total allocated 82313216, free 57739256, used 24573960, increment 80184
linearPredictor: max memory 932184064, total allocated 82313216, free 57659072, used 24654144, increment 80184
FeaturedSpace: max memory 932184064, total allocated 82313216, free 57659072, used 24654144, increment 0
Sequential: max memory 932184064, total allocated 82313216, free 57659072, used 24654144, increment 0
Initial loss: 9.212438170058329
Time since start: 204.435
160: time = 0.269000 loss = 7.457609
Jackknife: leave bio_et0_yr out
Making features
makeFeatures: max memory 932184064, total allocated 82313216, free 56246616, used 26066600, increment 1412456
Gustavia_santanderiensis_7 bio_et0_yr: 
Regularization values: linear/quadratic/product: 0.560, categorical: 0.250, threshold: 1.790, hinge: 0.500
21 samples
Density: max memory 932184064, total allocated 82313216, free 56166432, used 26146784, increment 80184
linearPredictor: max memory 932184064, total allocated 82313216, free 55500336, used 26812880, increment 666096
FeaturedSpace: max memory 932184064, total allocated 82313216, free 55500336, used 26812880, increment 0
Sequential: max memory 932184064, total allocated 82313216, free 55500336, used 26812880, increment 0
Initial loss: 9.212438170058329
100: time = 0.192000 loss = 7.571316
Jackknife: only bio_1
Making features
makeFeatures: max memory 932184064, total allocated 82313216, free 55500336, used 26812880, increment 0
Gustavia_santanderiensis_7 bio_1: 
Regularization values: linear/quadratic/product: 0.560, categorical: 0.250, threshold: 1.790, hinge: 0.500
21 samples
Density: max memory 932184064, total allocated 82313216, free 55500336, used 26812880, increment 0
linearPredictor: max memory 932184064, total allocated 82313216, free 55500336, used 26812880, increment 0
FeaturedSpace: max memory 932184064, total allocated 82313216, free 55500336, used 26812880, increment 0
Sequential: max memory 932184064, total allocated 82313216, free 55500336, used 26812880, increment 0
Initial loss: 9.212438170058329
60: time = 0.175000 loss = 8.727221
Res.gain: 0.48521701445703513
Jackknife: only bio_10
Making features
makeFeatures: max memory 932184064, total allocated 82313216, free 55500336, used 26812880, increment 0
Gustavia_santanderiensis_7 bio_10: 
Regularization values: linear/quadratic/product: 0.560, categorical: 0.250, threshold: 1.790, hinge: 0.500
21 samples
Density: max memory 932184064, total allocated 82313216, free 55500336, used 26812880, increment 0
linearPredictor: max memory 932184064, total allocated 82313216, free 55420152, used 26893064, increment 80184
FeaturedSpace: max memory 932184064, total allocated 82313216, free 55420152, used 26893064, increment 0
Sequential: max memory 932184064, total allocated 82313216, free 55420152, used 26893064, increment 0
Initial loss: 9.212438170058329
60: time = 0.198000 loss = 8.780280
Res.gain: 0.43215815283437564
Jackknife: only bio_11
Making features
makeFeatures: max memory 932184064, total allocated 82313216, free 54754024, used 27559192, increment 666128
Gustavia_santanderiensis_7 bio_11: 
Regularization values: linear/quadratic/product: 0.560, categorical: 0.250, threshold: 1.790, hinge: 0.500
21 samples
Density: max memory 932184064, total allocated 82313216, free 54754024, used 27559192, increment 0
linearPredictor: max memory 932184064, total allocated 82313216, free 54754024, used 27559192, increment 0
FeaturedSpace: max memory 932184064, total allocated 82313216, free 54754024, used 27559192, increment 0
Sequential: max memory 932184064, total allocated 82313216, free 54754024, used 27559192, increment 0
Initial loss: 9.212438170058329
60: time = 0.180000 loss = 8.740440
Res.gain: 0.4719983673938586
Jackknife: only bio_12
Making features
makeFeatures: max memory 932184064, total allocated 82313216, free 54754024, used 27559192, increment 0
Gustavia_santanderiensis_7 bio_12: 
Regularization values: linear/quadratic/product: 0.560, categorical: 0.250, threshold: 1.790, hinge: 0.500
21 samples
Density: max memory 932184064, total allocated 82313216, free 54754024, used 27559192, increment 0
linearPredictor: max memory 932184064, total allocated 82313216, free 54754024, used 27559192, increment 0
FeaturedSpace: max memory 932184064, total allocated 82313216, free 54754024, used 27559192, increment 0
Sequential: max memory 932184064, total allocated 82313216, free 54754024, used 27559192, increment 0
Initial loss: 9.212438170058329
60: time = 0.215000 loss = 9.104443
Res.gain: 0.10799504498077717
Jackknife: only bio_13
Making features
makeFeatures: max memory 932184064, total allocated 82313216, free 54673840, used 27639376, increment 80184
Gustavia_santanderiensis_7 bio_13: 
Regularization values: linear/quadratic/product: 0.560, categorical: 0.250, threshold: 1.790, hinge: 0.500
21 samples
Density: max memory 932184064, total allocated 82313216, free 54593656, used 27719560, increment 80184
linearPredictor: max memory 932184064, total allocated 82313216, free 54513472, used 27799744, increment 80184
FeaturedSpace: max memory 932184064, total allocated 82313216, free 54513472, used 27799744, increment 0
Sequential: max memory 932184064, total allocated 82313216, free 54513472, used 27799744, increment 0
Initial loss: 9.212438170058329
Time since start: 205.618
60: time = 0.201000 loss = 9.187208
Res.gain: 0.025230612236327943
Jackknife: only bio_14
Making features
makeFeatures: max memory 932184064, total allocated 82313216, free 54433288, used 27879928, increment 80184
Gustavia_santanderiensis_7 bio_14: 
Regularization values: linear/quadratic/product: 0.560, categorical: 0.250, threshold: 1.790, hinge: 0.500
21 samples
Density: max memory 932184064, total allocated 82313216, free 53767192, used 28546024, increment 666096
linearPredictor: max memory 932184064, total allocated 82313216, free 53767192, used 28546024, increment 0
FeaturedSpace: max memory 932184064, total allocated 82313216, free 53767192, used 28546024, increment 0
Sequential: max memory 932184064, total allocated 82313216, free 53767192, used 28546024, increment 0
Initial loss: 9.212438170058329
60: time = 0.197000 loss = 9.108039
Res.gain: 0.10439940883662402
Jackknife: only bio_15
Making features
makeFeatures: max memory 932184064, total allocated 82313216, free 53767192, used 28546024, increment 0
Gustavia_santanderiensis_7 bio_15: 
Regularization values: linear/quadratic/product: 0.560, categorical: 0.250, threshold: 1.790, hinge: 0.500
21 samples
Density: max memory 932184064, total allocated 82313216, free 53767192, used 28546024, increment 0
linearPredictor: max memory 932184064, total allocated 82313216, free 53767192, used 28546024, increment 0
FeaturedSpace: max memory 932184064, total allocated 82313216, free 53767192, used 28546024, increment 0
Sequential: max memory 932184064, total allocated 82313216, free 53767192, used 28546024, increment 0
Initial loss: 9.212438170058329
60: time = 0.181000 loss = 9.118410
Res.gain: 0.09402789720148164
Jackknife: only bio_16
Making features
makeFeatures: max memory 932184064, total allocated 82313216, free 53767192, used 28546024, increment 0
Gustavia_santanderiensis_7 bio_16: 
Regularization values: linear/quadratic/product: 0.560, categorical: 0.250, threshold: 1.790, hinge: 0.500
21 samples
Density: max memory 932184064, total allocated 82313216, free 53767192, used 28546024, increment 0
linearPredictor: max memory 932184064, total allocated 82313216, free 53100792, used 29212424, increment 666400
FeaturedSpace: max memory 932184064, total allocated 82313216, free 53100792, used 29212424, increment 0
Sequential: max memory 932184064, total allocated 82313216, free 53100792, used 29212424, increment 0
Initial loss: 9.212438170058329
60: time = 0.209000 loss = 9.178273
Res.gain: 0.03416559029431632
Jackknife: only bio_17
Making features
makeFeatures: max memory 932184064, total allocated 82313216, free 53100792, used 29212424, increment 0
Gustavia_santanderiensis_7 bio_17: 
Regularization values: linear/quadratic/product: 0.560, categorical: 0.250, threshold: 1.790, hinge: 0.500
21 samples
Density: max memory 932184064, total allocated 82313216, free 53100792, used 29212424, increment 0
linearPredictor: max memory 932184064, total allocated 82313216, free 53100792, used 29212424, increment 0
FeaturedSpace: max memory 932184064, total allocated 82313216, free 53100792, used 29212424, increment 0
Sequential: max memory 932184064, total allocated 82313216, free 53100792, used 29212424, increment 0
Initial loss: 9.212438170058329
60: time = 0.202000 loss = 8.925445
Res.gain: 0.28699352509199016
Jackknife: only bio_2
Making features
makeFeatures: max memory 932184064, total allocated 82313216, free 53100792, used 29212424, increment 0
Gustavia_santanderiensis_7 bio_2: 
Regularization values: linear/quadratic/product: 0.560, categorical: 0.250, threshold: 1.790, hinge: 0.500
21 samples
Density: max memory 932184064, total allocated 82313216, free 53100792, used 29212424, increment 0
linearPredictor: max memory 932184064, total allocated 82313216, free 53020608, used 29292608, increment 80184
FeaturedSpace: max memory 932184064, total allocated 82313216, free 53020608, used 29292608, increment 0
Sequential: max memory 932184064, total allocated 82313216, free 53020608, used 29292608, increment 0
Initial loss: 9.212438170058329
Time since start: 206.63
60: time = 0.210000 loss = 9.148838
Res.gain: 0.06360026795901419
Jackknife: only bio_3
Making features
makeFeatures: max memory 932184064, total allocated 82313216, free 52940424, used 29372792, increment 80184
Gustavia_santanderiensis_7 bio_3: 
Regularization values: linear/quadratic/product: 0.560, categorical: 0.250, threshold: 1.790, hinge: 0.500
21 samples
Density: max memory 932184064, total allocated 82313216, free 52860240, used 29452976, increment 80184
linearPredictor: max memory 932184064, total allocated 82313216, free 52780056, used 29533160, increment 80184
FeaturedSpace: max memory 932184064, total allocated 82313216, free 52780056, used 29533160, increment 0
Sequential: max memory 932184064, total allocated 82313216, free 52780056, used 29533160, increment 0
Initial loss: 9.212438170058329
60: time = 0.206000 loss = 9.148257
Res.gain: 0.06418087737753453
Jackknife: only bio_4
Making features
makeFeatures: max memory 932184064, total allocated 82313216, free 52113912, used 30199304, increment 666144
Gustavia_santanderiensis_7 bio_4: 
Regularization values: linear/quadratic/product: 0.560, categorical: 0.250, threshold: 1.790, hinge: 0.500
21 samples
Density: max memory 932184064, total allocated 82313216, free 52113912, used 30199304, increment 0
linearPredictor: max memory 932184064, total allocated 82313216, free 52113912, used 30199304, increment 0
FeaturedSpace: max memory 932184064, total allocated 82313216, free 52113912, used 30199304, increment 0
Sequential: max memory 932184064, total allocated 82313216, free 52113912, used 30199304, increment 0
Initial loss: 9.212438170058329
60: time = 0.220000 loss = 9.211452
Res.gain: 9.856734607645024E-4
Jackknife: only bio_5
Making features
makeFeatures: max memory 932184064, total allocated 82313216, free 52113912, used 30199304, increment 0
Gustavia_santanderiensis_7 bio_5: 
Regularization values: linear/quadratic/product: 0.560, categorical: 0.250, threshold: 1.790, hinge: 0.500
21 samples
Density: max memory 932184064, total allocated 82313216, free 52113912, used 30199304, increment 0
linearPredictor: max memory 932184064, total allocated 82313216, free 52113912, used 30199304, increment 0
FeaturedSpace: max memory 932184064, total allocated 82313216, free 52113912, used 30199304, increment 0
Sequential: max memory 932184064, total allocated 82313216, free 52113912, used 30199304, increment 0
Initial loss: 9.212438170058329
60: time = 0.177000 loss = 8.813262
Res.gain: 0.39917594795258005
Jackknife: only bio_6
Making features
makeFeatures: max memory 932184064, total allocated 82313216, free 52033728, used 30279488, increment 80184
Gustavia_santanderiensis_7 bio_6: 
Regularization values: linear/quadratic/product: 0.560, categorical: 0.250, threshold: 1.790, hinge: 0.500
21 samples
Density: max memory 932184064, total allocated 82313216, free 51953544, used 30359672, increment 80184
linearPredictor: max memory 932184064, total allocated 82313216, free 51873360, used 30439856, increment 80184
FeaturedSpace: max memory 932184064, total allocated 82313216, free 51873360, used 30439856, increment 0
Sequential: max memory 932184064, total allocated 82313216, free 51873360, used 30439856, increment 0
Initial loss: 9.212438170058329
60: time = 0.171000 loss = 8.680901
Res.gain: 0.5315368839016195
Jackknife: only bio_7
Making features
makeFeatures: max memory 932184064, total allocated 82313216, free 51207216, used 31106000, increment 666144
Gustavia_santanderiensis_7 bio_7: 
Regularization values: linear/quadratic/product: 0.560, categorical: 0.250, threshold: 1.790, hinge: 0.500
21 samples
Density: max memory 932184064, total allocated 82313216, free 51207216, used 31106000, increment 0
linearPredictor: max memory 932184064, total allocated 82313216, free 51207216, used 31106000, increment 0
FeaturedSpace: max memory 932184064, total allocated 82313216, free 51207216, used 31106000, increment 0
Sequential: max memory 932184064, total allocated 82313216, free 51207216, used 31106000, increment 0
Initial loss: 9.212438170058329
40: time = 0.128000 loss = 9.212226
Res.gain: 2.1241300426311227E-4
Jackknife: only bio_ai_et0
Making features
makeFeatures: max memory 932184064, total allocated 82313216, free 51207216, used 31106000, increment 0
Gustavia_santanderiensis_7 bio_ai_et0: 
Regularization values: linear/quadratic/product: 0.560, categorical: 0.250, threshold: 1.790, hinge: 0.500
21 samples
Density: max memory 932184064, total allocated 82313216, free 51207216, used 31106000, increment 0
linearPredictor: max memory 932184064, total allocated 82313216, free 51207216, used 31106000, increment 0
FeaturedSpace: max memory 932184064, total allocated 82313216, free 51207216, used 31106000, increment 0
Sequential: max memory 932184064, total allocated 82313216, free 51207216, used 31106000, increment 0
Initial loss: 9.212438170058329
Time since start: 207.769
60: time = 0.220000 loss = 9.164460
Res.gain: 0.04797811748460745
Jackknife: only bio_et0_yr
Making features
makeFeatures: max memory 932184064, total allocated 82313216, free 51127032, used 31186184, increment 80184
Gustavia_santanderiensis_7 bio_et0_yr: 
Regularization values: linear/quadratic/product: 0.560, categorical: 0.250, threshold: 1.790, hinge: 0.500
21 samples
Density: max memory 932184064, total allocated 82313216, free 51046848, used 31266368, increment 80184
linearPredictor: max memory 932184064, total allocated 82313216, free 50966664, used 31346552, increment 80184
FeaturedSpace: max memory 932184064, total allocated 82313216, free 50966664, used 31346552, increment 0
Sequential: max memory 932184064, total allocated 82313216, free 50966664, used 31346552, increment 0
Initial loss: 9.212438170058329
60: time = 0.196000 loss = 9.151267
Res.gain: 0.06117158150233948
getSamples: max memory 932184064, total allocated 82313216, free 45497120, used 36816096, increment 5469544
Making features
makeFeatures: max memory 932184064, total allocated 82313216, free 44534912, used 37778304, increment 962208
Gustavia_santanderiensis_8: 
Regularization values: linear/quadratic/product: 0.560, categorical: 0.250, threshold: 1.790, hinge: 0.500
21 samples
Density: max memory 932184064, total allocated 82313216, free 44454728, used 37858488, increment 80184
linearPredictor: max memory 932184064, total allocated 82313216, free 44374544, used 37938672, increment 80184
FeaturedSpace: max memory 932184064, total allocated 82313216, free 44374544, used 37938672, increment 0
Sequential: max memory 932184064, total allocated 82313216, free 44374544, used 37938672, increment 0
Initial loss: 9.212438170058329
160: time = 0.272000 loss = 7.689802
Resulting gain: 1.522635761198341
Projecting...
Writing file C:\Users\Camila\Desktop\Modelo opc3\Final_Models\M_3_F_l_Set_1\Gustavia_santanderiensis_8.asc
Time since start: 210.729
Writing C:\Users\Camila\Desktop\Modelo opc3\Final_Models\M_3_F_l_Set_1\plots\Gustavia_santanderiensis_8.png
Gustavia_santanderiensis_8 response curves
Time since start: 214.68
Response curve: only bio_1
Making features
makeFeatures: max memory 932184064, total allocated 94896128, free 48169608, used 46726520, increment 8787848
Gustavia_santanderiensis_8 bio_1: 
Regularization values: linear/quadratic/product: 0.560, categorical: 0.250, threshold: 1.790, hinge: 0.500
21 samples
Density: max memory 932184064, total allocated 94896128, free 48169608, used 46726520, increment 0
linearPredictor: max memory 932184064, total allocated 94896128, free 48169608, used 46726520, increment 0
FeaturedSpace: max memory 932184064, total allocated 94896128, free 48169608, used 46726520, increment 0
Sequential: max memory 932184064, total allocated 94896128, free 48169608, used 46726520, increment 0
Initial loss: 9.212438170058329
60: time = 0.222000 loss = 8.846310
Resulting gain: 0.3661279948843852
Gustavia_santanderiensis_8 response curves
Response curve: only bio_10
Making features
makeFeatures: max memory 932184064, total allocated 94896128, free 44541392, used 50354736, increment 3628216
Gustavia_santanderiensis_8 bio_10: 
Regularization values: linear/quadratic/product: 0.560, categorical: 0.250, threshold: 1.790, hinge: 0.500
21 samples
Density: max memory 932184064, total allocated 94896128, free 44541392, used 50354736, increment 0
linearPredictor: max memory 932184064, total allocated 94896128, free 43654408, used 51241720, increment 886984
FeaturedSpace: max memory 932184064, total allocated 94896128, free 43654408, used 51241720, increment 0
Sequential: max memory 932184064, total allocated 94896128, free 43654408, used 51241720, increment 0
Initial loss: 9.212438170058329
Time since start: 215.714
60: time = 0.668000 loss = 8.880328
Resulting gain: 0.332110243517036
Gustavia_santanderiensis_8 response curves
Response curve: only bio_11
Making features
makeFeatures: max memory 932184064, total allocated 94896128, free 40026192, used 54869936, increment 3628216
Gustavia_santanderiensis_8 bio_11: 
Regularization values: linear/quadratic/product: 0.560, categorical: 0.250, threshold: 1.790, hinge: 0.500
21 samples
Density: max memory 932184064, total allocated 94896128, free 40026192, used 54869936, increment 0
linearPredictor: max memory 932184064, total allocated 94896128, free 40026192, used 54869936, increment 0
FeaturedSpace: max memory 932184064, total allocated 94896128, free 40026192, used 54869936, increment 0
Sequential: max memory 932184064, total allocated 94896128, free 40026192, used 54869936, increment 0
Initial loss: 9.212438170058329
60: time = 0.236000 loss = 8.861905
Resulting gain: 0.35053301311110907
Gustavia_santanderiensis_8 response curves
Response curve: only bio_12
Making features
makeFeatures: max memory 932184064, total allocated 94896128, free 35513376, used 59382752, increment 4512816
Gustavia_santanderiensis_8 bio_12: 
Regularization values: linear/quadratic/product: 0.560, categorical: 0.250, threshold: 1.790, hinge: 0.500
21 samples
Density: max memory 932184064, total allocated 94896128, free 35513376, used 59382752, increment 0
linearPredictor: max memory 932184064, total allocated 94896128, free 35513376, used 59382752, increment 0
FeaturedSpace: max memory 932184064, total allocated 94896128, free 35513376, used 59382752, increment 0
Sequential: max memory 932184064, total allocated 94896128, free 35513376, used 59382752, increment 0
Initial loss: 9.212438170058329
60: time = 0.193000 loss = 9.125257
Resulting gain: 0.0871811355649097
Gustavia_santanderiensis_8 response curves
Response curve: only bio_13
Making features
makeFeatures: max memory 932184064, total allocated 94896128, free 31000472, used 63895656, increment 4512904
Gustavia_santanderiensis_8 bio_13: 
Regularization values: linear/quadratic/product: 0.560, categorical: 0.250, threshold: 1.790, hinge: 0.500
21 samples
Density: max memory 932184064, total allocated 94896128, free 31000472, used 63895656, increment 0
linearPredictor: max memory 932184064, total allocated 94896128, free 31000472, used 63895656, increment 0
FeaturedSpace: max memory 932184064, total allocated 94896128, free 31000472, used 63895656, increment 0
Sequential: max memory 932184064, total allocated 94896128, free 31000472, used 63895656, increment 0
Initial loss: 9.212438170058329
Time since start: 216.844
60: time = 0.238000 loss = 9.194455
Resulting gain: 0.01798306808235317
Gustavia_santanderiensis_8 response curves
Response curve: only bio_14
Making features
makeFeatures: max memory 932184064, total allocated 94896128, free 27376936, used 67519192, increment 3623536
Gustavia_santanderiensis_8 bio_14: 
Regularization values: linear/quadratic/product: 0.560, categorical: 0.250, threshold: 1.790, hinge: 0.500
21 samples
Density: max memory 932184064, total allocated 94896128, free 27296752, used 67599376, increment 80184
linearPredictor: max memory 932184064, total allocated 94896128, free 27216568, used 67679560, increment 80184
FeaturedSpace: max memory 932184064, total allocated 94896128, free 27216568, used 67679560, increment 0
Sequential: max memory 932184064, total allocated 94896128, free 27216568, used 67679560, increment 0
Initial loss: 9.212438170058329
60: time = 0.382000 loss = 8.986811
Resulting gain: 0.22562755896800546
Gustavia_santanderiensis_8 response curves
Time since start: 217.916
Response curve: only bio_15
Making features
makeFeatures: max memory 932184064, total allocated 94896128, free 22585192, used 72310936, increment 4631376
Gustavia_santanderiensis_8 bio_15: 
Regularization values: linear/quadratic/product: 0.560, categorical: 0.250, threshold: 1.790, hinge: 0.500
21 samples
Density: max memory 932184064, total allocated 94896128, free 22585192, used 72310936, increment 0
linearPredictor: max memory 932184064, total allocated 94896128, free 22585192, used 72310936, increment 0
FeaturedSpace: max memory 932184064, total allocated 94896128, free 22585192, used 72310936, increment 0
Sequential: max memory 932184064, total allocated 94896128, free 22585192, used 72310936, increment 0
Initial loss: 9.212438170058329
60: time = 0.222000 loss = 9.081458
Resulting gain: 0.13098055452732105
Gustavia_santanderiensis_8 response curves
Response curve: only bio_16
Making features
makeFeatures: max memory 932184064, total allocated 90177536, free 60326696, used 29850840, increment -42460096
Gustavia_santanderiensis_8 bio_16: 
Regularization values: linear/quadratic/product: 0.560, categorical: 0.250, threshold: 1.790, hinge: 0.500
21 samples
Density: max memory 932184064, total allocated 90177536, free 60326696, used 29850840, increment 0
linearPredictor: max memory 932184064, total allocated 90177536, free 60326696, used 29850840, increment 0
FeaturedSpace: max memory 932184064, total allocated 90177536, free 60326696, used 29850840, increment 0
Sequential: max memory 932184064, total allocated 90177536, free 60326696, used 29850840, increment 0
Initial loss: 9.212438170058329
60: time = 0.241000 loss = 9.201170
Resulting gain: 0.011267932383347556
Gustavia_santanderiensis_8 response curves
Response curve: only bio_17
Making features
makeFeatures: max memory 932184064, total allocated 90177536, free 56678128, used 33499408, increment 3648568
Gustavia_santanderiensis_8 bio_17: 
Regularization values: linear/quadratic/product: 0.560, categorical: 0.250, threshold: 1.790, hinge: 0.500
21 samples
Density: max memory 932184064, total allocated 90177536, free 56597944, used 33579592, increment 80184
linearPredictor: max memory 932184064, total allocated 90177536, free 56517760, used 33659776, increment 80184
FeaturedSpace: max memory 932184064, total allocated 90177536, free 56517760, used 33659776, increment 0
Sequential: max memory 932184064, total allocated 90177536, free 56517760, used 33659776, increment 0
Initial loss: 9.212438170058329
60: time = 0.178000 loss = 8.834322
Resulting gain: 0.3781164253777831
Gustavia_santanderiensis_8 response curves
Time since start: 219.032
Response curve: only bio_2
Making features
makeFeatures: max memory 932184064, total allocated 90177536, free 52084752, used 38092784, increment 4433008
Gustavia_santanderiensis_8 bio_2: 
Regularization values: linear/quadratic/product: 0.560, categorical: 0.250, threshold: 1.790, hinge: 0.500
21 samples
Density: max memory 932184064, total allocated 90177536, free 52084752, used 38092784, increment 0
linearPredictor: max memory 932184064, total allocated 90177536, free 52084752, used 38092784, increment 0
FeaturedSpace: max memory 932184064, total allocated 90177536, free 52084752, used 38092784, increment 0
Sequential: max memory 932184064, total allocated 90177536, free 52084752, used 38092784, increment 0
Initial loss: 9.212438170058329
60: time = 0.193000 loss = 9.163804
Resulting gain: 0.04863445833125013
Gustavia_santanderiensis_8 response curves
Response curve: only bio_3
Making features
makeFeatures: max memory 932184064, total allocated 90177536, free 47650728, used 42526808, increment 4434024
Gustavia_santanderiensis_8 bio_3: 
Regularization values: linear/quadratic/product: 0.560, categorical: 0.250, threshold: 1.790, hinge: 0.500
21 samples
Density: max memory 932184064, total allocated 90177536, free 47650728, used 42526808, increment 0
linearPredictor: max memory 932184064, total allocated 90177536, free 47650728, used 42526808, increment 0
FeaturedSpace: max memory 932184064, total allocated 90177536, free 47650728, used 42526808, increment 0
Sequential: max memory 932184064, total allocated 90177536, free 47650728, used 42526808, increment 0
Initial loss: 9.212438170058329
60: time = 0.209000 loss = 9.176764
Resulting gain: 0.03567456785664547
Gustavia_santanderiensis_8 response curves
Response curve: only bio_4
Making features
makeFeatures: max memory 932184064, total allocated 90177536, free 43217528, used 46960008, increment 4433200
Gustavia_santanderiensis_8 bio_4: 
Regularization values: linear/quadratic/product: 0.560, categorical: 0.250, threshold: 1.790, hinge: 0.500
21 samples
Density: max memory 932184064, total allocated 90177536, free 43217528, used 46960008, increment 0
linearPredictor: max memory 932184064, total allocated 90177536, free 43217528, used 46960008, increment 0
FeaturedSpace: max memory 932184064, total allocated 90177536, free 43217528, used 46960008, increment 0
Sequential: max memory 932184064, total allocated 90177536, free 43217528, used 46960008, increment 0
Initial loss: 9.212438170058329
Time since start: 220.291
20: time = 0.575000 loss = 9.212438
Resulting gain: 0.0
Gustavia_santanderiensis_8 response curves
Response curve: only bio_5
Making features
makeFeatures: max memory 932184064, total allocated 90177536, free 38781248, used 51396288, increment 4436280
Gustavia_santanderiensis_8 bio_5: 
Regularization values: linear/quadratic/product: 0.560, categorical: 0.250, threshold: 1.790, hinge: 0.500
21 samples
Density: max memory 932184064, total allocated 90177536, free 38781248, used 51396288, increment 0
linearPredictor: max memory 932184064, total allocated 90177536, free 38781248, used 51396288, increment 0
FeaturedSpace: max memory 932184064, total allocated 90177536, free 38781248, used 51396288, increment 0
Sequential: max memory 932184064, total allocated 90177536, free 38781248, used 51396288, increment 0
Initial loss: 9.212438170058329
60: time = 0.194000 loss = 8.890333
Resulting gain: 0.3221047321517858
Gustavia_santanderiensis_8 response curves
Response curve: only bio_6
Making features
makeFeatures: max memory 932184064, total allocated 90177536, free 35212864, used 54964672, increment 3568384
Gustavia_santanderiensis_8 bio_6: 
Regularization values: linear/quadratic/product: 0.560, categorical: 0.250, threshold: 1.790, hinge: 0.500
21 samples
Density: max memory 932184064, total allocated 90177536, free 34345824, used 55831712, increment 867040
linearPredictor: max memory 932184064, total allocated 90177536, free 34345824, used 55831712, increment 0
FeaturedSpace: max memory 932184064, total allocated 90177536, free 34345824, used 55831712, increment 0
Sequential: max memory 932184064, total allocated 90177536, free 34345824, used 55831712, increment 0
Initial loss: 9.212438170058329
Time since start: 221.481
60: time = 0.624000 loss = 8.808299
Resulting gain: 0.40413910159098343
Gustavia_santanderiensis_8 response curves
Response curve: only bio_7
Making features
makeFeatures: max memory 932184064, total allocated 90177536, free 30775352, used 59402184, increment 3570472
Gustavia_santanderiensis_8 bio_7: 
Regularization values: linear/quadratic/product: 0.560, categorical: 0.250, threshold: 1.790, hinge: 0.500
21 samples
Density: max memory 932184064, total allocated 90177536, free 30775352, used 59402184, increment 0
linearPredictor: max memory 932184064, total allocated 90177536, free 30695168, used 59482368, increment 80184
FeaturedSpace: max memory 932184064, total allocated 90177536, free 30695168, used 59482368, increment 0
Sequential: max memory 932184064, total allocated 90177536, free 30695168, used 59482368, increment 0
Initial loss: 9.212438170058329
20: time = 0.083000 loss = 9.212433
Resulting gain: 4.680914853949503E-6
Gustavia_santanderiensis_8 response curves
Response curve: only bio_ai_et0
Making features
makeFeatures: max memory 932184064, total allocated 90177536, free 26144496, used 64033040, increment 4550672
Gustavia_santanderiensis_8 bio_ai_et0: 
Regularization values: linear/quadratic/product: 0.560, categorical: 0.250, threshold: 1.790, hinge: 0.500
21 samples
Density: max memory 932184064, total allocated 90177536, free 26144496, used 64033040, increment 0
linearPredictor: max memory 932184064, total allocated 90177536, free 26144496, used 64033040, increment 0
FeaturedSpace: max memory 932184064, total allocated 90177536, free 26144496, used 64033040, increment 0
Sequential: max memory 932184064, total allocated 90177536, free 26144496, used 64033040, increment 0
Initial loss: 9.212438170058329
60: time = 0.227000 loss = 9.179475
Resulting gain: 0.032963117682951903
Gustavia_santanderiensis_8 response curves
Response curve: only bio_et0_yr
Making features
makeFeatures: max memory 932184064, total allocated 90177536, free 21712912, used 68464624, increment 4431584
Gustavia_santanderiensis_8 bio_et0_yr: 
Regularization values: linear/quadratic/product: 0.560, categorical: 0.250, threshold: 1.790, hinge: 0.500
21 samples
Density: max memory 932184064, total allocated 90177536, free 21712912, used 68464624, increment 0
linearPredictor: max memory 932184064, total allocated 90177536, free 21712912, used 68464624, increment 0
FeaturedSpace: max memory 932184064, total allocated 90177536, free 21712912, used 68464624, increment 0
Sequential: max memory 932184064, total allocated 90177536, free 21712912, used 68464624, increment 0
Initial loss: 9.212438170058329
Time since start: 222.531
60: time = 0.186000 loss = 9.159051
Resulting gain: 0.05338759058286868
Gustavia_santanderiensis_8 response curves
Jackknife: leave bio_1 out
Making features
makeFeatures: max memory 932184064, total allocated 85458944, free 51168328, used 34290616, increment -34174008
Gustavia_santanderiensis_8 bio_1: 
Regularization values: linear/quadratic/product: 0.560, categorical: 0.250, threshold: 1.790, hinge: 0.500
21 samples
Density: max memory 932184064, total allocated 85458944, free 51168328, used 34290616, increment 0
linearPredictor: max memory 932184064, total allocated 85458944, free 51088144, used 34370800, increment 80184
FeaturedSpace: max memory 932184064, total allocated 85458944, free 51088144, used 34370800, increment 0
Sequential: max memory 932184064, total allocated 85458944, free 51088144, used 34370800, increment 0
Initial loss: 9.212438170058329
120: time = 0.218000 loss = 7.689802
Jackknife: leave bio_10 out
Making features
makeFeatures: max memory 932184064, total allocated 85458944, free 49660736, used 35798208, increment 1427408
Gustavia_santanderiensis_8 bio_10: 
Regularization values: linear/quadratic/product: 0.560, categorical: 0.250, threshold: 1.790, hinge: 0.500
21 samples
Density: max memory 932184064, total allocated 85458944, free 49580552, used 35878392, increment 80184
linearPredictor: max memory 932184064, total allocated 85458944, free 49500368, used 35958576, increment 80184
FeaturedSpace: max memory 932184064, total allocated 85458944, free 49500368, used 35958576, increment 0
Sequential: max memory 932184064, total allocated 85458944, free 49500368, used 35958576, increment 0
Initial loss: 9.212438170058329
Time since start: 223.741
160: time = 0.266000 loss = 7.689803
Jackknife: leave bio_11 out
Making features
makeFeatures: max memory 932184064, total allocated 85458944, free 48072960, used 37385984, increment 1427408
Gustavia_santanderiensis_8 bio_11: 
Regularization values: linear/quadratic/product: 0.560, categorical: 0.250, threshold: 1.790, hinge: 0.500
21 samples
Density: max memory 932184064, total allocated 85458944, free 47992776, used 37466168, increment 80184
linearPredictor: max memory 932184064, total allocated 85458944, free 47912592, used 37546352, increment 80184
FeaturedSpace: max memory 932184064, total allocated 85458944, free 47912592, used 37546352, increment 0
Sequential: max memory 932184064, total allocated 85458944, free 47912592, used 37546352, increment 0
Initial loss: 9.212438170058329
160: time = 0.757000 loss = 7.689803
Jackknife: leave bio_12 out
Making features
makeFeatures: max memory 932184064, total allocated 85458944, free 46485248, used 38973696, increment 1427344
Gustavia_santanderiensis_8 bio_12: 
Regularization values: linear/quadratic/product: 0.560, categorical: 0.250, threshold: 1.790, hinge: 0.500
21 samples
Density: max memory 932184064, total allocated 85458944, free 46405064, used 39053880, increment 80184
linearPredictor: max memory 932184064, total allocated 85458944, free 46324880, used 39134064, increment 80184
FeaturedSpace: max memory 932184064, total allocated 85458944, free 46324880, used 39134064, increment 0
Sequential: max memory 932184064, total allocated 85458944, free 46324880, used 39134064, increment 0
Initial loss: 9.212438170058329
Time since start: 224.85
180: time = 0.333000 loss = 7.689802
Jackknife: leave bio_13 out
Making features
makeFeatures: max memory 932184064, total allocated 85458944, free 44817312, used 40641632, increment 1507568
Gustavia_santanderiensis_8 bio_13: 
Regularization values: linear/quadratic/product: 0.560, categorical: 0.250, threshold: 1.790, hinge: 0.500
21 samples
Density: max memory 932184064, total allocated 85458944, free 44737128, used 40721816, increment 80184
linearPredictor: max memory 932184064, total allocated 85458944, free 44656944, used 40802000, increment 80184
FeaturedSpace: max memory 932184064, total allocated 85458944, free 44656944, used 40802000, increment 0
Sequential: max memory 932184064, total allocated 85458944, free 44656944, used 40802000, increment 0
Initial loss: 9.212438170058329
180: time = 0.314000 loss = 7.689802
Jackknife: leave bio_14 out
Making features
makeFeatures: max memory 932184064, total allocated 85458944, free 43229616, used 42229328, increment 1427328
Gustavia_santanderiensis_8 bio_14: 
Regularization values: linear/quadratic/product: 0.560, categorical: 0.250, threshold: 1.790, hinge: 0.500
21 samples
Density: max memory 932184064, total allocated 85458944, free 43149432, used 42309512, increment 80184
linearPredictor: max memory 932184064, total allocated 85458944, free 43069248, used 42389696, increment 80184
FeaturedSpace: max memory 932184064, total allocated 85458944, free 43069248, used 42389696, increment 0
Sequential: max memory 932184064, total allocated 85458944, free 43069248, used 42389696, increment 0
Initial loss: 9.212438170058329
160: time = 0.291000 loss = 7.689802
Jackknife: leave bio_15 out
Making features
makeFeatures: max memory 932184064, total allocated 85458944, free 41641928, used 43817016, increment 1427320
Gustavia_santanderiensis_8 bio_15: 
Regularization values: linear/quadratic/product: 0.560, categorical: 0.250, threshold: 1.790, hinge: 0.500
21 samples
Density: max memory 932184064, total allocated 85458944, free 40856136, used 44602808, increment 785792
linearPredictor: max memory 932184064, total allocated 85458944, free 40856136, used 44602808, increment 0
FeaturedSpace: max memory 932184064, total allocated 85458944, free 40856136, used 44602808, increment 0
Sequential: max memory 932184064, total allocated 85458944, free 40856136, used 44602808, increment 0
Initial loss: 9.212438170058329
180: time = 0.337000 loss = 7.836193
Jackknife: leave bio_16 out
Making features
makeFeatures: max memory 932184064, total allocated 85458944, free 39974112, used 45484832, increment 882024
Gustavia_santanderiensis_8 bio_16: 
Regularization values: linear/quadratic/product: 0.560, categorical: 0.250, threshold: 1.790, hinge: 0.500
21 samples
Density: max memory 932184064, total allocated 85458944, free 39893928, used 45565016, increment 80184
linearPredictor: max memory 932184064, total allocated 85458944, free 39813744, used 45645200, increment 80184
FeaturedSpace: max memory 932184064, total allocated 85458944, free 39813744, used 45645200, increment 0
Sequential: max memory 932184064, total allocated 85458944, free 39813744, used 45645200, increment 0
Initial loss: 9.212438170058329
Time since start: 226.105
160: time = 0.274000 loss = 7.689802
Jackknife: leave bio_17 out
Making features
makeFeatures: max memory 932184064, total allocated 85458944, free 38386400, used 47072544, increment 1427344
Gustavia_santanderiensis_8 bio_17: 
Regularization values: linear/quadratic/product: 0.560, categorical: 0.250, threshold: 1.790, hinge: 0.500
21 samples
Density: max memory 932184064, total allocated 85458944, free 38306216, used 47152728, increment 80184
linearPredictor: max memory 932184064, total allocated 85458944, free 38226032, used 47232912, increment 80184
FeaturedSpace: max memory 932184064, total allocated 85458944, free 38226032, used 47232912, increment 0
Sequential: max memory 932184064, total allocated 85458944, free 38226032, used 47232912, increment 0
Initial loss: 9.212438170058329
180: time = 0.284000 loss = 7.724966
Jackknife: leave bio_2 out
Making features
makeFeatures: max memory 932184064, total allocated 85458944, free 36718464, used 48740480, increment 1507568
Gustavia_santanderiensis_8 bio_2: 
Regularization values: linear/quadratic/product: 0.560, categorical: 0.250, threshold: 1.790, hinge: 0.500
21 samples
Density: max memory 932184064, total allocated 85458944, free 36638280, used 48820664, increment 80184
linearPredictor: max memory 932184064, total allocated 85458944, free 36558096, used 48900848, increment 80184
FeaturedSpace: max memory 932184064, total allocated 85458944, free 36558096, used 48900848, increment 0
Sequential: max memory 932184064, total allocated 85458944, free 36558096, used 48900848, increment 0
Initial loss: 9.212438170058329
160: time = 0.265000 loss = 7.689802
Jackknife: leave bio_3 out
Making features
makeFeatures: max memory 932184064, total allocated 85458944, free 35130776, used 50328168, increment 1427320
Gustavia_santanderiensis_8 bio_3: 
Regularization values: linear/quadratic/product: 0.560, categorical: 0.250, threshold: 1.790, hinge: 0.500
21 samples
Density: max memory 932184064, total allocated 85458944, free 35050592, used 50408352, increment 80184
linearPredictor: max memory 932184064, total allocated 85458944, free 34970408, used 50488536, increment 80184
FeaturedSpace: max memory 932184064, total allocated 85458944, free 34970408, used 50488536, increment 0
Sequential: max memory 932184064, total allocated 85458944, free 34970408, used 50488536, increment 0
Initial loss: 9.212438170058329
160: time = 0.264000 loss = 7.689802
Jackknife: leave bio_4 out
Making features
makeFeatures: max memory 932184064, total allocated 85458944, free 33543096, used 51915848, increment 1427312
Gustavia_santanderiensis_8 bio_4: 
Regularization values: linear/quadratic/product: 0.560, categorical: 0.250, threshold: 1.790, hinge: 0.500
21 samples
Density: max memory 932184064, total allocated 85458944, free 33462912, used 51996032, increment 80184
linearPredictor: max memory 932184064, total allocated 85458944, free 33382728, used 52076216, increment 80184
FeaturedSpace: max memory 932184064, total allocated 85458944, free 33382728, used 52076216, increment 0
Sequential: max memory 932184064, total allocated 85458944, free 33382728, used 52076216, increment 0
Initial loss: 9.212438170058329
Time since start: 227.212
160: time = 0.265000 loss = 7.689802
Jackknife: leave bio_5 out
Making features
makeFeatures: max memory 932184064, total allocated 85458944, free 31955416, used 53503528, increment 1427312
Gustavia_santanderiensis_8 bio_5: 
Regularization values: linear/quadratic/product: 0.560, categorical: 0.250, threshold: 1.790, hinge: 0.500
21 samples
Density: max memory 932184064, total allocated 85458944, free 31169624, used 54289320, increment 785792
linearPredictor: max memory 932184064, total allocated 85458944, free 31169624, used 54289320, increment 0
FeaturedSpace: max memory 932184064, total allocated 85458944, free 31169624, used 54289320, increment 0
Sequential: max memory 932184064, total allocated 85458944, free 31169624, used 54289320, increment 0
Initial loss: 9.212438170058329
140: time = 0.233000 loss = 7.699083
Jackknife: leave bio_6 out
Making features
makeFeatures: max memory 932184064, total allocated 85458944, free 30303648, used 55155296, increment 865976
Gustavia_santanderiensis_8 bio_6: 
Regularization values: linear/quadratic/product: 0.560, categorical: 0.250, threshold: 1.790, hinge: 0.500
21 samples
Density: max memory 932184064, total allocated 85458944, free 30223464, used 55235480, increment 80184
linearPredictor: max memory 932184064, total allocated 85458944, free 30143280, used 55315664, increment 80184
FeaturedSpace: max memory 932184064, total allocated 85458944, free 30143280, used 55315664, increment 0
Sequential: max memory 932184064, total allocated 85458944, free 30143280, used 55315664, increment 0
Initial loss: 9.212438170058329
120: time = 0.225000 loss = 7.709798
Jackknife: leave bio_7 out
Making features
makeFeatures: max memory 932184064, total allocated 85458944, free 28715872, used 56743072, increment 1427408
Gustavia_santanderiensis_8 bio_7: 
Regularization values: linear/quadratic/product: 0.560, categorical: 0.250, threshold: 1.790, hinge: 0.500
21 samples
Density: max memory 932184064, total allocated 85458944, free 28635688, used 56823256, increment 80184
linearPredictor: max memory 932184064, total allocated 85458944, free 28555504, used 56903440, increment 80184
FeaturedSpace: max memory 932184064, total allocated 85458944, free 28555504, used 56903440, increment 0
Sequential: max memory 932184064, total allocated 85458944, free 28555504, used 56903440, increment 0
Initial loss: 9.212438170058329
160: time = 0.264000 loss = 7.689802
Jackknife: leave bio_ai_et0 out
Making features
makeFeatures: max memory 932184064, total allocated 85458944, free 27128160, used 58330784, increment 1427344
Gustavia_santanderiensis_8 bio_ai_et0: 
Regularization values: linear/quadratic/product: 0.560, categorical: 0.250, threshold: 1.790, hinge: 0.500
21 samples
Density: max memory 932184064, total allocated 85458944, free 27047976, used 58410968, increment 80184
linearPredictor: max memory 932184064, total allocated 85458944, free 26967792, used 58491152, increment 80184
FeaturedSpace: max memory 932184064, total allocated 85458944, free 26967792, used 58491152, increment 0
Sequential: max memory 932184064, total allocated 85458944, free 26967792, used 58491152, increment 0
Initial loss: 9.212438170058329
Time since start: 228.226
160: time = 0.264000 loss = 7.689802
Jackknife: leave bio_et0_yr out
Making features
makeFeatures: max memory 932184064, total allocated 85458944, free 25540384, used 59918560, increment 1427408
Gustavia_santanderiensis_8 bio_et0_yr: 
Regularization values: linear/quadratic/product: 0.560, categorical: 0.250, threshold: 1.790, hinge: 0.500
21 samples
Density: max memory 932184064, total allocated 85458944, free 25460200, used 59998744, increment 80184
linearPredictor: max memory 932184064, total allocated 85458944, free 25380016, used 60078928, increment 80184
FeaturedSpace: max memory 932184064, total allocated 85458944, free 25380016, used 60078928, increment 0
Sequential: max memory 932184064, total allocated 85458944, free 25380016, used 60078928, increment 0
Initial loss: 9.212438170058329
160: time = 0.263000 loss = 7.689802
Jackknife: only bio_1
Making features
makeFeatures: max memory 932184064, total allocated 85458944, free 24594168, used 60864776, increment 785848
Gustavia_santanderiensis_8 bio_1: 
Regularization values: linear/quadratic/product: 0.560, categorical: 0.250, threshold: 1.790, hinge: 0.500
21 samples
Density: max memory 932184064, total allocated 85458944, free 24594168, used 60864776, increment 0
linearPredictor: max memory 932184064, total allocated 85458944, free 24594168, used 60864776, increment 0
FeaturedSpace: max memory 932184064, total allocated 85458944, free 24594168, used 60864776, increment 0
Sequential: max memory 932184064, total allocated 85458944, free 24594168, used 60864776, increment 0
Initial loss: 9.212438170058329
60: time = 0.219000 loss = 8.846310
Res.gain: 0.3661279948843852
Jackknife: only bio_10
Making features
makeFeatures: max memory 932184064, total allocated 85458944, free 24594168, used 60864776, increment 0
Gustavia_santanderiensis_8 bio_10: 
Regularization values: linear/quadratic/product: 0.560, categorical: 0.250, threshold: 1.790, hinge: 0.500
21 samples
Density: max memory 932184064, total allocated 85458944, free 24594168, used 60864776, increment 0
linearPredictor: max memory 932184064, total allocated 85458944, free 24594168, used 60864776, increment 0
FeaturedSpace: max memory 932184064, total allocated 85458944, free 24594168, used 60864776, increment 0
Sequential: max memory 932184064, total allocated 85458944, free 24594168, used 60864776, increment 0
Initial loss: 9.212438170058329
60: time = 0.223000 loss = 8.880328
Res.gain: 0.332110243517036
Jackknife: only bio_11
Making features
makeFeatures: max memory 932184064, total allocated 85458944, free 24513984, used 60944960, increment 80184
Gustavia_santanderiensis_8 bio_11: 
Regularization values: linear/quadratic/product: 0.560, categorical: 0.250, threshold: 1.790, hinge: 0.500
21 samples
Density: max memory 932184064, total allocated 85458944, free 24433800, used 61025144, increment 80184
linearPredictor: max memory 932184064, total allocated 85458944, free 24353616, used 61105328, increment 80184
FeaturedSpace: max memory 932184064, total allocated 85458944, free 24353616, used 61105328, increment 0
Sequential: max memory 932184064, total allocated 85458944, free 24353616, used 61105328, increment 0
Initial loss: 9.212438170058329
60: time = 0.227000 loss = 8.861905
Res.gain: 0.35053301311110907
Jackknife: only bio_12
Making features
makeFeatures: max memory 932184064, total allocated 85458944, free 24273432, used 61185512, increment 80184
Gustavia_santanderiensis_8 bio_12: 
Regularization values: linear/quadratic/product: 0.560, categorical: 0.250, threshold: 1.790, hinge: 0.500
21 samples
Density: max memory 932184064, total allocated 85458944, free 24193248, used 61265696, increment 80184
linearPredictor: max memory 932184064, total allocated 85458944, free 24113064, used 61345880, increment 80184
FeaturedSpace: max memory 932184064, total allocated 85458944, free 24113064, used 61345880, increment 0
Sequential: max memory 932184064, total allocated 85458944, free 24113064, used 61345880, increment 0
Initial loss: 9.212438170058329
Time since start: 229.366
60: time = 0.187000 loss = 9.125257
Res.gain: 0.0871811355649097
Jackknife: only bio_13
Making features
makeFeatures: max memory 932184064, total allocated 85458944, free 23327152, used 62131792, increment 785912
Gustavia_santanderiensis_8 bio_13: 
Regularization values: linear/quadratic/product: 0.560, categorical: 0.250, threshold: 1.790, hinge: 0.500
21 samples
Density: max memory 932184064, total allocated 85458944, free 23327152, used 62131792, increment 0
linearPredictor: max memory 932184064, total allocated 85458944, free 23327152, used 62131792, increment 0
FeaturedSpace: max memory 932184064, total allocated 85458944, free 23327152, used 62131792, increment 0
Sequential: max memory 932184064, total allocated 85458944, free 23327152, used 62131792, increment 0
Initial loss: 9.212438170058329
60: time = 0.209000 loss = 9.194455
Res.gain: 0.01798306808235317
Jackknife: only bio_14
Making features
makeFeatures: max memory 932184064, total allocated 85458944, free 23327152, used 62131792, increment 0
Gustavia_santanderiensis_8 bio_14: 
Regularization values: linear/quadratic/product: 0.560, categorical: 0.250, threshold: 1.790, hinge: 0.500
21 samples
Density: max memory 932184064, total allocated 85458944, free 23327152, used 62131792, increment 0
linearPredictor: max memory 932184064, total allocated 85458944, free 23327152, used 62131792, increment 0
FeaturedSpace: max memory 932184064, total allocated 85458944, free 23327152, used 62131792, increment 0
Sequential: max memory 932184064, total allocated 85458944, free 23327152, used 62131792, increment 0
Initial loss: 9.212438170058329
60: time = 0.194000 loss = 8.986811
Res.gain: 0.22562755896800546
Jackknife: only bio_15
Making features
makeFeatures: max memory 932184064, total allocated 85458944, free 23327152, used 62131792, increment 0
Gustavia_santanderiensis_8 bio_15: 
Regularization values: linear/quadratic/product: 0.560, categorical: 0.250, threshold: 1.790, hinge: 0.500
21 samples
Density: max memory 932184064, total allocated 85458944, free 23327152, used 62131792, increment 0
linearPredictor: max memory 932184064, total allocated 85458944, free 22541360, used 62917584, increment 785792
FeaturedSpace: max memory 932184064, total allocated 85458944, free 22541360, used 62917584, increment 0
Sequential: max memory 932184064, total allocated 85458944, free 22541360, used 62917584, increment 0
Initial loss: 9.212438170058329
60: time = 0.222000 loss = 9.081458
Res.gain: 0.13098055452732105
Jackknife: only bio_16
Making features
makeFeatures: max memory 932184064, total allocated 85458944, free 22541360, used 62917584, increment 0
Gustavia_santanderiensis_8 bio_16: 
Regularization values: linear/quadratic/product: 0.560, categorical: 0.250, threshold: 1.790, hinge: 0.500
21 samples
Density: max memory 932184064, total allocated 85458944, free 22541360, used 62917584, increment 0
linearPredictor: max memory 932184064, total allocated 85458944, free 22541360, used 62917584, increment 0
FeaturedSpace: max memory 932184064, total allocated 85458944, free 22541360, used 62917584, increment 0
Sequential: max memory 932184064, total allocated 85458944, free 22541360, used 62917584, increment 0
Initial loss: 9.212438170058329
60: time = 0.227000 loss = 9.201170
Res.gain: 0.011267932383347556
Jackknife: only bio_17
Making features
makeFeatures: max memory 932184064, total allocated 85458944, free 22541360, used 62917584, increment 0
Gustavia_santanderiensis_8 bio_17: 
Regularization values: linear/quadratic/product: 0.560, categorical: 0.250, threshold: 1.790, hinge: 0.500
21 samples
Density: max memory 932184064, total allocated 85458944, free 22541360, used 62917584, increment 0
linearPredictor: max memory 932184064, total allocated 85458944, free 22541360, used 62917584, increment 0
FeaturedSpace: max memory 932184064, total allocated 85458944, free 22541360, used 62917584, increment 0
Sequential: max memory 932184064, total allocated 85458944, free 22541360, used 62917584, increment 0
Initial loss: 9.212438170058329
Time since start: 230.402
60: time = 0.168000 loss = 8.834322
Res.gain: 0.3781164253777831
Jackknife: only bio_2
Making features
makeFeatures: max memory 932184064, total allocated 85458944, free 22461176, used 62997768, increment 80184
Gustavia_santanderiensis_8 bio_2: 
Regularization values: linear/quadratic/product: 0.560, categorical: 0.250, threshold: 1.790, hinge: 0.500
21 samples
Density: max memory 932184064, total allocated 85458944, free 22380992, used 63077952, increment 80184
linearPredictor: max memory 932184064, total allocated 85458944, free 22300808, used 63158136, increment 80184
FeaturedSpace: max memory 932184064, total allocated 85458944, free 22300808, used 63158136, increment 0
Sequential: max memory 932184064, total allocated 85458944, free 22300808, used 63158136, increment 0
Initial loss: 9.212438170058329
60: time = 0.193000 loss = 9.163804
Res.gain: 0.04863445833125013
Jackknife: only bio_3
Making features
makeFeatures: max memory 932184064, total allocated 85458944, free 22220624, used 63238320, increment 80184
Gustavia_santanderiensis_8 bio_3: 
Regularization values: linear/quadratic/product: 0.560, categorical: 0.250, threshold: 1.790, hinge: 0.500
21 samples
Density: max memory 932184064, total allocated 85458944, free 22140440, used 63318504, increment 80184
linearPredictor: max memory 932184064, total allocated 85458944, free 22060256, used 63398688, increment 80184
FeaturedSpace: max memory 932184064, total allocated 85458944, free 22060256, used 63398688, increment 0
Sequential: max memory 932184064, total allocated 85458944, free 22060256, used 63398688, increment 0
Initial loss: 9.212438170058329
60: time = 0.213000 loss = 9.176764
Res.gain: 0.03567456785664547
Jackknife: only bio_4
Making features
makeFeatures: max memory 932184064, total allocated 85458944, free 21274440, used 64184504, increment 785816
Gustavia_santanderiensis_8 bio_4: 
Regularization values: linear/quadratic/product: 0.560, categorical: 0.250, threshold: 1.790, hinge: 0.500
21 samples
Density: max memory 932184064, total allocated 85458944, free 21274440, used 64184504, increment 0
linearPredictor: max memory 932184064, total allocated 85458944, free 21274440, used 64184504, increment 0
FeaturedSpace: max memory 932184064, total allocated 85458944, free 21274440, used 64184504, increment 0
Sequential: max memory 932184064, total allocated 85458944, free 21274440, used 64184504, increment 0
Initial loss: 9.212438170058329
20: time = 0.103000 loss = 9.212438
Res.gain: 0.0
Jackknife: only bio_5
Making features
makeFeatures: max memory 932184064, total allocated 85458944, free 21274440, used 64184504, increment 0
Gustavia_santanderiensis_8 bio_5: 
Regularization values: linear/quadratic/product: 0.560, categorical: 0.250, threshold: 1.790, hinge: 0.500
21 samples
Density: max memory 932184064, total allocated 85458944, free 21274440, used 64184504, increment 0
linearPredictor: max memory 932184064, total allocated 85458944, free 21274440, used 64184504, increment 0
FeaturedSpace: max memory 932184064, total allocated 85458944, free 21274440, used 64184504, increment 0
Sequential: max memory 932184064, total allocated 85458944, free 21274440, used 64184504, increment 0
Initial loss: 9.212438170058329
60: time = 0.189000 loss = 8.890333
Res.gain: 0.3221047321517858
Jackknife: only bio_6
Making features
makeFeatures: max memory 932184064, total allocated 85458944, free 21274440, used 64184504, increment 0
Gustavia_santanderiensis_8 bio_6: 
Regularization values: linear/quadratic/product: 0.560, categorical: 0.250, threshold: 1.790, hinge: 0.500
21 samples
Density: max memory 932184064, total allocated 85458944, free 21274440, used 64184504, increment 0
linearPredictor: max memory 932184064, total allocated 85458944, free 21194256, used 64264688, increment 80184
FeaturedSpace: max memory 932184064, total allocated 85458944, free 21194256, used 64264688, increment 0
Sequential: max memory 932184064, total allocated 85458944, free 21194256, used 64264688, increment 0
Initial loss: 9.212438170058329
60: time = 0.181000 loss = 8.808299
Res.gain: 0.40413910159098343
Jackknife: only bio_7
Making features
makeFeatures: max memory 932184064, total allocated 85458944, free 20408416, used 65050528, increment 785840
Gustavia_santanderiensis_8 bio_7: 
Regularization values: linear/quadratic/product: 0.560, categorical: 0.250, threshold: 1.790, hinge: 0.500
21 samples
Density: max memory 932184064, total allocated 85458944, free 20408416, used 65050528, increment 0
linearPredictor: max memory 932184064, total allocated 85458944, free 20408416, used 65050528, increment 0
FeaturedSpace: max memory 932184064, total allocated 85458944, free 20408416, used 65050528, increment 0
Sequential: max memory 932184064, total allocated 85458944, free 20408416, used 65050528, increment 0
Initial loss: 9.212438170058329
20: time = 0.079000 loss = 9.212433
Res.gain: 4.680914853949503E-6
Jackknife: only bio_ai_et0
Making features
makeFeatures: max memory 932184064, total allocated 85458944, free 20408416, used 65050528, increment 0
Gustavia_santanderiensis_8 bio_ai_et0: 
Regularization values: linear/quadratic/product: 0.560, categorical: 0.250, threshold: 1.790, hinge: 0.500
21 samples
Density: max memory 932184064, total allocated 85458944, free 20408416, used 65050528, increment 0
linearPredictor: max memory 932184064, total allocated 85458944, free 20408416, used 65050528, increment 0
FeaturedSpace: max memory 932184064, total allocated 85458944, free 20408416, used 65050528, increment 0
Sequential: max memory 932184064, total allocated 85458944, free 20408416, used 65050528, increment 0
Initial loss: 9.212438170058329
Time since start: 231.602
60: time = 0.222000 loss = 9.179475
Res.gain: 0.032963117682951903
Jackknife: only bio_et0_yr
Making features
makeFeatures: max memory 932184064, total allocated 85458944, free 20408416, used 65050528, increment 0
Gustavia_santanderiensis_8 bio_et0_yr: 
Regularization values: linear/quadratic/product: 0.560, categorical: 0.250, threshold: 1.790, hinge: 0.500
21 samples
Density: max memory 932184064, total allocated 85458944, free 20408416, used 65050528, increment 0
linearPredictor: max memory 932184064, total allocated 85458944, free 20328232, used 65130712, increment 80184
FeaturedSpace: max memory 932184064, total allocated 85458944, free 20328232, used 65130712, increment 0
Sequential: max memory 932184064, total allocated 85458944, free 20328232, used 65130712, increment 0
Initial loss: 9.212438170058329
60: time = 0.184000 loss = 9.159051
Res.gain: 0.05338759058286868
getSamples: max memory 932184064, total allocated 88080384, free 52701344, used 35379040, increment -29751672
Making features
makeFeatures: max memory 932184064, total allocated 88080384, free 51498584, used 36581800, increment 1202760
Gustavia_santanderiensis_9: 
Regularization values: linear/quadratic/product: 0.560, categorical: 0.250, threshold: 1.790, hinge: 0.500
21 samples
Density: max memory 932184064, total allocated 88080384, free 51418400, used 36661984, increment 80184
linearPredictor: max memory 932184064, total allocated 88080384, free 51338216, used 36742168, increment 80184
FeaturedSpace: max memory 932184064, total allocated 88080384, free 51338216, used 36742168, increment 0
Sequential: max memory 932184064, total allocated 88080384, free 51338216, used 36742168, increment 0
Initial loss: 9.212438170058329
220: time = 0.341000 loss = 7.534892
Resulting gain: 1.6775459612982715
Projecting...
Time since start: 232.649
Writing file C:\Users\Camila\Desktop\Modelo opc3\Final_Models\M_3_F_l_Set_1\Gustavia_santanderiensis_9.asc
Time since start: 234.583
Writing C:\Users\Camila\Desktop\Modelo opc3\Final_Models\M_3_F_l_Set_1\plots\Gustavia_santanderiensis_9.png
Gustavia_santanderiensis_9 response curves
Time since start: 238.512
Response curve: only bio_1
Making features
makeFeatures: max memory 932184064, total allocated 102760448, free 65269464, used 37490984, increment 748816
Gustavia_santanderiensis_9 bio_1: 
Regularization values: linear/quadratic/product: 0.560, categorical: 0.250, threshold: 1.790, hinge: 0.500
21 samples
Density: max memory 932184064, total allocated 102760448, free 65269464, used 37490984, increment 0
linearPredictor: max memory 932184064, total allocated 102760448, free 65269464, used 37490984, increment 0
FeaturedSpace: max memory 932184064, total allocated 102760448, free 65269464, used 37490984, increment 0
Sequential: max memory 932184064, total allocated 102760448, free 65269464, used 37490984, increment 0
Initial loss: 9.212438170058329
60: time = 0.216000 loss = 8.855993
Resulting gain: 0.3564455807611875
Gustavia_santanderiensis_9 response curves
Response curve: only bio_10
Making features
makeFeatures: max memory 932184064, total allocated 102760448, free 61199968, used 41560480, increment 4069496
Gustavia_santanderiensis_9 bio_10: 
Regularization values: linear/quadratic/product: 0.560, categorical: 0.250, threshold: 1.790, hinge: 0.500
21 samples
Density: max memory 932184064, total allocated 102760448, free 61199968, used 41560480, increment 0
linearPredictor: max memory 932184064, total allocated 102760448, free 61199968, used 41560480, increment 0
FeaturedSpace: max memory 932184064, total allocated 102760448, free 61199968, used 41560480, increment 0
Sequential: max memory 932184064, total allocated 102760448, free 61199968, used 41560480, increment 0
Initial loss: 9.212438170058329
Time since start: 239.592
60: time = 0.726000 loss = 8.881806
Resulting gain: 0.33063234433321576
Gustavia_santanderiensis_9 response curves
Response curve: only bio_11
Making features
makeFeatures: max memory 932184064, total allocated 102760448, free 57248944, used 45511504, increment 3951024
Gustavia_santanderiensis_9 bio_11: 
Regularization values: linear/quadratic/product: 0.560, categorical: 0.250, threshold: 1.790, hinge: 0.500
21 samples
Density: max memory 932184064, total allocated 102760448, free 57248944, used 45511504, increment 0
linearPredictor: max memory 932184064, total allocated 102760448, free 57248944, used 45511504, increment 0
FeaturedSpace: max memory 932184064, total allocated 102760448, free 57248944, used 45511504, increment 0
Sequential: max memory 932184064, total allocated 102760448, free 57248944, used 45511504, increment 0
Initial loss: 9.212438170058329
60: time = 0.231000 loss = 8.876588
Resulting gain: 0.3358503552146619
Gustavia_santanderiensis_9 response curves
Response curve: only bio_12
Making features
makeFeatures: max memory 932184064, total allocated 102760448, free 52297648, used 50462800, increment 4951296
Gustavia_santanderiensis_9 bio_12: 
Regularization values: linear/quadratic/product: 0.560, categorical: 0.250, threshold: 1.790, hinge: 0.500
21 samples
Density: max memory 932184064, total allocated 102760448, free 52297648, used 50462800, increment 0
linearPredictor: max memory 932184064, total allocated 102760448, free 52297648, used 50462800, increment 0
FeaturedSpace: max memory 932184064, total allocated 102760448, free 52297648, used 50462800, increment 0
Sequential: max memory 932184064, total allocated 102760448, free 52297648, used 50462800, increment 0
Initial loss: 9.212438170058329
60: time = 0.230000 loss = 9.157048
Resulting gain: 0.055390169002377476
Gustavia_santanderiensis_9 response curves
Response curve: only bio_13
Making features
makeFeatures: max memory 932184064, total allocated 102760448, free 48228152, used 54532296, increment 4069496
Gustavia_santanderiensis_9 bio_13: 
Regularization values: linear/quadratic/product: 0.560, categorical: 0.250, threshold: 1.790, hinge: 0.500
21 samples
Density: max memory 932184064, total allocated 102760448, free 48228152, used 54532296, increment 0
linearPredictor: max memory 932184064, total allocated 102760448, free 48228152, used 54532296, increment 0
FeaturedSpace: max memory 932184064, total allocated 102760448, free 48228152, used 54532296, increment 0
Sequential: max memory 932184064, total allocated 102760448, free 48228152, used 54532296, increment 0
Initial loss: 9.212438170058329
Time since start: 241.276
60: time = 0.737000 loss = 9.209365
Resulting gain: 0.003073283261709747
Gustavia_santanderiensis_9 response curves
Response curve: only bio_14
Making features
makeFeatures: max memory 932184064, total allocated 102760448, free 44274712, used 58485736, increment 3953440
Gustavia_santanderiensis_9 bio_14: 
Regularization values: linear/quadratic/product: 0.560, categorical: 0.250, threshold: 1.790, hinge: 0.500
21 samples
Density: max memory 932184064, total allocated 102760448, free 44274712, used 58485736, increment 0
linearPredictor: max memory 932184064, total allocated 102760448, free 44274712, used 58485736, increment 0
FeaturedSpace: max memory 932184064, total allocated 102760448, free 44274712, used 58485736, increment 0
Sequential: max memory 932184064, total allocated 102760448, free 44274712, used 58485736, increment 0
Initial loss: 9.212438170058329
60: time = 0.196000 loss = 9.011126
Resulting gain: 0.20131199605325456
Gustavia_santanderiensis_9 response curves
Response curve: only bio_15
Making features
makeFeatures: max memory 932184064, total allocated 102760448, free 40243448, used 62517000, increment 4031264
Gustavia_santanderiensis_9 bio_15: 
Regularization values: linear/quadratic/product: 0.560, categorical: 0.250, threshold: 1.790, hinge: 0.500
21 samples
Density: max memory 932184064, total allocated 102760448, free 40163264, used 62597184, increment 80184
linearPredictor: max memory 932184064, total allocated 102760448, free 40083080, used 62677368, increment 80184
FeaturedSpace: max memory 932184064, total allocated 102760448, free 40083080, used 62677368, increment 0
Sequential: max memory 932184064, total allocated 102760448, free 40083080, used 62677368, increment 0
Initial loss: 9.212438170058329
60: time = 0.191000 loss = 9.041201
Resulting gain: 0.1712367687754277
Gustavia_santanderiensis_9 response curves
Response curve: only bio_16
Making features
makeFeatures: max memory 932184064, total allocated 96468992, free 80587800, used 15881192, increment -46796176
Gustavia_santanderiensis_9 bio_16: 
Regularization values: linear/quadratic/product: 0.560, categorical: 0.250, threshold: 1.790, hinge: 0.500
21 samples
Density: max memory 932184064, total allocated 96468992, free 80507616, used 15961376, increment 80184
linearPredictor: max memory 932184064, total allocated 96468992, free 80427432, used 16041560, increment 80184
FeaturedSpace: max memory 932184064, total allocated 96468992, free 80427432, used 16041560, increment 0
Sequential: max memory 932184064, total allocated 96468992, free 80427432, used 16041560, increment 0
Initial loss: 9.212438170058329
Time since start: 242.293
40: time = 0.126000 loss = 9.212243
Resulting gain: 1.9518891346415046E-4
Gustavia_santanderiensis_9 response curves
Response curve: only bio_17
Making features
makeFeatures: max memory 932184064, total allocated 96468992, free 75633480, used 20835512, increment 4793952
Gustavia_santanderiensis_9 bio_17: 
Regularization values: linear/quadratic/product: 0.560, categorical: 0.250, threshold: 1.790, hinge: 0.500
21 samples
Density: max memory 932184064, total allocated 96468992, free 75633480, used 20835512, increment 0
linearPredictor: max memory 932184064, total allocated 96468992, free 75633480, used 20835512, increment 0
FeaturedSpace: max memory 932184064, total allocated 96468992, free 75633480, used 20835512, increment 0
Sequential: max memory 932184064, total allocated 96468992, free 75633480, used 20835512, increment 0
Initial loss: 9.212438170058329
60: time = 0.203000 loss = 8.837391
Resulting gain: 0.3750472727496952
Gustavia_santanderiensis_9 response curves
Response curve: only bio_2
Making features
makeFeatures: max memory 932184064, total allocated 96468992, free 71795096, used 24673896, increment 3838384
Gustavia_santanderiensis_9 bio_2: 
Regularization values: linear/quadratic/product: 0.560, categorical: 0.250, threshold: 1.790, hinge: 0.500
21 samples
Density: max memory 932184064, total allocated 96468992, free 71795096, used 24673896, increment 0
linearPredictor: max memory 932184064, total allocated 96468992, free 71795096, used 24673896, increment 0
FeaturedSpace: max memory 932184064, total allocated 96468992, free 71795096, used 24673896, increment 0
Sequential: max memory 932184064, total allocated 96468992, free 71795096, used 24673896, increment 0
Initial loss: 9.212438170058329
60: time = 0.212000 loss = 9.142167
Resulting gain: 0.07027067756838434
Gustavia_santanderiensis_9 response curves
Response curve: only bio_3
Making features
makeFeatures: max memory 932184064, total allocated 96468992, free 67001176, used 29467816, increment 4793920
Gustavia_santanderiensis_9 bio_3: 
Regularization values: linear/quadratic/product: 0.560, categorical: 0.250, threshold: 1.790, hinge: 0.500
21 samples
Density: max memory 932184064, total allocated 96468992, free 67001176, used 29467816, increment 0
linearPredictor: max memory 932184064, total allocated 96468992, free 67001176, used 29467816, increment 0
FeaturedSpace: max memory 932184064, total allocated 96468992, free 67001176, used 29467816, increment 0
Sequential: max memory 932184064, total allocated 96468992, free 67001176, used 29467816, increment 0
Initial loss: 9.212438170058329
Time since start: 243.372
60: time = 0.186000 loss = 9.207146
Resulting gain: 0.005291863160795884
Gustavia_santanderiensis_9 response curves
Response curve: only bio_4
Making features
makeFeatures: max memory 932184064, total allocated 96468992, free 63162792, used 33306200, increment 3838384
Gustavia_santanderiensis_9 bio_4: 
Regularization values: linear/quadratic/product: 0.560, categorical: 0.250, threshold: 1.790, hinge: 0.500
21 samples
Density: max memory 932184064, total allocated 96468992, free 63162792, used 33306200, increment 0
linearPredictor: max memory 932184064, total allocated 96468992, free 63162792, used 33306200, increment 0
FeaturedSpace: max memory 932184064, total allocated 96468992, free 63162792, used 33306200, increment 0
Sequential: max memory 932184064, total allocated 96468992, free 63162792, used 33306200, increment 0
Initial loss: 9.212438170058329
20: time = 0.649000 loss = 9.212438
Resulting gain: 0.0
Gustavia_santanderiensis_9 response curves
Time since start: 244.434
Response curve: only bio_5
Making features
makeFeatures: max memory 932184064, total allocated 96468992, free 58368872, used 38100120, increment 4793920
Gustavia_santanderiensis_9 bio_5: 
Regularization values: linear/quadratic/product: 0.560, categorical: 0.250, threshold: 1.790, hinge: 0.500
21 samples
Density: max memory 932184064, total allocated 96468992, free 58368872, used 38100120, increment 0
linearPredictor: max memory 932184064, total allocated 96468992, free 58368872, used 38100120, increment 0
FeaturedSpace: max memory 932184064, total allocated 96468992, free 58368872, used 38100120, increment 0
Sequential: max memory 932184064, total allocated 96468992, free 58368872, used 38100120, increment 0
Initial loss: 9.212438170058329
60: time = 0.282000 loss = 8.868550
Resulting gain: 0.3438877168526382
Gustavia_santanderiensis_9 response curves
Response curve: only bio_6
Making features
makeFeatures: max memory 932184064, total allocated 96468992, free 54530488, used 41938504, increment 3838384
Gustavia_santanderiensis_9 bio_6: 
Regularization values: linear/quadratic/product: 0.560, categorical: 0.250, threshold: 1.790, hinge: 0.500
21 samples
Density: max memory 932184064, total allocated 96468992, free 54530488, used 41938504, increment 0
linearPredictor: max memory 932184064, total allocated 96468992, free 54530488, used 41938504, increment 0
FeaturedSpace: max memory 932184064, total allocated 96468992, free 54530488, used 41938504, increment 0
Sequential: max memory 932184064, total allocated 96468992, free 54530488, used 41938504, increment 0
Initial loss: 9.212438170058329
60: time = 0.291000 loss = 8.834048
Resulting gain: 0.378389771858215
Gustavia_santanderiensis_9 response curves
Time since start: 245.942
Response curve: only bio_7
Making features
makeFeatures: max memory 932184064, total allocated 96468992, free 49738960, used 46730032, increment 4791528
Gustavia_santanderiensis_9 bio_7: 
Regularization values: linear/quadratic/product: 0.560, categorical: 0.250, threshold: 1.790, hinge: 0.500
21 samples
Density: max memory 932184064, total allocated 96468992, free 49738960, used 46730032, increment 0
linearPredictor: max memory 932184064, total allocated 96468992, free 49738960, used 46730032, increment 0
FeaturedSpace: max memory 932184064, total allocated 96468992, free 49738960, used 46730032, increment 0
Sequential: max memory 932184064, total allocated 96468992, free 49738960, used 46730032, increment 0
Initial loss: 9.212438170058329
60: time = 0.241000 loss = 9.198813
Resulting gain: 0.013625439516598448
Gustavia_santanderiensis_9 response curves
Response curve: only bio_ai_et0
Making features
makeFeatures: max memory 932184064, total allocated 96468992, free 45900576, used 50568416, increment 3838384
Gustavia_santanderiensis_9 bio_ai_et0: 
Regularization values: linear/quadratic/product: 0.560, categorical: 0.250, threshold: 1.790, hinge: 0.500
21 samples
Density: max memory 932184064, total allocated 96468992, free 45900576, used 50568416, increment 0
linearPredictor: max memory 932184064, total allocated 96468992, free 45900576, used 50568416, increment 0
FeaturedSpace: max memory 932184064, total allocated 96468992, free 45900576, used 50568416, increment 0
Sequential: max memory 932184064, total allocated 96468992, free 45900576, used 50568416, increment 0
Initial loss: 9.212438170058329
60: time = 0.197000 loss = 9.198154
Resulting gain: 0.01428415363391089
Gustavia_santanderiensis_9 response curves
Response curve: only bio_et0_yr
Making features
makeFeatures: max memory 932184064, total allocated 96468992, free 41106680, used 55362312, increment 4793896
Gustavia_santanderiensis_9 bio_et0_yr: 
Regularization values: linear/quadratic/product: 0.560, categorical: 0.250, threshold: 1.790, hinge: 0.500
21 samples
Density: max memory 932184064, total allocated 96468992, free 41106680, used 55362312, increment 0
linearPredictor: max memory 932184064, total allocated 96468992, free 41106680, used 55362312, increment 0
FeaturedSpace: max memory 932184064, total allocated 96468992, free 41106680, used 55362312, increment 0
Sequential: max memory 932184064, total allocated 96468992, free 41106680, used 55362312, increment 0
Initial loss: 9.212438170058329
Time since start: 246.956
60: time = 0.200000 loss = 9.157868
Resulting gain: 0.05457040334232133
Gustavia_santanderiensis_9 response curves
Jackknife: leave bio_1 out
Making features
makeFeatures: max memory 932184064, total allocated 95944704, free 48691192, used 47253512, increment -8108800
Gustavia_santanderiensis_9 bio_1: 
Regularization values: linear/quadratic/product: 0.560, categorical: 0.250, threshold: 1.790, hinge: 0.500
21 samples
Density: max memory 932184064, total allocated 95944704, free 47791488, used 48153216, increment 899704
linearPredictor: max memory 932184064, total allocated 95944704, free 47791488, used 48153216, increment 0
FeaturedSpace: max memory 932184064, total allocated 95944704, free 47791488, used 48153216, increment 0
Sequential: max memory 932184064, total allocated 95944704, free 47791488, used 48153216, increment 0
Initial loss: 9.212438170058329
Time since start: 247.992
160: time = 0.284000 loss = 7.534891
Jackknife: leave bio_10 out
Making features
makeFeatures: max memory 932184064, total allocated 95944704, free 47069832, used 48874872, increment 721656
Gustavia_santanderiensis_9 bio_10: 
Regularization values: linear/quadratic/product: 0.560, categorical: 0.250, threshold: 1.790, hinge: 0.500
21 samples
Density: max memory 932184064, total allocated 95944704, free 46170128, used 49774576, increment 899704
linearPredictor: max memory 932184064, total allocated 95944704, free 46170128, used 49774576, increment 0
FeaturedSpace: max memory 932184064, total allocated 95944704, free 46170128, used 49774576, increment 0
Sequential: max memory 932184064, total allocated 95944704, free 46170128, used 49774576, increment 0
Initial loss: 9.212438170058329
240: time = 0.854000 loss = 7.534890
Jackknife: leave bio_11 out
Making features
makeFeatures: max memory 932184064, total allocated 95944704, free 45368288, used 50576416, increment 801840
Gustavia_santanderiensis_9 bio_11: 
Regularization values: linear/quadratic/product: 0.560, categorical: 0.250, threshold: 1.790, hinge: 0.500
21 samples
Density: max memory 932184064, total allocated 95944704, free 45288104, used 50656600, increment 80184
linearPredictor: max memory 932184064, total allocated 95944704, free 45207920, used 50736784, increment 80184
FeaturedSpace: max memory 932184064, total allocated 95944704, free 45207920, used 50736784, increment 0
Sequential: max memory 932184064, total allocated 95944704, free 45207920, used 50736784, increment 0
Initial loss: 9.212438170058329
Time since start: 249.295
240: time = 0.433000 loss = 7.534890
Jackknife: leave bio_12 out
Making features
makeFeatures: max memory 932184064, total allocated 95944704, free 43666624, used 52278080, increment 1541296
Gustavia_santanderiensis_9 bio_12: 
Regularization values: linear/quadratic/product: 0.560, categorical: 0.250, threshold: 1.790, hinge: 0.500
21 samples
Density: max memory 932184064, total allocated 95944704, free 43586440, used 52358264, increment 80184
linearPredictor: max memory 932184064, total allocated 95944704, free 43506256, used 52438448, increment 80184
FeaturedSpace: max memory 932184064, total allocated 95944704, free 43506256, used 52438448, increment 0
Sequential: max memory 932184064, total allocated 95944704, free 43506256, used 52438448, increment 0
Initial loss: 9.212438170058329
240: time = 0.439000 loss = 7.534890
Jackknife: leave bio_13 out
Making features
makeFeatures: max memory 932184064, total allocated 95944704, free 41626608, used 54318096, increment 1879648
Gustavia_santanderiensis_9 bio_13: 
Regularization values: linear/quadratic/product: 0.560, categorical: 0.250, threshold: 1.790, hinge: 0.500
21 samples
Density: max memory 932184064, total allocated 95944704, free 41626608, used 54318096, increment 0
linearPredictor: max memory 932184064, total allocated 95944704, free 41626608, used 54318096, increment 0
FeaturedSpace: max memory 932184064, total allocated 95944704, free 41626608, used 54318096, increment 0
Sequential: max memory 932184064, total allocated 95944704, free 41626608, used 54318096, increment 0
Initial loss: 9.212438170058329
240: time = 0.444000 loss = 7.534890
Jackknife: leave bio_14 out
Making features
makeFeatures: max memory 932184064, total allocated 95944704, free 40343664, used 55601040, increment 1282944
Gustavia_santanderiensis_9 bio_14: 
Regularization values: linear/quadratic/product: 0.560, categorical: 0.250, threshold: 1.790, hinge: 0.500
21 samples
Density: max memory 932184064, total allocated 95944704, free 40263480, used 55681224, increment 80184
linearPredictor: max memory 932184064, total allocated 95944704, free 39363776, used 56580928, increment 899704
FeaturedSpace: max memory 932184064, total allocated 95944704, free 39363776, used 56580928, increment 0
Sequential: max memory 932184064, total allocated 95944704, free 39363776, used 56580928, increment 0
Initial loss: 9.212438170058329
Time since start: 250.608
240: time = 0.392000 loss = 7.534890
Jackknife: leave bio_15 out
Making features
makeFeatures: max memory 932184064, total allocated 95944704, free 38642120, used 57302584, increment 721656
Gustavia_santanderiensis_9 bio_15: 
Regularization values: linear/quadratic/product: 0.560, categorical: 0.250, threshold: 1.790, hinge: 0.500
21 samples
Density: max memory 932184064, total allocated 95944704, free 38561936, used 57382768, increment 80184
linearPredictor: max memory 932184064, total allocated 95944704, free 38481752, used 57462952, increment 80184
FeaturedSpace: max memory 932184064, total allocated 95944704, free 38481752, used 57462952, increment 0
Sequential: max memory 932184064, total allocated 95944704, free 38481752, used 57462952, increment 0
Initial loss: 9.212438170058329
220: time = 0.372000 loss = 7.711600
Jackknife: leave bio_16 out
Making features
makeFeatures: max memory 932184064, total allocated 92798976, free 77513280, used 15285696, increment -42177256
Gustavia_santanderiensis_9 bio_16: 
Regularization values: linear/quadratic/product: 0.560, categorical: 0.250, threshold: 1.790, hinge: 0.500
21 samples
Density: max memory 932184064, total allocated 92798976, free 77513280, used 15285696, increment 0
linearPredictor: max memory 932184064, total allocated 92798976, free 77513280, used 15285696, increment 0
FeaturedSpace: max memory 932184064, total allocated 92798976, free 77513280, used 15285696, increment 0
Sequential: max memory 932184064, total allocated 92798976, free 77513280, used 15285696, increment 0
Initial loss: 9.212438170058329
220: time = 0.348000 loss = 7.536014
Jackknife: leave bio_17 out
Making features
makeFeatures: max memory 932184064, total allocated 92798976, free 76390704, used 16408272, increment 1122576
Gustavia_santanderiensis_9 bio_17: 
Regularization values: linear/quadratic/product: 0.560, categorical: 0.250, threshold: 1.790, hinge: 0.500
21 samples
Density: max memory 932184064, total allocated 92798976, free 75517656, used 17281320, increment 873048
linearPredictor: max memory 932184064, total allocated 92798976, free 75517656, used 17281320, increment 0
FeaturedSpace: max memory 932184064, total allocated 92798976, free 75517656, used 17281320, increment 0
Sequential: max memory 932184064, total allocated 92798976, free 75517656, used 17281320, increment 0
Initial loss: 9.212438170058329
Time since start: 251.664
180: time = 0.313000 loss = 7.559289
Jackknife: leave bio_2 out
Making features
makeFeatures: max memory 932184064, total allocated 92798976, free 74715816, used 18083160, increment 801840
Gustavia_santanderiensis_9 bio_2: 
Regularization values: linear/quadratic/product: 0.560, categorical: 0.250, threshold: 1.790, hinge: 0.500
21 samples
Density: max memory 932184064, total allocated 92798976, free 74635632, used 18163344, increment 80184
linearPredictor: max memory 932184064, total allocated 92798976, free 74555448, used 18243528, increment 80184
FeaturedSpace: max memory 932184064, total allocated 92798976, free 74555448, used 18243528, increment 0
Sequential: max memory 932184064, total allocated 92798976, free 74555448, used 18243528, increment 0
Initial loss: 9.212438170058329
220: time = 0.348000 loss = 7.534892
Jackknife: leave bio_3 out
Making features
makeFeatures: max memory 932184064, total allocated 92798976, free 73040880, used 19758096, increment 1514568
Gustavia_santanderiensis_9 bio_3: 
Regularization values: linear/quadratic/product: 0.560, categorical: 0.250, threshold: 1.790, hinge: 0.500
21 samples
Density: max memory 932184064, total allocated 92798976, free 72960696, used 19838280, increment 80184
linearPredictor: max memory 932184064, total allocated 92798976, free 72880512, used 19918464, increment 80184
FeaturedSpace: max memory 932184064, total allocated 92798976, free 72880512, used 19918464, increment 0
Sequential: max memory 932184064, total allocated 92798976, free 72880512, used 19918464, increment 0
Initial loss: 9.212438170058329
200: time = 0.312000 loss = 7.550560
Jackknife: leave bio_4 out
Making features
makeFeatures: max memory 932184064, total allocated 92798976, free 71446032, used 21352944, increment 1434480
Gustavia_santanderiensis_9 bio_4: 
Regularization values: linear/quadratic/product: 0.560, categorical: 0.250, threshold: 1.790, hinge: 0.500
21 samples
Density: max memory 932184064, total allocated 92798976, free 71365848, used 21433128, increment 80184
linearPredictor: max memory 932184064, total allocated 92798976, free 71285664, used 21513312, increment 80184
FeaturedSpace: max memory 932184064, total allocated 92798976, free 71285664, used 21513312, increment 0
Sequential: max memory 932184064, total allocated 92798976, free 71285664, used 21513312, increment 0
Initial loss: 9.212438170058329
Time since start: 252.681
220: time = 0.335000 loss = 7.536424
Jackknife: leave bio_5 out
Making features
makeFeatures: max memory 932184064, total allocated 92798976, free 69771064, used 23027912, increment 1514600
Gustavia_santanderiensis_9 bio_5: 
Regularization values: linear/quadratic/product: 0.560, categorical: 0.250, threshold: 1.790, hinge: 0.500
21 samples
Density: max memory 932184064, total allocated 92798976, free 69690880, used 23108096, increment 80184
linearPredictor: max memory 932184064, total allocated 92798976, free 69610696, used 23188280, increment 80184
FeaturedSpace: max memory 932184064, total allocated 92798976, free 69610696, used 23188280, increment 0
Sequential: max memory 932184064, total allocated 92798976, free 69610696, used 23188280, increment 0
Initial loss: 9.212438170058329
200: time = 0.318000 loss = 7.538838
Jackknife: leave bio_6 out
Making features
makeFeatures: max memory 932184064, total allocated 92798976, free 67784368, used 25014608, increment 1826328
Gustavia_santanderiensis_9 bio_6: 
Regularization values: linear/quadratic/product: 0.560, categorical: 0.250, threshold: 1.790, hinge: 0.500
21 samples
Density: max memory 932184064, total allocated 92798976, free 67784368, used 25014608, increment 0
linearPredictor: max memory 932184064, total allocated 92798976, free 67784368, used 25014608, increment 0
FeaturedSpace: max memory 932184064, total allocated 92798976, free 67784368, used 25014608, increment 0
Sequential: max memory 932184064, total allocated 92798976, free 67784368, used 25014608, increment 0
Initial loss: 9.212438170058329
120: time = 0.234000 loss = 7.549682
Jackknife: leave bio_7 out
Making features
makeFeatures: max memory 932184064, total allocated 92798976, free 66581608, used 26217368, increment 1202760
Gustavia_santanderiensis_9 bio_7: 
Regularization values: linear/quadratic/product: 0.560, categorical: 0.250, threshold: 1.790, hinge: 0.500
21 samples
Density: max memory 932184064, total allocated 92798976, free 65708560, used 27090416, increment 873048
linearPredictor: max memory 932184064, total allocated 92798976, free 65708560, used 27090416, increment 0
FeaturedSpace: max memory 932184064, total allocated 92798976, free 65708560, used 27090416, increment 0
Sequential: max memory 932184064, total allocated 92798976, free 65708560, used 27090416, increment 0
Initial loss: 9.212438170058329
220: time = 0.344000 loss = 7.534892
Jackknife: leave bio_ai_et0 out
Making features
makeFeatures: max memory 932184064, total allocated 92798976, free 64906720, used 27892256, increment 801840
Gustavia_santanderiensis_9 bio_ai_et0: 
Regularization values: linear/quadratic/product: 0.560, categorical: 0.250, threshold: 1.790, hinge: 0.500
21 samples
Density: max memory 932184064, total allocated 92798976, free 64826536, used 27972440, increment 80184
linearPredictor: max memory 932184064, total allocated 92798976, free 64746352, used 28052624, increment 80184
FeaturedSpace: max memory 932184064, total allocated 92798976, free 64746352, used 28052624, increment 0
Sequential: max memory 932184064, total allocated 92798976, free 64746352, used 28052624, increment 0
Initial loss: 9.212438170058329
Time since start: 253.952
220: time = 0.348000 loss = 7.534892
Jackknife: leave bio_et0_yr out
Making features
makeFeatures: max memory 932184064, total allocated 92798976, free 63231784, used 29567192, increment 1514568
Gustavia_santanderiensis_9 bio_et0_yr: 
Regularization values: linear/quadratic/product: 0.560, categorical: 0.250, threshold: 1.790, hinge: 0.500
21 samples
Density: max memory 932184064, total allocated 92798976, free 63151600, used 29647376, increment 80184
linearPredictor: max memory 932184064, total allocated 92798976, free 63071416, used 29727560, increment 80184
FeaturedSpace: max memory 932184064, total allocated 92798976, free 63071416, used 29727560, increment 0
Sequential: max memory 932184064, total allocated 92798976, free 63071416, used 29727560, increment 0
Initial loss: 9.212438170058329
220: time = 0.343000 loss = 7.534892
Jackknife: only bio_1
Making features
makeFeatures: max memory 932184064, total allocated 92798976, free 62198320, used 30600656, increment 873096
Gustavia_santanderiensis_9 bio_1: 
Regularization values: linear/quadratic/product: 0.560, categorical: 0.250, threshold: 1.790, hinge: 0.500
21 samples
Density: max memory 932184064, total allocated 92798976, free 62198320, used 30600656, increment 0
linearPredictor: max memory 932184064, total allocated 92798976, free 62198320, used 30600656, increment 0
FeaturedSpace: max memory 932184064, total allocated 92798976, free 62198320, used 30600656, increment 0
Sequential: max memory 932184064, total allocated 92798976, free 62198320, used 30600656, increment 0
Initial loss: 9.212438170058329
60: time = 0.217000 loss = 8.855993
Res.gain: 0.3564455807611875
Jackknife: only bio_10
Making features
makeFeatures: max memory 932184064, total allocated 92798976, free 62198320, used 30600656, increment 0
Gustavia_santanderiensis_9 bio_10: 
Regularization values: linear/quadratic/product: 0.560, categorical: 0.250, threshold: 1.790, hinge: 0.500
21 samples
Density: max memory 932184064, total allocated 92798976, free 62198320, used 30600656, increment 0
linearPredictor: max memory 932184064, total allocated 92798976, free 62198320, used 30600656, increment 0
FeaturedSpace: max memory 932184064, total allocated 92798976, free 62198320, used 30600656, increment 0
Sequential: max memory 932184064, total allocated 92798976, free 62198320, used 30600656, increment 0
Initial loss: 9.212438170058329
60: time = 0.235000 loss = 8.881806
Res.gain: 0.33063234433321576
Jackknife: only bio_11
Making features
makeFeatures: max memory 932184064, total allocated 92798976, free 62198320, used 30600656, increment 0
Gustavia_santanderiensis_9 bio_11: 
Regularization values: linear/quadratic/product: 0.560, categorical: 0.250, threshold: 1.790, hinge: 0.500
21 samples
Density: max memory 932184064, total allocated 92798976, free 62118136, used 30680840, increment 80184
linearPredictor: max memory 932184064, total allocated 92798976, free 62037952, used 30761024, increment 80184
FeaturedSpace: max memory 932184064, total allocated 92798976, free 62037952, used 30761024, increment 0
Sequential: max memory 932184064, total allocated 92798976, free 62037952, used 30761024, increment 0
Initial loss: 9.212438170058329
Time since start: 254.986
60: time = 0.223000 loss = 8.876588
Res.gain: 0.3358503552146619
Jackknife: only bio_12
Making features
makeFeatures: max memory 932184064, total allocated 92798976, free 61164848, used 31634128, increment 873104
Gustavia_santanderiensis_9 bio_12: 
Regularization values: linear/quadratic/product: 0.560, categorical: 0.250, threshold: 1.790, hinge: 0.500
21 samples
Density: max memory 932184064, total allocated 92798976, free 61164848, used 31634128, increment 0
linearPredictor: max memory 932184064, total allocated 92798976, free 61164848, used 31634128, increment 0
FeaturedSpace: max memory 932184064, total allocated 92798976, free 61164848, used 31634128, increment 0
Sequential: max memory 932184064, total allocated 92798976, free 61164848, used 31634128, increment 0
Initial loss: 9.212438170058329
60: time = 0.220000 loss = 9.157048
Res.gain: 0.055390169002377476
Jackknife: only bio_13
Making features
makeFeatures: max memory 932184064, total allocated 92798976, free 61164848, used 31634128, increment 0
Gustavia_santanderiensis_9 bio_13: 
Regularization values: linear/quadratic/product: 0.560, categorical: 0.250, threshold: 1.790, hinge: 0.500
21 samples
Density: max memory 932184064, total allocated 92798976, free 61164848, used 31634128, increment 0
linearPredictor: max memory 932184064, total allocated 92798976, free 61164848, used 31634128, increment 0
FeaturedSpace: max memory 932184064, total allocated 92798976, free 61164848, used 31634128, increment 0
Sequential: max memory 932184064, total allocated 92798976, free 61164848, used 31634128, increment 0
Initial loss: 9.212438170058329
60: time = 0.193000 loss = 9.209365
Res.gain: 0.003073283261709747
Jackknife: only bio_14
Making features
makeFeatures: max memory 932184064, total allocated 92798976, free 61164848, used 31634128, increment 0
Gustavia_santanderiensis_9 bio_14: 
Regularization values: linear/quadratic/product: 0.560, categorical: 0.250, threshold: 1.790, hinge: 0.500
21 samples
Density: max memory 932184064, total allocated 92798976, free 61164848, used 31634128, increment 0
linearPredictor: max memory 932184064, total allocated 92798976, free 61164848, used 31634128, increment 0
FeaturedSpace: max memory 932184064, total allocated 92798976, free 61164848, used 31634128, increment 0
Sequential: max memory 932184064, total allocated 92798976, free 61164848, used 31634128, increment 0
Initial loss: 9.212438170058329
60: time = 0.185000 loss = 9.011126
Res.gain: 0.20131199605325456
Jackknife: only bio_15
Making features
makeFeatures: max memory 932184064, total allocated 92798976, free 60291680, used 32507296, increment 873168
Gustavia_santanderiensis_9 bio_15: 
Regularization values: linear/quadratic/product: 0.560, categorical: 0.250, threshold: 1.790, hinge: 0.500
21 samples
Density: max memory 932184064, total allocated 92798976, free 60291680, used 32507296, increment 0
linearPredictor: max memory 932184064, total allocated 92798976, free 60291680, used 32507296, increment 0
FeaturedSpace: max memory 932184064, total allocated 92798976, free 60291680, used 32507296, increment 0
Sequential: max memory 932184064, total allocated 92798976, free 60291680, used 32507296, increment 0
Initial loss: 9.212438170058329
60: time = 0.179000 loss = 9.041201
Res.gain: 0.1712367687754277
Jackknife: only bio_16
Making features
makeFeatures: max memory 932184064, total allocated 92798976, free 60291680, used 32507296, increment 0
Gustavia_santanderiensis_9 bio_16: 
Regularization values: linear/quadratic/product: 0.560, categorical: 0.250, threshold: 1.790, hinge: 0.500
21 samples
Density: max memory 932184064, total allocated 92798976, free 60291680, used 32507296, increment 0
linearPredictor: max memory 932184064, total allocated 92798976, free 60291680, used 32507296, increment 0
FeaturedSpace: max memory 932184064, total allocated 92798976, free 60291680, used 32507296, increment 0
Sequential: max memory 932184064, total allocated 92798976, free 60291680, used 32507296, increment 0
Initial loss: 9.212438170058329
40: time = 0.120000 loss = 9.212243
Res.gain: 1.9518891346415046E-4
Jackknife: only bio_17
Making features
makeFeatures: max memory 932184064, total allocated 92798976, free 60291680, used 32507296, increment 0
Gustavia_santanderiensis_9 bio_17: 
Regularization values: linear/quadratic/product: 0.560, categorical: 0.250, threshold: 1.790, hinge: 0.500
21 samples
Density: max memory 932184064, total allocated 92798976, free 60291680, used 32507296, increment 0
linearPredictor: max memory 932184064, total allocated 92798976, free 60291680, used 32507296, increment 0
FeaturedSpace: max memory 932184064, total allocated 92798976, free 60291680, used 32507296, increment 0
Sequential: max memory 932184064, total allocated 92798976, free 60291680, used 32507296, increment 0
Initial loss: 9.212438170058329
Time since start: 256.09
60: time = 0.192000 loss = 8.837391
Res.gain: 0.3750472727496952
Jackknife: only bio_2
Making features
makeFeatures: max memory 932184064, total allocated 92798976, free 59418600, used 33380376, increment 873080
Gustavia_santanderiensis_9 bio_2: 
Regularization values: linear/quadratic/product: 0.560, categorical: 0.250, threshold: 1.790, hinge: 0.500
21 samples
Density: max memory 932184064, total allocated 92798976, free 59418600, used 33380376, increment 0
linearPredictor: max memory 932184064, total allocated 92798976, free 59418600, used 33380376, increment 0
FeaturedSpace: max memory 932184064, total allocated 92798976, free 59418600, used 33380376, increment 0
Sequential: max memory 932184064, total allocated 92798976, free 59418600, used 33380376, increment 0
Initial loss: 9.212438170058329
60: time = 0.216000 loss = 9.142167
Res.gain: 0.07027067756838434
Jackknife: only bio_3
Making features
makeFeatures: max memory 932184064, total allocated 92798976, free 59418600, used 33380376, increment 0
Gustavia_santanderiensis_9 bio_3: 
Regularization values: linear/quadratic/product: 0.560, categorical: 0.250, threshold: 1.790, hinge: 0.500
21 samples
Density: max memory 932184064, total allocated 92798976, free 59418600, used 33380376, increment 0
linearPredictor: max memory 932184064, total allocated 92798976, free 59418600, used 33380376, increment 0
FeaturedSpace: max memory 932184064, total allocated 92798976, free 59418600, used 33380376, increment 0
Sequential: max memory 932184064, total allocated 92798976, free 59418600, used 33380376, increment 0
Initial loss: 9.212438170058329
60: time = 0.190000 loss = 9.207146
Res.gain: 0.005291863160795884
Jackknife: only bio_4
Making features
makeFeatures: max memory 932184064, total allocated 92798976, free 59418600, used 33380376, increment 0
Gustavia_santanderiensis_9 bio_4: 
Regularization values: linear/quadratic/product: 0.560, categorical: 0.250, threshold: 1.790, hinge: 0.500
21 samples
Density: max memory 932184064, total allocated 92798976, free 59418600, used 33380376, increment 0
linearPredictor: max memory 932184064, total allocated 92798976, free 59418600, used 33380376, increment 0
FeaturedSpace: max memory 932184064, total allocated 92798976, free 59418600, used 33380376, increment 0
Sequential: max memory 932184064, total allocated 92798976, free 59418600, used 33380376, increment 0
Initial loss: 9.212438170058329
20: time = 0.099000 loss = 9.212438
Res.gain: 0.0
Jackknife: only bio_5
Making features
makeFeatures: max memory 932184064, total allocated 92798976, free 58545432, used 34253544, increment 873168
Gustavia_santanderiensis_9 bio_5: 
Regularization values: linear/quadratic/product: 0.560, categorical: 0.250, threshold: 1.790, hinge: 0.500
21 samples
Density: max memory 932184064, total allocated 92798976, free 58545432, used 34253544, increment 0
linearPredictor: max memory 932184064, total allocated 92798976, free 58545432, used 34253544, increment 0
FeaturedSpace: max memory 932184064, total allocated 92798976, free 58545432, used 34253544, increment 0
Sequential: max memory 932184064, total allocated 92798976, free 58545432, used 34253544, increment 0
Initial loss: 9.212438170058329
60: time = 0.200000 loss = 8.868550
Res.gain: 0.3438877168526382
Jackknife: only bio_6
Making features
makeFeatures: max memory 932184064, total allocated 92798976, free 58545432, used 34253544, increment 0
Gustavia_santanderiensis_9 bio_6: 
Regularization values: linear/quadratic/product: 0.560, categorical: 0.250, threshold: 1.790, hinge: 0.500
21 samples
Density: max memory 932184064, total allocated 92798976, free 58545432, used 34253544, increment 0
linearPredictor: max memory 932184064, total allocated 92798976, free 58545432, used 34253544, increment 0
FeaturedSpace: max memory 932184064, total allocated 92798976, free 58545432, used 34253544, increment 0
Sequential: max memory 932184064, total allocated 92798976, free 58545432, used 34253544, increment 0
Initial loss: 9.212438170058329
60: time = 0.189000 loss = 8.834048
Res.gain: 0.378389771858215
Jackknife: only bio_7
Making features
makeFeatures: max memory 932184064, total allocated 92798976, free 58545432, used 34253544, increment 0
Gustavia_santanderiensis_9 bio_7: 
Regularization values: linear/quadratic/product: 0.560, categorical: 0.250, threshold: 1.790, hinge: 0.500
21 samples
Density: max memory 932184064, total allocated 92798976, free 58545432, used 34253544, increment 0
linearPredictor: max memory 932184064, total allocated 92798976, free 58545432, used 34253544, increment 0
FeaturedSpace: max memory 932184064, total allocated 92798976, free 58545432, used 34253544, increment 0
Sequential: max memory 932184064, total allocated 92798976, free 58545432, used 34253544, increment 0
Initial loss: 9.212438170058329
Time since start: 257.213
60: time = 0.213000 loss = 9.198813
Res.gain: 0.013625439516598448
Jackknife: only bio_ai_et0
Making features
makeFeatures: max memory 932184064, total allocated 92798976, free 57672336, used 35126640, increment 873096
Gustavia_santanderiensis_9 bio_ai_et0: 
Regularization values: linear/quadratic/product: 0.560, categorical: 0.250, threshold: 1.790, hinge: 0.500
21 samples
Density: max memory 932184064, total allocated 92798976, free 57672336, used 35126640, increment 0
linearPredictor: max memory 932184064, total allocated 92798976, free 57672336, used 35126640, increment 0
FeaturedSpace: max memory 932184064, total allocated 92798976, free 57672336, used 35126640, increment 0
Sequential: max memory 932184064, total allocated 92798976, free 57672336, used 35126640, increment 0
Initial loss: 9.212438170058329
60: time = 0.187000 loss = 9.198154
Res.gain: 0.01428415363391089
Jackknife: only bio_et0_yr
Making features
makeFeatures: max memory 932184064, total allocated 92798976, free 57672336, used 35126640, increment 0
Gustavia_santanderiensis_9 bio_et0_yr: 
Regularization values: linear/quadratic/product: 0.560, categorical: 0.250, threshold: 1.790, hinge: 0.500
21 samples
Density: max memory 932184064, total allocated 92798976, free 57672336, used 35126640, increment 0
linearPredictor: max memory 932184064, total allocated 92798976, free 57672336, used 35126640, increment 0
FeaturedSpace: max memory 932184064, total allocated 92798976, free 57672336, used 35126640, increment 0
Sequential: max memory 932184064, total allocated 92798976, free 57672336, used 35126640, increment 0
Initial loss: 9.212438170058329
60: time = 0.192000 loss = 9.157868
Res.gain: 0.05457040334232133
Time since start: 258.321
Creating average grid, stddev grid etc.
Writing file C:\Users\Camila\Desktop\Modelo opc3\Final_Models\M_3_F_l_Set_1\Gustavia_santanderiensis_avg.asc
Writing file C:\Users\Camila\Desktop\Modelo opc3\Final_Models\M_3_F_l_Set_1\Gustavia_santanderiensis_stddev.asc
Writing file C:\Users\Camila\Desktop\Modelo opc3\Final_Models\M_3_F_l_Set_1\Gustavia_santanderiensis_min.asc
Writing file C:\Users\Camila\Desktop\Modelo opc3\Final_Models\M_3_F_l_Set_1\Gustavia_santanderiensis_max.asc
Writing file C:\Users\Camila\Desktop\Modelo opc3\Final_Models\M_3_F_l_Set_1\Gustavia_santanderiensis_median.asc
Time since start: 266.032
Writing C:\Users\Camila\Desktop\Modelo opc3\Final_Models\M_3_F_l_Set_1\plots\Gustavia_santanderiensis_avg.png
Writing C:\Users\Camila\Desktop\Modelo opc3\Final_Models\M_3_F_l_Set_1\plots\Gustavia_santanderiensis_stddev.png
Writing C:\Users\Camila\Desktop\Modelo opc3\Final_Models\M_3_F_l_Set_1\plots\Gustavia_santanderiensis_min.png
Time since start: 267.653
Writing C:\Users\Camila\Desktop\Modelo opc3\Final_Models\M_3_F_l_Set_1\plots\Gustavia_santanderiensis_max.png
Writing C:\Users\Camila\Desktop\Modelo opc3\Final_Models\M_3_F_l_Set_1\plots\Gustavia_santanderiensis_median.png
Gustavia_santanderiensis average response curves
Time since start: 278.798
Ending
