Fri Apr 18 11:53:56 COT 2025
MaxEnt version 3.4.4
Checking header of C:\Users\Camila\Desktop\Modelo opc3\M_variables\Set_1\bio_1.asc
Checking header of C:\Users\Camila\Desktop\Modelo opc3\M_variables\Set_1\bio_10.asc
Checking header of C:\Users\Camila\Desktop\Modelo opc3\M_variables\Set_1\bio_11.asc
Checking header of C:\Users\Camila\Desktop\Modelo opc3\M_variables\Set_1\bio_12.asc
Checking header of C:\Users\Camila\Desktop\Modelo opc3\M_variables\Set_1\bio_13.asc
Checking header of C:\Users\Camila\Desktop\Modelo opc3\M_variables\Set_1\bio_14.asc
Checking header of C:\Users\Camila\Desktop\Modelo opc3\M_variables\Set_1\bio_15.asc
Checking header of C:\Users\Camila\Desktop\Modelo opc3\M_variables\Set_1\bio_16.asc
Checking header of C:\Users\Camila\Desktop\Modelo opc3\M_variables\Set_1\bio_17.asc
Checking header of C:\Users\Camila\Desktop\Modelo opc3\M_variables\Set_1\bio_2.asc
Checking header of C:\Users\Camila\Desktop\Modelo opc3\M_variables\Set_1\bio_3.asc
Checking header of C:\Users\Camila\Desktop\Modelo opc3\M_variables\Set_1\bio_4.asc
Checking header of C:\Users\Camila\Desktop\Modelo opc3\M_variables\Set_1\bio_5.asc
Checking header of C:\Users\Camila\Desktop\Modelo opc3\M_variables\Set_1\bio_6.asc
Checking header of C:\Users\Camila\Desktop\Modelo opc3\M_variables\Set_1\bio_7.asc
Checking header of C:\Users\Camila\Desktop\Modelo opc3\M_variables\Set_1\bio_ai_et0.asc
Checking header of C:\Users\Camila\Desktop\Modelo opc3\M_variables\Set_1\bio_et0_yr.asc
Reading samples from gustavia_joint.csv
Read samples: max memory 932184064, total allocated 96468992, free 79741664, used 16727328, increment 16727328
Extractor: max memory 932184064, total allocated 96468992, free 78718624, used 17750368, increment 1023040
Extracting random background and sample data
Time since start: 1.379
236229 points with values for all grids
Adding samples to background in feature space
Command line used:  environmentallayers=C:\Users\Camila\Desktop\Modelo opc3\M_variables\Set_1 samplesfile=C:\Users\Camila\Desktop\Modelo opc3\gustavia_joint.csv outputdirectory=C:\Users\Camila\Desktop\Modelo opc3\Final_Models\M_4_F_q_Set_1 betamultiplier=4 autofeature=false linear=false quadratic=true product=false threshold=false hinge=false replicates=10 replicatetype=Bootstrap jackknife=true outputformat=cloglog extrapolate=false doclamp=false writeclampgrid=false writemess=false responsecurves=true warnings=false visible=false redoifexists autorun
Command line to repeat: java density.MaxEnt nowarnings noprefixes responsecurves jackknife "outputdirectory=C:\Users\Camila\Desktop\Modelo opc3\Final_Models\M_4_F_q_Set_1" "samplesfile=C:\Users\Camila\Desktop\Modelo opc3\gustavia_joint.csv" "environmentallayers=C:\Users\Camila\Desktop\Modelo opc3\M_variables\Set_1" randomseed nowarnings noaskoverwrite nowriteclampgrid nowritemess betamultiplier=4.0 replicates=10 replicatetype=bootstrap nolinear noproduct nohinge autorun noextrapolate novisible noautofeature nodoclamp
Species: Gustavia_santanderiensis_0 Gustavia_santanderiensis_1 Gustavia_santanderiensis_2 Gustavia_santanderiensis_3 Gustavia_santanderiensis_4 Gustavia_santanderiensis_5 Gustavia_santanderiensis_6 Gustavia_santanderiensis_7 Gustavia_santanderiensis_8 Gustavia_santanderiensis_9
Layers: bio_1 bio_10 bio_11 bio_12 bio_13 bio_14 bio_15 bio_16 bio_17 bio_2 bio_3 bio_4 bio_5 bio_6 bio_7 bio_ai_et0 bio_et0_yr
Layertypes: Continuous Continuous Continuous Continuous Continuous Continuous Continuous Continuous Continuous Continuous Continuous Continuous Continuous Continuous Continuous Continuous Continuous
responsecurves: true
jackknife: true
outputdirectory: C:\Users\Camila\Desktop\Modelo opc3\Final_Models\M_4_F_q_Set_1
samplesfile: C:\Users\Camila\Desktop\Modelo opc3\gustavia_joint.csv
environmentallayers: C:\Users\Camila\Desktop\Modelo opc3\M_variables\Set_1
randomseed: true
warnings: false
askoverwrite: false
writeclampgrid: false
writemess: false
betamultiplier: 4.0
replicates: 10
replicatetype: bootstrap
linear: false
product: false
hinge: false
autorun: true
extrapolate: false
visible: false
autofeature: false
doclamp: false

getSamples: max memory 932184064, total allocated 96468992, free 89423440, used 7045552, increment -10704816
Making features
makeFeatures: max memory 932184064, total allocated 96468992, free 86697184, used 9771808, increment 2726256
Gustavia_santanderiensis_0: 
Regularization values: linear/quadratic/product: 0.423, categorical: 0.250, threshold: 1.790, hinge: 0.500
21 samples
Density: max memory 932184064, total allocated 96468992, free 86161960, used 10307032, increment 535224
linearPredictor: max memory 932184064, total allocated 96468992, free 86161960, used 10307032, increment 0
FeaturedSpace: max memory 932184064, total allocated 96468992, free 86161960, used 10307032, increment 0
Sequential: max memory 932184064, total allocated 96468992, free 86161960, used 10307032, increment 0
Initial loss: 9.212438170058329
140: time = 0.385000 loss = 7.893426
Resulting gain: 1.3190118274546547
Time since start: 9.532
Projecting...
Writing file C:\Users\Camila\Desktop\Modelo opc3\Final_Models\M_4_F_q_Set_1\Gustavia_santanderiensis_0.asc
Time since start: 12.132
Writing C:\Users\Camila\Desktop\Modelo opc3\Final_Models\M_4_F_q_Set_1\plots\Gustavia_santanderiensis_0.png
Gustavia_santanderiensis_0 response curves
Time since start: 16.959
Response curve: only bio_1
Making features
makeFeatures: max memory 932184064, total allocated 155713536, free 76843184, used 78870352, increment 68563320
Gustavia_santanderiensis_0 bio_1: 
Regularization values: linear/quadratic/product: 0.423, categorical: 0.250, threshold: 1.790, hinge: 0.500
21 samples
Density: max memory 932184064, total allocated 155713536, free 76843184, used 78870352, increment 0
linearPredictor: max memory 932184064, total allocated 155713536, free 76843184, used 78870352, increment 0
FeaturedSpace: max memory 932184064, total allocated 155713536, free 76843184, used 78870352, increment 0
Sequential: max memory 932184064, total allocated 155713536, free 76843184, used 78870352, increment 0
Initial loss: 9.212438170058329
60: time = 0.258000 loss = 8.925316
Resulting gain: 0.28712226902196747
Gustavia_santanderiensis_0 response curves
Response curve: only bio_10
Making features
makeFeatures: max memory 932184064, total allocated 155713536, free 71284984, used 84428552, increment 5558200
Gustavia_santanderiensis_0 bio_10: 
Regularization values: linear/quadratic/product: 0.423, categorical: 0.250, threshold: 1.790, hinge: 0.500
21 samples
Density: max memory 932184064, total allocated 155713536, free 71284984, used 84428552, increment 0
linearPredictor: max memory 932184064, total allocated 155713536, free 71284984, used 84428552, increment 0
FeaturedSpace: max memory 932184064, total allocated 155713536, free 71284984, used 84428552, increment 0
Sequential: max memory 932184064, total allocated 155713536, free 71284984, used 84428552, increment 0
Initial loss: 9.212438170058329
60: time = 0.251000 loss = 8.955927
Resulting gain: 0.25651072632679295
Gustavia_santanderiensis_0 response curves
Response curve: only bio_11
Making features
makeFeatures: max memory 932184064, total allocated 155713536, free 67436896, used 88276640, increment 3848088
Gustavia_santanderiensis_0 bio_11: 
Regularization values: linear/quadratic/product: 0.423, categorical: 0.250, threshold: 1.790, hinge: 0.500
21 samples
Density: max memory 932184064, total allocated 156237824, free 144758200, used 11479624, increment -76797016
linearPredictor: max memory 932184064, total allocated 156237824, free 143252496, used 12985328, increment 1505704
FeaturedSpace: max memory 932184064, total allocated 156237824, free 143252496, used 12985328, increment 0
Sequential: max memory 932184064, total allocated 156237824, free 143252496, used 12985328, increment 0
Initial loss: 9.212438170058329
Time since start: 18.665
60: time = 0.766000 loss = 8.941075
Resulting gain: 0.2713635421065117
Gustavia_santanderiensis_0 response curves
Response curve: only bio_12
Making features
makeFeatures: max memory 932184064, total allocated 156237824, free 140238792, used 15999032, increment 3013704
Gustavia_santanderiensis_0 bio_12: 
Regularization values: linear/quadratic/product: 0.423, categorical: 0.250, threshold: 1.790, hinge: 0.500
21 samples
Density: max memory 932184064, total allocated 156237824, free 140238792, used 15999032, increment 0
linearPredictor: max memory 932184064, total allocated 156237824, free 140158608, used 16079216, increment 80184
FeaturedSpace: max memory 932184064, total allocated 156237824, free 140158608, used 16079216, increment 0
Sequential: max memory 932184064, total allocated 156237824, free 140158608, used 16079216, increment 0
Initial loss: 9.212438170058329
60: time = 0.220000 loss = 9.177323
Resulting gain: 0.0351154768327433
Gustavia_santanderiensis_0 response curves
Response curve: only bio_13
Making features
makeFeatures: max memory 932184064, total allocated 156237824, free 135639184, used 20598640, increment 4519424
Gustavia_santanderiensis_0 bio_13: 
Regularization values: linear/quadratic/product: 0.423, categorical: 0.250, threshold: 1.790, hinge: 0.500
21 samples
Density: max memory 932184064, total allocated 156237824, free 135639184, used 20598640, increment 0
linearPredictor: max memory 932184064, total allocated 156237824, free 135639184, used 20598640, increment 0
FeaturedSpace: max memory 932184064, total allocated 156237824, free 135639184, used 20598640, increment 0
Sequential: max memory 932184064, total allocated 156237824, free 135639184, used 20598640, increment 0
Initial loss: 9.212438170058329
20: time = 0.103000 loss = 9.212438
Resulting gain: 0.0
Gustavia_santanderiensis_0 response curves
Response curve: only bio_14
Making features
makeFeatures: max memory 932184064, total allocated 156237824, free 131117400, used 25120424, increment 4521784
Gustavia_santanderiensis_0 bio_14: 
Regularization values: linear/quadratic/product: 0.423, categorical: 0.250, threshold: 1.790, hinge: 0.500
21 samples
Density: max memory 932184064, total allocated 156237824, free 131117400, used 25120424, increment 0
linearPredictor: max memory 932184064, total allocated 156237824, free 131117400, used 25120424, increment 0
FeaturedSpace: max memory 932184064, total allocated 156237824, free 131117400, used 25120424, increment 0
Sequential: max memory 932184064, total allocated 156237824, free 131117400, used 25120424, increment 0
Initial loss: 9.212438170058329
Time since start: 19.744
60: time = 0.200000 loss = 9.136462
Resulting gain: 0.07597582139084302
Gustavia_santanderiensis_0 response curves
Response curve: only bio_15
Making features
makeFeatures: max memory 932184064, total allocated 156237824, free 126595512, used 29642312, increment 4521888
Gustavia_santanderiensis_0 bio_15: 
Regularization values: linear/quadratic/product: 0.423, categorical: 0.250, threshold: 1.790, hinge: 0.500
21 samples
Density: max memory 932184064, total allocated 156237824, free 126595512, used 29642312, increment 0
linearPredictor: max memory 932184064, total allocated 156237824, free 126595512, used 29642312, increment 0
FeaturedSpace: max memory 932184064, total allocated 156237824, free 126595512, used 29642312, increment 0
Sequential: max memory 932184064, total allocated 156237824, free 126595512, used 29642312, increment 0
Initial loss: 9.212438170058329
60: time = 0.205000 loss = 9.025679
Resulting gain: 0.18675880579487547
Gustavia_santanderiensis_0 response curves
Response curve: only bio_16
Making features
makeFeatures: max memory 932184064, total allocated 156237824, free 122073712, used 34164112, increment 4521800
Gustavia_santanderiensis_0 bio_16: 
Regularization values: linear/quadratic/product: 0.423, categorical: 0.250, threshold: 1.790, hinge: 0.500
21 samples
Density: max memory 932184064, total allocated 156237824, free 122073712, used 34164112, increment 0
linearPredictor: max memory 932184064, total allocated 156237824, free 122073712, used 34164112, increment 0
FeaturedSpace: max memory 932184064, total allocated 156237824, free 122073712, used 34164112, increment 0
Sequential: max memory 932184064, total allocated 156237824, free 122073712, used 34164112, increment 0
Initial loss: 9.212438170058329
20: time = 0.098000 loss = 9.212438
Resulting gain: 0.0
Gustavia_santanderiensis_0 response curves
Response curve: only bio_17
Making features
makeFeatures: max memory 932184064, total allocated 156237824, free 118097600, used 38140224, increment 3976112
Gustavia_santanderiensis_0 bio_17: 
Regularization values: linear/quadratic/product: 0.423, categorical: 0.250, threshold: 1.790, hinge: 0.500
21 samples
Density: max memory 932184064, total allocated 156237824, free 118097600, used 38140224, increment 0
linearPredictor: max memory 932184064, total allocated 156237824, free 118097600, used 38140224, increment 0
FeaturedSpace: max memory 932184064, total allocated 156237824, free 118097600, used 38140224, increment 0
Sequential: max memory 932184064, total allocated 156237824, free 118097600, used 38140224, increment 0
Initial loss: 9.212438170058329
60: time = 0.194000 loss = 8.992353
Resulting gain: 0.22008555837283694
Gustavia_santanderiensis_0 response curves
Time since start: 20.88
Response curve: only bio_2
Making features
makeFeatures: max memory 932184064, total allocated 156237824, free 113571848, used 42665976, increment 4525752
Gustavia_santanderiensis_0 bio_2: 
Regularization values: linear/quadratic/product: 0.423, categorical: 0.250, threshold: 1.790, hinge: 0.500
21 samples
Density: max memory 932184064, total allocated 156237824, free 113571848, used 42665976, increment 0
linearPredictor: max memory 932184064, total allocated 156237824, free 113571848, used 42665976, increment 0
FeaturedSpace: max memory 932184064, total allocated 156237824, free 113571848, used 42665976, increment 0
Sequential: max memory 932184064, total allocated 156237824, free 113571848, used 42665976, increment 0
Initial loss: 9.212438170058329
60: time = 0.726000 loss = 9.196979
Resulting gain: 0.015459138716726883
Gustavia_santanderiensis_0 response curves
Response curve: only bio_3
Making features
makeFeatures: max memory 932184064, total allocated 156237824, free 109033720, used 47204104, increment 4538128
Gustavia_santanderiensis_0 bio_3: 
Regularization values: linear/quadratic/product: 0.423, categorical: 0.250, threshold: 1.790, hinge: 0.500
21 samples
Density: max memory 932184064, total allocated 156237824, free 109033720, used 47204104, increment 0
linearPredictor: max memory 932184064, total allocated 156237824, free 109033720, used 47204104, increment 0
FeaturedSpace: max memory 932184064, total allocated 156237824, free 109033720, used 47204104, increment 0
Sequential: max memory 932184064, total allocated 156237824, free 109033720, used 47204104, increment 0
Initial loss: 9.212438170058329
Time since start: 22.024
60: time = 0.239000 loss = 9.195718
Resulting gain: 0.01672037240124169
Gustavia_santanderiensis_0 response curves
Response curve: only bio_4
Making features
makeFeatures: max memory 932184064, total allocated 156237824, free 104514360, used 51723464, increment 4519360
Gustavia_santanderiensis_0 bio_4: 
Regularization values: linear/quadratic/product: 0.423, categorical: 0.250, threshold: 1.790, hinge: 0.500
21 samples
Density: max memory 932184064, total allocated 156237824, free 104514360, used 51723464, increment 0
linearPredictor: max memory 932184064, total allocated 156237824, free 104514360, used 51723464, increment 0
FeaturedSpace: max memory 932184064, total allocated 156237824, free 104514360, used 51723464, increment 0
Sequential: max memory 932184064, total allocated 156237824, free 104514360, used 51723464, increment 0
Initial loss: 9.212438170058329
40: time = 0.140000 loss = 9.212340
Resulting gain: 9.851449791220546E-5
Gustavia_santanderiensis_0 response curves
Response curve: only bio_5
Making features
makeFeatures: max memory 932184064, total allocated 156237824, free 99992472, used 56245352, increment 4521888
Gustavia_santanderiensis_0 bio_5: 
Regularization values: linear/quadratic/product: 0.423, categorical: 0.250, threshold: 1.790, hinge: 0.500
21 samples
Density: max memory 932184064, total allocated 156237824, free 99992472, used 56245352, increment 0
linearPredictor: max memory 932184064, total allocated 156237824, free 99992472, used 56245352, increment 0
FeaturedSpace: max memory 932184064, total allocated 156237824, free 99992472, used 56245352, increment 0
Sequential: max memory 932184064, total allocated 156237824, free 99992472, used 56245352, increment 0
Initial loss: 9.212438170058329
60: time = 0.290000 loss = 8.960863
Resulting gain: 0.25157557120064666
Gustavia_santanderiensis_0 response curves
Time since start: 23.488
Response curve: only bio_6
Making features
makeFeatures: max memory 932184064, total allocated 156237824, free 95381256, used 60856568, increment 4611216
Gustavia_santanderiensis_0 bio_6: 
Regularization values: linear/quadratic/product: 0.423, categorical: 0.250, threshold: 1.790, hinge: 0.500
21 samples
Density: max memory 932184064, total allocated 156237824, free 95381256, used 60856568, increment 0
linearPredictor: max memory 932184064, total allocated 156237824, free 95381256, used 60856568, increment 0
FeaturedSpace: max memory 932184064, total allocated 156237824, free 95381256, used 60856568, increment 0
Sequential: max memory 932184064, total allocated 156237824, free 95381256, used 60856568, increment 0
Initial loss: 9.212438170058329
60: time = 0.252000 loss = 8.902944
Resulting gain: 0.30949412124965825
Gustavia_santanderiensis_0 response curves
Response curve: only bio_7
Making features
makeFeatures: max memory 932184064, total allocated 156237824, free 91405136, used 64832688, increment 3976120
Gustavia_santanderiensis_0 bio_7: 
Regularization values: linear/quadratic/product: 0.423, categorical: 0.250, threshold: 1.790, hinge: 0.500
21 samples
Density: max memory 932184064, total allocated 156237824, free 91405136, used 64832688, increment 0
linearPredictor: max memory 932184064, total allocated 156237824, free 91405136, used 64832688, increment 0
FeaturedSpace: max memory 932184064, total allocated 156237824, free 91405136, used 64832688, increment 0
Sequential: max memory 932184064, total allocated 156237824, free 91405136, used 64832688, increment 0
Initial loss: 9.212438170058329
20: time = 0.106000 loss = 9.212438
Resulting gain: 0.0
Gustavia_santanderiensis_0 response curves
Response curve: only bio_ai_et0
Making features
makeFeatures: max memory 932184064, total allocated 156237824, free 86867008, used 69370816, increment 4538128
Gustavia_santanderiensis_0 bio_ai_et0: 
Regularization values: linear/quadratic/product: 0.423, categorical: 0.250, threshold: 1.790, hinge: 0.500
21 samples
Density: max memory 932184064, total allocated 156237824, free 86867008, used 69370816, increment 0
linearPredictor: max memory 932184064, total allocated 156237824, free 86867008, used 69370816, increment 0
FeaturedSpace: max memory 932184064, total allocated 156237824, free 86867008, used 69370816, increment 0
Sequential: max memory 932184064, total allocated 156237824, free 86867008, used 69370816, increment 0
Initial loss: 9.212438170058329
60: time = 0.182000 loss = 9.203509
Resulting gain: 0.008929189265675319
Gustavia_santanderiensis_0 response curves
Time since start: 24.525
Response curve: only bio_et0_yr
Making features
makeFeatures: max memory 932184064, total allocated 156237824, free 82344416, used 73893408, increment 4522592
Gustavia_santanderiensis_0 bio_et0_yr: 
Regularization values: linear/quadratic/product: 0.423, categorical: 0.250, threshold: 1.790, hinge: 0.500
21 samples
Density: max memory 932184064, total allocated 156237824, free 82344416, used 73893408, increment 0
linearPredictor: max memory 932184064, total allocated 156237824, free 82344416, used 73893408, increment 0
FeaturedSpace: max memory 932184064, total allocated 156237824, free 82344416, used 73893408, increment 0
Sequential: max memory 932184064, total allocated 156237824, free 82344416, used 73893408, increment 0
Initial loss: 9.212438170058329
60: time = 0.176000 loss = 9.182376
Resulting gain: 0.030062638348379522
Gustavia_santanderiensis_0 response curves
Time since start: 26.205
Jackknife: leave bio_1 out
Making features
makeFeatures: max memory 932184064, total allocated 188743680, free 172941784, used 15801896, increment -58091512
Gustavia_santanderiensis_0 bio_1: 
Regularization values: linear/quadratic/product: 0.423, categorical: 0.250, threshold: 1.790, hinge: 0.500
21 samples
Density: max memory 932184064, total allocated 188743680, free 172941784, used 15801896, increment 0
linearPredictor: max memory 932184064, total allocated 188743680, free 172941784, used 15801896, increment 0
FeaturedSpace: max memory 932184064, total allocated 188743680, free 172941784, used 15801896, increment 0
Sequential: max memory 932184064, total allocated 188743680, free 172941784, used 15801896, increment 0
Initial loss: 9.212438170058329
120: time = 0.263000 loss = 7.893907
Jackknife: leave bio_10 out
Making features
makeFeatures: max memory 932184064, total allocated 188743680, free 170521120, used 18222560, increment 2420664
Gustavia_santanderiensis_0 bio_10: 
Regularization values: linear/quadratic/product: 0.423, categorical: 0.250, threshold: 1.790, hinge: 0.500
21 samples
Density: max memory 932184064, total allocated 188743680, free 170521120, used 18222560, increment 0
linearPredictor: max memory 932184064, total allocated 188743680, free 170521120, used 18222560, increment 0
FeaturedSpace: max memory 932184064, total allocated 188743680, free 170521120, used 18222560, increment 0
Sequential: max memory 932184064, total allocated 188743680, free 170521120, used 18222560, increment 0
Initial loss: 9.212438170058329
120: time = 0.264000 loss = 7.893391
Jackknife: leave bio_11 out
Making features
makeFeatures: max memory 932184064, total allocated 188743680, free 168100456, used 20643224, increment 2420664
Gustavia_santanderiensis_0 bio_11: 
Regularization values: linear/quadratic/product: 0.423, categorical: 0.250, threshold: 1.790, hinge: 0.500
21 samples
Density: max memory 932184064, total allocated 188743680, free 168100456, used 20643224, increment 0
linearPredictor: max memory 932184064, total allocated 188743680, free 168100456, used 20643224, increment 0
FeaturedSpace: max memory 932184064, total allocated 188743680, free 168100456, used 20643224, increment 0
Sequential: max memory 932184064, total allocated 188743680, free 168100456, used 20643224, increment 0
Initial loss: 9.212438170058329
120: time = 0.283000 loss = 7.893391
Jackknife: leave bio_12 out
Making features
makeFeatures: max memory 932184064, total allocated 188743680, free 165679792, used 23063888, increment 2420664
Gustavia_santanderiensis_0 bio_12: 
Regularization values: linear/quadratic/product: 0.423, categorical: 0.250, threshold: 1.790, hinge: 0.500
21 samples
Density: max memory 932184064, total allocated 188743680, free 165679792, used 23063888, increment 0
linearPredictor: max memory 932184064, total allocated 188743680, free 165679792, used 23063888, increment 0
FeaturedSpace: max memory 932184064, total allocated 188743680, free 165679792, used 23063888, increment 0
Sequential: max memory 932184064, total allocated 188743680, free 165679792, used 23063888, increment 0
Initial loss: 9.212438170058329
Time since start: 27.374
140: time = 0.293000 loss = 7.893426
Jackknife: leave bio_13 out
Making features
makeFeatures: max memory 932184064, total allocated 188743680, free 160918376, used 27825304, increment 4761416
Gustavia_santanderiensis_0 bio_13: 
Regularization values: linear/quadratic/product: 0.423, categorical: 0.250, threshold: 1.790, hinge: 0.500
21 samples
Density: max memory 932184064, total allocated 188743680, free 160918376, used 27825304, increment 0
linearPredictor: max memory 932184064, total allocated 188743680, free 160918376, used 27825304, increment 0
FeaturedSpace: max memory 932184064, total allocated 188743680, free 160918376, used 27825304, increment 0
Sequential: max memory 932184064, total allocated 188743680, free 160918376, used 27825304, increment 0
Initial loss: 9.212438170058329
140: time = 0.392000 loss = 7.893426
Jackknife: leave bio_14 out
Making features
makeFeatures: max memory 932184064, total allocated 188743680, free 158497712, used 30245968, increment 2420664
Gustavia_santanderiensis_0 bio_14: 
Regularization values: linear/quadratic/product: 0.423, categorical: 0.250, threshold: 1.790, hinge: 0.500
21 samples
Density: max memory 932184064, total allocated 188743680, free 158497712, used 30245968, increment 0
linearPredictor: max memory 932184064, total allocated 188743680, free 158497712, used 30245968, increment 0
FeaturedSpace: max memory 932184064, total allocated 188743680, free 158407880, used 30335800, increment 89832
Sequential: max memory 932184064, total allocated 188743680, free 158407880, used 30335800, increment 0
Initial loss: 9.212438170058329
140: time = 0.261000 loss = 7.893426
Jackknife: leave bio_15 out
Making features
makeFeatures: max memory 932184064, total allocated 188743680, free 155987216, used 32756464, increment 2420664
Gustavia_santanderiensis_0 bio_15: 
Regularization values: linear/quadratic/product: 0.423, categorical: 0.250, threshold: 1.790, hinge: 0.500
21 samples
Density: max memory 932184064, total allocated 188743680, free 155987216, used 32756464, increment 0
linearPredictor: max memory 932184064, total allocated 188743680, free 155987216, used 32756464, increment 0
FeaturedSpace: max memory 932184064, total allocated 188743680, free 155987216, used 32756464, increment 0
Sequential: max memory 932184064, total allocated 188743680, free 155987216, used 32756464, increment 0
Initial loss: 9.212438170058329
Time since start: 28.38
180: time = 0.315000 loss = 8.156742
Jackknife: leave bio_16 out
Making features
makeFeatures: max memory 932184064, total allocated 188743680, free 153566552, used 35177128, increment 2420664
Gustavia_santanderiensis_0 bio_16: 
Regularization values: linear/quadratic/product: 0.423, categorical: 0.250, threshold: 1.790, hinge: 0.500
21 samples
Density: max memory 932184064, total allocated 188743680, free 153566552, used 35177128, increment 0
linearPredictor: max memory 932184064, total allocated 188743680, free 153566552, used 35177128, increment 0
FeaturedSpace: max memory 932184064, total allocated 188743680, free 153566552, used 35177128, increment 0
Sequential: max memory 932184064, total allocated 188743680, free 153566552, used 35177128, increment 0
Initial loss: 9.212438170058329
120: time = 0.263000 loss = 7.893428
Jackknife: leave bio_17 out
Making features
makeFeatures: max memory 932184064, total allocated 188743680, free 150824880, used 37918800, increment 2741672
Gustavia_santanderiensis_0 bio_17: 
Regularization values: linear/quadratic/product: 0.423, categorical: 0.250, threshold: 1.790, hinge: 0.500
21 samples
Density: max memory 932184064, total allocated 188743680, free 148404216, used 40339464, increment 2420664
linearPredictor: max memory 932184064, total allocated 188743680, free 148404216, used 40339464, increment 0
FeaturedSpace: max memory 932184064, total allocated 188743680, free 148404216, used 40339464, increment 0
Sequential: max memory 932184064, total allocated 188743680, free 148404216, used 40339464, increment 0
Initial loss: 9.212438170058329
180: time = 0.329000 loss = 7.896377
Jackknife: leave bio_2 out
Making features
makeFeatures: max memory 932184064, total allocated 188743680, free 147762744, used 40980936, increment 641472
Gustavia_santanderiensis_0 bio_2: 
Regularization values: linear/quadratic/product: 0.423, categorical: 0.250, threshold: 1.790, hinge: 0.500
21 samples
Density: max memory 932184064, total allocated 188743680, free 145342080, used 43401600, increment 2420664
linearPredictor: max memory 932184064, total allocated 188743680, free 145342080, used 43401600, increment 0
FeaturedSpace: max memory 932184064, total allocated 188743680, free 145342080, used 43401600, increment 0
Sequential: max memory 932184064, total allocated 188743680, free 145342080, used 43401600, increment 0
Initial loss: 9.212438170058329
140: time = 0.261000 loss = 7.893426
Jackknife: leave bio_3 out
Making features
makeFeatures: max memory 932184064, total allocated 188743680, free 142921416, used 45822264, increment 2420664
Gustavia_santanderiensis_0 bio_3: 
Regularization values: linear/quadratic/product: 0.423, categorical: 0.250, threshold: 1.790, hinge: 0.500
21 samples
Density: max memory 932184064, total allocated 188743680, free 142921416, used 45822264, increment 0
linearPredictor: max memory 932184064, total allocated 188743680, free 142921416, used 45822264, increment 0
FeaturedSpace: max memory 932184064, total allocated 188743680, free 142921416, used 45822264, increment 0
Sequential: max memory 932184064, total allocated 188743680, free 142921416, used 45822264, increment 0
Initial loss: 9.212438170058329
Time since start: 29.542
140: time = 0.264000 loss = 7.921432
Jackknife: leave bio_4 out
Making features
makeFeatures: max memory 932184064, total allocated 188743680, free 140500752, used 48242928, increment 2420664
Gustavia_santanderiensis_0 bio_4: 
Regularization values: linear/quadratic/product: 0.423, categorical: 0.250, threshold: 1.790, hinge: 0.500
21 samples
Density: max memory 932184064, total allocated 188743680, free 140500752, used 48242928, increment 0
linearPredictor: max memory 932184064, total allocated 188743680, free 140500752, used 48242928, increment 0
FeaturedSpace: max memory 932184064, total allocated 188743680, free 140500752, used 48242928, increment 0
Sequential: max memory 932184064, total allocated 188743680, free 140500752, used 48242928, increment 0
Initial loss: 9.212438170058329
140: time = 0.265000 loss = 7.910996
Jackknife: leave bio_5 out
Making features
makeFeatures: max memory 932184064, total allocated 188743680, free 138080088, used 50663592, increment 2420664
Gustavia_santanderiensis_0 bio_5: 
Regularization values: linear/quadratic/product: 0.423, categorical: 0.250, threshold: 1.790, hinge: 0.500
21 samples
Density: max memory 932184064, total allocated 188743680, free 138080088, used 50663592, increment 0
linearPredictor: max memory 932184064, total allocated 188743680, free 138080088, used 50663592, increment 0
FeaturedSpace: max memory 932184064, total allocated 188743680, free 138080088, used 50663592, increment 0
Sequential: max memory 932184064, total allocated 188743680, free 138080088, used 50663592, increment 0
Initial loss: 9.212438170058329
140: time = 0.264000 loss = 7.893408
Jackknife: leave bio_6 out
Making features
makeFeatures: max memory 932184064, total allocated 188743680, free 135659424, used 53084256, increment 2420664
Gustavia_santanderiensis_0 bio_6: 
Regularization values: linear/quadratic/product: 0.423, categorical: 0.250, threshold: 1.790, hinge: 0.500
21 samples
Density: max memory 932184064, total allocated 188743680, free 135659424, used 53084256, increment 0
linearPredictor: max memory 932184064, total allocated 188743680, free 135579240, used 53164440, increment 80184
FeaturedSpace: max memory 932184064, total allocated 188743680, free 135579240, used 53164440, increment 0
Sequential: max memory 932184064, total allocated 188743680, free 135579240, used 53164440, increment 0
Initial loss: 9.212438170058329
120: time = 0.249000 loss = 7.906194
Jackknife: leave bio_7 out
Making features
makeFeatures: max memory 932184064, total allocated 188743680, free 132837568, used 55906112, increment 2741672
Gustavia_santanderiensis_0 bio_7: 
Regularization values: linear/quadratic/product: 0.423, categorical: 0.250, threshold: 1.790, hinge: 0.500
21 samples
Density: max memory 932184064, total allocated 188743680, free 130416904, used 58326776, increment 2420664
linearPredictor: max memory 932184064, total allocated 188743680, free 130416904, used 58326776, increment 0
FeaturedSpace: max memory 932184064, total allocated 188743680, free 130416904, used 58326776, increment 0
Sequential: max memory 932184064, total allocated 188743680, free 130416904, used 58326776, increment 0
Initial loss: 9.212438170058329
Time since start: 30.599
120: time = 0.235000 loss = 7.893442
Jackknife: leave bio_ai_et0 out
Making features
makeFeatures: max memory 932184064, total allocated 188743680, free 129855616, used 58888064, increment 561288
Gustavia_santanderiensis_0 bio_ai_et0: 
Regularization values: linear/quadratic/product: 0.423, categorical: 0.250, threshold: 1.790, hinge: 0.500
21 samples
Density: max memory 932184064, total allocated 188743680, free 127434952, used 61308728, increment 2420664
linearPredictor: max memory 932184064, total allocated 188743680, free 127434952, used 61308728, increment 0
FeaturedSpace: max memory 932184064, total allocated 188743680, free 127434952, used 61308728, increment 0
Sequential: max memory 932184064, total allocated 188743680, free 127434952, used 61308728, increment 0
Initial loss: 9.212438170058329
120: time = 0.236000 loss = 7.893442
Jackknife: leave bio_et0_yr out
Making features
makeFeatures: max memory 932184064, total allocated 188743680, free 126873664, used 61870016, increment 561288
Gustavia_santanderiensis_0 bio_et0_yr: 
Regularization values: linear/quadratic/product: 0.423, categorical: 0.250, threshold: 1.790, hinge: 0.500
21 samples
Density: max memory 932184064, total allocated 188743680, free 124453000, used 64290680, increment 2420664
linearPredictor: max memory 932184064, total allocated 188743680, free 124453000, used 64290680, increment 0
FeaturedSpace: max memory 932184064, total allocated 188743680, free 124453000, used 64290680, increment 0
Sequential: max memory 932184064, total allocated 188743680, free 124453000, used 64290680, increment 0
Initial loss: 9.212438170058329
120: time = 0.235000 loss = 7.893434
Jackknife: only bio_1
Making features
makeFeatures: max memory 932184064, total allocated 188743680, free 124453000, used 64290680, increment 0
Gustavia_santanderiensis_0 bio_1: 
Regularization values: linear/quadratic/product: 0.423, categorical: 0.250, threshold: 1.790, hinge: 0.500
21 samples
Density: max memory 932184064, total allocated 188743680, free 124453000, used 64290680, increment 0
linearPredictor: max memory 932184064, total allocated 188743680, free 124453000, used 64290680, increment 0
FeaturedSpace: max memory 932184064, total allocated 188743680, free 124453000, used 64290680, increment 0
Sequential: max memory 932184064, total allocated 188743680, free 124453000, used 64290680, increment 0
Initial loss: 9.212438170058329
60: time = 0.221000 loss = 8.925316
Res.gain: 0.28712226902196747
Jackknife: only bio_10
Making features
makeFeatures: max memory 932184064, total allocated 188743680, free 124453000, used 64290680, increment 0
Gustavia_santanderiensis_0 bio_10: 
Regularization values: linear/quadratic/product: 0.423, categorical: 0.250, threshold: 1.790, hinge: 0.500
21 samples
Density: max memory 932184064, total allocated 188743680, free 124453000, used 64290680, increment 0
linearPredictor: max memory 932184064, total allocated 188743680, free 124453000, used 64290680, increment 0
FeaturedSpace: max memory 932184064, total allocated 188743680, free 124453000, used 64290680, increment 0
Sequential: max memory 932184064, total allocated 188743680, free 124453000, used 64290680, increment 0
Initial loss: 9.212438170058329
60: time = 0.222000 loss = 8.955927
Res.gain: 0.25651072632679295
Jackknife: only bio_11
Making features
makeFeatures: max memory 932184064, total allocated 188743680, free 124453000, used 64290680, increment 0
Gustavia_santanderiensis_0 bio_11: 
Regularization values: linear/quadratic/product: 0.423, categorical: 0.250, threshold: 1.790, hinge: 0.500
21 samples
Density: max memory 932184064, total allocated 188743680, free 124453000, used 64290680, increment 0
linearPredictor: max memory 932184064, total allocated 188743680, free 124453000, used 64290680, increment 0
FeaturedSpace: max memory 932184064, total allocated 188743680, free 124453000, used 64290680, increment 0
Sequential: max memory 932184064, total allocated 188743680, free 124453000, used 64290680, increment 0
Initial loss: 9.212438170058329
Time since start: 31.769
60: time = 0.224000 loss = 8.941075
Res.gain: 0.2713635421065117
Jackknife: only bio_12
Making features
makeFeatures: max memory 932184064, total allocated 188743680, free 124453000, used 64290680, increment 0
Gustavia_santanderiensis_0 bio_12: 
Regularization values: linear/quadratic/product: 0.423, categorical: 0.250, threshold: 1.790, hinge: 0.500
21 samples
Density: max memory 932184064, total allocated 188743680, free 124453000, used 64290680, increment 0
linearPredictor: max memory 932184064, total allocated 188743680, free 124453000, used 64290680, increment 0
FeaturedSpace: max memory 932184064, total allocated 188743680, free 124453000, used 64290680, increment 0
Sequential: max memory 932184064, total allocated 188743680, free 124453000, used 64290680, increment 0
Initial loss: 9.212438170058329
60: time = 0.200000 loss = 9.177323
Res.gain: 0.0351154768327433
Jackknife: only bio_13
Making features
makeFeatures: max memory 932184064, total allocated 188743680, free 124453000, used 64290680, increment 0
Gustavia_santanderiensis_0 bio_13: 
Regularization values: linear/quadratic/product: 0.423, categorical: 0.250, threshold: 1.790, hinge: 0.500
21 samples
Density: max memory 932184064, total allocated 188743680, free 124453000, used 64290680, increment 0
linearPredictor: max memory 932184064, total allocated 188743680, free 124453000, used 64290680, increment 0
FeaturedSpace: max memory 932184064, total allocated 188743680, free 124453000, used 64290680, increment 0
Sequential: max memory 932184064, total allocated 188743680, free 124453000, used 64290680, increment 0
Initial loss: 9.212438170058329
20: time = 0.099000 loss = 9.212438
Res.gain: 0.0
Jackknife: only bio_14
Making features
makeFeatures: max memory 932184064, total allocated 188743680, free 122032336, used 66711344, increment 2420664
Gustavia_santanderiensis_0 bio_14: 
Regularization values: linear/quadratic/product: 0.423, categorical: 0.250, threshold: 1.790, hinge: 0.500
21 samples
Density: max memory 932184064, total allocated 188743680, free 122032336, used 66711344, increment 0
linearPredictor: max memory 932184064, total allocated 188743680, free 122032336, used 66711344, increment 0
FeaturedSpace: max memory 932184064, total allocated 188743680, free 122032336, used 66711344, increment 0
Sequential: max memory 932184064, total allocated 188743680, free 122032336, used 66711344, increment 0
Initial loss: 9.212438170058329
60: time = 0.190000 loss = 9.136462
Res.gain: 0.07597582139084302
Jackknife: only bio_15
Making features
makeFeatures: max memory 932184064, total allocated 188743680, free 122032336, used 66711344, increment 0
Gustavia_santanderiensis_0 bio_15: 
Regularization values: linear/quadratic/product: 0.423, categorical: 0.250, threshold: 1.790, hinge: 0.500
21 samples
Density: max memory 932184064, total allocated 188743680, free 122032336, used 66711344, increment 0
linearPredictor: max memory 932184064, total allocated 188743680, free 122032336, used 66711344, increment 0
FeaturedSpace: max memory 932184064, total allocated 188743680, free 122032336, used 66711344, increment 0
Sequential: max memory 932184064, total allocated 188743680, free 122032336, used 66711344, increment 0
Initial loss: 9.212438170058329
60: time = 0.188000 loss = 9.025679
Res.gain: 0.18675880579487547
Jackknife: only bio_16
Making features
makeFeatures: max memory 932184064, total allocated 188743680, free 122032336, used 66711344, increment 0
Gustavia_santanderiensis_0 bio_16: 
Regularization values: linear/quadratic/product: 0.423, categorical: 0.250, threshold: 1.790, hinge: 0.500
21 samples
Density: max memory 932184064, total allocated 188743680, free 122032336, used 66711344, increment 0
linearPredictor: max memory 932184064, total allocated 188743680, free 122032336, used 66711344, increment 0
FeaturedSpace: max memory 932184064, total allocated 188743680, free 122032336, used 66711344, increment 0
Sequential: max memory 932184064, total allocated 188743680, free 122032336, used 66711344, increment 0
Initial loss: 9.212438170058329
20: time = 0.097000 loss = 9.212438
Res.gain: 0.0
Jackknife: only bio_17
Making features
makeFeatures: max memory 932184064, total allocated 188743680, free 122032336, used 66711344, increment 0
Gustavia_santanderiensis_0 bio_17: 
Regularization values: linear/quadratic/product: 0.423, categorical: 0.250, threshold: 1.790, hinge: 0.500
21 samples
Density: max memory 932184064, total allocated 188743680, free 122032336, used 66711344, increment 0
linearPredictor: max memory 932184064, total allocated 188743680, free 122032336, used 66711344, increment 0
FeaturedSpace: max memory 932184064, total allocated 188743680, free 122032336, used 66711344, increment 0
Sequential: max memory 932184064, total allocated 188743680, free 122032336, used 66711344, increment 0
Initial loss: 9.212438170058329
60: time = 0.188000 loss = 8.992353
Res.gain: 0.22008555837283694
Jackknife: only bio_2
Making features
makeFeatures: max memory 932184064, total allocated 188743680, free 122032336, used 66711344, increment 0
Gustavia_santanderiensis_0 bio_2: 
Regularization values: linear/quadratic/product: 0.423, categorical: 0.250, threshold: 1.790, hinge: 0.500
21 samples
Density: max memory 932184064, total allocated 188743680, free 122032336, used 66711344, increment 0
linearPredictor: max memory 932184064, total allocated 188743680, free 122032336, used 66711344, increment 0
FeaturedSpace: max memory 932184064, total allocated 188743680, free 122032336, used 66711344, increment 0
Sequential: max memory 932184064, total allocated 188743680, free 122032336, used 66711344, increment 0
Initial loss: 9.212438170058329
Time since start: 32.961
60: time = 0.207000 loss = 9.196979
Res.gain: 0.015459138716726883
Jackknife: only bio_3
Making features
makeFeatures: max memory 932184064, total allocated 188743680, free 122032336, used 66711344, increment 0
Gustavia_santanderiensis_0 bio_3: 
Regularization values: linear/quadratic/product: 0.423, categorical: 0.250, threshold: 1.790, hinge: 0.500
21 samples
Density: max memory 932184064, total allocated 188743680, free 122032336, used 66711344, increment 0
linearPredictor: max memory 932184064, total allocated 188743680, free 122032336, used 66711344, increment 0
FeaturedSpace: max memory 932184064, total allocated 188743680, free 122032336, used 66711344, increment 0
Sequential: max memory 932184064, total allocated 188743680, free 122032336, used 66711344, increment 0
Initial loss: 9.212438170058329
60: time = 0.226000 loss = 9.195718
Res.gain: 0.01672037240124169
Jackknife: only bio_4
Making features
makeFeatures: max memory 932184064, total allocated 188743680, free 121952152, used 66791528, increment 80184
Gustavia_santanderiensis_0 bio_4: 
Regularization values: linear/quadratic/product: 0.423, categorical: 0.250, threshold: 1.790, hinge: 0.500
21 samples
Density: max memory 932184064, total allocated 188743680, free 121871968, used 66871712, increment 80184
linearPredictor: max memory 932184064, total allocated 188743680, free 121791784, used 66951896, increment 80184
FeaturedSpace: max memory 932184064, total allocated 188743680, free 121791784, used 66951896, increment 0
Sequential: max memory 932184064, total allocated 188743680, free 121791784, used 66951896, increment 0
Initial loss: 9.212438170058329
40: time = 0.133000 loss = 9.212340
Res.gain: 9.851449791220546E-5
Jackknife: only bio_5
Making features
makeFeatures: max memory 932184064, total allocated 188743680, free 119451144, used 69292536, increment 2340640
Gustavia_santanderiensis_0 bio_5: 
Regularization values: linear/quadratic/product: 0.423, categorical: 0.250, threshold: 1.790, hinge: 0.500
21 samples
Density: max memory 932184064, total allocated 188743680, free 119451144, used 69292536, increment 0
linearPredictor: max memory 932184064, total allocated 188743680, free 119451144, used 69292536, increment 0
FeaturedSpace: max memory 932184064, total allocated 188743680, free 119451144, used 69292536, increment 0
Sequential: max memory 932184064, total allocated 188743680, free 119451144, used 69292536, increment 0
Initial loss: 9.212438170058329
60: time = 0.229000 loss = 8.960863
Res.gain: 0.25157557120064666
Jackknife: only bio_6
Making features
makeFeatures: max memory 932184064, total allocated 188743680, free 119451144, used 69292536, increment 0
Gustavia_santanderiensis_0 bio_6: 
Regularization values: linear/quadratic/product: 0.423, categorical: 0.250, threshold: 1.790, hinge: 0.500
21 samples
Density: max memory 932184064, total allocated 188743680, free 119451144, used 69292536, increment 0
linearPredictor: max memory 932184064, total allocated 188743680, free 119451144, used 69292536, increment 0
FeaturedSpace: max memory 932184064, total allocated 188743680, free 119451144, used 69292536, increment 0
Sequential: max memory 932184064, total allocated 188743680, free 119451144, used 69292536, increment 0
Initial loss: 9.212438170058329
60: time = 0.234000 loss = 8.902944
Res.gain: 0.30949412124965825
Jackknife: only bio_7
Making features
makeFeatures: max memory 932184064, total allocated 188743680, free 119451144, used 69292536, increment 0
Gustavia_santanderiensis_0 bio_7: 
Regularization values: linear/quadratic/product: 0.423, categorical: 0.250, threshold: 1.790, hinge: 0.500
21 samples
Density: max memory 932184064, total allocated 188743680, free 119451144, used 69292536, increment 0
linearPredictor: max memory 932184064, total allocated 188743680, free 119451144, used 69292536, increment 0
FeaturedSpace: max memory 932184064, total allocated 188743680, free 119451144, used 69292536, increment 0
Sequential: max memory 932184064, total allocated 188743680, free 119451144, used 69292536, increment 0
Initial loss: 9.212438170058329
20: time = 0.102000 loss = 9.212438
Res.gain: 0.0
Jackknife: only bio_ai_et0
Making features
makeFeatures: max memory 932184064, total allocated 188743680, free 119451144, used 69292536, increment 0
Gustavia_santanderiensis_0 bio_ai_et0: 
Regularization values: linear/quadratic/product: 0.423, categorical: 0.250, threshold: 1.790, hinge: 0.500
21 samples
Density: max memory 932184064, total allocated 188743680, free 119451144, used 69292536, increment 0
linearPredictor: max memory 932184064, total allocated 188743680, free 119451144, used 69292536, increment 0
FeaturedSpace: max memory 932184064, total allocated 188743680, free 119451144, used 69292536, increment 0
Sequential: max memory 932184064, total allocated 188743680, free 119451144, used 69292536, increment 0
Initial loss: 9.212438170058329
Time since start: 34.084
60: time = 0.178000 loss = 9.203509
Res.gain: 0.008929189265675319
Jackknife: only bio_et0_yr
Making features
makeFeatures: max memory 932184064, total allocated 188743680, free 119451144, used 69292536, increment 0
Gustavia_santanderiensis_0 bio_et0_yr: 
Regularization values: linear/quadratic/product: 0.423, categorical: 0.250, threshold: 1.790, hinge: 0.500
21 samples
Density: max memory 932184064, total allocated 188743680, free 119451144, used 69292536, increment 0
linearPredictor: max memory 932184064, total allocated 188743680, free 119451144, used 69292536, increment 0
FeaturedSpace: max memory 932184064, total allocated 188743680, free 119451144, used 69292536, increment 0
Sequential: max memory 932184064, total allocated 188743680, free 119451144, used 69292536, increment 0
Initial loss: 9.212438170058329
60: time = 0.165000 loss = 9.182376
Res.gain: 0.030062638348379522
getSamples: max memory 932184064, total allocated 188743680, free 113302936, used 75440744, increment 6148208
Making features
makeFeatures: max memory 932184064, total allocated 188743680, free 110882304, used 77861376, increment 2420632
Gustavia_santanderiensis_1: 
Regularization values: linear/quadratic/product: 0.423, categorical: 0.250, threshold: 1.790, hinge: 0.500
21 samples
Density: max memory 932184064, total allocated 188743680, free 110882304, used 77861376, increment 0
linearPredictor: max memory 932184064, total allocated 188743680, free 110882304, used 77861376, increment 0
FeaturedSpace: max memory 932184064, total allocated 188743680, free 110882304, used 77861376, increment 0
Sequential: max memory 932184064, total allocated 188743680, free 110882304, used 77861376, increment 0
Initial loss: 9.212038928611765
180: time = 0.321000 loss = 7.910649
Resulting gain: 1.30138991681219
Time since start: 35.166
Projecting...
Writing file C:\Users\Camila\Desktop\Modelo opc3\Final_Models\M_4_F_q_Set_1\Gustavia_santanderiensis_1.asc
Time since start: 38.01
Writing C:\Users\Camila\Desktop\Modelo opc3\Final_Models\M_4_F_q_Set_1\plots\Gustavia_santanderiensis_1.png
Gustavia_santanderiensis_1 response curves
Time since start: 41.791
Response curve: only bio_1
Making features
makeFeatures: max memory 932184064, total allocated 179306496, free 128435928, used 50870568, increment -26990808
Gustavia_santanderiensis_1 bio_1: 
Regularization values: linear/quadratic/product: 0.423, categorical: 0.250, threshold: 1.790, hinge: 0.500
21 samples
Density: max memory 932184064, total allocated 179306496, free 128435928, used 50870568, increment 0
linearPredictor: max memory 932184064, total allocated 179306496, free 128435928, used 50870568, increment 0
FeaturedSpace: max memory 932184064, total allocated 179306496, free 128435928, used 50870568, increment 0
Sequential: max memory 932184064, total allocated 179306496, free 128435928, used 50870568, increment 0
Initial loss: 9.212038928611765
60: time = 0.447000 loss = 8.907623
Resulting gain: 0.3044163412679488
Gustavia_santanderiensis_1 response curves
Response curve: only bio_10
Making features
makeFeatures: max memory 932184064, total allocated 179306496, free 124237768, used 55068728, increment 4198160
Gustavia_santanderiensis_1 bio_10: 
Regularization values: linear/quadratic/product: 0.423, categorical: 0.250, threshold: 1.790, hinge: 0.500
21 samples
Density: max memory 932184064, total allocated 179306496, free 124237768, used 55068728, increment 0
linearPredictor: max memory 932184064, total allocated 179306496, free 124237768, used 55068728, increment 0
FeaturedSpace: max memory 932184064, total allocated 179306496, free 124237768, used 55068728, increment 0
Sequential: max memory 932184064, total allocated 179306496, free 124237768, used 55068728, increment 0
Initial loss: 9.212038928611765
Time since start: 42.83
60: time = 0.220000 loss = 8.939331
Resulting gain: 0.2727074851315656
Gustavia_santanderiensis_1 response curves
Response curve: only bio_11
Making features
makeFeatures: max memory 932184064, total allocated 179306496, free 121068336, used 58238160, increment 3169432
Gustavia_santanderiensis_1 bio_11: 
Regularization values: linear/quadratic/product: 0.423, categorical: 0.250, threshold: 1.790, hinge: 0.500
21 samples
Density: max memory 932184064, total allocated 179306496, free 120988184, used 58318312, increment 80152
linearPredictor: max memory 932184064, total allocated 179306496, free 120908032, used 58398464, increment 80152
FeaturedSpace: max memory 932184064, total allocated 179306496, free 120908032, used 58398464, increment 0
Sequential: max memory 932184064, total allocated 179306496, free 120908032, used 58398464, increment 0
Initial loss: 9.212038928611765
60: time = 0.248000 loss = 8.922585
Resulting gain: 0.2894535421969966
Gustavia_santanderiensis_1 response curves
Response curve: only bio_12
Making features
makeFeatures: max memory 932184064, total allocated 179306496, free 116639248, used 62667248, increment 4268784
Gustavia_santanderiensis_1 bio_12: 
Regularization values: linear/quadratic/product: 0.423, categorical: 0.250, threshold: 1.790, hinge: 0.500
21 samples
Density: max memory 932184064, total allocated 179306496, free 116559096, used 62747400, increment 80152
linearPredictor: max memory 932184064, total allocated 179306496, free 116478944, used 62827552, increment 80152
FeaturedSpace: max memory 932184064, total allocated 179306496, free 116478944, used 62827552, increment 0
Sequential: max memory 932184064, total allocated 179306496, free 116478944, used 62827552, increment 0
Initial loss: 9.212038928611765
60: time = 0.207000 loss = 9.170680
Resulting gain: 0.04135870299588973
Gustavia_santanderiensis_1 response curves
Response curve: only bio_13
Making features
makeFeatures: max memory 932184064, total allocated 179306496, free 112210216, used 67096280, increment 4268728
Gustavia_santanderiensis_1 bio_13: 
Regularization values: linear/quadratic/product: 0.423, categorical: 0.250, threshold: 1.790, hinge: 0.500
21 samples
Density: max memory 932184064, total allocated 179306496, free 112130064, used 67176432, increment 80152
linearPredictor: max memory 932184064, total allocated 179306496, free 112049912, used 67256584, increment 80152
FeaturedSpace: max memory 932184064, total allocated 179306496, free 112049912, used 67256584, increment 0
Sequential: max memory 932184064, total allocated 179306496, free 112049912, used 67256584, increment 0
Initial loss: 9.212038928611765
Time since start: 44.491
60: time = 0.729000 loss = 9.208314
Resulting gain: 0.0037245771031511055
Gustavia_santanderiensis_1 response curves
Response curve: only bio_14
Making features
makeFeatures: max memory 932184064, total allocated 179306496, free 107783576, used 71522920, increment 4266336
Gustavia_santanderiensis_1 bio_14: 
Regularization values: linear/quadratic/product: 0.423, categorical: 0.250, threshold: 1.790, hinge: 0.500
21 samples
Density: max memory 932184064, total allocated 179306496, free 107703424, used 71603072, increment 80152
linearPredictor: max memory 932184064, total allocated 179306496, free 107623272, used 71683224, increment 80152
FeaturedSpace: max memory 932184064, total allocated 179306496, free 107623272, used 71683224, increment 0
Sequential: max memory 932184064, total allocated 179306496, free 107623272, used 71683224, increment 0
Initial loss: 9.212038928611765
60: time = 0.189000 loss = 9.134815
Resulting gain: 0.07722394094632357
Gustavia_santanderiensis_1 response curves
Response curve: only bio_15
Making features
makeFeatures: max memory 932184064, total allocated 179306496, free 103437016, used 75869480, increment 4186256
Gustavia_santanderiensis_1 bio_15: 
Regularization values: linear/quadratic/product: 0.423, categorical: 0.250, threshold: 1.790, hinge: 0.500
21 samples
Density: max memory 932184064, total allocated 179306496, free 101263800, used 78042696, increment 2173216
linearPredictor: max memory 932184064, total allocated 179306496, free 101263800, used 78042696, increment 0
FeaturedSpace: max memory 932184064, total allocated 179306496, free 101263800, used 78042696, increment 0
Sequential: max memory 932184064, total allocated 179306496, free 101263800, used 78042696, increment 0
Initial loss: 9.212038928611765
60: time = 0.189000 loss = 9.035650
Resulting gain: 0.17638930230065064
Gustavia_santanderiensis_1 response curves
Response curve: only bio_16
Making features
makeFeatures: max memory 932184064, total allocated 179306496, free 97074400, used 82232096, increment 4189400
Gustavia_santanderiensis_1 bio_16: 
Regularization values: linear/quadratic/product: 0.423, categorical: 0.250, threshold: 1.790, hinge: 0.500
21 samples
Density: max memory 932184064, total allocated 179306496, free 97074400, used 82232096, increment 0
linearPredictor: max memory 932184064, total allocated 179306496, free 97074400, used 82232096, increment 0
FeaturedSpace: max memory 932184064, total allocated 179306496, free 97074400, used 82232096, increment 0
Sequential: max memory 932184064, total allocated 179306496, free 97074400, used 82232096, increment 0
Initial loss: 9.212038928611765
Time since start: 45.533
60: time = 0.188000 loss = 9.210099
Resulting gain: 0.0019400891315992652
Gustavia_santanderiensis_1 response curves
Response curve: only bio_17
Making features
makeFeatures: max memory 932184064, total allocated 179306496, free 92885000, used 86421496, increment 4189400
Gustavia_santanderiensis_1 bio_17: 
Regularization values: linear/quadratic/product: 0.423, categorical: 0.250, threshold: 1.790, hinge: 0.500
21 samples
Density: max memory 932184064, total allocated 179306496, free 92885000, used 86421496, increment 0
linearPredictor: max memory 932184064, total allocated 179306496, free 92885000, used 86421496, increment 0
FeaturedSpace: max memory 932184064, total allocated 179306496, free 92885000, used 86421496, increment 0
Sequential: max memory 932184064, total allocated 179306496, free 92885000, used 86421496, increment 0
Initial loss: 9.212038928611765
60: time = 0.192000 loss = 9.023584
Resulting gain: 0.1884549662122854
Gustavia_santanderiensis_1 response curves
Response curve: only bio_2
Making features
makeFeatures: max memory 932184064, total allocated 179306496, free 88696456, used 90610040, increment 4188544
Gustavia_santanderiensis_1 bio_2: 
Regularization values: linear/quadratic/product: 0.423, categorical: 0.250, threshold: 1.790, hinge: 0.500
21 samples
Density: max memory 932184064, total allocated 179306496, free 88696456, used 90610040, increment 0
linearPredictor: max memory 932184064, total allocated 179306496, free 88696456, used 90610040, increment 0
FeaturedSpace: max memory 932184064, total allocated 179306496, free 88696456, used 90610040, increment 0
Sequential: max memory 932184064, total allocated 179306496, free 88696456, used 90610040, increment 0
Initial loss: 9.212038928611765
60: time = 0.222000 loss = 9.183296
Resulting gain: 0.028743294587819435
Gustavia_santanderiensis_1 response curves
Response curve: only bio_3
Making features
makeFeatures: max memory 932184064, total allocated 179306496, free 85640960, used 93665536, increment 3055496
Gustavia_santanderiensis_1 bio_3: 
Regularization values: linear/quadratic/product: 0.423, categorical: 0.250, threshold: 1.790, hinge: 0.500
21 samples
Density: max memory 932184064, total allocated 179306496, free 85560808, used 93745688, increment 80152
linearPredictor: max memory 932184064, total allocated 179306496, free 85480656, used 93825840, increment 80152
FeaturedSpace: max memory 932184064, total allocated 179306496, free 85480656, used 93825840, increment 0
Sequential: max memory 932184064, total allocated 179306496, free 85480656, used 93825840, increment 0
Initial loss: 9.212038928611765
Time since start: 46.661
60: time = 0.227000 loss = 9.193048
Resulting gain: 0.018990727521156714
Gustavia_santanderiensis_1 response curves
Response curve: only bio_4
Making features
makeFeatures: max memory 932184064, total allocated 179306496, free 81211840, used 98094656, increment 4268816
Gustavia_santanderiensis_1 bio_4: 
Regularization values: linear/quadratic/product: 0.423, categorical: 0.250, threshold: 1.790, hinge: 0.500
21 samples
Density: max memory 932184064, total allocated 179306496, free 79038624, used 100267872, increment 2173216
linearPredictor: max memory 932184064, total allocated 179306496, free 79038624, used 100267872, increment 0
FeaturedSpace: max memory 932184064, total allocated 179306496, free 79038624, used 100267872, increment 0
Sequential: max memory 932184064, total allocated 179306496, free 79038624, used 100267872, increment 0
Initial loss: 9.212038928611765
20: time = 0.569000 loss = 9.212039
Resulting gain: 0.0
Gustavia_santanderiensis_1 response curves
Response curve: only bio_5
Making features
makeFeatures: max memory 932184064, total allocated 179306496, free 76782840, used 102523656, increment 2255784
Gustavia_santanderiensis_1 bio_5: 
Regularization values: linear/quadratic/product: 0.423, categorical: 0.250, threshold: 1.790, hinge: 0.500
21 samples
Density: max memory 932184064, total allocated 179306496, free 74609624, used 104696872, increment 2173216
linearPredictor: max memory 932184064, total allocated 179306496, free 74609624, used 104696872, increment 0
FeaturedSpace: max memory 932184064, total allocated 179306496, free 74609624, used 104696872, increment 0
Sequential: max memory 932184064, total allocated 179306496, free 74609624, used 104696872, increment 0
Initial loss: 9.212038928611765
Time since start: 47.788
60: time = 0.245000 loss = 8.944814
Resulting gain: 0.2672250509793592
Gustavia_santanderiensis_1 response curves
Response curve: only bio_6
Making features
makeFeatures: max memory 932184064, total allocated 179306496, free 70420224, used 108886272, increment 4189400
Gustavia_santanderiensis_1 bio_6: 
Regularization values: linear/quadratic/product: 0.423, categorical: 0.250, threshold: 1.790, hinge: 0.500
21 samples
Density: max memory 932184064, total allocated 179306496, free 70420224, used 108886272, increment 0
linearPredictor: max memory 932184064, total allocated 179306496, free 70420224, used 108886272, increment 0
FeaturedSpace: max memory 932184064, total allocated 179306496, free 70420224, used 108886272, increment 0
Sequential: max memory 932184064, total allocated 179306496, free 70420224, used 108886272, increment 0
Initial loss: 9.212038928611765
60: time = 0.239000 loss = 8.892552
Resulting gain: 0.31948643423367074
Gustavia_santanderiensis_1 response curves
Response curve: only bio_7
Making features
makeFeatures: max memory 932184064, total allocated 179306496, free 66230824, used 113075672, increment 4189400
Gustavia_santanderiensis_1 bio_7: 
Regularization values: linear/quadratic/product: 0.423, categorical: 0.250, threshold: 1.790, hinge: 0.500
21 samples
Density: max memory 932184064, total allocated 179306496, free 66230824, used 113075672, increment 0
linearPredictor: max memory 932184064, total allocated 179306496, free 66230824, used 113075672, increment 0
FeaturedSpace: max memory 932184064, total allocated 179306496, free 66230824, used 113075672, increment 0
Sequential: max memory 932184064, total allocated 179306496, free 66230824, used 113075672, increment 0
Initial loss: 9.212038928611765
20: time = 0.107000 loss = 9.212039
Resulting gain: 0.0
Gustavia_santanderiensis_1 response curves
Response curve: only bio_ai_et0
Making features
makeFeatures: max memory 932184064, total allocated 179306496, free 62042280, used 117264216, increment 4188544
Gustavia_santanderiensis_1 bio_ai_et0: 
Regularization values: linear/quadratic/product: 0.423, categorical: 0.250, threshold: 1.790, hinge: 0.500
21 samples
Density: max memory 932184064, total allocated 179306496, free 62042280, used 117264216, increment 0
linearPredictor: max memory 932184064, total allocated 179306496, free 62042280, used 117264216, increment 0
FeaturedSpace: max memory 932184064, total allocated 179306496, free 62042280, used 117264216, increment 0
Sequential: max memory 932184064, total allocated 179306496, free 62042280, used 117264216, increment 0
Initial loss: 9.212038928611765
Time since start: 49.397
60: time = 0.726000 loss = 9.200190
Resulting gain: 0.011848805897898274
Gustavia_santanderiensis_1 response curves
Response curve: only bio_et0_yr
Making features
makeFeatures: max memory 932184064, total allocated 179306496, free 58986784, used 120319712, increment 3055496
Gustavia_santanderiensis_1 bio_et0_yr: 
Regularization values: linear/quadratic/product: 0.423, categorical: 0.250, threshold: 1.790, hinge: 0.500
21 samples
Density: max memory 932184064, total allocated 179306496, free 58906632, used 120399864, increment 80152
linearPredictor: max memory 932184064, total allocated 179306496, free 58826480, used 120480016, increment 80152
FeaturedSpace: max memory 932184064, total allocated 179306496, free 58826480, used 120480016, increment 0
Sequential: max memory 932184064, total allocated 179306496, free 58826480, used 120480016, increment 0
Initial loss: 9.212038928611765
60: time = 0.185000 loss = 9.179372
Resulting gain: 0.03266675274362818
Gustavia_santanderiensis_1 response curves
Time since start: 50.635
Jackknife: leave bio_1 out
Making features
makeFeatures: max memory 932184064, total allocated 170393600, free 115310008, used 55083592, increment -65396424
Gustavia_santanderiensis_1 bio_1: 
Regularization values: linear/quadratic/product: 0.423, categorical: 0.250, threshold: 1.790, hinge: 0.500
21 samples
Density: max memory 932184064, total allocated 170393600, free 113279312, used 57114288, increment 2030696
linearPredictor: max memory 932184064, total allocated 170393600, free 113279312, used 57114288, increment 0
FeaturedSpace: max memory 932184064, total allocated 170393600, free 113279312, used 57114288, increment 0
Sequential: max memory 932184064, total allocated 170393600, free 113279312, used 57114288, increment 0
Initial loss: 9.212038928611765
140: time = 0.292000 loss = 7.922603
Jackknife: leave bio_10 out
Making features
makeFeatures: max memory 932184064, total allocated 170393600, free 111248616, used 59144984, increment 2030696
Gustavia_santanderiensis_1 bio_10: 
Regularization values: linear/quadratic/product: 0.423, categorical: 0.250, threshold: 1.790, hinge: 0.500
21 samples
Density: max memory 932184064, total allocated 170393600, free 111248616, used 59144984, increment 0
linearPredictor: max memory 932184064, total allocated 170393600, free 111248616, used 59144984, increment 0
FeaturedSpace: max memory 932184064, total allocated 170393600, free 111248616, used 59144984, increment 0
Sequential: max memory 932184064, total allocated 170393600, free 111248616, used 59144984, increment 0
Initial loss: 9.212038928611765
180: time = 0.311000 loss = 7.910649
Jackknife: leave bio_11 out
Making features
makeFeatures: max memory 932184064, total allocated 170393600, free 109405120, used 60988480, increment 1843496
Gustavia_santanderiensis_1 bio_11: 
Regularization values: linear/quadratic/product: 0.423, categorical: 0.250, threshold: 1.790, hinge: 0.500
21 samples
Density: max memory 932184064, total allocated 170393600, free 107374424, used 63019176, increment 2030696
linearPredictor: max memory 932184064, total allocated 170393600, free 107374424, used 63019176, increment 0
FeaturedSpace: max memory 932184064, total allocated 170393600, free 107374424, used 63019176, increment 0
Sequential: max memory 932184064, total allocated 170393600, free 107374424, used 63019176, increment 0
Initial loss: 9.212038928611765
180: time = 0.299000 loss = 7.910649
Jackknife: leave bio_12 out
Making features
makeFeatures: max memory 932184064, total allocated 170393600, free 106412600, used 63981000, increment 961824
Gustavia_santanderiensis_1 bio_12: 
Regularization values: linear/quadratic/product: 0.423, categorical: 0.250, threshold: 1.790, hinge: 0.500
21 samples
Density: max memory 932184064, total allocated 170393600, free 106332448, used 64061152, increment 80152
linearPredictor: max memory 932184064, total allocated 170393600, free 106252296, used 64141304, increment 80152
FeaturedSpace: max memory 932184064, total allocated 170393600, free 106252296, used 64141304, increment 0
Sequential: max memory 932184064, total allocated 170393600, free 106252296, used 64141304, increment 0
Initial loss: 9.212038928611765
Time since start: 52.407
180: time = 0.823000 loss = 7.910649
Jackknife: leave bio_13 out
Making features
makeFeatures: max memory 932184064, total allocated 170393600, free 102271008, used 68122592, increment 3981288
Gustavia_santanderiensis_1 bio_13: 
Regularization values: linear/quadratic/product: 0.423, categorical: 0.250, threshold: 1.790, hinge: 0.500
21 samples
Density: max memory 932184064, total allocated 170393600, free 102271008, used 68122592, increment 0
linearPredictor: max memory 932184064, total allocated 170393600, free 102271008, used 68122592, increment 0
FeaturedSpace: max memory 932184064, total allocated 170393600, free 102271008, used 68122592, increment 0
Sequential: max memory 932184064, total allocated 170393600, free 102271008, used 68122592, increment 0
Initial loss: 9.212038928611765
180: time = 0.347000 loss = 7.910649
Jackknife: leave bio_14 out
Making features
makeFeatures: max memory 932184064, total allocated 170393600, free 100507664, used 69885936, increment 1763344
Gustavia_santanderiensis_1 bio_14: 
Regularization values: linear/quadratic/product: 0.423, categorical: 0.250, threshold: 1.790, hinge: 0.500
21 samples
Density: max memory 932184064, total allocated 170393600, free 98476968, used 71916632, increment 2030696
linearPredictor: max memory 932184064, total allocated 170393600, free 98476968, used 71916632, increment 0
FeaturedSpace: max memory 932184064, total allocated 170393600, free 98476968, used 71916632, increment 0
Sequential: max memory 932184064, total allocated 170393600, free 98476968, used 71916632, increment 0
Initial loss: 9.212038928611765
180: time = 0.336000 loss = 7.910649
Jackknife: leave bio_15 out
Making features
makeFeatures: max memory 932184064, total allocated 170393600, free 97515144, used 72878456, increment 961824
Gustavia_santanderiensis_1 bio_15: 
Regularization values: linear/quadratic/product: 0.423, categorical: 0.250, threshold: 1.790, hinge: 0.500
21 samples
Density: max memory 932184064, total allocated 170393600, free 97434992, used 72958608, increment 80152
linearPredictor: max memory 932184064, total allocated 170393600, free 97354840, used 73038760, increment 80152
FeaturedSpace: max memory 932184064, total allocated 170393600, free 97354840, used 73038760, increment 0
Sequential: max memory 932184064, total allocated 170393600, free 97354840, used 73038760, increment 0
Initial loss: 9.212038928611765
100: time = 0.232000 loss = 8.220385
Jackknife: leave bio_16 out
Making features
makeFeatures: max memory 932184064, total allocated 170393600, free 93373544, used 77020056, increment 3981296
Gustavia_santanderiensis_1 bio_16: 
Regularization values: linear/quadratic/product: 0.423, categorical: 0.250, threshold: 1.790, hinge: 0.500
21 samples
Density: max memory 932184064, total allocated 170393600, free 93373544, used 77020056, increment 0
linearPredictor: max memory 932184064, total allocated 170393600, free 93373544, used 77020056, increment 0
FeaturedSpace: max memory 932184064, total allocated 170393600, free 93373544, used 77020056, increment 0
Sequential: max memory 932184064, total allocated 170393600, free 93373544, used 77020056, increment 0
Initial loss: 9.212038928611765
Time since start: 53.724
180: time = 0.334000 loss = 7.910649
Jackknife: leave bio_17 out
Making features
makeFeatures: max memory 932184064, total allocated 170393600, free 91690352, used 78703248, increment 1683192
Gustavia_santanderiensis_1 bio_17: 
Regularization values: linear/quadratic/product: 0.423, categorical: 0.250, threshold: 1.790, hinge: 0.500
21 samples
Density: max memory 932184064, total allocated 170393600, free 89659656, used 80733944, increment 2030696
linearPredictor: max memory 932184064, total allocated 170393600, free 89659656, used 80733944, increment 0
FeaturedSpace: max memory 932184064, total allocated 170393600, free 89659656, used 80733944, increment 0
Sequential: max memory 932184064, total allocated 170393600, free 89659656, used 80733944, increment 0
Initial loss: 9.212038928611765
140: time = 0.344000 loss = 7.910649
Jackknife: leave bio_2 out
Making features
makeFeatures: max memory 932184064, total allocated 170393600, free 87628960, used 82764640, increment 2030696
Gustavia_santanderiensis_1 bio_2: 
Regularization values: linear/quadratic/product: 0.423, categorical: 0.250, threshold: 1.790, hinge: 0.500
21 samples
Density: max memory 932184064, total allocated 170393600, free 87628960, used 82764640, increment 0
linearPredictor: max memory 932184064, total allocated 170393600, free 87628960, used 82764640, increment 0
FeaturedSpace: max memory 932184064, total allocated 170393600, free 87628960, used 82764640, increment 0
Sequential: max memory 932184064, total allocated 170393600, free 87628960, used 82764640, increment 0
Initial loss: 9.212038928611765
180: time = 0.306000 loss = 7.910650
Jackknife: leave bio_3 out
Making features
makeFeatures: max memory 932184064, total allocated 170393600, free 85785464, used 84608136, increment 1843496
Gustavia_santanderiensis_1 bio_3: 
Regularization values: linear/quadratic/product: 0.423, categorical: 0.250, threshold: 1.790, hinge: 0.500
21 samples
Density: max memory 932184064, total allocated 170393600, free 83754768, used 86638832, increment 2030696
linearPredictor: max memory 932184064, total allocated 170393600, free 83754768, used 86638832, increment 0
FeaturedSpace: max memory 932184064, total allocated 170393600, free 83754768, used 86638832, increment 0
Sequential: max memory 932184064, total allocated 170393600, free 83754768, used 86638832, increment 0
Initial loss: 9.212038928611765
180: time = 0.303000 loss = 7.910650
Jackknife: leave bio_4 out
Making features
makeFeatures: max memory 932184064, total allocated 170393600, free 82792944, used 87600656, increment 961824
Gustavia_santanderiensis_1 bio_4: 
Regularization values: linear/quadratic/product: 0.423, categorical: 0.250, threshold: 1.790, hinge: 0.500
21 samples
Density: max memory 932184064, total allocated 170393600, free 82712792, used 87680808, increment 80152
linearPredictor: max memory 932184064, total allocated 170393600, free 82632640, used 87760960, increment 80152
FeaturedSpace: max memory 932184064, total allocated 170393600, free 82632640, used 87760960, increment 0
Sequential: max memory 932184064, total allocated 170393600, free 82632640, used 87760960, increment 0
Initial loss: 9.212038928611765
Time since start: 55.015
180: time = 0.295000 loss = 7.910649
Jackknife: leave bio_5 out
Making features
makeFeatures: max memory 932184064, total allocated 170393600, free 78651256, used 91742344, increment 3981384
Gustavia_santanderiensis_1 bio_5: 
Regularization values: linear/quadratic/product: 0.423, categorical: 0.250, threshold: 1.790, hinge: 0.500
21 samples
Density: max memory 932184064, total allocated 170393600, free 78651256, used 91742344, increment 0
linearPredictor: max memory 932184064, total allocated 170393600, free 78651256, used 91742344, increment 0
FeaturedSpace: max memory 932184064, total allocated 170393600, free 78651256, used 91742344, increment 0
Sequential: max memory 932184064, total allocated 170393600, free 78651256, used 91742344, increment 0
Initial loss: 9.212038928611765
140: time = 0.256000 loss = 7.910649
Jackknife: leave bio_6 out
Making features
makeFeatures: max memory 932184064, total allocated 170393600, free 76620560, used 93773040, increment 2030696
Gustavia_santanderiensis_1 bio_6: 
Regularization values: linear/quadratic/product: 0.423, categorical: 0.250, threshold: 1.790, hinge: 0.500
21 samples
Density: max memory 932184064, total allocated 170393600, free 76620560, used 93773040, increment 0
linearPredictor: max memory 932184064, total allocated 170393600, free 76620560, used 93773040, increment 0
FeaturedSpace: max memory 932184064, total allocated 170393600, free 76620560, used 93773040, increment 0
Sequential: max memory 932184064, total allocated 170393600, free 76620560, used 93773040, increment 0
Initial loss: 9.212038928611765
100: time = 0.288000 loss = 7.911019
Jackknife: leave bio_7 out
Making features
makeFeatures: max memory 932184064, total allocated 170393600, free 74055696, used 96337904, increment 2564864
Gustavia_santanderiensis_1 bio_7: 
Regularization values: linear/quadratic/product: 0.423, categorical: 0.250, threshold: 1.790, hinge: 0.500
21 samples
Density: max memory 932184064, total allocated 170393600, free 72025000, used 98368600, increment 2030696
linearPredictor: max memory 932184064, total allocated 170393600, free 72025000, used 98368600, increment 0
FeaturedSpace: max memory 932184064, total allocated 170393600, free 72025000, used 98368600, increment 0
Sequential: max memory 932184064, total allocated 170393600, free 72025000, used 98368600, increment 0
Initial loss: 9.212038928611765
180: time = 0.305000 loss = 7.910650
Jackknife: leave bio_ai_et0 out
Making features
makeFeatures: max memory 932184064, total allocated 170393600, free 71063176, used 99330424, increment 961824
Gustavia_santanderiensis_1 bio_ai_et0: 
Regularization values: linear/quadratic/product: 0.423, categorical: 0.250, threshold: 1.790, hinge: 0.500
21 samples
Density: max memory 932184064, total allocated 170393600, free 70983024, used 99410576, increment 80152
linearPredictor: max memory 932184064, total allocated 170393600, free 70902872, used 99490728, increment 80152
FeaturedSpace: max memory 932184064, total allocated 170393600, free 70902872, used 99490728, increment 0
Sequential: max memory 932184064, total allocated 170393600, free 70902872, used 99490728, increment 0
Initial loss: 9.212038928611765
Time since start: 56.211
180: time = 0.305000 loss = 7.910650
Jackknife: leave bio_et0_yr out
Making features
makeFeatures: max memory 932184064, total allocated 170393600, free 66921360, used 103472240, increment 3981512
Gustavia_santanderiensis_1 bio_et0_yr: 
Regularization values: linear/quadratic/product: 0.423, categorical: 0.250, threshold: 1.790, hinge: 0.500
21 samples
Density: max memory 932184064, total allocated 170393600, free 66921360, used 103472240, increment 0
linearPredictor: max memory 932184064, total allocated 170393600, free 66921360, used 103472240, increment 0
FeaturedSpace: max memory 932184064, total allocated 170393600, free 66921360, used 103472240, increment 0
Sequential: max memory 932184064, total allocated 170393600, free 66921360, used 103472240, increment 0
Initial loss: 9.212038928611765
180: time = 0.314000 loss = 7.910650
Jackknife: only bio_1
Making features
makeFeatures: max memory 932184064, total allocated 170393600, free 66921360, used 103472240, increment 0
Gustavia_santanderiensis_1 bio_1: 
Regularization values: linear/quadratic/product: 0.423, categorical: 0.250, threshold: 1.790, hinge: 0.500
21 samples
Density: max memory 932184064, total allocated 170393600, free 66921360, used 103472240, increment 0
linearPredictor: max memory 932184064, total allocated 170393600, free 66921360, used 103472240, increment 0
FeaturedSpace: max memory 932184064, total allocated 170393600, free 66921360, used 103472240, increment 0
Sequential: max memory 932184064, total allocated 170393600, free 66921360, used 103472240, increment 0
Initial loss: 9.212038928611765
60: time = 0.211000 loss = 8.907623
Res.gain: 0.3044163412679488
Jackknife: only bio_10
Making features
makeFeatures: max memory 932184064, total allocated 170393600, free 66921360, used 103472240, increment 0
Gustavia_santanderiensis_1 bio_10: 
Regularization values: linear/quadratic/product: 0.423, categorical: 0.250, threshold: 1.790, hinge: 0.500
21 samples
Density: max memory 932184064, total allocated 170393600, free 66921360, used 103472240, increment 0
linearPredictor: max memory 932184064, total allocated 170393600, free 66921360, used 103472240, increment 0
FeaturedSpace: max memory 932184064, total allocated 170393600, free 66921360, used 103472240, increment 0
Sequential: max memory 932184064, total allocated 170393600, free 66921360, used 103472240, increment 0
Initial loss: 9.212038928611765
60: time = 0.206000 loss = 8.939331
Res.gain: 0.2727074851315656
Jackknife: only bio_11
Making features
makeFeatures: max memory 932184064, total allocated 170393600, free 64890664, used 105502936, increment 2030696
Gustavia_santanderiensis_1 bio_11: 
Regularization values: linear/quadratic/product: 0.423, categorical: 0.250, threshold: 1.790, hinge: 0.500
21 samples
Density: max memory 932184064, total allocated 170393600, free 64890664, used 105502936, increment 0
linearPredictor: max memory 932184064, total allocated 170393600, free 64890664, used 105502936, increment 0
FeaturedSpace: max memory 932184064, total allocated 170393600, free 64890664, used 105502936, increment 0
Sequential: max memory 932184064, total allocated 170393600, free 64890664, used 105502936, increment 0
Initial loss: 9.212038928611765
60: time = 0.233000 loss = 8.922585
Res.gain: 0.2894535421969966
Jackknife: only bio_12
Making features
makeFeatures: max memory 932184064, total allocated 170393600, free 64890664, used 105502936, increment 0
Gustavia_santanderiensis_1 bio_12: 
Regularization values: linear/quadratic/product: 0.423, categorical: 0.250, threshold: 1.790, hinge: 0.500
21 samples
Density: max memory 932184064, total allocated 170393600, free 64890664, used 105502936, increment 0
linearPredictor: max memory 932184064, total allocated 170393600, free 64890664, used 105502936, increment 0
FeaturedSpace: max memory 932184064, total allocated 170393600, free 64890664, used 105502936, increment 0
Sequential: max memory 932184064, total allocated 170393600, free 64890664, used 105502936, increment 0
Initial loss: 9.212038928611765
Time since start: 57.391
60: time = 0.194000 loss = 9.170680
Res.gain: 0.04135870299588973
Jackknife: only bio_13
Making features
makeFeatures: max memory 932184064, total allocated 170393600, free 64890664, used 105502936, increment 0
Gustavia_santanderiensis_1 bio_13: 
Regularization values: linear/quadratic/product: 0.423, categorical: 0.250, threshold: 1.790, hinge: 0.500
21 samples
Density: max memory 932184064, total allocated 170393600, free 64890664, used 105502936, increment 0
linearPredictor: max memory 932184064, total allocated 170393600, free 64890664, used 105502936, increment 0
FeaturedSpace: max memory 932184064, total allocated 170393600, free 64890664, used 105502936, increment 0
Sequential: max memory 932184064, total allocated 170393600, free 64890664, used 105502936, increment 0
Initial loss: 9.212038928611765
60: time = 0.206000 loss = 9.208314
Res.gain: 0.0037245771031511055
Jackknife: only bio_14
Making features
makeFeatures: max memory 932184064, total allocated 170393600, free 64890664, used 105502936, increment 0
Gustavia_santanderiensis_1 bio_14: 
Regularization values: linear/quadratic/product: 0.423, categorical: 0.250, threshold: 1.790, hinge: 0.500
21 samples
Density: max memory 932184064, total allocated 170393600, free 64890664, used 105502936, increment 0
linearPredictor: max memory 932184064, total allocated 170393600, free 64890664, used 105502936, increment 0
FeaturedSpace: max memory 932184064, total allocated 170393600, free 64890664, used 105502936, increment 0
Sequential: max memory 932184064, total allocated 170393600, free 64890664, used 105502936, increment 0
Initial loss: 9.212038928611765
60: time = 0.173000 loss = 9.134815
Res.gain: 0.07722394094632357
Jackknife: only bio_15
Making features
makeFeatures: max memory 932184064, total allocated 170393600, free 64890664, used 105502936, increment 0
Gustavia_santanderiensis_1 bio_15: 
Regularization values: linear/quadratic/product: 0.423, categorical: 0.250, threshold: 1.790, hinge: 0.500
21 samples
Density: max memory 932184064, total allocated 170393600, free 64890664, used 105502936, increment 0
linearPredictor: max memory 932184064, total allocated 170393600, free 64890664, used 105502936, increment 0
FeaturedSpace: max memory 932184064, total allocated 170393600, free 64890664, used 105502936, increment 0
Sequential: max memory 932184064, total allocated 170393600, free 64890664, used 105502936, increment 0
Initial loss: 9.212038928611765
60: time = 0.183000 loss = 9.035650
Res.gain: 0.17638930230065064
Jackknife: only bio_16
Making features
makeFeatures: max memory 932184064, total allocated 170393600, free 64890664, used 105502936, increment 0
Gustavia_santanderiensis_1 bio_16: 
Regularization values: linear/quadratic/product: 0.423, categorical: 0.250, threshold: 1.790, hinge: 0.500
21 samples
Density: max memory 932184064, total allocated 170393600, free 64810512, used 105583088, increment 80152
linearPredictor: max memory 932184064, total allocated 170393600, free 64730360, used 105663240, increment 80152
FeaturedSpace: max memory 932184064, total allocated 170393600, free 64730360, used 105663240, increment 0
Sequential: max memory 932184064, total allocated 170393600, free 64730360, used 105663240, increment 0
Initial loss: 9.212038928611765
60: time = 0.178000 loss = 9.210099
Res.gain: 0.0019400891315992652
Jackknife: only bio_17
Making features
makeFeatures: max memory 932184064, total allocated 170393600, free 62699664, used 107693936, increment 2030696
Gustavia_santanderiensis_1 bio_17: 
Regularization values: linear/quadratic/product: 0.423, categorical: 0.250, threshold: 1.790, hinge: 0.500
21 samples
Density: max memory 932184064, total allocated 170393600, free 62699664, used 107693936, increment 0
linearPredictor: max memory 932184064, total allocated 170393600, free 62699664, used 107693936, increment 0
FeaturedSpace: max memory 932184064, total allocated 170393600, free 62699664, used 107693936, increment 0
Sequential: max memory 932184064, total allocated 170393600, free 62699664, used 107693936, increment 0
Initial loss: 9.212038928611765
60: time = 0.175000 loss = 9.023584
Res.gain: 0.1884549662122854
Jackknife: only bio_2
Making features
makeFeatures: max memory 932184064, total allocated 170393600, free 62699664, used 107693936, increment 0
Gustavia_santanderiensis_1 bio_2: 
Regularization values: linear/quadratic/product: 0.423, categorical: 0.250, threshold: 1.790, hinge: 0.500
21 samples
Density: max memory 932184064, total allocated 170393600, free 62699664, used 107693936, increment 0
linearPredictor: max memory 932184064, total allocated 170393600, free 62699664, used 107693936, increment 0
FeaturedSpace: max memory 932184064, total allocated 170393600, free 62699664, used 107693936, increment 0
Sequential: max memory 932184064, total allocated 170393600, free 62699664, used 107693936, increment 0
Initial loss: 9.212038928611765
Time since start: 58.544
60: time = 0.219000 loss = 9.183296
Res.gain: 0.028743294587819435
Jackknife: only bio_3
Making features
makeFeatures: max memory 932184064, total allocated 170393600, free 62699664, used 107693936, increment 0
Gustavia_santanderiensis_1 bio_3: 
Regularization values: linear/quadratic/product: 0.423, categorical: 0.250, threshold: 1.790, hinge: 0.500
21 samples
Density: max memory 932184064, total allocated 170393600, free 62699664, used 107693936, increment 0
linearPredictor: max memory 932184064, total allocated 170393600, free 62699664, used 107693936, increment 0
FeaturedSpace: max memory 932184064, total allocated 170393600, free 62699664, used 107693936, increment 0
Sequential: max memory 932184064, total allocated 170393600, free 62699664, used 107693936, increment 0
Initial loss: 9.212038928611765
60: time = 0.225000 loss = 9.193048
Res.gain: 0.018990727521156714
Jackknife: only bio_4
Making features
makeFeatures: max memory 932184064, total allocated 170393600, free 62699664, used 107693936, increment 0
Gustavia_santanderiensis_1 bio_4: 
Regularization values: linear/quadratic/product: 0.423, categorical: 0.250, threshold: 1.790, hinge: 0.500
21 samples
Density: max memory 932184064, total allocated 170393600, free 62699664, used 107693936, increment 0
linearPredictor: max memory 932184064, total allocated 170393600, free 62699664, used 107693936, increment 0
FeaturedSpace: max memory 932184064, total allocated 170393600, free 62699664, used 107693936, increment 0
Sequential: max memory 932184064, total allocated 170393600, free 62699664, used 107693936, increment 0
Initial loss: 9.212038928611765
20: time = 0.098000 loss = 9.212039
Res.gain: 0.0
Jackknife: only bio_5
Making features
makeFeatures: max memory 932184064, total allocated 170393600, free 62699664, used 107693936, increment 0
Gustavia_santanderiensis_1 bio_5: 
Regularization values: linear/quadratic/product: 0.423, categorical: 0.250, threshold: 1.790, hinge: 0.500
21 samples
Density: max memory 932184064, total allocated 170393600, free 62699664, used 107693936, increment 0
linearPredictor: max memory 932184064, total allocated 170393600, free 62699664, used 107693936, increment 0
FeaturedSpace: max memory 932184064, total allocated 170393600, free 62699664, used 107693936, increment 0
Sequential: max memory 932184064, total allocated 170393600, free 62699664, used 107693936, increment 0
Initial loss: 9.212038928611765
60: time = 0.235000 loss = 8.944814
Res.gain: 0.2672250509793592
Jackknife: only bio_6
Making features
makeFeatures: max memory 932184064, total allocated 170393600, free 62699664, used 107693936, increment 0
Gustavia_santanderiensis_1 bio_6: 
Regularization values: linear/quadratic/product: 0.423, categorical: 0.250, threshold: 1.790, hinge: 0.500
21 samples
Density: max memory 932184064, total allocated 170393600, free 60668968, used 109724632, increment 2030696
linearPredictor: max memory 932184064, total allocated 170393600, free 60668968, used 109724632, increment 0
FeaturedSpace: max memory 932184064, total allocated 170393600, free 60668968, used 109724632, increment 0
Sequential: max memory 932184064, total allocated 170393600, free 60668968, used 109724632, increment 0
Initial loss: 9.212038928611765
60: time = 0.217000 loss = 8.892552
Res.gain: 0.31948643423367074
Jackknife: only bio_7
Making features
makeFeatures: max memory 932184064, total allocated 170393600, free 60668968, used 109724632, increment 0
Gustavia_santanderiensis_1 bio_7: 
Regularization values: linear/quadratic/product: 0.423, categorical: 0.250, threshold: 1.790, hinge: 0.500
21 samples
Density: max memory 932184064, total allocated 170393600, free 60668968, used 109724632, increment 0
linearPredictor: max memory 932184064, total allocated 170393600, free 60668968, used 109724632, increment 0
FeaturedSpace: max memory 932184064, total allocated 170393600, free 60668968, used 109724632, increment 0
Sequential: max memory 932184064, total allocated 170393600, free 60668968, used 109724632, increment 0
Initial loss: 9.212038928611765
20: time = 0.098000 loss = 9.212039
Res.gain: 0.0
Jackknife: only bio_ai_et0
Making features
makeFeatures: max memory 932184064, total allocated 170393600, free 60668968, used 109724632, increment 0
Gustavia_santanderiensis_1 bio_ai_et0: 
Regularization values: linear/quadratic/product: 0.423, categorical: 0.250, threshold: 1.790, hinge: 0.500
21 samples
Density: max memory 932184064, total allocated 170393600, free 60668968, used 109724632, increment 0
linearPredictor: max memory 932184064, total allocated 170393600, free 60668968, used 109724632, increment 0
FeaturedSpace: max memory 932184064, total allocated 170393600, free 60668968, used 109724632, increment 0
Sequential: max memory 932184064, total allocated 170393600, free 60668968, used 109724632, increment 0
Initial loss: 9.212038928611765
Time since start: 59.634
60: time = 0.197000 loss = 9.200190
Res.gain: 0.011848805897898274
Jackknife: only bio_et0_yr
Making features
makeFeatures: max memory 932184064, total allocated 170393600, free 60668968, used 109724632, increment 0
Gustavia_santanderiensis_1 bio_et0_yr: 
Regularization values: linear/quadratic/product: 0.423, categorical: 0.250, threshold: 1.790, hinge: 0.500
21 samples
Density: max memory 932184064, total allocated 170393600, free 60668968, used 109724632, increment 0
linearPredictor: max memory 932184064, total allocated 170393600, free 60668968, used 109724632, increment 0
FeaturedSpace: max memory 932184064, total allocated 170393600, free 60668968, used 109724632, increment 0
Sequential: max memory 932184064, total allocated 170393600, free 60668968, used 109724632, increment 0
Initial loss: 9.212038928611765
60: time = 0.173000 loss = 9.179372
Res.gain: 0.03266675274362818
getSamples: max memory 932184064, total allocated 170393600, free 55300632, used 115092968, increment 5368336
Making features
makeFeatures: max memory 932184064, total allocated 170393600, free 53269904, used 117123696, increment 2030728
Gustavia_santanderiensis_2: 
Regularization values: linear/quadratic/product: 0.423, categorical: 0.250, threshold: 1.790, hinge: 0.500
21 samples
Density: max memory 932184064, total allocated 170393600, free 53269904, used 117123696, increment 0
linearPredictor: max memory 932184064, total allocated 170393600, free 53269904, used 117123696, increment 0
FeaturedSpace: max memory 932184064, total allocated 170393600, free 53269904, used 117123696, increment 0
Sequential: max memory 932184064, total allocated 170393600, free 53269904, used 117123696, increment 0
Initial loss: 9.212438170058329
240: time = 0.419000 loss = 7.792017
Resulting gain: 1.420421629474907
Time since start: 60.733
Projecting...
Writing file C:\Users\Camila\Desktop\Modelo opc3\Final_Models\M_4_F_q_Set_1\Gustavia_santanderiensis_2.asc
Time since start: 63.473
Writing C:\Users\Camila\Desktop\Modelo opc3\Final_Models\M_4_F_q_Set_1\plots\Gustavia_santanderiensis_2.png
Gustavia_santanderiensis_2 response curves
Time since start: 67.346
Response curve: only bio_1
Making features
makeFeatures: max memory 932184064, total allocated 156762112, free 98702536, used 58059576, increment -59064120
Gustavia_santanderiensis_2 bio_1: 
Regularization values: linear/quadratic/product: 0.423, categorical: 0.250, threshold: 1.790, hinge: 0.500
21 samples
Density: max memory 932184064, total allocated 156762112, free 98702536, used 58059576, increment 0
linearPredictor: max memory 932184064, total allocated 156762112, free 98702536, used 58059576, increment 0
FeaturedSpace: max memory 932184064, total allocated 156762112, free 98702536, used 58059576, increment 0
Sequential: max memory 932184064, total allocated 156762112, free 98702536, used 58059576, increment 0
Initial loss: 9.212438170058329
60: time = 0.689000 loss = 8.991797
Resulting gain: 0.22064139144678485
Gustavia_santanderiensis_2 response curves
Response curve: only bio_10
Making features
makeFeatures: max memory 932184064, total allocated 156762112, free 94365720, used 62396392, increment 4336816
Gustavia_santanderiensis_2 bio_10: 
Regularization values: linear/quadratic/product: 0.423, categorical: 0.250, threshold: 1.790, hinge: 0.500
21 samples
Density: max memory 932184064, total allocated 156762112, free 94365720, used 62396392, increment 0
linearPredictor: max memory 932184064, total allocated 156762112, free 94365720, used 62396392, increment 0
FeaturedSpace: max memory 932184064, total allocated 156762112, free 94365720, used 62396392, increment 0
Sequential: max memory 932184064, total allocated 156762112, free 94365720, used 62396392, increment 0
Initial loss: 9.212438170058329
Time since start: 68.46
60: time = 0.247000 loss = 9.020208
Resulting gain: 0.19223025040287567
Gustavia_santanderiensis_2 response curves
Response curve: only bio_11
Making features
makeFeatures: max memory 932184064, total allocated 156762112, free 89304856, used 67457256, increment 5060864
Gustavia_santanderiensis_2 bio_11: 
Regularization values: linear/quadratic/product: 0.423, categorical: 0.250, threshold: 1.790, hinge: 0.500
21 samples
Density: max memory 932184064, total allocated 156762112, free 89304856, used 67457256, increment 0
linearPredictor: max memory 932184064, total allocated 156762112, free 89304856, used 67457256, increment 0
FeaturedSpace: max memory 932184064, total allocated 156762112, free 89304856, used 67457256, increment 0
Sequential: max memory 932184064, total allocated 156762112, free 89304856, used 67457256, increment 0
Initial loss: 9.212438170058329
60: time = 0.768000 loss = 9.006381
Resulting gain: 0.2060571395136499
Gustavia_santanderiensis_2 response curves
Time since start: 69.557
Response curve: only bio_12
Making features
makeFeatures: max memory 932184064, total allocated 156762112, free 84852816, used 71909296, increment 4452040
Gustavia_santanderiensis_2 bio_12: 
Regularization values: linear/quadratic/product: 0.423, categorical: 0.250, threshold: 1.790, hinge: 0.500
21 samples
Density: max memory 932184064, total allocated 156762112, free 84852816, used 71909296, increment 0
linearPredictor: max memory 932184064, total allocated 156762112, free 84852816, used 71909296, increment 0
FeaturedSpace: max memory 932184064, total allocated 156762112, free 84852816, used 71909296, increment 0
Sequential: max memory 932184064, total allocated 156762112, free 84852816, used 71909296, increment 0
Initial loss: 9.212438170058329
60: time = 0.196000 loss = 9.158121
Resulting gain: 0.05431672621654471
Gustavia_santanderiensis_2 response curves
Response curve: only bio_13
Making features
makeFeatures: max memory 932184064, total allocated 156762112, free 80518416, used 76243696, increment 4334400
Gustavia_santanderiensis_2 bio_13: 
Regularization values: linear/quadratic/product: 0.423, categorical: 0.250, threshold: 1.790, hinge: 0.500
21 samples
Density: max memory 932184064, total allocated 156762112, free 80518416, used 76243696, increment 0
linearPredictor: max memory 932184064, total allocated 156762112, free 80518416, used 76243696, increment 0
FeaturedSpace: max memory 932184064, total allocated 156762112, free 80518416, used 76243696, increment 0
Sequential: max memory 932184064, total allocated 156762112, free 80518416, used 76243696, increment 0
Initial loss: 9.212438170058329
20: time = 0.102000 loss = 9.212438
Resulting gain: 0.0
Gustavia_santanderiensis_2 response curves
Response curve: only bio_14
Making features
makeFeatures: max memory 932184064, total allocated 156762112, free 76183920, used 80578192, increment 4334496
Gustavia_santanderiensis_2 bio_14: 
Regularization values: linear/quadratic/product: 0.423, categorical: 0.250, threshold: 1.790, hinge: 0.500
21 samples
Density: max memory 932184064, total allocated 156762112, free 76183920, used 80578192, increment 0
linearPredictor: max memory 932184064, total allocated 156762112, free 76183920, used 80578192, increment 0
FeaturedSpace: max memory 932184064, total allocated 156762112, free 76183920, used 80578192, increment 0
Sequential: max memory 932184064, total allocated 156762112, free 76183920, used 80578192, increment 0
Initial loss: 9.212438170058329
60: time = 0.230000 loss = 9.012891
Resulting gain: 0.1995468484830667
Gustavia_santanderiensis_2 response curves
Time since start: 70.629
Response curve: only bio_15
Making features
makeFeatures: max memory 932184064, total allocated 156762112, free 71731048, used 85031064, increment 4452872
Gustavia_santanderiensis_2 bio_15: 
Regularization values: linear/quadratic/product: 0.423, categorical: 0.250, threshold: 1.790, hinge: 0.500
21 samples
Density: max memory 932184064, total allocated 156762112, free 71731048, used 85031064, increment 0
linearPredictor: max memory 932184064, total allocated 156762112, free 71731048, used 85031064, increment 0
FeaturedSpace: max memory 932184064, total allocated 156762112, free 71731048, used 85031064, increment 0
Sequential: max memory 932184064, total allocated 156762112, free 71731048, used 85031064, increment 0
Initial loss: 9.212438170058329
60: time = 0.190000 loss = 8.927347
Resulting gain: 0.2850907475146247
Gustavia_santanderiensis_2 response curves
Response curve: only bio_16
Making features
makeFeatures: max memory 932184064, total allocated 156762112, free 67270768, used 89491344, increment 4460280
Gustavia_santanderiensis_2 bio_16: 
Regularization values: linear/quadratic/product: 0.423, categorical: 0.250, threshold: 1.790, hinge: 0.500
21 samples
Density: max memory 932184064, total allocated 156762112, free 67270768, used 89491344, increment 0
linearPredictor: max memory 932184064, total allocated 156762112, free 67270768, used 89491344, increment 0
FeaturedSpace: max memory 932184064, total allocated 156762112, free 67270768, used 89491344, increment 0
Sequential: max memory 932184064, total allocated 156762112, free 67270768, used 89491344, increment 0
Initial loss: 9.212438170058329
40: time = 0.109000 loss = 9.212119
Resulting gain: 3.186992459571769E-4
Gustavia_santanderiensis_2 response curves
Response curve: only bio_17
Making features
makeFeatures: max memory 932184064, total allocated 156762112, free 62935512, used 93826600, increment 4335256
Gustavia_santanderiensis_2 bio_17: 
Regularization values: linear/quadratic/product: 0.423, categorical: 0.250, threshold: 1.790, hinge: 0.500
21 samples
Density: max memory 932184064, total allocated 156762112, free 62935512, used 93826600, increment 0
linearPredictor: max memory 932184064, total allocated 156762112, free 62935512, used 93826600, increment 0
FeaturedSpace: max memory 932184064, total allocated 156762112, free 62935512, used 93826600, increment 0
Sequential: max memory 932184064, total allocated 156762112, free 62935512, used 93826600, increment 0
Initial loss: 9.212438170058329
60: time = 0.170000 loss = 8.897156
Resulting gain: 0.31528224151110784
Gustavia_santanderiensis_2 response curves
Response curve: only bio_2
Making features
makeFeatures: max memory 932184064, total allocated 156762112, free 58601112, used 98161000, increment 4334400
Gustavia_santanderiensis_2 bio_2: 
Regularization values: linear/quadratic/product: 0.423, categorical: 0.250, threshold: 1.790, hinge: 0.500
21 samples
Density: max memory 932184064, total allocated 156762112, free 58601112, used 98161000, increment 0
linearPredictor: max memory 932184064, total allocated 156762112, free 58601112, used 98161000, increment 0
FeaturedSpace: max memory 932184064, total allocated 156762112, free 58601112, used 98161000, increment 0
Sequential: max memory 932184064, total allocated 156762112, free 58601112, used 98161000, increment 0
Initial loss: 9.212438170058329
Time since start: 72.295
60: time = 0.735000 loss = 9.205610
Resulting gain: 0.006827752108037544
Gustavia_santanderiensis_2 response curves
Response curve: only bio_3
Making features
makeFeatures: max memory 932184064, total allocated 156762112, free 54148240, used 102613872, increment 4452872
Gustavia_santanderiensis_2 bio_3: 
Regularization values: linear/quadratic/product: 0.423, categorical: 0.250, threshold: 1.790, hinge: 0.500
21 samples
Density: max memory 932184064, total allocated 156762112, free 54148240, used 102613872, increment 0
linearPredictor: max memory 932184064, total allocated 156762112, free 54148240, used 102613872, increment 0
FeaturedSpace: max memory 932184064, total allocated 156762112, free 54148240, used 102613872, increment 0
Sequential: max memory 932184064, total allocated 156762112, free 54148240, used 102613872, increment 0
Initial loss: 9.212438170058329
60: time = 0.226000 loss = 9.175185
Resulting gain: 0.03725295687140928
Gustavia_santanderiensis_2 response curves
Response curve: only bio_4
Making features
makeFeatures: max memory 932184064, total allocated 149422080, free 126162768, used 23259312, increment -79354560
Gustavia_santanderiensis_2 bio_4: 
Regularization values: linear/quadratic/product: 0.423, categorical: 0.250, threshold: 1.790, hinge: 0.500
21 samples
Density: max memory 932184064, total allocated 149422080, free 126162768, used 23259312, increment 0
linearPredictor: max memory 932184064, total allocated 149422080, free 126162768, used 23259312, increment 0
FeaturedSpace: max memory 932184064, total allocated 149422080, free 126162768, used 23259312, increment 0
Sequential: max memory 932184064, total allocated 149422080, free 126162768, used 23259312, increment 0
Initial loss: 9.212438170058329
60: time = 0.202000 loss = 9.209942
Resulting gain: 0.002495886078527576
Gustavia_santanderiensis_2 response curves
Response curve: only bio_5
Making features
makeFeatures: max memory 932184064, total allocated 149422080, free 121952536, used 27469544, increment 4210232
Gustavia_santanderiensis_2 bio_5: 
Regularization values: linear/quadratic/product: 0.423, categorical: 0.250, threshold: 1.790, hinge: 0.500
21 samples
Density: max memory 932184064, total allocated 149422080, free 121952536, used 27469544, increment 0
linearPredictor: max memory 932184064, total allocated 149422080, free 121952536, used 27469544, increment 0
FeaturedSpace: max memory 932184064, total allocated 149422080, free 121952536, used 27469544, increment 0
Sequential: max memory 932184064, total allocated 149422080, free 121952536, used 27469544, increment 0
Initial loss: 9.212438170058329
Time since start: 73.963
60: time = 0.745000 loss = 9.025728
Resulting gain: 0.18671006473589458
Gustavia_santanderiensis_2 response curves
Response curve: only bio_6
Making features
makeFeatures: max memory 932184064, total allocated 149422080, free 117624680, used 31797400, increment 4327856
Gustavia_santanderiensis_2 bio_6: 
Regularization values: linear/quadratic/product: 0.423, categorical: 0.250, threshold: 1.790, hinge: 0.500
21 samples
Density: max memory 932184064, total allocated 149422080, free 117624680, used 31797400, increment 0
linearPredictor: max memory 932184064, total allocated 149422080, free 117624680, used 31797400, increment 0
FeaturedSpace: max memory 932184064, total allocated 149422080, free 117624680, used 31797400, increment 0
Sequential: max memory 932184064, total allocated 149422080, free 117624680, used 31797400, increment 0
Initial loss: 9.212438170058329
60: time = 0.246000 loss = 8.967106
Resulting gain: 0.24533216950796088
Gustavia_santanderiensis_2 response curves
Response curve: only bio_7
Making features
makeFeatures: max memory 932184064, total allocated 149422080, free 113412888, used 36009192, increment 4211792
Gustavia_santanderiensis_2 bio_7: 
Regularization values: linear/quadratic/product: 0.423, categorical: 0.250, threshold: 1.790, hinge: 0.500
21 samples
Density: max memory 932184064, total allocated 149422080, free 113412888, used 36009192, increment 0
linearPredictor: max memory 932184064, total allocated 149422080, free 113412888, used 36009192, increment 0
FeaturedSpace: max memory 932184064, total allocated 149422080, free 113412888, used 36009192, increment 0
Sequential: max memory 932184064, total allocated 149422080, free 113412888, used 36009192, increment 0
Initial loss: 9.212438170058329
20: time = 0.109000 loss = 9.212438
Resulting gain: 0.0
Gustavia_santanderiensis_2 response curves
Response curve: only bio_ai_et0
Making features
makeFeatures: max memory 932184064, total allocated 149422080, free 109201096, used 40220984, increment 4211792
Gustavia_santanderiensis_2 bio_ai_et0: 
Regularization values: linear/quadratic/product: 0.423, categorical: 0.250, threshold: 1.790, hinge: 0.500
21 samples
Density: max memory 932184064, total allocated 149422080, free 109201096, used 40220984, increment 0
linearPredictor: max memory 932184064, total allocated 149422080, free 109201096, used 40220984, increment 0
FeaturedSpace: max memory 932184064, total allocated 149422080, free 109201096, used 40220984, increment 0
Sequential: max memory 932184064, total allocated 149422080, free 109201096, used 40220984, increment 0
Initial loss: 9.212438170058329
Time since start: 75.015
60: time = 0.197000 loss = 9.188889
Resulting gain: 0.023549326858670838
Gustavia_santanderiensis_2 response curves
Response curve: only bio_et0_yr
Making features
makeFeatures: max memory 932184064, total allocated 149422080, free 104991696, used 44430384, increment 4209400
Gustavia_santanderiensis_2 bio_et0_yr: 
Regularization values: linear/quadratic/product: 0.423, categorical: 0.250, threshold: 1.790, hinge: 0.500
21 samples
Density: max memory 932184064, total allocated 149422080, free 104991696, used 44430384, increment 0
linearPredictor: max memory 932184064, total allocated 149422080, free 104991696, used 44430384, increment 0
FeaturedSpace: max memory 932184064, total allocated 149422080, free 104991696, used 44430384, increment 0
Sequential: max memory 932184064, total allocated 149422080, free 104991696, used 44430384, increment 0
Initial loss: 9.212438170058329
60: time = 0.233000 loss = 9.190715
Resulting gain: 0.0217231806634004
Gustavia_santanderiensis_2 response curves
Time since start: 76.082
Jackknife: leave bio_1 out
Making features
makeFeatures: max memory 932184064, total allocated 150470656, free 51925864, used 98544792, increment 54114408
Gustavia_santanderiensis_2 bio_1: 
Regularization values: linear/quadratic/product: 0.423, categorical: 0.250, threshold: 1.790, hinge: 0.500
21 samples
Density: max memory 932184064, total allocated 150470656, free 51925864, used 98544792, increment 0
linearPredictor: max memory 932184064, total allocated 150470656, free 51925864, used 98544792, increment 0
FeaturedSpace: max memory 932184064, total allocated 150470656, free 51925864, used 98544792, increment 0
Sequential: max memory 932184064, total allocated 150470656, free 51925864, used 98544792, increment 0
Initial loss: 9.212438170058329
140: time = 0.735000 loss = 7.792430
Jackknife: leave bio_10 out
Making features
makeFeatures: max memory 932184064, total allocated 150470656, free 49552696, used 100917960, increment 2373168
Gustavia_santanderiensis_2 bio_10: 
Regularization values: linear/quadratic/product: 0.423, categorical: 0.250, threshold: 1.790, hinge: 0.500
21 samples
Density: max memory 932184064, total allocated 150470656, free 49472512, used 100998144, increment 80184
linearPredictor: max memory 932184064, total allocated 150470656, free 48913144, used 101557512, increment 559368
FeaturedSpace: max memory 932184064, total allocated 150470656, free 48913144, used 101557512, increment 0
Sequential: max memory 932184064, total allocated 150470656, free 48913144, used 101557512, increment 0
Initial loss: 9.212438170058329
Time since start: 77.172
160: time = 0.331000 loss = 7.792168
Jackknife: leave bio_11 out
Making features
makeFeatures: max memory 932184064, total allocated 143654912, free 119819736, used 23835176, increment -77722336
Gustavia_santanderiensis_2 bio_11: 
Regularization values: linear/quadratic/product: 0.423, categorical: 0.250, threshold: 1.790, hinge: 0.500
21 samples
Density: max memory 932184064, total allocated 143654912, free 119739552, used 23915360, increment 80184
linearPredictor: max memory 932184064, total allocated 143654912, free 119659368, used 23995544, increment 80184
FeaturedSpace: max memory 932184064, total allocated 143654912, free 119659368, used 23995544, increment 0
Sequential: max memory 932184064, total allocated 143654912, free 119659368, used 23995544, increment 0
Initial loss: 9.212438170058329
160: time = 0.314000 loss = 7.792090
Jackknife: leave bio_12 out
Making features
makeFeatures: max memory 932184064, total allocated 143654912, free 116548656, used 27106256, increment 3110712
Gustavia_santanderiensis_2 bio_12: 
Regularization values: linear/quadratic/product: 0.423, categorical: 0.250, threshold: 1.790, hinge: 0.500
21 samples
Density: max memory 932184064, total allocated 143654912, free 116548656, used 27106256, increment 0
linearPredictor: max memory 932184064, total allocated 143654912, free 116548656, used 27106256, increment 0
FeaturedSpace: max memory 932184064, total allocated 143654912, free 116548656, used 27106256, increment 0
Sequential: max memory 932184064, total allocated 143654912, free 116548656, used 27106256, increment 0
Initial loss: 9.212438170058329
240: time = 0.446000 loss = 7.792017
Jackknife: leave bio_13 out
Making features
makeFeatures: max memory 932184064, total allocated 143654912, free 113438096, used 30216816, increment 3110560
Gustavia_santanderiensis_2 bio_13: 
Regularization values: linear/quadratic/product: 0.423, categorical: 0.250, threshold: 1.790, hinge: 0.500
21 samples
Density: max memory 932184064, total allocated 143654912, free 113438096, used 30216816, increment 0
linearPredictor: max memory 932184064, total allocated 143654912, free 113438096, used 30216816, increment 0
FeaturedSpace: max memory 932184064, total allocated 143654912, free 113438096, used 30216816, increment 0
Sequential: max memory 932184064, total allocated 143654912, free 113438096, used 30216816, increment 0
Initial loss: 9.212438170058329
Time since start: 78.372
220: time = 0.398000 loss = 7.792017
Jackknife: leave bio_14 out
Making features
makeFeatures: max memory 932184064, total allocated 143654912, free 110872208, used 32782704, increment 2565888
Gustavia_santanderiensis_2 bio_14: 
Regularization values: linear/quadratic/product: 0.423, categorical: 0.250, threshold: 1.790, hinge: 0.500
21 samples
Density: max memory 932184064, total allocated 143654912, free 109276896, used 34378016, increment 1595312
linearPredictor: max memory 932184064, total allocated 143654912, free 109276896, used 34378016, increment 0
FeaturedSpace: max memory 932184064, total allocated 143654912, free 109276896, used 34378016, increment 0
Sequential: max memory 932184064, total allocated 143654912, free 109276896, used 34378016, increment 0
Initial loss: 9.212438170058329
240: time = 0.396000 loss = 7.792017
Jackknife: leave bio_15 out
Making features
makeFeatures: max memory 932184064, total allocated 143654912, free 107833584, used 35821328, increment 1443312
Gustavia_santanderiensis_2 bio_15: 
Regularization values: linear/quadratic/product: 0.423, categorical: 0.250, threshold: 1.790, hinge: 0.500
21 samples
Density: max memory 932184064, total allocated 143654912, free 106238272, used 37416640, increment 1595312
linearPredictor: max memory 932184064, total allocated 143654912, free 106238272, used 37416640, increment 0
FeaturedSpace: max memory 932184064, total allocated 143654912, free 106238272, used 37416640, increment 0
Sequential: max memory 932184064, total allocated 143654912, free 106238272, used 37416640, increment 0
Initial loss: 9.212438170058329
100: time = 0.203000 loss = 8.135691
Jackknife: leave bio_16 out
Making features
makeFeatures: max memory 932184064, total allocated 143654912, free 104642960, used 39011952, increment 1595312
Gustavia_santanderiensis_2 bio_16: 
Regularization values: linear/quadratic/product: 0.423, categorical: 0.250, threshold: 1.790, hinge: 0.500
21 samples
Density: max memory 932184064, total allocated 143654912, free 104642960, used 39011952, increment 0
linearPredictor: max memory 932184064, total allocated 143654912, free 104642960, used 39011952, increment 0
FeaturedSpace: max memory 932184064, total allocated 143654912, free 104642960, used 39011952, increment 0
Sequential: max memory 932184064, total allocated 143654912, free 104642960, used 39011952, increment 0
Initial loss: 9.212438170058329
Time since start: 79.396
240: time = 0.391000 loss = 7.792017
Jackknife: leave bio_17 out
Making features
makeFeatures: max memory 932184064, total allocated 143654912, free 101532248, used 42122664, increment 3110712
Gustavia_santanderiensis_2 bio_17: 
Regularization values: linear/quadratic/product: 0.423, categorical: 0.250, threshold: 1.790, hinge: 0.500
21 samples
Density: max memory 932184064, total allocated 143654912, free 101532248, used 42122664, increment 0
linearPredictor: max memory 932184064, total allocated 143654912, free 101532248, used 42122664, increment 0
FeaturedSpace: max memory 932184064, total allocated 143654912, free 101532248, used 42122664, increment 0
Sequential: max memory 932184064, total allocated 143654912, free 101532248, used 42122664, increment 0
Initial loss: 9.212438170058329
240: time = 0.388000 loss = 7.798344
Jackknife: leave bio_2 out
Making features
makeFeatures: max memory 932184064, total allocated 143654912, free 98421752, used 45233160, increment 3110496
Gustavia_santanderiensis_2 bio_2: 
Regularization values: linear/quadratic/product: 0.423, categorical: 0.250, threshold: 1.790, hinge: 0.500
21 samples
Density: max memory 932184064, total allocated 143654912, free 98421752, used 45233160, increment 0
linearPredictor: max memory 932184064, total allocated 143654912, free 98421752, used 45233160, increment 0
FeaturedSpace: max memory 932184064, total allocated 143654912, free 98421752, used 45233160, increment 0
Sequential: max memory 932184064, total allocated 143654912, free 98421752, used 45233160, increment 0
Initial loss: 9.212438170058329
240: time = 0.467000 loss = 7.792017
Jackknife: leave bio_3 out
Making features
makeFeatures: max memory 932184064, total allocated 143654912, free 95784048, used 47870864, increment 2637704
Gustavia_santanderiensis_2 bio_3: 
Regularization values: linear/quadratic/product: 0.423, categorical: 0.250, threshold: 1.790, hinge: 0.500
21 samples
Density: max memory 932184064, total allocated 143654912, free 95703864, used 47951048, increment 80184
linearPredictor: max memory 932184064, total allocated 143654912, free 95623680, used 48031232, increment 80184
FeaturedSpace: max memory 932184064, total allocated 143654912, free 95623680, used 48031232, increment 0
Sequential: max memory 932184064, total allocated 143654912, free 95623680, used 48031232, increment 0
Initial loss: 9.212438170058329
Time since start: 80.673
240: time = 0.390000 loss = 7.795811
Jackknife: leave bio_4 out
Making features
makeFeatures: max memory 932184064, total allocated 143654912, free 92513192, used 51141720, increment 3110488
Gustavia_santanderiensis_2 bio_4: 
Regularization values: linear/quadratic/product: 0.423, categorical: 0.250, threshold: 1.790, hinge: 0.500
21 samples
Density: max memory 932184064, total allocated 143654912, free 92513192, used 51141720, increment 0
linearPredictor: max memory 932184064, total allocated 143654912, free 92513192, used 51141720, increment 0
FeaturedSpace: max memory 932184064, total allocated 143654912, free 92513192, used 51141720, increment 0
Sequential: max memory 932184064, total allocated 143654912, free 92513192, used 51141720, increment 0
Initial loss: 9.212438170058329
180: time = 0.315000 loss = 7.795922
Jackknife: leave bio_5 out
Making features
makeFeatures: max memory 932184064, total allocated 143654912, free 89795280, used 53859632, increment 2717912
Gustavia_santanderiensis_2 bio_5: 
Regularization values: linear/quadratic/product: 0.423, categorical: 0.250, threshold: 1.790, hinge: 0.500
21 samples
Density: max memory 932184064, total allocated 143654912, free 89715096, used 53939816, increment 80184
linearPredictor: max memory 932184064, total allocated 143654912, free 89634912, used 54020000, increment 80184
FeaturedSpace: max memory 932184064, total allocated 143654912, free 89634912, used 54020000, increment 0
Sequential: max memory 932184064, total allocated 143654912, free 89634912, used 54020000, increment 0
Initial loss: 9.212438170058329
200: time = 0.329000 loss = 7.792065
Jackknife: leave bio_6 out
Making features
makeFeatures: max memory 932184064, total allocated 143654912, free 86836720, used 56818192, increment 2798192
Gustavia_santanderiensis_2 bio_6: 
Regularization values: linear/quadratic/product: 0.423, categorical: 0.250, threshold: 1.790, hinge: 0.500
21 samples
Density: max memory 932184064, total allocated 143654912, free 86756536, used 56898376, increment 80184
linearPredictor: max memory 932184064, total allocated 143654912, free 86676352, used 56978560, increment 80184
FeaturedSpace: max memory 932184064, total allocated 143654912, free 86676352, used 56978560, increment 0
Sequential: max memory 932184064, total allocated 143654912, free 86676352, used 56978560, increment 0
Initial loss: 9.212438170058329
120: time = 0.231000 loss = 7.800464
Jackknife: leave bio_7 out
Making features
makeFeatures: max memory 932184064, total allocated 143654912, free 83958192, used 59696720, increment 2718160
Gustavia_santanderiensis_2 bio_7: 
Regularization values: linear/quadratic/product: 0.423, categorical: 0.250, threshold: 1.790, hinge: 0.500
21 samples
Density: max memory 932184064, total allocated 143654912, free 82362880, used 61292032, increment 1595312
linearPredictor: max memory 932184064, total allocated 143654912, free 82362880, used 61292032, increment 0
FeaturedSpace: max memory 932184064, total allocated 143654912, free 82362880, used 61292032, increment 0
Sequential: max memory 932184064, total allocated 143654912, free 82362880, used 61292032, increment 0
Initial loss: 9.212438170058329
Time since start: 81.986
240: time = 0.390000 loss = 7.792017
Jackknife: leave bio_ai_et0 out
Making features
makeFeatures: max memory 932184064, total allocated 143654912, free 80919568, used 62735344, increment 1443312
Gustavia_santanderiensis_2 bio_ai_et0: 
Regularization values: linear/quadratic/product: 0.423, categorical: 0.250, threshold: 1.790, hinge: 0.500
21 samples
Density: max memory 932184064, total allocated 143654912, free 79324256, used 64330656, increment 1595312
linearPredictor: max memory 932184064, total allocated 143654912, free 79324256, used 64330656, increment 0
FeaturedSpace: max memory 932184064, total allocated 143654912, free 79324256, used 64330656, increment 0
Sequential: max memory 932184064, total allocated 143654912, free 79324256, used 64330656, increment 0
Initial loss: 9.212438170058329
240: time = 0.397000 loss = 7.792017
Jackknife: leave bio_et0_yr out
Making features
makeFeatures: max memory 932184064, total allocated 143654912, free 77880944, used 65773968, increment 1443312
Gustavia_santanderiensis_2 bio_et0_yr: 
Regularization values: linear/quadratic/product: 0.423, categorical: 0.250, threshold: 1.790, hinge: 0.500
21 samples
Density: max memory 932184064, total allocated 143654912, free 76285632, used 67369280, increment 1595312
linearPredictor: max memory 932184064, total allocated 143654912, free 76285632, used 67369280, increment 0
FeaturedSpace: max memory 932184064, total allocated 143654912, free 76285632, used 67369280, increment 0
Sequential: max memory 932184064, total allocated 143654912, free 76285632, used 67369280, increment 0
Initial loss: 9.212438170058329
240: time = 0.400000 loss = 7.792017
Jackknife: only bio_1
Making features
makeFeatures: max memory 932184064, total allocated 143654912, free 76285632, used 67369280, increment 0
Gustavia_santanderiensis_2 bio_1: 
Regularization values: linear/quadratic/product: 0.423, categorical: 0.250, threshold: 1.790, hinge: 0.500
21 samples
Density: max memory 932184064, total allocated 143654912, free 76285632, used 67369280, increment 0
linearPredictor: max memory 932184064, total allocated 143654912, free 76285632, used 67369280, increment 0
FeaturedSpace: max memory 932184064, total allocated 143654912, free 76285632, used 67369280, increment 0
Sequential: max memory 932184064, total allocated 143654912, free 76285632, used 67369280, increment 0
Initial loss: 9.212438170058329
Time since start: 83.028
60: time = 0.219000 loss = 8.991797
Res.gain: 0.22064139144678485
Jackknife: only bio_10
Making features
makeFeatures: max memory 932184064, total allocated 143654912, free 76285632, used 67369280, increment 0
Gustavia_santanderiensis_2 bio_10: 
Regularization values: linear/quadratic/product: 0.423, categorical: 0.250, threshold: 1.790, hinge: 0.500
21 samples
Density: max memory 932184064, total allocated 143654912, free 76285632, used 67369280, increment 0
linearPredictor: max memory 932184064, total allocated 143654912, free 76285632, used 67369280, increment 0
FeaturedSpace: max memory 932184064, total allocated 143654912, free 76285632, used 67369280, increment 0
Sequential: max memory 932184064, total allocated 143654912, free 76285632, used 67369280, increment 0
Initial loss: 9.212438170058329
60: time = 0.225000 loss = 9.020208
Res.gain: 0.19223025040287567
Jackknife: only bio_11
Making features
makeFeatures: max memory 932184064, total allocated 143654912, free 76285632, used 67369280, increment 0
Gustavia_santanderiensis_2 bio_11: 
Regularization values: linear/quadratic/product: 0.423, categorical: 0.250, threshold: 1.790, hinge: 0.500
21 samples
Density: max memory 932184064, total allocated 143654912, free 76285632, used 67369280, increment 0
linearPredictor: max memory 932184064, total allocated 143654912, free 76285632, used 67369280, increment 0
FeaturedSpace: max memory 932184064, total allocated 143654912, free 76285632, used 67369280, increment 0
Sequential: max memory 932184064, total allocated 143654912, free 76285632, used 67369280, increment 0
Initial loss: 9.212438170058329
60: time = 0.234000 loss = 9.006381
Res.gain: 0.2060571395136499
Jackknife: only bio_12
Making features
makeFeatures: max memory 932184064, total allocated 143654912, free 76125264, used 67529648, increment 160368
Gustavia_santanderiensis_2 bio_12: 
Regularization values: linear/quadratic/product: 0.423, categorical: 0.250, threshold: 1.790, hinge: 0.500
21 samples
Density: max memory 932184064, total allocated 143654912, free 76045080, used 67609832, increment 80184
linearPredictor: max memory 932184064, total allocated 143654912, free 75964896, used 67690016, increment 80184
FeaturedSpace: max memory 932184064, total allocated 143654912, free 75964896, used 67690016, increment 0
Sequential: max memory 932184064, total allocated 143654912, free 75964896, used 67690016, increment 0
Initial loss: 9.212438170058329
60: time = 0.166000 loss = 9.158121
Res.gain: 0.05431672621654471
Jackknife: only bio_13
Making features
makeFeatures: max memory 932184064, total allocated 143654912, free 74449720, used 69205192, increment 1515176
Gustavia_santanderiensis_2 bio_13: 
Regularization values: linear/quadratic/product: 0.423, categorical: 0.250, threshold: 1.790, hinge: 0.500
21 samples
Density: max memory 932184064, total allocated 143654912, free 74449720, used 69205192, increment 0
linearPredictor: max memory 932184064, total allocated 143654912, free 74449720, used 69205192, increment 0
FeaturedSpace: max memory 932184064, total allocated 143654912, free 74449720, used 69205192, increment 0
Sequential: max memory 932184064, total allocated 143654912, free 74449720, used 69205192, increment 0
Initial loss: 9.212438170058329
20: time = 0.098000 loss = 9.212438
Res.gain: 0.0
Jackknife: only bio_14
Making features
makeFeatures: max memory 932184064, total allocated 143654912, free 74449720, used 69205192, increment 0
Gustavia_santanderiensis_2 bio_14: 
Regularization values: linear/quadratic/product: 0.423, categorical: 0.250, threshold: 1.790, hinge: 0.500
21 samples
Density: max memory 932184064, total allocated 143654912, free 74449720, used 69205192, increment 0
linearPredictor: max memory 932184064, total allocated 143654912, free 74449720, used 69205192, increment 0
FeaturedSpace: max memory 932184064, total allocated 143654912, free 74449720, used 69205192, increment 0
Sequential: max memory 932184064, total allocated 143654912, free 74449720, used 69205192, increment 0
Initial loss: 9.212438170058329
60: time = 0.192000 loss = 9.012891
Res.gain: 0.1995468484830667
Jackknife: only bio_15
Making features
makeFeatures: max memory 932184064, total allocated 143654912, free 74449720, used 69205192, increment 0
Gustavia_santanderiensis_2 bio_15: 
Regularization values: linear/quadratic/product: 0.423, categorical: 0.250, threshold: 1.790, hinge: 0.500
21 samples
Density: max memory 932184064, total allocated 143654912, free 74449720, used 69205192, increment 0
linearPredictor: max memory 932184064, total allocated 143654912, free 74449720, used 69205192, increment 0
FeaturedSpace: max memory 932184064, total allocated 143654912, free 74449720, used 69205192, increment 0
Sequential: max memory 932184064, total allocated 143654912, free 74449720, used 69205192, increment 0
Initial loss: 9.212438170058329
Time since start: 84.143
60: time = 0.182000 loss = 8.927347
Res.gain: 0.2850907475146247
Jackknife: only bio_16
Making features
makeFeatures: max memory 932184064, total allocated 143654912, free 74449720, used 69205192, increment 0
Gustavia_santanderiensis_2 bio_16: 
Regularization values: linear/quadratic/product: 0.423, categorical: 0.250, threshold: 1.790, hinge: 0.500
21 samples
Density: max memory 932184064, total allocated 143654912, free 74449720, used 69205192, increment 0
linearPredictor: max memory 932184064, total allocated 143654912, free 74449720, used 69205192, increment 0
FeaturedSpace: max memory 932184064, total allocated 143654912, free 74449720, used 69205192, increment 0
Sequential: max memory 932184064, total allocated 143654912, free 74449720, used 69205192, increment 0
Initial loss: 9.212438170058329
40: time = 0.110000 loss = 9.212119
Res.gain: 3.186992459571769E-4
Jackknife: only bio_17
Making features
makeFeatures: max memory 932184064, total allocated 143654912, free 74289352, used 69365560, increment 160368
Gustavia_santanderiensis_2 bio_17: 
Regularization values: linear/quadratic/product: 0.423, categorical: 0.250, threshold: 1.790, hinge: 0.500
21 samples
Density: max memory 932184064, total allocated 143654912, free 74209168, used 69445744, increment 80184
linearPredictor: max memory 932184064, total allocated 143654912, free 74128984, used 69525928, increment 80184
FeaturedSpace: max memory 932184064, total allocated 143654912, free 74128984, used 69525928, increment 0
Sequential: max memory 932184064, total allocated 143654912, free 74128984, used 69525928, increment 0
Initial loss: 9.212438170058329
60: time = 0.173000 loss = 8.897156
Res.gain: 0.31528224151110784
Jackknife: only bio_2
Making features
makeFeatures: max memory 932184064, total allocated 143654912, free 72613736, used 71041176, increment 1515248
Gustavia_santanderiensis_2 bio_2: 
Regularization values: linear/quadratic/product: 0.423, categorical: 0.250, threshold: 1.790, hinge: 0.500
21 samples
Density: max memory 932184064, total allocated 143654912, free 72613736, used 71041176, increment 0
linearPredictor: max memory 932184064, total allocated 143654912, free 72613736, used 71041176, increment 0
FeaturedSpace: max memory 932184064, total allocated 143654912, free 72613736, used 71041176, increment 0
Sequential: max memory 932184064, total allocated 143654912, free 72613736, used 71041176, increment 0
Initial loss: 9.212438170058329
60: time = 0.230000 loss = 9.205610
Res.gain: 0.006827752108037544
Jackknife: only bio_3
Making features
makeFeatures: max memory 932184064, total allocated 143654912, free 72613736, used 71041176, increment 0
Gustavia_santanderiensis_2 bio_3: 
Regularization values: linear/quadratic/product: 0.423, categorical: 0.250, threshold: 1.790, hinge: 0.500
21 samples
Density: max memory 932184064, total allocated 143654912, free 72613736, used 71041176, increment 0
linearPredictor: max memory 932184064, total allocated 143654912, free 72613736, used 71041176, increment 0
FeaturedSpace: max memory 932184064, total allocated 143654912, free 72613736, used 71041176, increment 0
Sequential: max memory 932184064, total allocated 143654912, free 72613736, used 71041176, increment 0
Initial loss: 9.212438170058329
60: time = 0.217000 loss = 9.175185
Res.gain: 0.03725295687140928
Jackknife: only bio_4
Making features
makeFeatures: max memory 932184064, total allocated 143654912, free 72613736, used 71041176, increment 0
Gustavia_santanderiensis_2 bio_4: 
Regularization values: linear/quadratic/product: 0.423, categorical: 0.250, threshold: 1.790, hinge: 0.500
21 samples
Density: max memory 932184064, total allocated 143654912, free 72613736, used 71041176, increment 0
linearPredictor: max memory 932184064, total allocated 143654912, free 72613736, used 71041176, increment 0
FeaturedSpace: max memory 932184064, total allocated 143654912, free 72613736, used 71041176, increment 0
Sequential: max memory 932184064, total allocated 143654912, free 72613736, used 71041176, increment 0
Initial loss: 9.212438170058329
60: time = 0.192000 loss = 9.209942
Res.gain: 0.002495886078527576
Jackknife: only bio_5
Making features
makeFeatures: max memory 932184064, total allocated 143654912, free 72613736, used 71041176, increment 0
Gustavia_santanderiensis_2 bio_5: 
Regularization values: linear/quadratic/product: 0.423, categorical: 0.250, threshold: 1.790, hinge: 0.500
21 samples
Density: max memory 932184064, total allocated 143654912, free 72613736, used 71041176, increment 0
linearPredictor: max memory 932184064, total allocated 143654912, free 72613736, used 71041176, increment 0
FeaturedSpace: max memory 932184064, total allocated 143654912, free 72613736, used 71041176, increment 0
Sequential: max memory 932184064, total allocated 143654912, free 72613736, used 71041176, increment 0
Initial loss: 9.212438170058329
Time since start: 85.323
60: time = 0.237000 loss = 9.025728
Res.gain: 0.18671006473589458
Jackknife: only bio_6
Making features
makeFeatures: max memory 932184064, total allocated 143654912, free 71098584, used 72556328, increment 1515152
Gustavia_santanderiensis_2 bio_6: 
Regularization values: linear/quadratic/product: 0.423, categorical: 0.250, threshold: 1.790, hinge: 0.500
21 samples
Density: max memory 932184064, total allocated 143654912, free 71098584, used 72556328, increment 0
linearPredictor: max memory 932184064, total allocated 143654912, free 71098584, used 72556328, increment 0
FeaturedSpace: max memory 932184064, total allocated 143654912, free 71098584, used 72556328, increment 0
Sequential: max memory 932184064, total allocated 143654912, free 71098584, used 72556328, increment 0
Initial loss: 9.212438170058329
60: time = 0.231000 loss = 8.967106
Res.gain: 0.24533216950796088
Jackknife: only bio_7
Making features
makeFeatures: max memory 932184064, total allocated 143654912, free 71098584, used 72556328, increment 0
Gustavia_santanderiensis_2 bio_7: 
Regularization values: linear/quadratic/product: 0.423, categorical: 0.250, threshold: 1.790, hinge: 0.500
21 samples
Density: max memory 932184064, total allocated 143654912, free 71098584, used 72556328, increment 0
linearPredictor: max memory 932184064, total allocated 143654912, free 71098584, used 72556328, increment 0
FeaturedSpace: max memory 932184064, total allocated 143654912, free 71098584, used 72556328, increment 0
Sequential: max memory 932184064, total allocated 143654912, free 71098584, used 72556328, increment 0
Initial loss: 9.212438170058329
20: time = 0.100000 loss = 9.212438
Res.gain: 0.0
Jackknife: only bio_ai_et0
Making features
makeFeatures: max memory 932184064, total allocated 143654912, free 71098584, used 72556328, increment 0
Gustavia_santanderiensis_2 bio_ai_et0: 
Regularization values: linear/quadratic/product: 0.423, categorical: 0.250, threshold: 1.790, hinge: 0.500
21 samples
Density: max memory 932184064, total allocated 143654912, free 71098584, used 72556328, increment 0
linearPredictor: max memory 932184064, total allocated 143654912, free 71098584, used 72556328, increment 0
FeaturedSpace: max memory 932184064, total allocated 143654912, free 71098584, used 72556328, increment 0
Sequential: max memory 932184064, total allocated 143654912, free 71098584, used 72556328, increment 0
Initial loss: 9.212438170058329
60: time = 0.191000 loss = 9.188889
Res.gain: 0.023549326858670838
Jackknife: only bio_et0_yr
Making features
makeFeatures: max memory 932184064, total allocated 143654912, free 71098584, used 72556328, increment 0
Gustavia_santanderiensis_2 bio_et0_yr: 
Regularization values: linear/quadratic/product: 0.423, categorical: 0.250, threshold: 1.790, hinge: 0.500
21 samples
Density: max memory 932184064, total allocated 143654912, free 71098584, used 72556328, increment 0
linearPredictor: max memory 932184064, total allocated 143654912, free 71098584, used 72556328, increment 0
FeaturedSpace: max memory 932184064, total allocated 143654912, free 71098584, used 72556328, increment 0
Sequential: max memory 932184064, total allocated 143654912, free 71098584, used 72556328, increment 0
Initial loss: 9.212438170058329
60: time = 0.248000 loss = 9.190715
Res.gain: 0.0217231806634004
getSamples: max memory 932184064, total allocated 143654912, free 65085952, used 78568960, increment 6012632
Making features
makeFeatures: max memory 932184064, total allocated 143654912, free 63321904, used 80333008, increment 1764048
Gustavia_santanderiensis_3: 
Regularization values: linear/quadratic/product: 0.423, categorical: 0.250, threshold: 1.790, hinge: 0.500
21 samples
Density: max memory 932184064, total allocated 143654912, free 63241720, used 80413192, increment 80184
linearPredictor: max memory 932184064, total allocated 143654912, free 63161536, used 80493376, increment 80184
FeaturedSpace: max memory 932184064, total allocated 143654912, free 63161536, used 80493376, increment 0
Sequential: max memory 932184064, total allocated 143654912, free 63161536, used 80493376, increment 0
Initial loss: 9.212438170058329
Time since start: 86.656
220: time = 0.405000 loss = 7.650761
Resulting gain: 1.561677279858877
Projecting...
Writing file C:\Users\Camila\Desktop\Modelo opc3\Final_Models\M_4_F_q_Set_1\Gustavia_santanderiensis_3.asc
Time since start: 89.553
Writing C:\Users\Camila\Desktop\Modelo opc3\Final_Models\M_4_F_q_Set_1\plots\Gustavia_santanderiensis_3.png
Gustavia_santanderiensis_3 response curves
Time since start: 93.271
Response curve: only bio_1
Making features
makeFeatures: max memory 932184064, total allocated 136839168, free 86059616, used 50779552, increment -29713824
Gustavia_santanderiensis_3 bio_1: 
Regularization values: linear/quadratic/product: 0.423, categorical: 0.250, threshold: 1.790, hinge: 0.500
21 samples
Density: max memory 932184064, total allocated 136839168, free 86059616, used 50779552, increment 0
linearPredictor: max memory 932184064, total allocated 136839168, free 86059616, used 50779552, increment 0
FeaturedSpace: max memory 932184064, total allocated 136839168, free 86059616, used 50779552, increment 0
Sequential: max memory 932184064, total allocated 136839168, free 86059616, used 50779552, increment 0
Initial loss: 9.212438170058329
60: time = 0.744000 loss = 8.921818
Resulting gain: 0.2906200505549048
Gustavia_santanderiensis_3 response curves
Response curve: only bio_10
Making features
makeFeatures: max memory 932184064, total allocated 136839168, free 81226912, used 55612256, increment 4832704
Gustavia_santanderiensis_3 bio_10: 
Regularization values: linear/quadratic/product: 0.423, categorical: 0.250, threshold: 1.790, hinge: 0.500
21 samples
Density: max memory 932184064, total allocated 136839168, free 81226912, used 55612256, increment 0
linearPredictor: max memory 932184064, total allocated 136839168, free 81226912, used 55612256, increment 0
FeaturedSpace: max memory 932184064, total allocated 136839168, free 81226912, used 55612256, increment 0
Sequential: max memory 932184064, total allocated 136839168, free 81226912, used 55612256, increment 0
Initial loss: 9.212438170058329
Time since start: 94.432
60: time = 0.264000 loss = 8.943993
Resulting gain: 0.268445313916823
Gustavia_santanderiensis_3 response curves
Response curve: only bio_11
Making features
makeFeatures: max memory 932184064, total allocated 136839168, free 77686776, used 59152392, increment 3540136
Gustavia_santanderiensis_3 bio_11: 
Regularization values: linear/quadratic/product: 0.423, categorical: 0.250, threshold: 1.790, hinge: 0.500
21 samples
Density: max memory 932184064, total allocated 136839168, free 77686776, used 59152392, increment 0
linearPredictor: max memory 932184064, total allocated 136839168, free 77686776, used 59152392, increment 0
FeaturedSpace: max memory 932184064, total allocated 136839168, free 77686776, used 59152392, increment 0
Sequential: max memory 932184064, total allocated 136839168, free 77686776, used 59152392, increment 0
Initial loss: 9.212438170058329
60: time = 0.238000 loss = 8.942140
Resulting gain: 0.27029831366304613
Gustavia_santanderiensis_3 response curves
Response curve: only bio_12
Making features
makeFeatures: max memory 932184064, total allocated 136839168, free 72862104, used 63977064, increment 4824672
Gustavia_santanderiensis_3 bio_12: 
Regularization values: linear/quadratic/product: 0.423, categorical: 0.250, threshold: 1.790, hinge: 0.500
21 samples
Density: max memory 932184064, total allocated 136839168, free 72862104, used 63977064, increment 0
linearPredictor: max memory 932184064, total allocated 136839168, free 72862104, used 63977064, increment 0
FeaturedSpace: max memory 932184064, total allocated 136839168, free 72862104, used 63977064, increment 0
Sequential: max memory 932184064, total allocated 136839168, free 72862104, used 63977064, increment 0
Initial loss: 9.212438170058329
Time since start: 95.658
60: time = 0.673000 loss = 9.191240
Resulting gain: 0.0211978816496341
Gustavia_santanderiensis_3 response curves
Response curve: only bio_13
Making features
makeFeatures: max memory 932184064, total allocated 136839168, free 68039016, used 68800152, increment 4823088
Gustavia_santanderiensis_3 bio_13: 
Regularization values: linear/quadratic/product: 0.423, categorical: 0.250, threshold: 1.790, hinge: 0.500
21 samples
Density: max memory 932184064, total allocated 136839168, free 68039016, used 68800152, increment 0
linearPredictor: max memory 932184064, total allocated 136839168, free 68039016, used 68800152, increment 0
FeaturedSpace: max memory 932184064, total allocated 136839168, free 68039016, used 68800152, increment 0
Sequential: max memory 932184064, total allocated 136839168, free 68039016, used 68800152, increment 0
Initial loss: 9.212438170058329
20: time = 0.107000 loss = 9.212438
Resulting gain: 0.0
Gustavia_santanderiensis_3 response curves
Response curve: only bio_14
Making features
makeFeatures: max memory 932184064, total allocated 136839168, free 64500968, used 72338200, increment 3538048
Gustavia_santanderiensis_3 bio_14: 
Regularization values: linear/quadratic/product: 0.423, categorical: 0.250, threshold: 1.790, hinge: 0.500
21 samples
Density: max memory 932184064, total allocated 136839168, free 64500968, used 72338200, increment 0
linearPredictor: max memory 932184064, total allocated 136839168, free 64500968, used 72338200, increment 0
FeaturedSpace: max memory 932184064, total allocated 136839168, free 64500968, used 72338200, increment 0
Sequential: max memory 932184064, total allocated 136839168, free 64500968, used 72338200, increment 0
Initial loss: 9.212438170058329
60: time = 0.183000 loss = 9.129701
Resulting gain: 0.08273750315928297
Gustavia_santanderiensis_3 response curves
Response curve: only bio_15
Making features
makeFeatures: max memory 932184064, total allocated 136839168, free 59334872, used 77504296, increment 5166096
Gustavia_santanderiensis_3 bio_15: 
Regularization values: linear/quadratic/product: 0.423, categorical: 0.250, threshold: 1.790, hinge: 0.500
21 samples
Density: max memory 932184064, total allocated 136839168, free 59334872, used 77504296, increment 0
linearPredictor: max memory 932184064, total allocated 136839168, free 59334872, used 77504296, increment 0
FeaturedSpace: max memory 932184064, total allocated 136839168, free 59334872, used 77504296, increment 0
Sequential: max memory 932184064, total allocated 136839168, free 59334872, used 77504296, increment 0
Initial loss: 9.212438170058329
Time since start: 96.703
60: time = 0.211000 loss = 8.947936
Resulting gain: 0.26450205401441984
Gustavia_santanderiensis_3 response curves
Response curve: only bio_16
Making features
makeFeatures: max memory 932184064, total allocated 136839168, free 55796824, used 81042344, increment 3538048
Gustavia_santanderiensis_3 bio_16: 
Regularization values: linear/quadratic/product: 0.423, categorical: 0.250, threshold: 1.790, hinge: 0.500
21 samples
Density: max memory 932184064, total allocated 136839168, free 55796824, used 81042344, increment 0
linearPredictor: max memory 932184064, total allocated 136839168, free 55716640, used 81122528, increment 80184
FeaturedSpace: max memory 932184064, total allocated 136839168, free 55716640, used 81122528, increment 0
Sequential: max memory 932184064, total allocated 136839168, free 55716640, used 81122528, increment 0
Initial loss: 9.212438170058329
20: time = 0.106000 loss = 9.212438
Resulting gain: 0.0
Gustavia_santanderiensis_3 response curves
Response curve: only bio_17
Making features
makeFeatures: max memory 932184064, total allocated 136839168, free 50550544, used 86288624, increment 5166096
Gustavia_santanderiensis_3 bio_17: 
Regularization values: linear/quadratic/product: 0.423, categorical: 0.250, threshold: 1.790, hinge: 0.500
21 samples
Density: max memory 932184064, total allocated 136839168, free 50550544, used 86288624, increment 0
linearPredictor: max memory 932184064, total allocated 136839168, free 50550544, used 86288624, increment 0
FeaturedSpace: max memory 932184064, total allocated 136839168, free 50550544, used 86288624, increment 0
Sequential: max memory 932184064, total allocated 136839168, free 50550544, used 86288624, increment 0
Initial loss: 9.212438170058329
60: time = 0.190000 loss = 8.940313
Resulting gain: 0.272125142884569
Gustavia_santanderiensis_3 response curves
Response curve: only bio_2
Making features
makeFeatures: max memory 932184064, total allocated 136839168, free 47012496, used 89826672, increment 3538048
Gustavia_santanderiensis_3 bio_2: 
Regularization values: linear/quadratic/product: 0.423, categorical: 0.250, threshold: 1.790, hinge: 0.500
21 samples
Density: max memory 932184064, total allocated 136839168, free 47012496, used 89826672, increment 0
linearPredictor: max memory 932184064, total allocated 136839168, free 47012496, used 89826672, increment 0
FeaturedSpace: max memory 932184064, total allocated 136839168, free 47012496, used 89826672, increment 0
Sequential: max memory 932184064, total allocated 136839168, free 47012496, used 89826672, increment 0
Initial loss: 9.212438170058329
Time since start: 97.719
60: time = 0.208000 loss = 9.161066
Resulting gain: 0.05137219120132386
Gustavia_santanderiensis_3 response curves
Response curve: only bio_3
Making features
makeFeatures: max memory 932184064, total allocated 136839168, free 42187800, used 94651368, increment 4824696
Gustavia_santanderiensis_3 bio_3: 
Regularization values: linear/quadratic/product: 0.423, categorical: 0.250, threshold: 1.790, hinge: 0.500
21 samples
Density: max memory 932184064, total allocated 136839168, free 42187800, used 94651368, increment 0
linearPredictor: max memory 932184064, total allocated 136839168, free 42187800, used 94651368, increment 0
FeaturedSpace: max memory 932184064, total allocated 136839168, free 42187800, used 94651368, increment 0
Sequential: max memory 932184064, total allocated 136839168, free 42187800, used 94651368, increment 0
Initial loss: 9.212438170058329
60: time = 0.687000 loss = 9.195090
Resulting gain: 0.017348438823026058
Gustavia_santanderiensis_3 response curves
Time since start: 98.733
Response curve: only bio_4
Making features
makeFeatures: max memory 932184064, total allocated 133169152, free 98843776, used 34325376, increment -60325992
Gustavia_santanderiensis_3 bio_4: 
Regularization values: linear/quadratic/product: 0.423, categorical: 0.250, threshold: 1.790, hinge: 0.500
21 samples
Density: max memory 932184064, total allocated 133169152, free 98763592, used 34405560, increment 80184
linearPredictor: max memory 932184064, total allocated 133169152, free 98683408, used 34485744, increment 80184
FeaturedSpace: max memory 932184064, total allocated 133169152, free 98683408, used 34485744, increment 0
Sequential: max memory 932184064, total allocated 133169152, free 98683408, used 34485744, increment 0
Initial loss: 9.212438170058329
20: time = 0.106000 loss = 9.212438
Resulting gain: 0.0
Gustavia_santanderiensis_3 response curves
Response curve: only bio_5
Making features
makeFeatures: max memory 932184064, total allocated 133169152, free 93986168, used 39182984, increment 4697240
Gustavia_santanderiensis_3 bio_5: 
Regularization values: linear/quadratic/product: 0.423, categorical: 0.250, threshold: 1.790, hinge: 0.500
21 samples
Density: max memory 932184064, total allocated 133169152, free 93986168, used 39182984, increment 0
linearPredictor: max memory 932184064, total allocated 133169152, free 93986168, used 39182984, increment 0
FeaturedSpace: max memory 932184064, total allocated 133169152, free 93986168, used 39182984, increment 0
Sequential: max memory 932184064, total allocated 133169152, free 93986168, used 39182984, increment 0
Initial loss: 9.212438170058329
60: time = 0.228000 loss = 8.931717
Resulting gain: 0.2807215184557421
Gustavia_santanderiensis_3 response curves
Response curve: only bio_6
Making features
makeFeatures: max memory 932184064, total allocated 133169152, free 89026488, used 44142664, increment 4959680
Gustavia_santanderiensis_3 bio_6: 
Regularization values: linear/quadratic/product: 0.423, categorical: 0.250, threshold: 1.790, hinge: 0.500
21 samples
Density: max memory 932184064, total allocated 133169152, free 89026488, used 44142664, increment 0
linearPredictor: max memory 932184064, total allocated 133169152, free 89026488, used 44142664, increment 0
FeaturedSpace: max memory 932184064, total allocated 133169152, free 89026488, used 44142664, increment 0
Sequential: max memory 932184064, total allocated 133169152, free 89026488, used 44142664, increment 0
Initial loss: 9.212438170058329
60: time = 0.300000 loss = 8.909903
Resulting gain: 0.30253521434992514
Gustavia_santanderiensis_3 response curves
Time since start: 99.906
Response curve: only bio_7
Making features
makeFeatures: max memory 932184064, total allocated 133169152, free 85584312, used 47584840, increment 3442176
Gustavia_santanderiensis_3 bio_7: 
Regularization values: linear/quadratic/product: 0.423, categorical: 0.250, threshold: 1.790, hinge: 0.500
21 samples
Density: max memory 932184064, total allocated 133169152, free 85584312, used 47584840, increment 0
linearPredictor: max memory 932184064, total allocated 133169152, free 84265464, used 48903688, increment 1318848
FeaturedSpace: max memory 932184064, total allocated 133169152, free 84265464, used 48903688, increment 0
Sequential: max memory 932184064, total allocated 133169152, free 84265464, used 48903688, increment 0
Initial loss: 9.212438170058329
40: time = 0.707000 loss = 9.212354
Resulting gain: 8.407108518504458E-5
Gustavia_santanderiensis_3 response curves
Response curve: only bio_ai_et0
Making features
makeFeatures: max memory 932184064, total allocated 133169152, free 80823288, used 52345864, increment 3442176
Gustavia_santanderiensis_3 bio_ai_et0: 
Regularization values: linear/quadratic/product: 0.423, categorical: 0.250, threshold: 1.790, hinge: 0.500
21 samples
Density: max memory 932184064, total allocated 133169152, free 80823288, used 52345864, increment 0
linearPredictor: max memory 932184064, total allocated 133169152, free 80823288, used 52345864, increment 0
FeaturedSpace: max memory 932184064, total allocated 133169152, free 80823288, used 52345864, increment 0
Sequential: max memory 932184064, total allocated 133169152, free 80823288, used 52345864, increment 0
Initial loss: 9.212438170058329
Time since start: 101.009
60: time = 0.213000 loss = 9.211109
Resulting gain: 0.0013295090813443267
Gustavia_santanderiensis_3 response curves
Response curve: only bio_et0_yr
Making features
makeFeatures: max memory 932184064, total allocated 133169152, free 75862784, used 57306368, increment 4960504
Gustavia_santanderiensis_3 bio_et0_yr: 
Regularization values: linear/quadratic/product: 0.423, categorical: 0.250, threshold: 1.790, hinge: 0.500
21 samples
Density: max memory 932184064, total allocated 133169152, free 75862784, used 57306368, increment 0
linearPredictor: max memory 932184064, total allocated 133169152, free 75862784, used 57306368, increment 0
FeaturedSpace: max memory 932184064, total allocated 133169152, free 75862784, used 57306368, increment 0
Sequential: max memory 932184064, total allocated 133169152, free 75862784, used 57306368, increment 0
Initial loss: 9.212438170058329
60: time = 0.175000 loss = 9.171457
Resulting gain: 0.04098119719854765
Gustavia_santanderiensis_3 response curves
Time since start: 102.141
Jackknife: leave bio_1 out
Making features
makeFeatures: max memory 932184064, total allocated 125829120, free 59263176, used 66565944, increment 9259576
Gustavia_santanderiensis_3 bio_1: 
Regularization values: linear/quadratic/product: 0.423, categorical: 0.250, threshold: 1.790, hinge: 0.500
21 samples
Density: max memory 932184064, total allocated 125829120, free 59182992, used 66646128, increment 80184
linearPredictor: max memory 932184064, total allocated 125829120, free 59102808, used 66726312, increment 80184
FeaturedSpace: max memory 932184064, total allocated 125829120, free 59102808, used 66726312, increment 0
Sequential: max memory 932184064, total allocated 125829120, free 59102808, used 66726312, increment 0
Initial loss: 9.212438170058329
140: time = 0.277000 loss = 7.650761
Jackknife: leave bio_10 out
Making features
makeFeatures: max memory 932184064, total allocated 125829120, free 56341656, used 69487464, increment 2761152
Gustavia_santanderiensis_3 bio_10: 
Regularization values: linear/quadratic/product: 0.423, categorical: 0.250, threshold: 1.790, hinge: 0.500
21 samples
Density: max memory 932184064, total allocated 125829120, free 56261472, used 69567648, increment 80184
linearPredictor: max memory 932184064, total allocated 125829120, free 56181288, used 69647832, increment 80184
FeaturedSpace: max memory 932184064, total allocated 125829120, free 56181288, used 69647832, increment 0
Sequential: max memory 932184064, total allocated 125829120, free 56181288, used 69647832, increment 0
Initial loss: 9.212438170058329
Time since start: 103.328
200: time = 0.886000 loss = 7.650764
Jackknife: leave bio_11 out
Making features
makeFeatures: max memory 932184064, total allocated 125829120, free 53339952, used 72489168, increment 2841336
Gustavia_santanderiensis_3 bio_11: 
Regularization values: linear/quadratic/product: 0.423, categorical: 0.250, threshold: 1.790, hinge: 0.500
21 samples
Density: max memory 932184064, total allocated 125829120, free 53259768, used 72569352, increment 80184
linearPredictor: max memory 932184064, total allocated 125829120, free 53179584, used 72649536, increment 80184
FeaturedSpace: max memory 932184064, total allocated 125829120, free 53179584, used 72649536, increment 0
Sequential: max memory 932184064, total allocated 125829120, free 53179584, used 72649536, increment 0
Initial loss: 9.212438170058329
200: time = 0.519000 loss = 7.650764
Jackknife: leave bio_12 out
Making features
makeFeatures: max memory 932184064, total allocated 125829120, free 50383488, used 75445632, increment 2796096
Gustavia_santanderiensis_3 bio_12: 
Regularization values: linear/quadratic/product: 0.423, categorical: 0.250, threshold: 1.790, hinge: 0.500
21 samples
Density: max memory 932184064, total allocated 125829120, free 49145880, used 76683240, increment 1237608
linearPredictor: max memory 932184064, total allocated 125829120, free 49145880, used 76683240, increment 0
FeaturedSpace: max memory 932184064, total allocated 125829120, free 49145880, used 76683240, increment 0
Sequential: max memory 932184064, total allocated 125829120, free 49145880, used 76683240, increment 0
Initial loss: 9.212438170058329
200: time = 0.423000 loss = 7.650762
Jackknife: leave bio_13 out
Making features
makeFeatures: max memory 932184064, total allocated 125829120, free 47381832, used 78447288, increment 1764048
Gustavia_santanderiensis_3 bio_13: 
Regularization values: linear/quadratic/product: 0.423, categorical: 0.250, threshold: 1.790, hinge: 0.500
21 samples
Density: max memory 932184064, total allocated 125829120, free 47301648, used 78527472, increment 80184
linearPredictor: max memory 932184064, total allocated 125829120, free 47221464, used 78607656, increment 80184
FeaturedSpace: max memory 932184064, total allocated 125829120, free 47221464, used 78607656, increment 0
Sequential: max memory 932184064, total allocated 125829120, free 47221464, used 78607656, increment 0
Initial loss: 9.212438170058329
Time since start: 104.835
200: time = 0.521000 loss = 7.650761
Jackknife: leave bio_14 out
Making features
makeFeatures: max memory 932184064, total allocated 125829120, free 44380032, used 81449088, increment 2841432
Gustavia_santanderiensis_3 bio_14: 
Regularization values: linear/quadratic/product: 0.423, categorical: 0.250, threshold: 1.790, hinge: 0.500
21 samples
Density: max memory 932184064, total allocated 125829120, free 44299848, used 81529272, increment 80184
linearPredictor: max memory 932184064, total allocated 125829120, free 44219664, used 81609456, increment 80184
FeaturedSpace: max memory 932184064, total allocated 125829120, free 44219664, used 81609456, increment 0
Sequential: max memory 932184064, total allocated 125829120, free 44219664, used 81609456, increment 0
Initial loss: 9.212438170058329
200: time = 0.375000 loss = 7.650762
Jackknife: leave bio_15 out
Making features
makeFeatures: max memory 932184064, total allocated 125829120, free 41423568, used 84405552, increment 2796096
Gustavia_santanderiensis_3 bio_15: 
Regularization values: linear/quadratic/product: 0.423, categorical: 0.250, threshold: 1.790, hinge: 0.500
21 samples
Density: max memory 932184064, total allocated 125829120, free 40185960, used 85643160, increment 1237608
linearPredictor: max memory 932184064, total allocated 125829120, free 40185960, used 85643160, increment 0
FeaturedSpace: max memory 932184064, total allocated 125829120, free 40185960, used 85643160, increment 0
Sequential: max memory 932184064, total allocated 125829120, free 40185960, used 85643160, increment 0
Initial loss: 9.212438170058329
180: time = 0.317000 loss = 8.087302
Jackknife: leave bio_16 out
Making features
makeFeatures: max memory 932184064, total allocated 125829120, free 38421912, used 87407208, increment 1764048
Gustavia_santanderiensis_3 bio_16: 
Regularization values: linear/quadratic/product: 0.423, categorical: 0.250, threshold: 1.790, hinge: 0.500
21 samples
Density: max memory 932184064, total allocated 125829120, free 38341728, used 87487392, increment 80184
linearPredictor: max memory 932184064, total allocated 125829120, free 38261544, used 87567576, increment 80184
FeaturedSpace: max memory 932184064, total allocated 125829120, free 38261544, used 87567576, increment 0
Sequential: max memory 932184064, total allocated 125829120, free 38261544, used 87567576, increment 0
Initial loss: 9.212438170058329
Time since start: 105.906
200: time = 0.340000 loss = 7.650762
Jackknife: leave bio_17 out
Making features
makeFeatures: max memory 932184064, total allocated 128974848, free 96145864, used 32828984, increment -54738592
Gustavia_santanderiensis_3 bio_17: 
Regularization values: linear/quadratic/product: 0.423, categorical: 0.250, threshold: 1.790, hinge: 0.500
21 samples
Density: max memory 932184064, total allocated 128974848, free 96065680, used 32909168, increment 80184
linearPredictor: max memory 932184064, total allocated 128974848, free 95985496, used 32989352, increment 80184
FeaturedSpace: max memory 932184064, total allocated 128974848, free 95985496, used 32989352, increment 0
Sequential: max memory 932184064, total allocated 128974848, free 95985496, used 32989352, increment 0
Initial loss: 9.212438170058329
180: time = 0.317000 loss = 7.651452
Jackknife: leave bio_2 out
Making features
makeFeatures: max memory 932184064, total allocated 128974848, free 93180008, used 35794840, increment 2805488
Gustavia_santanderiensis_3 bio_2: 
Regularization values: linear/quadratic/product: 0.423, categorical: 0.250, threshold: 1.790, hinge: 0.500
21 samples
Density: max memory 932184064, total allocated 128974848, free 93099824, used 35875024, increment 80184
linearPredictor: max memory 932184064, total allocated 128974848, free 93019640, used 35955208, increment 80184
FeaturedSpace: max memory 932184064, total allocated 128974848, free 93019640, used 35955208, increment 0
Sequential: max memory 932184064, total allocated 128974848, free 93019640, used 35955208, increment 0
Initial loss: 9.212438170058329
200: time = 0.401000 loss = 7.650762
Jackknife: leave bio_3 out
Making features
makeFeatures: max memory 932184064, total allocated 128974848, free 90213432, used 38761416, increment 2806208
Gustavia_santanderiensis_3 bio_3: 
Regularization values: linear/quadratic/product: 0.423, categorical: 0.250, threshold: 1.790, hinge: 0.500
21 samples
Density: max memory 932184064, total allocated 128974848, free 90133248, used 38841600, increment 80184
linearPredictor: max memory 932184064, total allocated 128974848, free 90053064, used 38921784, increment 80184
FeaturedSpace: max memory 932184064, total allocated 128974848, free 90053064, used 38921784, increment 0
Sequential: max memory 932184064, total allocated 128974848, free 90053064, used 38921784, increment 0
Initial loss: 9.212438170058329
Time since start: 107.048
200: time = 0.365000 loss = 7.650764
Jackknife: leave bio_4 out
Making features
makeFeatures: max memory 932184064, total allocated 128974848, free 87247008, used 41727840, increment 2806056
Gustavia_santanderiensis_3 bio_4: 
Regularization values: linear/quadratic/product: 0.423, categorical: 0.250, threshold: 1.790, hinge: 0.500
21 samples
Density: max memory 932184064, total allocated 128974848, free 87166824, used 41808024, increment 80184
linearPredictor: max memory 932184064, total allocated 128974848, free 87086640, used 41888208, increment 80184
FeaturedSpace: max memory 932184064, total allocated 128974848, free 87086640, used 41888208, increment 0
Sequential: max memory 932184064, total allocated 128974848, free 87086640, used 41888208, increment 0
Initial loss: 9.212438170058329
240: time = 0.405000 loss = 7.652659
Jackknife: leave bio_5 out
Making features
makeFeatures: max memory 932184064, total allocated 128974848, free 84200248, used 44774600, increment 2886392
Gustavia_santanderiensis_3 bio_5: 
Regularization values: linear/quadratic/product: 0.423, categorical: 0.250, threshold: 1.790, hinge: 0.500
21 samples
Density: max memory 932184064, total allocated 128974848, free 84120064, used 44854784, increment 80184
linearPredictor: max memory 932184064, total allocated 128974848, free 84039880, used 44934968, increment 80184
FeaturedSpace: max memory 932184064, total allocated 128974848, free 84039880, used 44934968, increment 0
Sequential: max memory 932184064, total allocated 128974848, free 84039880, used 44934968, increment 0
Initial loss: 9.212438170058329
140: time = 0.267000 loss = 7.663997
Jackknife: leave bio_6 out
Making features
makeFeatures: max memory 932184064, total allocated 128974848, free 81313856, used 47660992, increment 2726024
Gustavia_santanderiensis_3 bio_6: 
Regularization values: linear/quadratic/product: 0.423, categorical: 0.250, threshold: 1.790, hinge: 0.500
21 samples
Density: max memory 932184064, total allocated 128974848, free 81233672, used 47741176, increment 80184
linearPredictor: max memory 932184064, total allocated 128974848, free 81153488, used 47821360, increment 80184
FeaturedSpace: max memory 932184064, total allocated 128974848, free 81153488, used 47821360, increment 0
Sequential: max memory 932184064, total allocated 128974848, free 81153488, used 47821360, increment 0
Initial loss: 9.212438170058329
Time since start: 108.081
180: time = 0.324000 loss = 7.655949
Jackknife: leave bio_7 out
Making features
makeFeatures: max memory 932184064, total allocated 128974848, free 78347496, used 50627352, increment 2805992
Gustavia_santanderiensis_3 bio_7: 
Regularization values: linear/quadratic/product: 0.423, categorical: 0.250, threshold: 1.790, hinge: 0.500
21 samples
Density: max memory 932184064, total allocated 128974848, free 78267312, used 50707536, increment 80184
linearPredictor: max memory 932184064, total allocated 128974848, free 78187128, used 50787720, increment 80184
FeaturedSpace: max memory 932184064, total allocated 128974848, free 78187128, used 50787720, increment 0
Sequential: max memory 932184064, total allocated 128974848, free 78187128, used 50787720, increment 0
Initial loss: 9.212438170058329
220: time = 0.380000 loss = 7.650761
Jackknife: leave bio_ai_et0 out
Making features
makeFeatures: max memory 932184064, total allocated 128974848, free 74499616, used 54475232, increment 3687512
Gustavia_santanderiensis_3 bio_ai_et0: 
Regularization values: linear/quadratic/product: 0.423, categorical: 0.250, threshold: 1.790, hinge: 0.500
21 samples
Density: max memory 932184064, total allocated 128974848, free 74499616, used 54475232, increment 0
linearPredictor: max memory 932184064, total allocated 128974848, free 74499616, used 54475232, increment 0
FeaturedSpace: max memory 932184064, total allocated 128974848, free 74499616, used 54475232, increment 0
Sequential: max memory 932184064, total allocated 128974848, free 74499616, used 54475232, increment 0
Initial loss: 9.212438170058329
220: time = 0.456000 loss = 7.650761
Jackknife: leave bio_et0_yr out
Making features
makeFeatures: max memory 932184064, total allocated 128974848, free 72334648, used 56640200, increment 2164968
Gustavia_santanderiensis_3 bio_et0_yr: 
Regularization values: linear/quadratic/product: 0.423, categorical: 0.250, threshold: 1.790, hinge: 0.500
21 samples
Density: max memory 932184064, total allocated 128974848, free 72254464, used 56720384, increment 80184
linearPredictor: max memory 932184064, total allocated 128974848, free 72174280, used 56800568, increment 80184
FeaturedSpace: max memory 932184064, total allocated 128974848, free 72174280, used 56800568, increment 0
Sequential: max memory 932184064, total allocated 128974848, free 72174280, used 56800568, increment 0
Initial loss: 9.212438170058329
Time since start: 109.285
180: time = 0.322000 loss = 7.654000
Jackknife: only bio_1
Making features
makeFeatures: max memory 932184064, total allocated 128974848, free 71052152, used 57922696, increment 1122128
Gustavia_santanderiensis_3 bio_1: 
Regularization values: linear/quadratic/product: 0.423, categorical: 0.250, threshold: 1.790, hinge: 0.500
21 samples
Density: max memory 932184064, total allocated 128974848, free 71052152, used 57922696, increment 0
linearPredictor: max memory 932184064, total allocated 128974848, free 71052152, used 57922696, increment 0
FeaturedSpace: max memory 932184064, total allocated 128974848, free 71052152, used 57922696, increment 0
Sequential: max memory 932184064, total allocated 128974848, free 71052152, used 57922696, increment 0
Initial loss: 9.212438170058329
60: time = 0.249000 loss = 8.921818
Res.gain: 0.2906200505549048
Jackknife: only bio_10
Making features
makeFeatures: max memory 932184064, total allocated 128974848, free 71052152, used 57922696, increment 0
Gustavia_santanderiensis_3 bio_10: 
Regularization values: linear/quadratic/product: 0.423, categorical: 0.250, threshold: 1.790, hinge: 0.500
21 samples
Density: max memory 932184064, total allocated 128974848, free 71052152, used 57922696, increment 0
linearPredictor: max memory 932184064, total allocated 128974848, free 71052152, used 57922696, increment 0
FeaturedSpace: max memory 932184064, total allocated 128974848, free 71052152, used 57922696, increment 0
Sequential: max memory 932184064, total allocated 128974848, free 71052152, used 57922696, increment 0
Initial loss: 9.212438170058329
60: time = 0.237000 loss = 8.943993
Res.gain: 0.268445313916823
Jackknife: only bio_11
Making features
makeFeatures: max memory 932184064, total allocated 128974848, free 71052152, used 57922696, increment 0
Gustavia_santanderiensis_3 bio_11: 
Regularization values: linear/quadratic/product: 0.423, categorical: 0.250, threshold: 1.790, hinge: 0.500
21 samples
Density: max memory 932184064, total allocated 128974848, free 70971968, used 58002880, increment 80184
linearPredictor: max memory 932184064, total allocated 128974848, free 70891784, used 58083064, increment 80184
FeaturedSpace: max memory 932184064, total allocated 128974848, free 70891784, used 58083064, increment 0
Sequential: max memory 932184064, total allocated 128974848, free 70891784, used 58083064, increment 0
Initial loss: 9.212438170058329
60: time = 0.228000 loss = 8.942140
Res.gain: 0.27029831366304613
Jackknife: only bio_12
Making features
makeFeatures: max memory 932184064, total allocated 128974848, free 69769656, used 59205192, increment 1122128
Gustavia_santanderiensis_3 bio_12: 
Regularization values: linear/quadratic/product: 0.423, categorical: 0.250, threshold: 1.790, hinge: 0.500
21 samples
Density: max memory 932184064, total allocated 128974848, free 69769656, used 59205192, increment 0
linearPredictor: max memory 932184064, total allocated 128974848, free 69769656, used 59205192, increment 0
FeaturedSpace: max memory 932184064, total allocated 128974848, free 69769656, used 59205192, increment 0
Sequential: max memory 932184064, total allocated 128974848, free 69769656, used 59205192, increment 0
Initial loss: 9.212438170058329
60: time = 0.199000 loss = 9.191240
Res.gain: 0.0211978816496341
Jackknife: only bio_13
Making features
makeFeatures: max memory 932184064, total allocated 128974848, free 69769656, used 59205192, increment 0
Gustavia_santanderiensis_3 bio_13: 
Regularization values: linear/quadratic/product: 0.423, categorical: 0.250, threshold: 1.790, hinge: 0.500
21 samples
Density: max memory 932184064, total allocated 128974848, free 69769656, used 59205192, increment 0
linearPredictor: max memory 932184064, total allocated 128974848, free 69769656, used 59205192, increment 0
FeaturedSpace: max memory 932184064, total allocated 128974848, free 69769656, used 59205192, increment 0
Sequential: max memory 932184064, total allocated 128974848, free 69769656, used 59205192, increment 0
Initial loss: 9.212438170058329
Time since start: 110.314
20: time = 0.099000 loss = 9.212438
Res.gain: 0.0
Jackknife: only bio_14
Making features
makeFeatures: max memory 932184064, total allocated 128974848, free 69769656, used 59205192, increment 0
Gustavia_santanderiensis_3 bio_14: 
Regularization values: linear/quadratic/product: 0.423, categorical: 0.250, threshold: 1.790, hinge: 0.500
21 samples
Density: max memory 932184064, total allocated 128974848, free 69769656, used 59205192, increment 0
linearPredictor: max memory 932184064, total allocated 128974848, free 69769656, used 59205192, increment 0
FeaturedSpace: max memory 932184064, total allocated 128974848, free 69769656, used 59205192, increment 0
Sequential: max memory 932184064, total allocated 128974848, free 69769656, used 59205192, increment 0
Initial loss: 9.212438170058329
60: time = 0.177000 loss = 9.129701
Res.gain: 0.08273750315928297
Jackknife: only bio_15
Making features
makeFeatures: max memory 932184064, total allocated 128974848, free 68567400, used 60407448, increment 1202256
Gustavia_santanderiensis_3 bio_15: 
Regularization values: linear/quadratic/product: 0.423, categorical: 0.250, threshold: 1.790, hinge: 0.500
21 samples
Density: max memory 932184064, total allocated 128974848, free 68567400, used 60407448, increment 0
linearPredictor: max memory 932184064, total allocated 128974848, free 68567400, used 60407448, increment 0
FeaturedSpace: max memory 932184064, total allocated 128974848, free 68567400, used 60407448, increment 0
Sequential: max memory 932184064, total allocated 128974848, free 68567400, used 60407448, increment 0
Initial loss: 9.212438170058329
60: time = 0.201000 loss = 8.947936
Res.gain: 0.26450205401441984
Jackknife: only bio_16
Making features
makeFeatures: max memory 932184064, total allocated 128974848, free 68567400, used 60407448, increment 0
Gustavia_santanderiensis_3 bio_16: 
Regularization values: linear/quadratic/product: 0.423, categorical: 0.250, threshold: 1.790, hinge: 0.500
21 samples
Density: max memory 932184064, total allocated 128974848, free 68567400, used 60407448, increment 0
linearPredictor: max memory 932184064, total allocated 128974848, free 68567400, used 60407448, increment 0
FeaturedSpace: max memory 932184064, total allocated 128974848, free 68567400, used 60407448, increment 0
Sequential: max memory 932184064, total allocated 128974848, free 68567400, used 60407448, increment 0
Initial loss: 9.212438170058329
20: time = 0.098000 loss = 9.212438
Res.gain: 0.0
Jackknife: only bio_17
Making features
makeFeatures: max memory 932184064, total allocated 128974848, free 68567400, used 60407448, increment 0
Gustavia_santanderiensis_3 bio_17: 
Regularization values: linear/quadratic/product: 0.423, categorical: 0.250, threshold: 1.790, hinge: 0.500
21 samples
Density: max memory 932184064, total allocated 128974848, free 68567400, used 60407448, increment 0
linearPredictor: max memory 932184064, total allocated 128974848, free 68567400, used 60407448, increment 0
FeaturedSpace: max memory 932184064, total allocated 128974848, free 68567400, used 60407448, increment 0
Sequential: max memory 932184064, total allocated 128974848, free 68567400, used 60407448, increment 0
Initial loss: 9.212438170058329
60: time = 0.192000 loss = 8.940313
Res.gain: 0.272125142884569
Jackknife: only bio_2
Making features
makeFeatures: max memory 932184064, total allocated 128974848, free 68487216, used 60487632, increment 80184
Gustavia_santanderiensis_3 bio_2: 
Regularization values: linear/quadratic/product: 0.423, categorical: 0.250, threshold: 1.790, hinge: 0.500
21 samples
Density: max memory 932184064, total allocated 128974848, free 68407032, used 60567816, increment 80184
linearPredictor: max memory 932184064, total allocated 128974848, free 68326848, used 60648000, increment 80184
FeaturedSpace: max memory 932184064, total allocated 128974848, free 68326848, used 60648000, increment 0
Sequential: max memory 932184064, total allocated 128974848, free 68326848, used 60648000, increment 0
Initial loss: 9.212438170058329
60: time = 0.211000 loss = 9.161066
Res.gain: 0.05137219120132386
Jackknife: only bio_3
Making features
makeFeatures: max memory 932184064, total allocated 128974848, free 67204720, used 61770128, increment 1122128
Gustavia_santanderiensis_3 bio_3: 
Regularization values: linear/quadratic/product: 0.423, categorical: 0.250, threshold: 1.790, hinge: 0.500
21 samples
Density: max memory 932184064, total allocated 128974848, free 67204720, used 61770128, increment 0
linearPredictor: max memory 932184064, total allocated 128974848, free 67204720, used 61770128, increment 0
FeaturedSpace: max memory 932184064, total allocated 128974848, free 67204720, used 61770128, increment 0
Sequential: max memory 932184064, total allocated 128974848, free 67204720, used 61770128, increment 0
Initial loss: 9.212438170058329
Time since start: 111.421
60: time = 0.210000 loss = 9.195090
Res.gain: 0.017348438823026058
Jackknife: only bio_4
Making features
makeFeatures: max memory 932184064, total allocated 128974848, free 67204720, used 61770128, increment 0
Gustavia_santanderiensis_3 bio_4: 
Regularization values: linear/quadratic/product: 0.423, categorical: 0.250, threshold: 1.790, hinge: 0.500
21 samples
Density: max memory 932184064, total allocated 128974848, free 67204720, used 61770128, increment 0
linearPredictor: max memory 932184064, total allocated 128974848, free 67204720, used 61770128, increment 0
FeaturedSpace: max memory 932184064, total allocated 128974848, free 67204720, used 61770128, increment 0
Sequential: max memory 932184064, total allocated 128974848, free 67204720, used 61770128, increment 0
Initial loss: 9.212438170058329
20: time = 0.098000 loss = 9.212438
Res.gain: 0.0
Jackknife: only bio_5
Making features
makeFeatures: max memory 932184064, total allocated 128974848, free 67204720, used 61770128, increment 0
Gustavia_santanderiensis_3 bio_5: 
Regularization values: linear/quadratic/product: 0.423, categorical: 0.250, threshold: 1.790, hinge: 0.500
21 samples
Density: max memory 932184064, total allocated 128974848, free 67204720, used 61770128, increment 0
linearPredictor: max memory 932184064, total allocated 128974848, free 67204720, used 61770128, increment 0
FeaturedSpace: max memory 932184064, total allocated 128974848, free 67204720, used 61770128, increment 0
Sequential: max memory 932184064, total allocated 128974848, free 67204720, used 61770128, increment 0
Initial loss: 9.212438170058329
60: time = 0.214000 loss = 8.931717
Res.gain: 0.2807215184557421
Jackknife: only bio_6
Making features
makeFeatures: max memory 932184064, total allocated 128974848, free 66082528, used 62892320, increment 1122192
Gustavia_santanderiensis_3 bio_6: 
Regularization values: linear/quadratic/product: 0.423, categorical: 0.250, threshold: 1.790, hinge: 0.500
21 samples
Density: max memory 932184064, total allocated 128974848, free 66082528, used 62892320, increment 0
linearPredictor: max memory 932184064, total allocated 128974848, free 66082528, used 62892320, increment 0
FeaturedSpace: max memory 932184064, total allocated 128974848, free 66082528, used 62892320, increment 0
Sequential: max memory 932184064, total allocated 128974848, free 66082528, used 62892320, increment 0
Initial loss: 9.212438170058329
60: time = 0.244000 loss = 8.909903
Res.gain: 0.30253521434992514
Jackknife: only bio_7
Making features
makeFeatures: max memory 932184064, total allocated 128974848, free 66082528, used 62892320, increment 0
Gustavia_santanderiensis_3 bio_7: 
Regularization values: linear/quadratic/product: 0.423, categorical: 0.250, threshold: 1.790, hinge: 0.500
21 samples
Density: max memory 932184064, total allocated 128974848, free 66082528, used 62892320, increment 0
linearPredictor: max memory 932184064, total allocated 128974848, free 66082528, used 62892320, increment 0
FeaturedSpace: max memory 932184064, total allocated 128974848, free 66082528, used 62892320, increment 0
Sequential: max memory 932184064, total allocated 128974848, free 66082528, used 62892320, increment 0
Initial loss: 9.212438170058329
40: time = 0.122000 loss = 9.212354
Res.gain: 8.407108518504458E-5
Jackknife: only bio_ai_et0
Making features
makeFeatures: max memory 932184064, total allocated 128974848, free 66082528, used 62892320, increment 0
Gustavia_santanderiensis_3 bio_ai_et0: 
Regularization values: linear/quadratic/product: 0.423, categorical: 0.250, threshold: 1.790, hinge: 0.500
21 samples
Density: max memory 932184064, total allocated 128974848, free 66082528, used 62892320, increment 0
linearPredictor: max memory 932184064, total allocated 128974848, free 66082528, used 62892320, increment 0
FeaturedSpace: max memory 932184064, total allocated 128974848, free 66082528, used 62892320, increment 0
Sequential: max memory 932184064, total allocated 128974848, free 66082528, used 62892320, increment 0
Initial loss: 9.212438170058329
60: time = 0.185000 loss = 9.211109
Res.gain: 0.0013295090813443267
Jackknife: only bio_et0_yr
Making features
makeFeatures: max memory 932184064, total allocated 128974848, free 64960432, used 64014416, increment 1122096
Gustavia_santanderiensis_3 bio_et0_yr: 
Regularization values: linear/quadratic/product: 0.423, categorical: 0.250, threshold: 1.790, hinge: 0.500
21 samples
Density: max memory 932184064, total allocated 128974848, free 64960432, used 64014416, increment 0
linearPredictor: max memory 932184064, total allocated 128974848, free 64960432, used 64014416, increment 0
FeaturedSpace: max memory 932184064, total allocated 128974848, free 64960432, used 64014416, increment 0
Sequential: max memory 932184064, total allocated 128974848, free 64960432, used 64014416, increment 0
Initial loss: 9.212438170058329
Time since start: 112.468
60: time = 0.165000 loss = 9.171457
Res.gain: 0.04098119719854765
getSamples: max memory 932184064, total allocated 128974848, free 60124152, used 68850696, increment 4836280
Making features
makeFeatures: max memory 932184064, total allocated 128974848, free 57879000, used 71095848, increment 2245152
Gustavia_santanderiensis_4: 
Regularization values: linear/quadratic/product: 0.423, categorical: 0.250, threshold: 1.790, hinge: 0.500
21 samples
Density: max memory 932184064, total allocated 128974848, free 57798816, used 71176032, increment 80184
linearPredictor: max memory 932184064, total allocated 128974848, free 57718632, used 71256216, increment 80184
FeaturedSpace: max memory 932184064, total allocated 128974848, free 57718632, used 71256216, increment 0
Sequential: max memory 932184064, total allocated 128974848, free 57718632, used 71256216, increment 0
Initial loss: 9.212438170058329
120: time = 0.258000 loss = 7.478910
Resulting gain: 1.7335280109847018
Projecting...
Writing file C:\Users\Camila\Desktop\Modelo opc3\Final_Models\M_4_F_q_Set_1\Gustavia_santanderiensis_4.asc
Time since start: 115.344
Writing C:\Users\Camila\Desktop\Modelo opc3\Final_Models\M_4_F_q_Set_1\plots\Gustavia_santanderiensis_4.png
Gustavia_santanderiensis_4 response curves
Time since start: 119.595
Response curve: only bio_1
Making features
makeFeatures: max memory 932184064, total allocated 117964800, free 43548408, used 74416392, increment 3160176
Gustavia_santanderiensis_4 bio_1: 
Regularization values: linear/quadratic/product: 0.423, categorical: 0.250, threshold: 1.790, hinge: 0.500
21 samples
Density: max memory 932184064, total allocated 117964800, free 43548408, used 74416392, increment 0
linearPredictor: max memory 932184064, total allocated 117964800, free 43548408, used 74416392, increment 0
FeaturedSpace: max memory 932184064, total allocated 117964800, free 43548408, used 74416392, increment 0
Sequential: max memory 932184064, total allocated 117964800, free 43548408, used 74416392, increment 0
Initial loss: 9.212438170058329
60: time = 0.731000 loss = 8.916599
Resulting gain: 0.29583918877460746
Gustavia_santanderiensis_4 response curves
Response curve: only bio_10
Making features
makeFeatures: max memory 932184064, total allocated 117964800, free 39563384, used 78401416, increment 3985024
Gustavia_santanderiensis_4 bio_10: 
Regularization values: linear/quadratic/product: 0.423, categorical: 0.250, threshold: 1.790, hinge: 0.500
21 samples
Density: max memory 932184064, total allocated 117964800, free 39563384, used 78401416, increment 0
linearPredictor: max memory 932184064, total allocated 117964800, free 39563384, used 78401416, increment 0
FeaturedSpace: max memory 932184064, total allocated 117964800, free 39563384, used 78401416, increment 0
Sequential: max memory 932184064, total allocated 117964800, free 39563384, used 78401416, increment 0
Initial loss: 9.212438170058329
Time since start: 120.739
60: time = 0.259000 loss = 8.944944
Resulting gain: 0.26749383687701744
Gustavia_santanderiensis_4 response curves
Response curve: only bio_11
Making features
makeFeatures: max memory 932184064, total allocated 117964800, free 34494648, used 83470152, increment 5068736
Gustavia_santanderiensis_4 bio_11: 
Regularization values: linear/quadratic/product: 0.423, categorical: 0.250, threshold: 1.790, hinge: 0.500
21 samples
Density: max memory 932184064, total allocated 117964800, free 34494648, used 83470152, increment 0
linearPredictor: max memory 932184064, total allocated 117964800, free 34494648, used 83470152, increment 0
FeaturedSpace: max memory 932184064, total allocated 117964800, free 34494648, used 83470152, increment 0
Sequential: max memory 932184064, total allocated 117964800, free 34494648, used 83470152, increment 0
Initial loss: 9.212438170058329
60: time = 0.238000 loss = 8.938428
Resulting gain: 0.2740106107106772
Gustavia_santanderiensis_4 response curves
Response curve: only bio_12
Making features
makeFeatures: max memory 932184064, total allocated 117964800, free 30512040, used 87452760, increment 3982608
Gustavia_santanderiensis_4 bio_12: 
Regularization values: linear/quadratic/product: 0.423, categorical: 0.250, threshold: 1.790, hinge: 0.500
21 samples
Density: max memory 932184064, total allocated 117964800, free 30512040, used 87452760, increment 0
linearPredictor: max memory 932184064, total allocated 117964800, free 30512040, used 87452760, increment 0
FeaturedSpace: max memory 932184064, total allocated 117964800, free 30512040, used 87452760, increment 0
Sequential: max memory 932184064, total allocated 117964800, free 30512040, used 87452760, increment 0
Initial loss: 9.212438170058329
60: time = 0.228000 loss = 9.192159
Resulting gain: 0.020279624386462913
Gustavia_santanderiensis_4 response curves
Time since start: 121.782
Response curve: only bio_13
Making features
makeFeatures: max memory 932184064, total allocated 122159104, free 80534064, used 41625040, increment -45827720
Gustavia_santanderiensis_4 bio_13: 
Regularization values: linear/quadratic/product: 0.423, categorical: 0.250, threshold: 1.790, hinge: 0.500
21 samples
Density: max memory 932184064, total allocated 122159104, free 80453880, used 41705224, increment 80184
linearPredictor: max memory 932184064, total allocated 122159104, free 80373696, used 41785408, increment 80184
FeaturedSpace: max memory 932184064, total allocated 122159104, free 80373696, used 41785408, increment 0
Sequential: max memory 932184064, total allocated 122159104, free 80373696, used 41785408, increment 0
Initial loss: 9.212438170058329
20: time = 0.668000 loss = 9.212438
Resulting gain: 0.0
Gustavia_santanderiensis_4 response curves
Response curve: only bio_14
Making features
makeFeatures: max memory 932184064, total allocated 122159104, free 75506816, used 46652288, increment 4866880
Gustavia_santanderiensis_4 bio_14: 
Regularization values: linear/quadratic/product: 0.423, categorical: 0.250, threshold: 1.790, hinge: 0.500
21 samples
Density: max memory 932184064, total allocated 122159104, free 75506816, used 46652288, increment 0
linearPredictor: max memory 932184064, total allocated 122159104, free 75506816, used 46652288, increment 0
FeaturedSpace: max memory 932184064, total allocated 122159104, free 75506816, used 46652288, increment 0
Sequential: max memory 932184064, total allocated 122159104, free 75506816, used 46652288, increment 0
Initial loss: 9.212438170058329
Time since start: 122.95
60: time = 0.204000 loss = 9.160237
Resulting gain: 0.05220152303714798
Gustavia_santanderiensis_4 response curves
Response curve: only bio_15
Making features
makeFeatures: max memory 932184064, total allocated 122159104, free 71625352, used 50533752, increment 3881464
Gustavia_santanderiensis_4 bio_15: 
Regularization values: linear/quadratic/product: 0.423, categorical: 0.250, threshold: 1.790, hinge: 0.500
21 samples
Density: max memory 932184064, total allocated 122159104, free 71625352, used 50533752, increment 0
linearPredictor: max memory 932184064, total allocated 122159104, free 71625352, used 50533752, increment 0
FeaturedSpace: max memory 932184064, total allocated 122159104, free 71625352, used 50533752, increment 0
Sequential: max memory 932184064, total allocated 122159104, free 71625352, used 50533752, increment 0
Initial loss: 9.212438170058329
60: time = 0.197000 loss = 8.914936
Resulting gain: 0.2975018188086338
Gustavia_santanderiensis_4 response curves
Response curve: only bio_16
Making features
makeFeatures: max memory 932184064, total allocated 122159104, free 66754456, used 55404648, increment 4870896
Gustavia_santanderiensis_4 bio_16: 
Regularization values: linear/quadratic/product: 0.423, categorical: 0.250, threshold: 1.790, hinge: 0.500
21 samples
Density: max memory 932184064, total allocated 122159104, free 66754456, used 55404648, increment 0
linearPredictor: max memory 932184064, total allocated 122159104, free 66754456, used 55404648, increment 0
FeaturedSpace: max memory 932184064, total allocated 122159104, free 66754456, used 55404648, increment 0
Sequential: max memory 932184064, total allocated 122159104, free 66754456, used 55404648, increment 0
Initial loss: 9.212438170058329
20: time = 0.108000 loss = 9.212438
Resulting gain: 0.0
Gustavia_santanderiensis_4 response curves
Response curve: only bio_17
Making features
makeFeatures: max memory 932184064, total allocated 122159104, free 62872992, used 59286112, increment 3881464
Gustavia_santanderiensis_4 bio_17: 
Regularization values: linear/quadratic/product: 0.423, categorical: 0.250, threshold: 1.790, hinge: 0.500
21 samples
Density: max memory 932184064, total allocated 122159104, free 62872992, used 59286112, increment 0
linearPredictor: max memory 932184064, total allocated 122159104, free 62872992, used 59286112, increment 0
FeaturedSpace: max memory 932184064, total allocated 122159104, free 62872992, used 59286112, increment 0
Sequential: max memory 932184064, total allocated 122159104, free 62872992, used 59286112, increment 0
Initial loss: 9.212438170058329
Time since start: 123.994
60: time = 0.195000 loss = 8.966580
Resulting gain: 0.2458582539145855
Gustavia_santanderiensis_4 response curves
Response curve: only bio_2
Making features
makeFeatures: max memory 932184064, total allocated 122159104, free 58020376, used 64138728, increment 4852616
Gustavia_santanderiensis_4 bio_2: 
Regularization values: linear/quadratic/product: 0.423, categorical: 0.250, threshold: 1.790, hinge: 0.500
21 samples
Density: max memory 932184064, total allocated 122159104, free 58020376, used 64138728, increment 0
linearPredictor: max memory 932184064, total allocated 122159104, free 58020376, used 64138728, increment 0
FeaturedSpace: max memory 932184064, total allocated 122159104, free 58020376, used 64138728, increment 0
Sequential: max memory 932184064, total allocated 122159104, free 58020376, used 64138728, increment 0
Initial loss: 9.212438170058329
60: time = 0.204000 loss = 9.195754
Resulting gain: 0.01668423297410193
Gustavia_santanderiensis_4 response curves
Time since start: 125.06
Response curve: only bio_3
Making features
makeFeatures: max memory 932184064, total allocated 122159104, free 54138912, used 68020192, increment 3881464
Gustavia_santanderiensis_4 bio_3: 
Regularization values: linear/quadratic/product: 0.423, categorical: 0.250, threshold: 1.790, hinge: 0.500
21 samples
Density: max memory 932184064, total allocated 122159104, free 54138912, used 68020192, increment 0
linearPredictor: max memory 932184064, total allocated 122159104, free 54058728, used 68100376, increment 80184
FeaturedSpace: max memory 932184064, total allocated 122159104, free 54058728, used 68100376, increment 0
Sequential: max memory 932184064, total allocated 122159104, free 54058728, used 68100376, increment 0
Initial loss: 9.212438170058329
60: time = 0.323000 loss = 9.188421
Resulting gain: 0.024017451526320954
Gustavia_santanderiensis_4 response curves
Response curve: only bio_4
Making features
makeFeatures: max memory 932184064, total allocated 122159104, free 49207352, used 72951752, increment 4851376
Gustavia_santanderiensis_4 bio_4: 
Regularization values: linear/quadratic/product: 0.423, categorical: 0.250, threshold: 1.790, hinge: 0.500
21 samples
Density: max memory 932184064, total allocated 122159104, free 49207352, used 72951752, increment 0
linearPredictor: max memory 932184064, total allocated 122159104, free 49207352, used 72951752, increment 0
FeaturedSpace: max memory 932184064, total allocated 122159104, free 49207352, used 72951752, increment 0
Sequential: max memory 932184064, total allocated 122159104, free 49207352, used 72951752, increment 0
Initial loss: 9.212438170058329
20: time = 0.122000 loss = 9.212438
Resulting gain: 0.0
Gustavia_santanderiensis_4 response curves
Time since start: 127.161
Response curve: only bio_5
Making features
makeFeatures: max memory 932184064, total allocated 122159104, free 45325888, used 76833216, increment 3881464
Gustavia_santanderiensis_4 bio_5: 
Regularization values: linear/quadratic/product: 0.423, categorical: 0.250, threshold: 1.790, hinge: 0.500
21 samples
Density: max memory 932184064, total allocated 122159104, free 45325888, used 76833216, increment 0
linearPredictor: max memory 932184064, total allocated 122159104, free 45325888, used 76833216, increment 0
FeaturedSpace: max memory 932184064, total allocated 122159104, free 45325888, used 76833216, increment 0
Sequential: max memory 932184064, total allocated 122159104, free 45325888, used 76833216, increment 0
Initial loss: 9.212438170058329
60: time = 0.355000 loss = 8.948398
Resulting gain: 0.2640398927969603
Gustavia_santanderiensis_4 response curves
Response curve: only bio_6
Making features
makeFeatures: max memory 932184064, total allocated 122159104, free 40476856, used 81682248, increment 4849032
Gustavia_santanderiensis_4 bio_6: 
Regularization values: linear/quadratic/product: 0.423, categorical: 0.250, threshold: 1.790, hinge: 0.500
21 samples
Density: max memory 932184064, total allocated 122159104, free 40476856, used 81682248, increment 0
linearPredictor: max memory 932184064, total allocated 122159104, free 40476856, used 81682248, increment 0
FeaturedSpace: max memory 932184064, total allocated 122159104, free 40476856, used 81682248, increment 0
Sequential: max memory 932184064, total allocated 122159104, free 40476856, used 81682248, increment 0
Initial loss: 9.212438170058329
60: time = 0.323000 loss = 8.871613
Resulting gain: 0.34082510773856356
Gustavia_santanderiensis_4 response curves
Time since start: 128.337
Response curve: only bio_7
Making features
makeFeatures: max memory 932184064, total allocated 122159104, free 36597808, used 85561296, increment 3879048
Gustavia_santanderiensis_4 bio_7: 
Regularization values: linear/quadratic/product: 0.423, categorical: 0.250, threshold: 1.790, hinge: 0.500
21 samples
Density: max memory 932184064, total allocated 122159104, free 36597808, used 85561296, increment 0
linearPredictor: max memory 932184064, total allocated 122159104, free 35654328, used 86504776, increment 943480
FeaturedSpace: max memory 932184064, total allocated 122159104, free 35654328, used 86504776, increment 0
Sequential: max memory 932184064, total allocated 122159104, free 35654328, used 86504776, increment 0
Initial loss: 9.212438170058329
20: time = 0.125000 loss = 9.212438
Resulting gain: 0.0
Gustavia_santanderiensis_4 response curves
Response curve: only bio_ai_et0
Making features
makeFeatures: max memory 932184064, total allocated 114819072, free 73190000, used 41629072, increment -44875704
Gustavia_santanderiensis_4 bio_ai_et0: 
Regularization values: linear/quadratic/product: 0.423, categorical: 0.250, threshold: 1.790, hinge: 0.500
21 samples
Density: max memory 932184064, total allocated 114819072, free 73109816, used 41709256, increment 80184
linearPredictor: max memory 932184064, total allocated 114819072, free 73029632, used 41789440, increment 80184
FeaturedSpace: max memory 932184064, total allocated 114819072, free 73029632, used 41789440, increment 0
Sequential: max memory 932184064, total allocated 114819072, free 73029632, used 41789440, increment 0
Initial loss: 9.212438170058329
60: time = 0.256000 loss = 9.210647
Resulting gain: 0.0017911518423439077
Gustavia_santanderiensis_4 response curves
Time since start: 129.837
Response curve: only bio_et0_yr
Making features
makeFeatures: max memory 932184064, total allocated 114819072, free 68298528, used 46520544, increment 4731104
Gustavia_santanderiensis_4 bio_et0_yr: 
Regularization values: linear/quadratic/product: 0.423, categorical: 0.250, threshold: 1.790, hinge: 0.500
21 samples
Density: max memory 932184064, total allocated 114819072, free 68298528, used 46520544, increment 0
linearPredictor: max memory 932184064, total allocated 114819072, free 68298528, used 46520544, increment 0
FeaturedSpace: max memory 932184064, total allocated 114819072, free 68298528, used 46520544, increment 0
Sequential: max memory 932184064, total allocated 114819072, free 68298528, used 46520544, increment 0
Initial loss: 9.212438170058329
60: time = 0.222000 loss = 9.180224
Resulting gain: 0.03221440099457418
Gustavia_santanderiensis_4 response curves
Time since start: 131.072
Jackknife: leave bio_1 out
Making features
makeFeatures: max memory 932184064, total allocated 116391936, free 73237016, used 43154920, increment -3365624
Gustavia_santanderiensis_4 bio_1: 
Regularization values: linear/quadratic/product: 0.423, categorical: 0.250, threshold: 1.790, hinge: 0.500
21 samples
Density: max memory 932184064, total allocated 116391936, free 73156832, used 43235104, increment 80184
linearPredictor: max memory 932184064, total allocated 116391936, free 73076648, used 43315288, increment 80184
FeaturedSpace: max memory 932184064, total allocated 116391936, free 73076648, used 43315288, increment 0
Sequential: max memory 932184064, total allocated 116391936, free 73076648, used 43315288, increment 0
Initial loss: 9.212438170058329
120: time = 0.318000 loss = 7.478910
Jackknife: leave bio_10 out
Making features
makeFeatures: max memory 932184064, total allocated 116391936, free 70352736, used 46039200, increment 2723912
Gustavia_santanderiensis_4 bio_10: 
Regularization values: linear/quadratic/product: 0.423, categorical: 0.250, threshold: 1.790, hinge: 0.500
21 samples
Density: max memory 932184064, total allocated 116391936, free 69473112, used 46918824, increment 879624
linearPredictor: max memory 932184064, total allocated 116391936, free 69473112, used 46918824, increment 0
FeaturedSpace: max memory 932184064, total allocated 116391936, free 69473112, used 46918824, increment 0
Sequential: max memory 932184064, total allocated 116391936, free 69473112, used 46918824, increment 0
Initial loss: 9.212438170058329
120: time = 0.291000 loss = 7.478910
Jackknife: leave bio_11 out
Making features
makeFeatures: max memory 932184064, total allocated 116391936, free 67390728, used 49001208, increment 2082384
Gustavia_santanderiensis_4 bio_11: 
Regularization values: linear/quadratic/product: 0.423, categorical: 0.250, threshold: 1.790, hinge: 0.500
21 samples
Density: max memory 932184064, total allocated 116391936, free 67310544, used 49081392, increment 80184
linearPredictor: max memory 932184064, total allocated 116391936, free 67230360, used 49161576, increment 80184
FeaturedSpace: max memory 932184064, total allocated 116391936, free 67230360, used 49161576, increment 0
Sequential: max memory 932184064, total allocated 116391936, free 67230360, used 49161576, increment 0
Initial loss: 9.212438170058329
120: time = 0.263000 loss = 7.478910
Jackknife: leave bio_12 out
Making features
makeFeatures: max memory 932184064, total allocated 116391936, free 64506384, used 51885552, increment 2723976
Gustavia_santanderiensis_4 bio_12: 
Regularization values: linear/quadratic/product: 0.423, categorical: 0.250, threshold: 1.790, hinge: 0.500
21 samples
Density: max memory 932184064, total allocated 116391936, free 64426200, used 51965736, increment 80184
linearPredictor: max memory 932184064, total allocated 116391936, free 64346016, used 52045920, increment 80184
FeaturedSpace: max memory 932184064, total allocated 116391936, free 64346016, used 52045920, increment 0
Sequential: max memory 932184064, total allocated 116391936, free 64346016, used 52045920, increment 0
Initial loss: 9.212438170058329
Time since start: 132.271
120: time = 0.264000 loss = 7.478910
Jackknife: leave bio_13 out
Making features
makeFeatures: max memory 932184064, total allocated 116391936, free 61622040, used 54769896, increment 2723976
Gustavia_santanderiensis_4 bio_13: 
Regularization values: linear/quadratic/product: 0.423, categorical: 0.250, threshold: 1.790, hinge: 0.500
21 samples
Density: max memory 932184064, total allocated 116391936, free 61541856, used 54850080, increment 80184
linearPredictor: max memory 932184064, total allocated 116391936, free 61461672, used 54930264, increment 80184
FeaturedSpace: max memory 932184064, total allocated 116391936, free 61461672, used 54930264, increment 0
Sequential: max memory 932184064, total allocated 116391936, free 61461672, used 54930264, increment 0
Initial loss: 9.212438170058329
120: time = 0.297000 loss = 7.478910
Jackknife: leave bio_14 out
Making features
makeFeatures: max memory 932184064, total allocated 116391936, free 58737760, used 57654176, increment 2723912
Gustavia_santanderiensis_4 bio_14: 
Regularization values: linear/quadratic/product: 0.423, categorical: 0.250, threshold: 1.790, hinge: 0.500
21 samples
Density: max memory 932184064, total allocated 116391936, free 58657576, used 57734360, increment 80184
linearPredictor: max memory 932184064, total allocated 116391936, free 58577392, used 57814544, increment 80184
FeaturedSpace: max memory 932184064, total allocated 116391936, free 58577392, used 57814544, increment 0
Sequential: max memory 932184064, total allocated 116391936, free 58577392, used 57814544, increment 0
Initial loss: 9.212438170058329
120: time = 0.290000 loss = 7.478910
Jackknife: leave bio_15 out
Making features
makeFeatures: max memory 932184064, total allocated 116391936, free 55853264, used 60538672, increment 2724128
Gustavia_santanderiensis_4 bio_15: 
Regularization values: linear/quadratic/product: 0.423, categorical: 0.250, threshold: 1.790, hinge: 0.500
21 samples
Density: max memory 932184064, total allocated 116391936, free 54973640, used 61418296, increment 879624
linearPredictor: max memory 932184064, total allocated 116391936, free 54973640, used 61418296, increment 0
FeaturedSpace: max memory 932184064, total allocated 116391936, free 54973640, used 61418296, increment 0
Sequential: max memory 932184064, total allocated 116391936, free 54973640, used 61418296, increment 0
Initial loss: 9.212438170058329
140: time = 0.324000 loss = 7.987277
Jackknife: leave bio_16 out
Making features
makeFeatures: max memory 932184064, total allocated 116391936, free 52888856, used 63503080, increment 2084784
Gustavia_santanderiensis_4 bio_16: 
Regularization values: linear/quadratic/product: 0.423, categorical: 0.250, threshold: 1.790, hinge: 0.500
21 samples
Density: max memory 932184064, total allocated 116391936, free 52808672, used 63583264, increment 80184
linearPredictor: max memory 932184064, total allocated 116391936, free 52728488, used 63663448, increment 80184
FeaturedSpace: max memory 932184064, total allocated 116391936, free 52728488, used 63663448, increment 0
Sequential: max memory 932184064, total allocated 116391936, free 52728488, used 63663448, increment 0
Initial loss: 9.212438170058329
Time since start: 133.514
120: time = 0.271000 loss = 7.478910
Jackknife: leave bio_17 out
Making features
makeFeatures: max memory 932184064, total allocated 116391936, free 50004360, used 66387576, increment 2724128
Gustavia_santanderiensis_4 bio_17: 
Regularization values: linear/quadratic/product: 0.423, categorical: 0.250, threshold: 1.790, hinge: 0.500
21 samples
Density: max memory 932184064, total allocated 116391936, free 49924176, used 66467760, increment 80184
linearPredictor: max memory 932184064, total allocated 116391936, free 49843992, used 66547944, increment 80184
FeaturedSpace: max memory 932184064, total allocated 116391936, free 49843992, used 66547944, increment 0
Sequential: max memory 932184064, total allocated 116391936, free 49843992, used 66547944, increment 0
Initial loss: 9.212438170058329
120: time = 0.285000 loss = 7.478910
Jackknife: leave bio_2 out
Making features
makeFeatures: max memory 932184064, total allocated 116391936, free 47120088, used 69271848, increment 2723904
Gustavia_santanderiensis_4 bio_2: 
Regularization values: linear/quadratic/product: 0.423, categorical: 0.250, threshold: 1.790, hinge: 0.500
21 samples
Density: max memory 932184064, total allocated 116391936, free 47039904, used 69352032, increment 80184
linearPredictor: max memory 932184064, total allocated 116391936, free 46959720, used 69432216, increment 80184
FeaturedSpace: max memory 932184064, total allocated 116391936, free 46959720, used 69432216, increment 0
Sequential: max memory 932184064, total allocated 116391936, free 46959720, used 69432216, increment 0
Initial loss: 9.212438170058329
120: time = 0.266000 loss = 7.478910
Jackknife: leave bio_3 out
Making features
makeFeatures: max memory 932184064, total allocated 116391936, free 44235832, used 72156104, increment 2723888
Gustavia_santanderiensis_4 bio_3: 
Regularization values: linear/quadratic/product: 0.423, categorical: 0.250, threshold: 1.790, hinge: 0.500
21 samples
Density: max memory 932184064, total allocated 116391936, free 43356208, used 73035728, increment 879624
linearPredictor: max memory 932184064, total allocated 116391936, free 43356208, used 73035728, increment 0
FeaturedSpace: max memory 932184064, total allocated 116391936, free 43356208, used 73035728, increment 0
Sequential: max memory 932184064, total allocated 116391936, free 43356208, used 73035728, increment 0
Initial loss: 9.212438170058329
100: time = 0.218000 loss = 7.500927
Jackknife: leave bio_4 out
Making features
makeFeatures: max memory 932184064, total allocated 116391936, free 41351608, used 75040328, increment 2004600
Gustavia_santanderiensis_4 bio_4: 
Regularization values: linear/quadratic/product: 0.423, categorical: 0.250, threshold: 1.790, hinge: 0.500
21 samples
Density: max memory 932184064, total allocated 116391936, free 40471984, used 75919952, increment 879624
linearPredictor: max memory 932184064, total allocated 116391936, free 40471984, used 75919952, increment 0
FeaturedSpace: max memory 932184064, total allocated 116391936, free 40471984, used 75919952, increment 0
Sequential: max memory 932184064, total allocated 116391936, free 40471984, used 75919952, increment 0
Initial loss: 9.212438170058329
Time since start: 134.585
120: time = 0.248000 loss = 7.484526
Jackknife: leave bio_5 out
Making features
makeFeatures: max memory 932184064, total allocated 116391936, free 38389600, used 78002336, increment 2082384
Gustavia_santanderiensis_4 bio_5: 
Regularization values: linear/quadratic/product: 0.423, categorical: 0.250, threshold: 1.790, hinge: 0.500
21 samples
Density: max memory 932184064, total allocated 116391936, free 38309416, used 78082520, increment 80184
linearPredictor: max memory 932184064, total allocated 116391936, free 38229232, used 78162704, increment 80184
FeaturedSpace: max memory 932184064, total allocated 116391936, free 38229232, used 78162704, increment 0
Sequential: max memory 932184064, total allocated 116391936, free 38229232, used 78162704, increment 0
Initial loss: 9.212438170058329
140: time = 0.276000 loss = 7.480155
Jackknife: leave bio_6 out
Making features
makeFeatures: max memory 932184064, total allocated 116391936, free 35505104, used 80886832, increment 2724128
Gustavia_santanderiensis_4 bio_6: 
Regularization values: linear/quadratic/product: 0.423, categorical: 0.250, threshold: 1.790, hinge: 0.500
21 samples
Density: max memory 932184064, total allocated 116391936, free 35424920, used 80967016, increment 80184
linearPredictor: max memory 932184064, total allocated 116391936, free 35344736, used 81047200, increment 80184
FeaturedSpace: max memory 932184064, total allocated 116391936, free 35344736, used 81047200, increment 0
Sequential: max memory 932184064, total allocated 116391936, free 35344736, used 81047200, increment 0
Initial loss: 9.212438170058329
120: time = 0.267000 loss = 7.536213
Jackknife: leave bio_7 out
Making features
makeFeatures: max memory 932184064, total allocated 112197632, free 70244744, used 41952888, increment -39094312
Gustavia_santanderiensis_4 bio_7: 
Regularization values: linear/quadratic/product: 0.423, categorical: 0.250, threshold: 1.790, hinge: 0.500
21 samples
Density: max memory 932184064, total allocated 112197632, free 70244744, used 41952888, increment 0
linearPredictor: max memory 932184064, total allocated 112197632, free 70244744, used 41952888, increment 0
FeaturedSpace: max memory 932184064, total allocated 112197632, free 70244744, used 41952888, increment 0
Sequential: max memory 932184064, total allocated 112197632, free 70244744, used 41952888, increment 0
Initial loss: 9.212438170058329
120: time = 0.249000 loss = 7.478910
Jackknife: leave bio_ai_et0 out
Making features
makeFeatures: max memory 932184064, total allocated 112197632, free 67576888, used 44620744, increment 2667856
Gustavia_santanderiensis_4 bio_ai_et0: 
Regularization values: linear/quadratic/product: 0.423, categorical: 0.250, threshold: 1.790, hinge: 0.500
21 samples
Density: max memory 932184064, total allocated 112197632, free 67496704, used 44700928, increment 80184
linearPredictor: max memory 932184064, total allocated 112197632, free 67416520, used 44781112, increment 80184
FeaturedSpace: max memory 932184064, total allocated 112197632, free 67416520, used 44781112, increment 0
Sequential: max memory 932184064, total allocated 112197632, free 67416520, used 44781112, increment 0
Initial loss: 9.212438170058329
Time since start: 135.682
120: time = 0.250000 loss = 7.478910
Jackknife: leave bio_et0_yr out
Making features
makeFeatures: max memory 932184064, total allocated 112197632, free 64668480, used 47529152, increment 2748040
Gustavia_santanderiensis_4 bio_et0_yr: 
Regularization values: linear/quadratic/product: 0.423, categorical: 0.250, threshold: 1.790, hinge: 0.500
21 samples
Density: max memory 932184064, total allocated 112197632, free 64588296, used 47609336, increment 80184
linearPredictor: max memory 932184064, total allocated 112197632, free 64508112, used 47689520, increment 80184
FeaturedSpace: max memory 932184064, total allocated 112197632, free 64508112, used 47689520, increment 0
Sequential: max memory 932184064, total allocated 112197632, free 64508112, used 47689520, increment 0
Initial loss: 9.212438170058329
120: time = 0.255000 loss = 7.478910
Jackknife: only bio_1
Making features
makeFeatures: max memory 932184064, total allocated 112197632, free 63655280, used 48542352, increment 852832
Gustavia_santanderiensis_4 bio_1: 
Regularization values: linear/quadratic/product: 0.423, categorical: 0.250, threshold: 1.790, hinge: 0.500
21 samples
Density: max memory 932184064, total allocated 112197632, free 63655280, used 48542352, increment 0
linearPredictor: max memory 932184064, total allocated 112197632, free 63655280, used 48542352, increment 0
FeaturedSpace: max memory 932184064, total allocated 112197632, free 63655280, used 48542352, increment 0
Sequential: max memory 932184064, total allocated 112197632, free 63655280, used 48542352, increment 0
Initial loss: 9.212438170058329
60: time = 0.232000 loss = 8.916599
Res.gain: 0.29583918877460746
Jackknife: only bio_10
Making features
makeFeatures: max memory 932184064, total allocated 112197632, free 63655280, used 48542352, increment 0
Gustavia_santanderiensis_4 bio_10: 
Regularization values: linear/quadratic/product: 0.423, categorical: 0.250, threshold: 1.790, hinge: 0.500
21 samples
Density: max memory 932184064, total allocated 112197632, free 63655280, used 48542352, increment 0
linearPredictor: max memory 932184064, total allocated 112197632, free 63655280, used 48542352, increment 0
FeaturedSpace: max memory 932184064, total allocated 112197632, free 63655280, used 48542352, increment 0
Sequential: max memory 932184064, total allocated 112197632, free 63655280, used 48542352, increment 0
Initial loss: 9.212438170058329
60: time = 0.248000 loss = 8.944944
Res.gain: 0.26749383687701744
Jackknife: only bio_11
Making features
makeFeatures: max memory 932184064, total allocated 112197632, free 62802560, used 49395072, increment 852720
Gustavia_santanderiensis_4 bio_11: 
Regularization values: linear/quadratic/product: 0.423, categorical: 0.250, threshold: 1.790, hinge: 0.500
21 samples
Density: max memory 932184064, total allocated 112197632, free 62802560, used 49395072, increment 0
linearPredictor: max memory 932184064, total allocated 112197632, free 62802560, used 49395072, increment 0
FeaturedSpace: max memory 932184064, total allocated 112197632, free 62802560, used 49395072, increment 0
Sequential: max memory 932184064, total allocated 112197632, free 62802560, used 49395072, increment 0
Initial loss: 9.212438170058329
60: time = 0.237000 loss = 8.938428
Res.gain: 0.2740106107106772
Jackknife: only bio_12
Making features
makeFeatures: max memory 932184064, total allocated 112197632, free 62802560, used 49395072, increment 0
Gustavia_santanderiensis_4 bio_12: 
Regularization values: linear/quadratic/product: 0.423, categorical: 0.250, threshold: 1.790, hinge: 0.500
21 samples
Density: max memory 932184064, total allocated 112197632, free 62802560, used 49395072, increment 0
linearPredictor: max memory 932184064, total allocated 112197632, free 62802560, used 49395072, increment 0
FeaturedSpace: max memory 932184064, total allocated 112197632, free 62802560, used 49395072, increment 0
Sequential: max memory 932184064, total allocated 112197632, free 62802560, used 49395072, increment 0
Initial loss: 9.212438170058329
Time since start: 136.863
60: time = 0.181000 loss = 9.192159
Res.gain: 0.020279624386462913
Jackknife: only bio_13
Making features
makeFeatures: max memory 932184064, total allocated 112197632, free 62722376, used 49475256, increment 80184
Gustavia_santanderiensis_4 bio_13: 
Regularization values: linear/quadratic/product: 0.423, categorical: 0.250, threshold: 1.790, hinge: 0.500
21 samples
Density: max memory 932184064, total allocated 112197632, free 61869688, used 50327944, increment 852688
linearPredictor: max memory 932184064, total allocated 112197632, free 61869688, used 50327944, increment 0
FeaturedSpace: max memory 932184064, total allocated 112197632, free 61869688, used 50327944, increment 0
Sequential: max memory 932184064, total allocated 112197632, free 61869688, used 50327944, increment 0
Initial loss: 9.212438170058329
20: time = 0.103000 loss = 9.212438
Res.gain: 0.0
Jackknife: only bio_14
Making features
makeFeatures: max memory 932184064, total allocated 112197632, free 61869688, used 50327944, increment 0
Gustavia_santanderiensis_4 bio_14: 
Regularization values: linear/quadratic/product: 0.423, categorical: 0.250, threshold: 1.790, hinge: 0.500
21 samples
Density: max memory 932184064, total allocated 112197632, free 61869688, used 50327944, increment 0
linearPredictor: max memory 932184064, total allocated 112197632, free 61869688, used 50327944, increment 0
FeaturedSpace: max memory 932184064, total allocated 112197632, free 61869688, used 50327944, increment 0
Sequential: max memory 932184064, total allocated 112197632, free 61869688, used 50327944, increment 0
Initial loss: 9.212438170058329
60: time = 0.201000 loss = 9.160237
Res.gain: 0.05220152303714798
Jackknife: only bio_15
Making features
makeFeatures: max memory 932184064, total allocated 112197632, free 61869688, used 50327944, increment 0
Gustavia_santanderiensis_4 bio_15: 
Regularization values: linear/quadratic/product: 0.423, categorical: 0.250, threshold: 1.790, hinge: 0.500
21 samples
Density: max memory 932184064, total allocated 112197632, free 61869688, used 50327944, increment 0
linearPredictor: max memory 932184064, total allocated 112197632, free 61789504, used 50408128, increment 80184
FeaturedSpace: max memory 932184064, total allocated 112197632, free 61789504, used 50408128, increment 0
Sequential: max memory 932184064, total allocated 112197632, free 61789504, used 50408128, increment 0
Initial loss: 9.212438170058329
60: time = 0.179000 loss = 8.914936
Res.gain: 0.2975018188086338
Jackknife: only bio_16
Making features
makeFeatures: max memory 932184064, total allocated 112197632, free 60856632, used 51341000, increment 932872
Gustavia_santanderiensis_4 bio_16: 
Regularization values: linear/quadratic/product: 0.423, categorical: 0.250, threshold: 1.790, hinge: 0.500
21 samples
Density: max memory 932184064, total allocated 112197632, free 60856632, used 51341000, increment 0
linearPredictor: max memory 932184064, total allocated 112197632, free 60856632, used 51341000, increment 0
FeaturedSpace: max memory 932184064, total allocated 112197632, free 60856632, used 51341000, increment 0
Sequential: max memory 932184064, total allocated 112197632, free 60856632, used 51341000, increment 0
Initial loss: 9.212438170058329
20: time = 0.102000 loss = 9.212438
Res.gain: 0.0
Jackknife: only bio_17
Making features
makeFeatures: max memory 932184064, total allocated 112197632, free 60856632, used 51341000, increment 0
Gustavia_santanderiensis_4 bio_17: 
Regularization values: linear/quadratic/product: 0.423, categorical: 0.250, threshold: 1.790, hinge: 0.500
21 samples
Density: max memory 932184064, total allocated 112197632, free 60856632, used 51341000, increment 0
linearPredictor: max memory 932184064, total allocated 112197632, free 60856632, used 51341000, increment 0
FeaturedSpace: max memory 932184064, total allocated 112197632, free 60856632, used 51341000, increment 0
Sequential: max memory 932184064, total allocated 112197632, free 60856632, used 51341000, increment 0
Initial loss: 9.212438170058329
60: time = 0.183000 loss = 8.966580
Res.gain: 0.2458582539145855
Jackknife: only bio_2
Making features
makeFeatures: max memory 932184064, total allocated 112197632, free 60856632, used 51341000, increment 0
Gustavia_santanderiensis_4 bio_2: 
Regularization values: linear/quadratic/product: 0.423, categorical: 0.250, threshold: 1.790, hinge: 0.500
21 samples
Density: max memory 932184064, total allocated 112197632, free 60776448, used 51421184, increment 80184
linearPredictor: max memory 932184064, total allocated 112197632, free 60696264, used 51501368, increment 80184
FeaturedSpace: max memory 932184064, total allocated 112197632, free 60696264, used 51501368, increment 0
Sequential: max memory 932184064, total allocated 112197632, free 60696264, used 51501368, increment 0
Initial loss: 9.212438170058329
60: time = 0.210000 loss = 9.195754
Res.gain: 0.01668423297410193
Jackknife: only bio_3
Making features
makeFeatures: max memory 932184064, total allocated 112197632, free 59843520, used 52354112, increment 852744
Gustavia_santanderiensis_4 bio_3: 
Regularization values: linear/quadratic/product: 0.423, categorical: 0.250, threshold: 1.790, hinge: 0.500
21 samples
Density: max memory 932184064, total allocated 112197632, free 59843520, used 52354112, increment 0
linearPredictor: max memory 932184064, total allocated 112197632, free 59843520, used 52354112, increment 0
FeaturedSpace: max memory 932184064, total allocated 112197632, free 59843520, used 52354112, increment 0
Sequential: max memory 932184064, total allocated 112197632, free 59843520, used 52354112, increment 0
Initial loss: 9.212438170058329
Time since start: 138.094
60: time = 0.231000 loss = 9.188421
Res.gain: 0.024017451526320954
Jackknife: only bio_4
Making features
makeFeatures: max memory 932184064, total allocated 112197632, free 59843520, used 52354112, increment 0
Gustavia_santanderiensis_4 bio_4: 
Regularization values: linear/quadratic/product: 0.423, categorical: 0.250, threshold: 1.790, hinge: 0.500
21 samples
Density: max memory 932184064, total allocated 112197632, free 59843520, used 52354112, increment 0
linearPredictor: max memory 932184064, total allocated 112197632, free 59843520, used 52354112, increment 0
FeaturedSpace: max memory 932184064, total allocated 112197632, free 59843520, used 52354112, increment 0
Sequential: max memory 932184064, total allocated 112197632, free 59843520, used 52354112, increment 0
Initial loss: 9.212438170058329
20: time = 0.102000 loss = 9.212438
Res.gain: 0.0
Jackknife: only bio_5
Making features
makeFeatures: max memory 932184064, total allocated 112197632, free 59763336, used 52434296, increment 80184
Gustavia_santanderiensis_4 bio_5: 
Regularization values: linear/quadratic/product: 0.423, categorical: 0.250, threshold: 1.790, hinge: 0.500
21 samples
Density: max memory 932184064, total allocated 112197632, free 59683152, used 52514480, increment 80184
linearPredictor: max memory 932184064, total allocated 112197632, free 59602968, used 52594664, increment 80184
FeaturedSpace: max memory 932184064, total allocated 112197632, free 59602968, used 52594664, increment 0
Sequential: max memory 932184064, total allocated 112197632, free 59602968, used 52594664, increment 0
Initial loss: 9.212438170058329
60: time = 0.250000 loss = 8.948398
Res.gain: 0.2640398927969603
Jackknife: only bio_6
Making features
makeFeatures: max memory 932184064, total allocated 112197632, free 58750232, used 53447400, increment 852736
Gustavia_santanderiensis_4 bio_6: 
Regularization values: linear/quadratic/product: 0.423, categorical: 0.250, threshold: 1.790, hinge: 0.500
21 samples
Density: max memory 932184064, total allocated 112197632, free 58750232, used 53447400, increment 0
linearPredictor: max memory 932184064, total allocated 112197632, free 58750232, used 53447400, increment 0
FeaturedSpace: max memory 932184064, total allocated 112197632, free 58750232, used 53447400, increment 0
Sequential: max memory 932184064, total allocated 112197632, free 58750232, used 53447400, increment 0
Initial loss: 9.212438170058329
60: time = 0.247000 loss = 8.871613
Res.gain: 0.34082510773856356
Jackknife: only bio_7
Making features
makeFeatures: max memory 932184064, total allocated 112197632, free 58750232, used 53447400, increment 0
Gustavia_santanderiensis_4 bio_7: 
Regularization values: linear/quadratic/product: 0.423, categorical: 0.250, threshold: 1.790, hinge: 0.500
21 samples
Density: max memory 932184064, total allocated 112197632, free 58750232, used 53447400, increment 0
linearPredictor: max memory 932184064, total allocated 112197632, free 58750232, used 53447400, increment 0
FeaturedSpace: max memory 932184064, total allocated 112197632, free 58750232, used 53447400, increment 0
Sequential: max memory 932184064, total allocated 112197632, free 58750232, used 53447400, increment 0
Initial loss: 9.212438170058329
20: time = 0.104000 loss = 9.212438
Res.gain: 0.0
Jackknife: only bio_ai_et0
Making features
makeFeatures: max memory 932184064, total allocated 112197632, free 58670048, used 53527584, increment 80184
Gustavia_santanderiensis_4 bio_ai_et0: 
Regularization values: linear/quadratic/product: 0.423, categorical: 0.250, threshold: 1.790, hinge: 0.500
21 samples
Density: max memory 932184064, total allocated 112197632, free 58589864, used 53607768, increment 80184
linearPredictor: max memory 932184064, total allocated 112197632, free 58509680, used 53687952, increment 80184
FeaturedSpace: max memory 932184064, total allocated 112197632, free 58509680, used 53687952, increment 0
Sequential: max memory 932184064, total allocated 112197632, free 58509680, used 53687952, increment 0
Initial loss: 9.212438170058329
60: time = 0.211000 loss = 9.210647
Res.gain: 0.0017911518423439077
Jackknife: only bio_et0_yr
Making features
makeFeatures: max memory 932184064, total allocated 112197632, free 57656944, used 54540688, increment 852736
Gustavia_santanderiensis_4 bio_et0_yr: 
Regularization values: linear/quadratic/product: 0.423, categorical: 0.250, threshold: 1.790, hinge: 0.500
21 samples
Density: max memory 932184064, total allocated 112197632, free 57656944, used 54540688, increment 0
linearPredictor: max memory 932184064, total allocated 112197632, free 57656944, used 54540688, increment 0
FeaturedSpace: max memory 932184064, total allocated 112197632, free 57656944, used 54540688, increment 0
Sequential: max memory 932184064, total allocated 112197632, free 57656944, used 54540688, increment 0
Initial loss: 9.212438170058329
Time since start: 139.227
60: time = 0.196000 loss = 9.180224
Res.gain: 0.03221440099457418
getSamples: max memory 932184064, total allocated 112197632, free 52773312, used 59424320, increment 4883632
Making features
makeFeatures: max memory 932184064, total allocated 112197632, free 50288848, used 61908784, increment 2484464
Gustavia_santanderiensis_5: 
Regularization values: linear/quadratic/product: 0.423, categorical: 0.250, threshold: 1.790, hinge: 0.500
21 samples
Density: max memory 932184064, total allocated 112197632, free 50208704, used 61988928, increment 80144
linearPredictor: max memory 932184064, total allocated 112197632, free 50128560, used 62069072, increment 80144
FeaturedSpace: max memory 932184064, total allocated 112197632, free 50128560, used 62069072, increment 0
Sequential: max memory 932184064, total allocated 112197632, free 50128560, used 62069072, increment 0
Initial loss: 9.211939093339879
160: time = 0.313000 loss = 7.576077
Resulting gain: 1.635862031735149
Projecting...
Writing file C:\Users\Camila\Desktop\Modelo opc3\Final_Models\M_4_F_q_Set_1\Gustavia_santanderiensis_5.asc
Time since start: 142.432
Writing C:\Users\Camila\Desktop\Modelo opc3\Final_Models\M_4_F_q_Set_1\plots\Gustavia_santanderiensis_5.png
Gustavia_santanderiensis_5 response curves
Time since start: 147.437
Response curve: only bio_1
Making features
makeFeatures: max memory 932184064, total allocated 116391936, free 20932016, used 95459920, increment 33390848
Gustavia_santanderiensis_5 bio_1: 
Regularization values: linear/quadratic/product: 0.423, categorical: 0.250, threshold: 1.790, hinge: 0.500
21 samples
Density: max memory 932184064, total allocated 116391936, free 20932016, used 95459920, increment 0
linearPredictor: max memory 932184064, total allocated 116916224, free 70235040, used 46681184, increment -48778736
FeaturedSpace: max memory 932184064, total allocated 116916224, free 69337080, used 47579144, increment 897960
Sequential: max memory 932184064, total allocated 116916224, free 69337080, used 47579144, increment 0
Initial loss: 9.211939093339879
60: time = 0.281000 loss = 8.972614
Resulting gain: 0.23932513957722357
Gustavia_santanderiensis_5 response curves
Response curve: only bio_10
Making features
makeFeatures: max memory 932184064, total allocated 116916224, free 65562248, used 51353976, increment 3774832
Gustavia_santanderiensis_5 bio_10: 
Regularization values: linear/quadratic/product: 0.423, categorical: 0.250, threshold: 1.790, hinge: 0.500
21 samples
Density: max memory 932184064, total allocated 116916224, free 65562248, used 51353976, increment 0
linearPredictor: max memory 932184064, total allocated 116916224, free 65562248, used 51353976, increment 0
FeaturedSpace: max memory 932184064, total allocated 116916224, free 65562248, used 51353976, increment 0
Sequential: max memory 932184064, total allocated 116916224, free 65562248, used 51353976, increment 0
Initial loss: 9.211939093339879
Time since start: 148.691
60: time = 0.282000 loss = 9.005690
Resulting gain: 0.20624945262251693
Gustavia_santanderiensis_5 response curves
Response curve: only bio_11
Making features
makeFeatures: max memory 932184064, total allocated 116916224, free 61007040, used 55909184, increment 4555208
Gustavia_santanderiensis_5 bio_11: 
Regularization values: linear/quadratic/product: 0.423, categorical: 0.250, threshold: 1.790, hinge: 0.500
21 samples
Density: max memory 932184064, total allocated 116916224, free 61007040, used 55909184, increment 0
linearPredictor: max memory 932184064, total allocated 116916224, free 61007040, used 55909184, increment 0
FeaturedSpace: max memory 932184064, total allocated 116916224, free 61007040, used 55909184, increment 0
Sequential: max memory 932184064, total allocated 116916224, free 61007040, used 55909184, increment 0
Initial loss: 9.211939093339879
60: time = 0.238000 loss = 8.985054
Resulting gain: 0.22688537044426305
Gustavia_santanderiensis_5 response curves
Response curve: only bio_12
Making features
makeFeatures: max memory 932184064, total allocated 116916224, free 56451864, used 60464360, increment 4555176
Gustavia_santanderiensis_5 bio_12: 
Regularization values: linear/quadratic/product: 0.423, categorical: 0.250, threshold: 1.790, hinge: 0.500
21 samples
Density: max memory 932184064, total allocated 116916224, free 56451864, used 60464360, increment 0
linearPredictor: max memory 932184064, total allocated 116916224, free 56451864, used 60464360, increment 0
FeaturedSpace: max memory 932184064, total allocated 116916224, free 56451864, used 60464360, increment 0
Sequential: max memory 932184064, total allocated 116916224, free 56451864, used 60464360, increment 0
Initial loss: 9.211939093339879
60: time = 0.178000 loss = 9.121907
Resulting gain: 0.0900318782503291
Gustavia_santanderiensis_5 response curves
Response curve: only bio_13
Making features
makeFeatures: max memory 932184064, total allocated 116916224, free 52712960, used 64203264, increment 3738904
Gustavia_santanderiensis_5 bio_13: 
Regularization values: linear/quadratic/product: 0.423, categorical: 0.250, threshold: 1.790, hinge: 0.500
21 samples
Density: max memory 932184064, total allocated 116916224, free 52632816, used 64283408, increment 80144
linearPredictor: max memory 932184064, total allocated 116916224, free 52552672, used 64363552, increment 80144
FeaturedSpace: max memory 932184064, total allocated 116916224, free 52552672, used 64363552, increment 0
Sequential: max memory 932184064, total allocated 116916224, free 52552672, used 64363552, increment 0
Initial loss: 9.211939093339879
Time since start: 149.694
20: time = 0.111000 loss = 9.211939
Resulting gain: 0.0
Gustavia_santanderiensis_5 response curves
Response curve: only bio_14
Making features
makeFeatures: max memory 932184064, total allocated 116916224, free 47994320, used 68921904, increment 4558352
Gustavia_santanderiensis_5 bio_14: 
Regularization values: linear/quadratic/product: 0.423, categorical: 0.250, threshold: 1.790, hinge: 0.500
21 samples
Density: max memory 932184064, total allocated 116916224, free 47994320, used 68921904, increment 0
linearPredictor: max memory 932184064, total allocated 116916224, free 47994320, used 68921904, increment 0
FeaturedSpace: max memory 932184064, total allocated 116916224, free 47994320, used 68921904, increment 0
Sequential: max memory 932184064, total allocated 116916224, free 47994320, used 68921904, increment 0
Initial loss: 9.211939093339879
60: time = 0.203000 loss = 8.947093
Resulting gain: 0.2648462075635276
Gustavia_santanderiensis_5 response curves
Response curve: only bio_15
Making features
makeFeatures: max memory 932184064, total allocated 116916224, free 43439808, used 73476416, increment 4554512
Gustavia_santanderiensis_5 bio_15: 
Regularization values: linear/quadratic/product: 0.423, categorical: 0.250, threshold: 1.790, hinge: 0.500
21 samples
Density: max memory 932184064, total allocated 116916224, free 43439808, used 73476416, increment 0
linearPredictor: max memory 932184064, total allocated 116916224, free 43439808, used 73476416, increment 0
FeaturedSpace: max memory 932184064, total allocated 116916224, free 43439808, used 73476416, increment 0
Sequential: max memory 932184064, total allocated 116916224, free 43439808, used 73476416, increment 0
Initial loss: 9.211939093339879
60: time = 0.189000 loss = 8.874813
Resulting gain: 0.3371259829386499
Gustavia_santanderiensis_5 response curves
Response curve: only bio_16
Making features
makeFeatures: max memory 932184064, total allocated 116916224, free 39623176, used 77293048, increment 3816632
Gustavia_santanderiensis_5 bio_16: 
Regularization values: linear/quadratic/product: 0.423, categorical: 0.250, threshold: 1.790, hinge: 0.500
21 samples
Density: max memory 932184064, total allocated 116916224, free 39543032, used 77373192, increment 80144
linearPredictor: max memory 932184064, total allocated 116916224, free 39462888, used 77453336, increment 80144
FeaturedSpace: max memory 932184064, total allocated 116916224, free 39462888, used 77453336, increment 0
Sequential: max memory 932184064, total allocated 116916224, free 39462888, used 77453336, increment 0
Initial loss: 9.211939093339879
Time since start: 151.277
60: time = 0.738000 loss = 9.209564
Resulting gain: 0.002374864465837234
Gustavia_santanderiensis_5 response curves
Response curve: only bio_17
Making features
makeFeatures: max memory 932184064, total allocated 116916224, free 34790072, used 82126152, increment 4672816
Gustavia_santanderiensis_5 bio_17: 
Regularization values: linear/quadratic/product: 0.423, categorical: 0.250, threshold: 1.790, hinge: 0.500
21 samples
Density: max memory 932184064, total allocated 116916224, free 34790072, used 82126152, increment 0
linearPredictor: max memory 932184064, total allocated 116916224, free 34790072, used 82126152, increment 0
FeaturedSpace: max memory 932184064, total allocated 116916224, free 34790072, used 82126152, increment 0
Sequential: max memory 932184064, total allocated 116916224, free 34790072, used 82126152, increment 0
Initial loss: 9.211939093339879
60: time = 0.205000 loss = 8.888615
Resulting gain: 0.3233241493045007
Gustavia_santanderiensis_5 response curves
Response curve: only bio_2
Making features
makeFeatures: max memory 932184064, total allocated 116916224, free 30235616, used 86680608, increment 4554456
Gustavia_santanderiensis_5 bio_2: 
Regularization values: linear/quadratic/product: 0.423, categorical: 0.250, threshold: 1.790, hinge: 0.500
21 samples
Density: max memory 932184064, total allocated 116916224, free 30235616, used 86680608, increment 0
linearPredictor: max memory 932184064, total allocated 116916224, free 30235616, used 86680608, increment 0
FeaturedSpace: max memory 932184064, total allocated 116916224, free 30235616, used 86680608, increment 0
Sequential: max memory 932184064, total allocated 116916224, free 30235616, used 86680608, increment 0
Initial loss: 9.211939093339879
60: time = 0.230000 loss = 9.198310
Resulting gain: 0.013628986675577437
Gustavia_santanderiensis_5 response curves
Time since start: 152.294
Response curve: only bio_3
Making features
makeFeatures: max memory 932184064, total allocated 116916224, free 26416568, used 90499656, increment 3819048
Gustavia_santanderiensis_5 bio_3: 
Regularization values: linear/quadratic/product: 0.423, categorical: 0.250, threshold: 1.790, hinge: 0.500
21 samples
Density: max memory 932184064, total allocated 116916224, free 26336424, used 90579800, increment 80144
linearPredictor: max memory 932184064, total allocated 116916224, free 26256280, used 90659944, increment 80144
FeaturedSpace: max memory 932184064, total allocated 116916224, free 26256280, used 90659944, increment 0
Sequential: max memory 932184064, total allocated 116916224, free 26256280, used 90659944, increment 0
Initial loss: 9.211939093339879
60: time = 0.872000 loss = 9.150471
Resulting gain: 0.06146849502165708
Gustavia_santanderiensis_5 response curves
Time since start: 153.354
Response curve: only bio_4
Making features
makeFeatures: max memory 932184064, total allocated 111673344, free 60487480, used 51185864, increment -39474080
Gustavia_santanderiensis_5 bio_4: 
Regularization values: linear/quadratic/product: 0.423, categorical: 0.250, threshold: 1.790, hinge: 0.500
21 samples
Density: max memory 932184064, total allocated 111673344, free 60487480, used 51185864, increment 0
linearPredictor: max memory 932184064, total allocated 111673344, free 60487480, used 51185864, increment 0
FeaturedSpace: max memory 932184064, total allocated 111673344, free 60487480, used 51185864, increment 0
Sequential: max memory 932184064, total allocated 111673344, free 60487480, used 51185864, increment 0
Initial loss: 9.211939093339879
60: time = 0.175000 loss = 9.200547
Resulting gain: 0.011391978972042693
Gustavia_santanderiensis_5 response curves
Response curve: only bio_5
Making features
makeFeatures: max memory 932184064, total allocated 111673344, free 56023760, used 55649584, increment 4463720
Gustavia_santanderiensis_5 bio_5: 
Regularization values: linear/quadratic/product: 0.423, categorical: 0.250, threshold: 1.790, hinge: 0.500
21 samples
Density: max memory 932184064, total allocated 111673344, free 56023760, used 55649584, increment 0
linearPredictor: max memory 932184064, total allocated 111673344, free 56023760, used 55649584, increment 0
FeaturedSpace: max memory 932184064, total allocated 111673344, free 56023760, used 55649584, increment 0
Sequential: max memory 932184064, total allocated 111673344, free 56023760, used 55649584, increment 0
Initial loss: 9.211939093339879
60: time = 0.250000 loss = 9.016182
Resulting gain: 0.1957572972744437
Gustavia_santanderiensis_5 response curves
Response curve: only bio_6
Making features
makeFeatures: max memory 932184064, total allocated 111673344, free 52272696, used 59400648, increment 3751064
Gustavia_santanderiensis_5 bio_6: 
Regularization values: linear/quadratic/product: 0.423, categorical: 0.250, threshold: 1.790, hinge: 0.500
21 samples
Density: max memory 932184064, total allocated 111673344, free 51398192, used 60275152, increment 874504
linearPredictor: max memory 932184064, total allocated 111673344, free 51398192, used 60275152, increment 0
FeaturedSpace: max memory 932184064, total allocated 111673344, free 51398192, used 60275152, increment 0
Sequential: max memory 932184064, total allocated 111673344, free 51398192, used 60275152, increment 0
Initial loss: 9.211939093339879
Time since start: 154.434
60: time = 0.257000 loss = 8.954868
Resulting gain: 0.25707064862518436
Gustavia_santanderiensis_5 response curves
Response curve: only bio_7
Making features
makeFeatures: max memory 932184064, total allocated 111673344, free 47809800, used 63863544, increment 3588392
Gustavia_santanderiensis_5 bio_7: 
Regularization values: linear/quadratic/product: 0.423, categorical: 0.250, threshold: 1.790, hinge: 0.500
21 samples
Density: max memory 932184064, total allocated 111673344, free 47729656, used 63943688, increment 80144
linearPredictor: max memory 932184064, total allocated 111673344, free 47649512, used 64023832, increment 80144
FeaturedSpace: max memory 932184064, total allocated 111673344, free 47649512, used 64023832, increment 0
Sequential: max memory 932184064, total allocated 111673344, free 47649512, used 64023832, increment 0
Initial loss: 9.211939093339879
20: time = 0.109000 loss = 9.211939
Resulting gain: 0.0
Gustavia_santanderiensis_5 response curves
Response curve: only bio_ai_et0
Making features
makeFeatures: max memory 932184064, total allocated 111673344, free 43064152, used 68609192, increment 4585360
Gustavia_santanderiensis_5 bio_ai_et0: 
Regularization values: linear/quadratic/product: 0.423, categorical: 0.250, threshold: 1.790, hinge: 0.500
21 samples
Density: max memory 932184064, total allocated 111673344, free 43064152, used 68609192, increment 0
linearPredictor: max memory 932184064, total allocated 111673344, free 43064152, used 68609192, increment 0
FeaturedSpace: max memory 932184064, total allocated 111673344, free 43064152, used 68609192, increment 0
Sequential: max memory 932184064, total allocated 111673344, free 43064152, used 68609192, increment 0
Initial loss: 9.211939093339879
60: time = 0.177000 loss = 9.161889
Resulting gain: 0.050049997456669715
Gustavia_santanderiensis_5 response curves
Response curve: only bio_et0_yr
Making features
makeFeatures: max memory 932184064, total allocated 111673344, free 38601080, used 73072264, increment 4463072
Gustavia_santanderiensis_5 bio_et0_yr: 
Regularization values: linear/quadratic/product: 0.423, categorical: 0.250, threshold: 1.790, hinge: 0.500
21 samples
Density: max memory 932184064, total allocated 111673344, free 38601080, used 73072264, increment 0
linearPredictor: max memory 932184064, total allocated 111673344, free 38601080, used 73072264, increment 0
FeaturedSpace: max memory 932184064, total allocated 111673344, free 38601080, used 73072264, increment 0
Sequential: max memory 932184064, total allocated 111673344, free 38601080, used 73072264, increment 0
Initial loss: 9.211939093339879
Time since start: 155.912
60: time = 0.722000 loss = 9.186791
Resulting gain: 0.02514841442634541
Gustavia_santanderiensis_5 response curves
Jackknife: leave bio_1 out
Making features
makeFeatures: max memory 932184064, total allocated 111673344, free 32602144, used 79071200, increment 5998936
Gustavia_santanderiensis_5 bio_1: 
Regularization values: linear/quadratic/product: 0.423, categorical: 0.250, threshold: 1.790, hinge: 0.500
21 samples
Density: max memory 932184064, total allocated 111673344, free 31786104, used 79887240, increment 816040
linearPredictor: max memory 932184064, total allocated 111673344, free 31786104, used 79887240, increment 0
FeaturedSpace: max memory 932184064, total allocated 111673344, free 31786104, used 79887240, increment 0
Sequential: max memory 932184064, total allocated 111673344, free 31786104, used 79887240, increment 0
Initial loss: 9.211939093339879
Time since start: 157.022
160: time = 0.331000 loss = 7.593459
Jackknife: leave bio_10 out
Making features
makeFeatures: max memory 932184064, total allocated 111673344, free 29622216, used 82051128, increment 2163888
Gustavia_santanderiensis_5 bio_10: 
Regularization values: linear/quadratic/product: 0.423, categorical: 0.250, threshold: 1.790, hinge: 0.500
21 samples
Density: max memory 932184064, total allocated 111673344, free 29542072, used 82131272, increment 80144
linearPredictor: max memory 932184064, total allocated 111673344, free 29461928, used 82211416, increment 80144
FeaturedSpace: max memory 932184064, total allocated 111673344, free 29461928, used 82211416, increment 0
Sequential: max memory 932184064, total allocated 111673344, free 29461928, used 82211416, increment 0
Initial loss: 9.211939093339879
160: time = 0.342000 loss = 7.576076
Jackknife: leave bio_11 out
Making features
makeFeatures: max memory 932184064, total allocated 111673344, free 26722432, used 84950912, increment 2739496
Gustavia_santanderiensis_5 bio_11: 
Regularization values: linear/quadratic/product: 0.423, categorical: 0.250, threshold: 1.790, hinge: 0.500
21 samples
Density: max memory 932184064, total allocated 111673344, free 25906392, used 85766952, increment 816040
linearPredictor: max memory 932184064, total allocated 111673344, free 25906392, used 85766952, increment 0
FeaturedSpace: max memory 932184064, total allocated 111673344, free 25906392, used 85766952, increment 0
Sequential: max memory 932184064, total allocated 111673344, free 25906392, used 85766952, increment 0
Initial loss: 9.211939093339879
200: time = 0.337000 loss = 7.576077
Jackknife: leave bio_12 out
Making features
makeFeatures: max memory 932184064, total allocated 111673344, free 23742504, used 87930840, increment 2163888
Gustavia_santanderiensis_5 bio_12: 
Regularization values: linear/quadratic/product: 0.423, categorical: 0.250, threshold: 1.790, hinge: 0.500
21 samples
Density: max memory 932184064, total allocated 111673344, free 22926464, used 88746880, increment 816040
linearPredictor: max memory 932184064, total allocated 111673344, free 22926464, used 88746880, increment 0
FeaturedSpace: max memory 932184064, total allocated 111673344, free 22926464, used 88746880, increment 0
Sequential: max memory 932184064, total allocated 111673344, free 22926464, used 88746880, increment 0
Initial loss: 9.211939093339879
Time since start: 158.055
180: time = 0.317000 loss = 7.576077
Jackknife: leave bio_13 out
Making features
makeFeatures: max memory 932184064, total allocated 108003328, free 57306200, used 50697128, increment -38049752
Gustavia_santanderiensis_5 bio_13: 
Regularization values: linear/quadratic/product: 0.423, categorical: 0.250, threshold: 1.790, hinge: 0.500
21 samples
Density: max memory 932184064, total allocated 108003328, free 57226056, used 50777272, increment 80144
linearPredictor: max memory 932184064, total allocated 108003328, free 57145912, used 50857416, increment 80144
FeaturedSpace: max memory 932184064, total allocated 108003328, free 57145912, used 50857416, increment 0
Sequential: max memory 932184064, total allocated 108003328, free 57145912, used 50857416, increment 0
Initial loss: 9.211939093339879
160: time = 0.296000 loss = 7.576076
Jackknife: leave bio_14 out
Making features
makeFeatures: max memory 932184064, total allocated 108003328, free 54363440, used 53639888, increment 2782472
Gustavia_santanderiensis_5 bio_14: 
Regularization values: linear/quadratic/product: 0.423, categorical: 0.250, threshold: 1.790, hinge: 0.500
21 samples
Density: max memory 932184064, total allocated 108003328, free 54283296, used 53720032, increment 80144
linearPredictor: max memory 932184064, total allocated 108003328, free 54203152, used 53800176, increment 80144
FeaturedSpace: max memory 932184064, total allocated 108003328, free 54203152, used 53800176, increment 0
Sequential: max memory 932184064, total allocated 108003328, free 54203152, used 53800176, increment 0
Initial loss: 9.211939093339879
180: time = 0.325000 loss = 7.576076
Jackknife: leave bio_15 out
Making features
makeFeatures: max memory 932184064, total allocated 108003328, free 51409184, used 56594144, increment 2793968
Gustavia_santanderiensis_5 bio_15: 
Regularization values: linear/quadratic/product: 0.423, categorical: 0.250, threshold: 1.790, hinge: 0.500
21 samples
Density: max memory 932184064, total allocated 108003328, free 51329040, used 56674288, increment 80144
linearPredictor: max memory 932184064, total allocated 108003328, free 51248896, used 56754432, increment 80144
FeaturedSpace: max memory 932184064, total allocated 108003328, free 51248896, used 56754432, increment 0
Sequential: max memory 932184064, total allocated 108003328, free 51248896, used 56754432, increment 0
Initial loss: 9.211939093339879
Time since start: 159.145
280: time = 0.434000 loss = 8.052703
Jackknife: leave bio_16 out
Making features
makeFeatures: max memory 932184064, total allocated 108003328, free 48375008, used 59628320, increment 2873888
Gustavia_santanderiensis_5 bio_16: 
Regularization values: linear/quadratic/product: 0.423, categorical: 0.250, threshold: 1.790, hinge: 0.500
21 samples
Density: max memory 932184064, total allocated 108003328, free 48294864, used 59708464, increment 80144
linearPredictor: max memory 932184064, total allocated 108003328, free 47504768, used 60498560, increment 790096
FeaturedSpace: max memory 932184064, total allocated 108003328, free 47504768, used 60498560, increment 0
Sequential: max memory 932184064, total allocated 108003328, free 47504768, used 60498560, increment 0
Initial loss: 9.211939093339879
180: time = 0.321000 loss = 7.576077
Jackknife: leave bio_17 out
Making features
makeFeatures: max memory 932184064, total allocated 108003328, free 44791216, used 63212112, increment 2713552
Gustavia_santanderiensis_5 bio_17: 
Regularization values: linear/quadratic/product: 0.423, categorical: 0.250, threshold: 1.790, hinge: 0.500
21 samples
Density: max memory 932184064, total allocated 108003328, free 44791216, used 63212112, increment 0
linearPredictor: max memory 932184064, total allocated 108003328, free 44791216, used 63212112, increment 0
FeaturedSpace: max memory 932184064, total allocated 108003328, free 44791216, used 63212112, increment 0
Sequential: max memory 932184064, total allocated 108003328, free 44791216, used 63212112, increment 0
Initial loss: 9.211939093339879
180: time = 0.310000 loss = 7.576108
Jackknife: leave bio_2 out
Making features
makeFeatures: max memory 932184064, total allocated 108003328, free 42398240, used 65605088, increment 2392976
Gustavia_santanderiensis_5 bio_2: 
Regularization values: linear/quadratic/product: 0.423, categorical: 0.250, threshold: 1.790, hinge: 0.500
21 samples
Density: max memory 932184064, total allocated 108003328, free 42318096, used 65685232, increment 80144
linearPredictor: max memory 932184064, total allocated 108003328, free 42237952, used 65765376, increment 80144
FeaturedSpace: max memory 932184064, total allocated 108003328, free 42237952, used 65765376, increment 0
Sequential: max memory 932184064, total allocated 108003328, free 42237952, used 65765376, increment 0
Initial loss: 9.211939093339879
180: time = 0.317000 loss = 7.576077
Jackknife: leave bio_3 out
Making features
makeFeatures: max memory 932184064, total allocated 108003328, free 39443984, used 68559344, increment 2793968
Gustavia_santanderiensis_5 bio_3: 
Regularization values: linear/quadratic/product: 0.423, categorical: 0.250, threshold: 1.790, hinge: 0.500
21 samples
Density: max memory 932184064, total allocated 108003328, free 39363840, used 68639488, increment 80144
linearPredictor: max memory 932184064, total allocated 108003328, free 39283696, used 68719632, increment 80144
FeaturedSpace: max memory 932184064, total allocated 108003328, free 39283696, used 68719632, increment 0
Sequential: max memory 932184064, total allocated 108003328, free 39283696, used 68719632, increment 0
Initial loss: 9.211939093339879
Time since start: 160.456
180: time = 0.319000 loss = 7.576077
Jackknife: leave bio_4 out
Making features
makeFeatures: max memory 932184064, total allocated 108003328, free 36489944, used 71513384, increment 2793752
Gustavia_santanderiensis_5 bio_4: 
Regularization values: linear/quadratic/product: 0.423, categorical: 0.250, threshold: 1.790, hinge: 0.500
21 samples
Density: max memory 932184064, total allocated 108003328, free 36409800, used 71593528, increment 80144
linearPredictor: max memory 932184064, total allocated 108003328, free 36329656, used 71673672, increment 80144
FeaturedSpace: max memory 932184064, total allocated 108003328, free 36329656, used 71673672, increment 0
Sequential: max memory 932184064, total allocated 108003328, free 36329656, used 71673672, increment 0
Initial loss: 9.211939093339879
200: time = 0.347000 loss = 7.588295
Jackknife: leave bio_5 out
Making features
makeFeatures: max memory 932184064, total allocated 108003328, free 33535816, used 74467512, increment 2793840
Gustavia_santanderiensis_5 bio_5: 
Regularization values: linear/quadratic/product: 0.423, categorical: 0.250, threshold: 1.790, hinge: 0.500
21 samples
Density: max memory 932184064, total allocated 108003328, free 33455672, used 74547656, increment 80144
linearPredictor: max memory 932184064, total allocated 108003328, free 33375528, used 74627800, increment 80144
FeaturedSpace: max memory 932184064, total allocated 108003328, free 33375528, used 74627800, increment 0
Sequential: max memory 932184064, total allocated 108003328, free 33375528, used 74627800, increment 0
Initial loss: 9.211939093339879
180: time = 0.316000 loss = 7.576076
Jackknife: leave bio_6 out
Making features
makeFeatures: max memory 932184064, total allocated 108003328, free 30581784, used 77421544, increment 2793744
Gustavia_santanderiensis_5 bio_6: 
Regularization values: linear/quadratic/product: 0.423, categorical: 0.250, threshold: 1.790, hinge: 0.500
21 samples
Density: max memory 932184064, total allocated 108003328, free 29791688, used 78211640, increment 790096
linearPredictor: max memory 932184064, total allocated 108003328, free 29791688, used 78211640, increment 0
FeaturedSpace: max memory 932184064, total allocated 108003328, free 29791688, used 78211640, increment 0
Sequential: max memory 932184064, total allocated 108003328, free 29791688, used 78211640, increment 0
Initial loss: 9.211939093339879
120: time = 0.242000 loss = 7.576076
Jackknife: leave bio_7 out
Making features
makeFeatures: max memory 932184064, total allocated 108003328, free 27639144, used 80364184, increment 2152544
Gustavia_santanderiensis_5 bio_7: 
Regularization values: linear/quadratic/product: 0.423, categorical: 0.250, threshold: 1.790, hinge: 0.500
21 samples
Density: max memory 932184064, total allocated 108003328, free 27559000, used 80444328, increment 80144
linearPredictor: max memory 932184064, total allocated 108003328, free 27478856, used 80524472, increment 80144
FeaturedSpace: max memory 932184064, total allocated 108003328, free 27478856, used 80524472, increment 0
Sequential: max memory 932184064, total allocated 108003328, free 27478856, used 80524472, increment 0
Initial loss: 9.211939093339879
Time since start: 161.69
160: time = 0.288000 loss = 7.576076
Jackknife: leave bio_ai_et0 out
Making features
makeFeatures: max memory 932184064, total allocated 108003328, free 24696480, used 83306848, increment 2782376
Gustavia_santanderiensis_5 bio_ai_et0: 
Regularization values: linear/quadratic/product: 0.423, categorical: 0.250, threshold: 1.790, hinge: 0.500
21 samples
Density: max memory 932184064, total allocated 108003328, free 24616336, used 83386992, increment 80144
linearPredictor: max memory 932184064, total allocated 108003328, free 24536192, used 83467136, increment 80144
FeaturedSpace: max memory 932184064, total allocated 108003328, free 24536192, used 83467136, increment 0
Sequential: max memory 932184064, total allocated 108003328, free 24536192, used 83467136, increment 0
Initial loss: 9.211939093339879
160: time = 0.288000 loss = 7.576076
Jackknife: leave bio_et0_yr out
Making features
makeFeatures: max memory 932184064, total allocated 108003328, free 21753792, used 86249536, increment 2782400
Gustavia_santanderiensis_5 bio_et0_yr: 
Regularization values: linear/quadratic/product: 0.423, categorical: 0.250, threshold: 1.790, hinge: 0.500
21 samples
Density: max memory 932184064, total allocated 108003328, free 21673648, used 86329680, increment 80144
linearPredictor: max memory 932184064, total allocated 108003328, free 21593504, used 86409824, increment 80144
FeaturedSpace: max memory 932184064, total allocated 108003328, free 21593504, used 86409824, increment 0
Sequential: max memory 932184064, total allocated 108003328, free 21593504, used 86409824, increment 0
Initial loss: 9.211939093339879
160: time = 0.283000 loss = 7.576832
Jackknife: only bio_1
Making features
makeFeatures: max memory 932184064, total allocated 108003328, free 20803360, used 87199968, increment 790144
Gustavia_santanderiensis_5 bio_1: 
Regularization values: linear/quadratic/product: 0.423, categorical: 0.250, threshold: 1.790, hinge: 0.500
21 samples
Density: max memory 932184064, total allocated 108003328, free 20803360, used 87199968, increment 0
linearPredictor: max memory 932184064, total allocated 108003328, free 20803360, used 87199968, increment 0
FeaturedSpace: max memory 932184064, total allocated 108003328, free 20803360, used 87199968, increment 0
Sequential: max memory 932184064, total allocated 108003328, free 20803360, used 87199968, increment 0
Initial loss: 9.211939093339879
60: time = 0.229000 loss = 8.972614
Res.gain: 0.23932513957722357
Jackknife: only bio_10
Making features
makeFeatures: max memory 932184064, total allocated 108003328, free 20803360, used 87199968, increment 0
Gustavia_santanderiensis_5 bio_10: 
Regularization values: linear/quadratic/product: 0.423, categorical: 0.250, threshold: 1.790, hinge: 0.500
21 samples
Density: max memory 932184064, total allocated 108003328, free 20803360, used 87199968, increment 0
linearPredictor: max memory 932184064, total allocated 108003328, free 20723216, used 87280112, increment 80144
FeaturedSpace: max memory 932184064, total allocated 108003328, free 20723216, used 87280112, increment 0
Sequential: max memory 932184064, total allocated 108003328, free 20723216, used 87280112, increment 0
Initial loss: 9.211939093339879
Time since start: 162.759
60: time = 0.241000 loss = 9.005690
Res.gain: 0.20624945262251693
Jackknife: only bio_11
Making features
makeFeatures: max memory 932184064, total allocated 108003328, free 19933072, used 88070256, increment 790144
Gustavia_santanderiensis_5 bio_11: 
Regularization values: linear/quadratic/product: 0.423, categorical: 0.250, threshold: 1.790, hinge: 0.500
21 samples
Density: max memory 932184064, total allocated 108003328, free 19933072, used 88070256, increment 0
linearPredictor: max memory 932184064, total allocated 108003328, free 19933072, used 88070256, increment 0
FeaturedSpace: max memory 932184064, total allocated 108003328, free 19933072, used 88070256, increment 0
Sequential: max memory 932184064, total allocated 108003328, free 19933072, used 88070256, increment 0
Initial loss: 9.211939093339879
60: time = 0.227000 loss = 8.985054
Res.gain: 0.22688537044426305
Jackknife: only bio_12
Making features
makeFeatures: max memory 932184064, total allocated 108003328, free 19933072, used 88070256, increment 0
Gustavia_santanderiensis_5 bio_12: 
Regularization values: linear/quadratic/product: 0.423, categorical: 0.250, threshold: 1.790, hinge: 0.500
21 samples
Density: max memory 932184064, total allocated 108003328, free 19933072, used 88070256, increment 0
linearPredictor: max memory 932184064, total allocated 108003328, free 19933072, used 88070256, increment 0
FeaturedSpace: max memory 932184064, total allocated 108003328, free 19933072, used 88070256, increment 0
Sequential: max memory 932184064, total allocated 108003328, free 19933072, used 88070256, increment 0
Initial loss: 9.211939093339879
60: time = 0.166000 loss = 9.121907
Res.gain: 0.0900318782503291
Jackknife: only bio_13
Making features
makeFeatures: max memory 932184064, total allocated 108003328, free 19772784, used 88230544, increment 160288
Gustavia_santanderiensis_5 bio_13: 
Regularization values: linear/quadratic/product: 0.423, categorical: 0.250, threshold: 1.790, hinge: 0.500
21 samples
Density: max memory 932184064, total allocated 108003328, free 19692640, used 88310688, increment 80144
linearPredictor: max memory 932184064, total allocated 108003328, free 19612496, used 88390832, increment 80144
FeaturedSpace: max memory 932184064, total allocated 108003328, free 19612496, used 88390832, increment 0
Sequential: max memory 932184064, total allocated 108003328, free 19612496, used 88390832, increment 0
Initial loss: 9.211939093339879
20: time = 0.097000 loss = 9.211939
Res.gain: 0.0
Jackknife: only bio_14
Making features
makeFeatures: max memory 932184064, total allocated 109051904, free 60836120, used 48215784, increment -40175048
Gustavia_santanderiensis_5 bio_14: 
Regularization values: linear/quadratic/product: 0.423, categorical: 0.250, threshold: 1.790, hinge: 0.500
21 samples
Density: max memory 932184064, total allocated 109051904, free 60064496, used 48987408, increment 771624
linearPredictor: max memory 932184064, total allocated 109051904, free 60064496, used 48987408, increment 0
FeaturedSpace: max memory 932184064, total allocated 109051904, free 60064496, used 48987408, increment 0
Sequential: max memory 932184064, total allocated 109051904, free 60064496, used 48987408, increment 0
Initial loss: 9.211939093339879
60: time = 0.205000 loss = 8.947093
Res.gain: 0.2648462075635276
Jackknife: only bio_15
Making features
makeFeatures: max memory 932184064, total allocated 109051904, free 60064496, used 48987408, increment 0
Gustavia_santanderiensis_5 bio_15: 
Regularization values: linear/quadratic/product: 0.423, categorical: 0.250, threshold: 1.790, hinge: 0.500
21 samples
Density: max memory 932184064, total allocated 109051904, free 60064496, used 48987408, increment 0
linearPredictor: max memory 932184064, total allocated 109051904, free 60064496, used 48987408, increment 0
FeaturedSpace: max memory 932184064, total allocated 109051904, free 60064496, used 48987408, increment 0
Sequential: max memory 932184064, total allocated 109051904, free 60064496, used 48987408, increment 0
Initial loss: 9.211939093339879
60: time = 0.201000 loss = 8.874813
Res.gain: 0.3371259829386499
Jackknife: only bio_16
Making features
makeFeatures: max memory 932184064, total allocated 109051904, free 60064496, used 48987408, increment 0
Gustavia_santanderiensis_5 bio_16: 
Regularization values: linear/quadratic/product: 0.423, categorical: 0.250, threshold: 1.790, hinge: 0.500
21 samples
Density: max memory 932184064, total allocated 109051904, free 59984352, used 49067552, increment 80144
linearPredictor: max memory 932184064, total allocated 109051904, free 59904208, used 49147696, increment 80144
FeaturedSpace: max memory 932184064, total allocated 109051904, free 59904208, used 49147696, increment 0
Sequential: max memory 932184064, total allocated 109051904, free 59904208, used 49147696, increment 0
Initial loss: 9.211939093339879
Time since start: 163.893
60: time = 0.218000 loss = 9.209564
Res.gain: 0.002374864465837234
Jackknife: only bio_17
Making features
makeFeatures: max memory 932184064, total allocated 109051904, free 59132552, used 49919352, increment 771656
Gustavia_santanderiensis_5 bio_17: 
Regularization values: linear/quadratic/product: 0.423, categorical: 0.250, threshold: 1.790, hinge: 0.500
21 samples
Density: max memory 932184064, total allocated 109051904, free 59132552, used 49919352, increment 0
linearPredictor: max memory 932184064, total allocated 109051904, free 59132552, used 49919352, increment 0
FeaturedSpace: max memory 932184064, total allocated 109051904, free 59132552, used 49919352, increment 0
Sequential: max memory 932184064, total allocated 109051904, free 59132552, used 49919352, increment 0
Initial loss: 9.211939093339879
60: time = 0.199000 loss = 8.888615
Res.gain: 0.3233241493045007
Jackknife: only bio_2
Making features
makeFeatures: max memory 932184064, total allocated 109051904, free 59132552, used 49919352, increment 0
Gustavia_santanderiensis_5 bio_2: 
Regularization values: linear/quadratic/product: 0.423, categorical: 0.250, threshold: 1.790, hinge: 0.500
21 samples
Density: max memory 932184064, total allocated 109051904, free 59132552, used 49919352, increment 0
linearPredictor: max memory 932184064, total allocated 109051904, free 59132552, used 49919352, increment 0
FeaturedSpace: max memory 932184064, total allocated 109051904, free 59132552, used 49919352, increment 0
Sequential: max memory 932184064, total allocated 109051904, free 59132552, used 49919352, increment 0
Initial loss: 9.211939093339879
60: time = 0.216000 loss = 9.198310
Res.gain: 0.013628986675577437
Jackknife: only bio_3
Making features
makeFeatures: max memory 932184064, total allocated 109051904, free 58360808, used 50691096, increment 771744
Gustavia_santanderiensis_5 bio_3: 
Regularization values: linear/quadratic/product: 0.423, categorical: 0.250, threshold: 1.790, hinge: 0.500
21 samples
Density: max memory 932184064, total allocated 109051904, free 58360808, used 50691096, increment 0
linearPredictor: max memory 932184064, total allocated 109051904, free 58360808, used 50691096, increment 0
FeaturedSpace: max memory 932184064, total allocated 109051904, free 58360808, used 50691096, increment 0
Sequential: max memory 932184064, total allocated 109051904, free 58360808, used 50691096, increment 0
Initial loss: 9.211939093339879
60: time = 0.179000 loss = 9.150471
Res.gain: 0.06146849502165708
Jackknife: only bio_4
Making features
makeFeatures: max memory 932184064, total allocated 109051904, free 58360808, used 50691096, increment 0
Gustavia_santanderiensis_5 bio_4: 
Regularization values: linear/quadratic/product: 0.423, categorical: 0.250, threshold: 1.790, hinge: 0.500
21 samples
Density: max memory 932184064, total allocated 109051904, free 58360808, used 50691096, increment 0
linearPredictor: max memory 932184064, total allocated 109051904, free 58360808, used 50691096, increment 0
FeaturedSpace: max memory 932184064, total allocated 109051904, free 58360808, used 50691096, increment 0
Sequential: max memory 932184064, total allocated 109051904, free 58360808, used 50691096, increment 0
Initial loss: 9.211939093339879
60: time = 0.160000 loss = 9.200547
Res.gain: 0.011391978972042693
Jackknife: only bio_5
Making features
makeFeatures: max memory 932184064, total allocated 109051904, free 58200520, used 50851384, increment 160288
Gustavia_santanderiensis_5 bio_5: 
Regularization values: linear/quadratic/product: 0.423, categorical: 0.250, threshold: 1.790, hinge: 0.500
21 samples
Density: max memory 932184064, total allocated 109051904, free 57428896, used 51623008, increment 771624
linearPredictor: max memory 932184064, total allocated 109051904, free 57428896, used 51623008, increment 0
FeaturedSpace: max memory 932184064, total allocated 109051904, free 57428896, used 51623008, increment 0
Sequential: max memory 932184064, total allocated 109051904, free 57428896, used 51623008, increment 0
Initial loss: 9.211939093339879
60: time = 0.223000 loss = 9.016182
Res.gain: 0.1957572972744437
Jackknife: only bio_6
Making features
makeFeatures: max memory 932184064, total allocated 109051904, free 57428896, used 51623008, increment 0
Gustavia_santanderiensis_5 bio_6: 
Regularization values: linear/quadratic/product: 0.423, categorical: 0.250, threshold: 1.790, hinge: 0.500
21 samples
Density: max memory 932184064, total allocated 109051904, free 57428896, used 51623008, increment 0
linearPredictor: max memory 932184064, total allocated 109051904, free 57428896, used 51623008, increment 0
FeaturedSpace: max memory 932184064, total allocated 109051904, free 57428896, used 51623008, increment 0
Sequential: max memory 932184064, total allocated 109051904, free 57428896, used 51623008, increment 0
Initial loss: 9.211939093339879
Time since start: 165.122
60: time = 0.234000 loss = 8.954868
Res.gain: 0.25707064862518436
Jackknife: only bio_7
Making features
makeFeatures: max memory 932184064, total allocated 109051904, free 57428896, used 51623008, increment 0
Gustavia_santanderiensis_5 bio_7: 
Regularization values: linear/quadratic/product: 0.423, categorical: 0.250, threshold: 1.790, hinge: 0.500
21 samples
Density: max memory 932184064, total allocated 109051904, free 57348752, used 51703152, increment 80144
linearPredictor: max memory 932184064, total allocated 109051904, free 57268608, used 51783296, increment 80144
FeaturedSpace: max memory 932184064, total allocated 109051904, free 57268608, used 51783296, increment 0
Sequential: max memory 932184064, total allocated 109051904, free 57268608, used 51783296, increment 0
Initial loss: 9.211939093339879
20: time = 0.097000 loss = 9.211939
Res.gain: 0.0
Jackknife: only bio_ai_et0
Making features
makeFeatures: max memory 932184064, total allocated 109051904, free 56416840, used 52635064, increment 851768
Gustavia_santanderiensis_5 bio_ai_et0: 
Regularization values: linear/quadratic/product: 0.423, categorical: 0.250, threshold: 1.790, hinge: 0.500
21 samples
Density: max memory 932184064, total allocated 109051904, free 56416840, used 52635064, increment 0
linearPredictor: max memory 932184064, total allocated 109051904, free 56416840, used 52635064, increment 0
FeaturedSpace: max memory 932184064, total allocated 109051904, free 56416840, used 52635064, increment 0
Sequential: max memory 932184064, total allocated 109051904, free 56416840, used 52635064, increment 0
Initial loss: 9.211939093339879
60: time = 0.177000 loss = 9.161889
Res.gain: 0.050049997456669715
Jackknife: only bio_et0_yr
Making features
makeFeatures: max memory 932184064, total allocated 109051904, free 56416840, used 52635064, increment 0
Gustavia_santanderiensis_5 bio_et0_yr: 
Regularization values: linear/quadratic/product: 0.423, categorical: 0.250, threshold: 1.790, hinge: 0.500
21 samples
Density: max memory 932184064, total allocated 109051904, free 56416840, used 52635064, increment 0
linearPredictor: max memory 932184064, total allocated 109051904, free 56416840, used 52635064, increment 0
FeaturedSpace: max memory 932184064, total allocated 109051904, free 56416840, used 52635064, increment 0
Sequential: max memory 932184064, total allocated 109051904, free 56416840, used 52635064, increment 0
Initial loss: 9.211939093339879
60: time = 0.191000 loss = 9.186791
Res.gain: 0.02514841442634541
getSamples: max memory 932184064, total allocated 109051904, free 51083024, used 57968880, increment 5333816
Making features
makeFeatures: max memory 932184064, total allocated 109051904, free 48707720, used 60344184, increment 2375304
Gustavia_santanderiensis_6: 
Regularization values: linear/quadratic/product: 0.423, categorical: 0.250, threshold: 1.790, hinge: 0.500
21 samples
Density: max memory 932184064, total allocated 109051904, free 48627536, used 60424368, increment 80184
linearPredictor: max memory 932184064, total allocated 109051904, free 48547352, used 60504552, increment 80184
FeaturedSpace: max memory 932184064, total allocated 109051904, free 48547352, used 60504552, increment 0
Sequential: max memory 932184064, total allocated 109051904, free 48547352, used 60504552, increment 0
Initial loss: 9.212438170058329
240: time = 0.373000 loss = 7.878611
Resulting gain: 1.3338270040423952
Time since start: 166.407
Projecting...
Writing file C:\Users\Camila\Desktop\Modelo opc3\Final_Models\M_4_F_q_Set_1\Gustavia_santanderiensis_6.asc
Time since start: 168.392
Writing C:\Users\Camila\Desktop\Modelo opc3\Final_Models\M_4_F_q_Set_1\plots\Gustavia_santanderiensis_6.png
Gustavia_santanderiensis_6 response curves
Time since start: 172.206
Response curve: only bio_1
Making features
makeFeatures: max memory 932184064, total allocated 111673344, free 35434928, used 76238416, increment 15733864
Gustavia_santanderiensis_6 bio_1: 
Regularization values: linear/quadratic/product: 0.423, categorical: 0.250, threshold: 1.790, hinge: 0.500
21 samples
Density: max memory 932184064, total allocated 111673344, free 35434928, used 76238416, increment 0
linearPredictor: max memory 932184064, total allocated 111673344, free 35434928, used 76238416, increment 0
FeaturedSpace: max memory 932184064, total allocated 111673344, free 35434928, used 76238416, increment 0
Sequential: max memory 932184064, total allocated 111673344, free 35434928, used 76238416, increment 0
Initial loss: 9.212438170058329
60: time = 0.215000 loss = 8.980662
Resulting gain: 0.23177639994877985
Gustavia_santanderiensis_6 response curves
Response curve: only bio_10
Making features
makeFeatures: max memory 932184064, total allocated 111673344, free 31172112, used 80501232, increment 4262816
Gustavia_santanderiensis_6 bio_10: 
Regularization values: linear/quadratic/product: 0.423, categorical: 0.250, threshold: 1.790, hinge: 0.500
21 samples
Density: max memory 932184064, total allocated 111673344, free 31172112, used 80501232, increment 0
linearPredictor: max memory 932184064, total allocated 111673344, free 31172112, used 80501232, increment 0
FeaturedSpace: max memory 932184064, total allocated 111673344, free 31172112, used 80501232, increment 0
Sequential: max memory 932184064, total allocated 111673344, free 31172112, used 80501232, increment 0
Initial loss: 9.212438170058329
Time since start: 173.231
60: time = 0.674000 loss = 9.003655
Resulting gain: 0.20878298544195495
Gustavia_santanderiensis_6 response curves
Time since start: 174.278
Response curve: only bio_11
Making features
makeFeatures: max memory 932184064, total allocated 111673344, free 26791592, used 84881752, increment 4380520
Gustavia_santanderiensis_6 bio_11: 
Regularization values: linear/quadratic/product: 0.423, categorical: 0.250, threshold: 1.790, hinge: 0.500
21 samples
Density: max memory 932184064, total allocated 111673344, free 26791592, used 84881752, increment 0
linearPredictor: max memory 932184064, total allocated 111673344, free 26791592, used 84881752, increment 0
FeaturedSpace: max memory 932184064, total allocated 111673344, free 26791592, used 84881752, increment 0
Sequential: max memory 932184064, total allocated 111673344, free 26791592, used 84881752, increment 0
Initial loss: 9.212438170058329
60: time = 0.222000 loss = 8.995755
Resulting gain: 0.21668278858643752
Gustavia_santanderiensis_6 response curves
Response curve: only bio_12
Making features
makeFeatures: max memory 932184064, total allocated 111673344, free 22411080, used 89262264, increment 4380512
Gustavia_santanderiensis_6 bio_12: 
Regularization values: linear/quadratic/product: 0.423, categorical: 0.250, threshold: 1.790, hinge: 0.500
21 samples
Density: max memory 932184064, total allocated 111673344, free 22411080, used 89262264, increment 0
linearPredictor: max memory 932184064, total allocated 111673344, free 22411080, used 89262264, increment 0
FeaturedSpace: max memory 932184064, total allocated 111673344, free 22411080, used 89262264, increment 0
Sequential: max memory 932184064, total allocated 111673344, free 22411080, used 89262264, increment 0
Initial loss: 9.212438170058329
60: time = 0.196000 loss = 9.180775
Resulting gain: 0.031662811498211596
Gustavia_santanderiensis_6 response curves
Response curve: only bio_13
Making features
makeFeatures: max memory 932184064, total allocated 111673344, free 18031408, used 93641936, increment 4379672
Gustavia_santanderiensis_6 bio_13: 
Regularization values: linear/quadratic/product: 0.423, categorical: 0.250, threshold: 1.790, hinge: 0.500
21 samples
Density: max memory 932184064, total allocated 111673344, free 18031408, used 93641936, increment 0
linearPredictor: max memory 932184064, total allocated 111673344, free 18031408, used 93641936, increment 0
FeaturedSpace: max memory 932184064, total allocated 111673344, free 18031408, used 93641936, increment 0
Sequential: max memory 932184064, total allocated 111673344, free 18031408, used 93641936, increment 0
Initial loss: 9.212438170058329
20: time = 0.104000 loss = 9.212438
Resulting gain: 0.0
Gustavia_santanderiensis_6 response curves
Time since start: 175.317
Response curve: only bio_14
Making features
makeFeatures: max memory 932184064, total allocated 111673344, free 13769424, used 97903920, increment 4261984
Gustavia_santanderiensis_6 bio_14: 
Regularization values: linear/quadratic/product: 0.423, categorical: 0.250, threshold: 1.790, hinge: 0.500
21 samples
Density: max memory 932184064, total allocated 111673344, free 13769424, used 97903920, increment 0
linearPredictor: max memory 932184064, total allocated 111673344, free 13769424, used 97903920, increment 0
FeaturedSpace: max memory 932184064, total allocated 111673344, free 13769424, used 97903920, increment 0
Sequential: max memory 932184064, total allocated 111673344, free 13769424, used 97903920, increment 0
Initial loss: 9.212438170058329
60: time = 0.194000 loss = 9.107829
Resulting gain: 0.10460870441509762
Gustavia_santanderiensis_6 response curves
Response curve: only bio_15
Making features
makeFeatures: max memory 932184064, total allocated 111149056, free 49960288, used 61188768, increment -36715152
Gustavia_santanderiensis_6 bio_15: 
Regularization values: linear/quadratic/product: 0.423, categorical: 0.250, threshold: 1.790, hinge: 0.500
21 samples
Density: max memory 932184064, total allocated 111149056, free 49960288, used 61188768, increment 0
linearPredictor: max memory 932184064, total allocated 111149056, free 49960288, used 61188768, increment 0
FeaturedSpace: max memory 932184064, total allocated 111149056, free 49960288, used 61188768, increment 0
Sequential: max memory 932184064, total allocated 111149056, free 49960288, used 61188768, increment 0
Initial loss: 9.212438170058329
Time since start: 176.443
60: time = 0.333000 loss = 8.961302
Resulting gain: 0.2511362981032992
Gustavia_santanderiensis_6 response curves
Response curve: only bio_16
Making features
makeFeatures: max memory 932184064, total allocated 111149056, free 45779160, used 65369896, increment 4181128
Gustavia_santanderiensis_6 bio_16: 
Regularization values: linear/quadratic/product: 0.423, categorical: 0.250, threshold: 1.790, hinge: 0.500
21 samples
Density: max memory 932184064, total allocated 111149056, free 45779160, used 65369896, increment 0
linearPredictor: max memory 932184064, total allocated 111149056, free 44974520, used 66174536, increment 804640
FeaturedSpace: max memory 932184064, total allocated 111149056, free 44974520, used 66174536, increment 0
Sequential: max memory 932184064, total allocated 111149056, free 44974520, used 66174536, increment 0
Initial loss: 9.212438170058329
20: time = 0.102000 loss = 9.212438
Resulting gain: 0.0
Gustavia_santanderiensis_6 response curves
Response curve: only bio_17
Making features
makeFeatures: max memory 932184064, total allocated 111149056, free 40713264, used 70435792, increment 4261256
Gustavia_santanderiensis_6 bio_17: 
Regularization values: linear/quadratic/product: 0.423, categorical: 0.250, threshold: 1.790, hinge: 0.500
21 samples
Density: max memory 932184064, total allocated 111149056, free 40713264, used 70435792, increment 0
linearPredictor: max memory 932184064, total allocated 111149056, free 40713264, used 70435792, increment 0
FeaturedSpace: max memory 932184064, total allocated 111149056, free 40713264, used 70435792, increment 0
Sequential: max memory 932184064, total allocated 111149056, free 40713264, used 70435792, increment 0
Initial loss: 9.212438170058329
60: time = 0.187000 loss = 8.968599
Resulting gain: 0.24383938088108081
Gustavia_santanderiensis_6 response curves
Response curve: only bio_2
Making features
makeFeatures: max memory 932184064, total allocated 111149056, free 36532096, used 74616960, increment 4181168
Gustavia_santanderiensis_6 bio_2: 
Regularization values: linear/quadratic/product: 0.423, categorical: 0.250, threshold: 1.790, hinge: 0.500
21 samples
Density: max memory 932184064, total allocated 111149056, free 36532096, used 74616960, increment 0
linearPredictor: max memory 932184064, total allocated 111149056, free 36532096, used 74616960, increment 0
FeaturedSpace: max memory 932184064, total allocated 111149056, free 36532096, used 74616960, increment 0
Sequential: max memory 932184064, total allocated 111149056, free 36532096, used 74616960, increment 0
Initial loss: 9.212438170058329
Time since start: 177.487
60: time = 0.227000 loss = 9.195050
Resulting gain: 0.01738778483353265
Gustavia_santanderiensis_6 response curves
Response curve: only bio_3
Making features
makeFeatures: max memory 932184064, total allocated 111149056, free 32350144, used 78798912, increment 4181952
Gustavia_santanderiensis_6 bio_3: 
Regularization values: linear/quadratic/product: 0.423, categorical: 0.250, threshold: 1.790, hinge: 0.500
21 samples
Density: max memory 932184064, total allocated 111149056, free 32350144, used 78798912, increment 0
linearPredictor: max memory 932184064, total allocated 111149056, free 32350144, used 78798912, increment 0
FeaturedSpace: max memory 932184064, total allocated 111149056, free 32350144, used 78798912, increment 0
Sequential: max memory 932184064, total allocated 111149056, free 32350144, used 78798912, increment 0
Initial loss: 9.212438170058329
60: time = 0.224000 loss = 9.194842
Resulting gain: 0.017596082084279985
Gustavia_santanderiensis_6 response curves
Response curve: only bio_4
Making features
makeFeatures: max memory 932184064, total allocated 111149056, free 28051352, used 83097704, increment 4298792
Gustavia_santanderiensis_6 bio_4: 
Regularization values: linear/quadratic/product: 0.423, categorical: 0.250, threshold: 1.790, hinge: 0.500
21 samples
Density: max memory 932184064, total allocated 111149056, free 28051352, used 83097704, increment 0
linearPredictor: max memory 932184064, total allocated 111149056, free 28051352, used 83097704, increment 0
FeaturedSpace: max memory 932184064, total allocated 111149056, free 28051352, used 83097704, increment 0
Sequential: max memory 932184064, total allocated 111149056, free 28051352, used 83097704, increment 0
Initial loss: 9.212438170058329
20: time = 0.097000 loss = 9.212438
Resulting gain: 0.0
Gustavia_santanderiensis_6 response curves
Response curve: only bio_5
Making features
makeFeatures: max memory 932184064, total allocated 111149056, free 23867784, used 87281272, increment 4183568
Gustavia_santanderiensis_6 bio_5: 
Regularization values: linear/quadratic/product: 0.423, categorical: 0.250, threshold: 1.790, hinge: 0.500
21 samples
Density: max memory 932184064, total allocated 111149056, free 23867784, used 87281272, increment 0
linearPredictor: max memory 932184064, total allocated 111149056, free 23063144, used 88085912, increment 804640
FeaturedSpace: max memory 932184064, total allocated 111149056, free 23063144, used 88085912, increment 0
Sequential: max memory 932184064, total allocated 111149056, free 23063144, used 88085912, increment 0
Initial loss: 9.212438170058329
Time since start: 178.498
60: time = 0.225000 loss = 9.001316
Resulting gain: 0.2111224616703513
Gustavia_santanderiensis_6 response curves
Response curve: only bio_6
Making features
makeFeatures: max memory 932184064, total allocated 111149056, free 19526344, used 91622712, increment 3536800
Gustavia_santanderiensis_6 bio_6: 
Regularization values: linear/quadratic/product: 0.423, categorical: 0.250, threshold: 1.790, hinge: 0.500
21 samples
Density: max memory 932184064, total allocated 111149056, free 19446160, used 91702896, increment 80184
linearPredictor: max memory 932184064, total allocated 111149056, free 19365976, used 91783080, increment 80184
FeaturedSpace: max memory 932184064, total allocated 111149056, free 19365976, used 91783080, increment 0
Sequential: max memory 932184064, total allocated 111149056, free 19365976, used 91783080, increment 0
Initial loss: 9.212438170058329
60: time = 0.295000 loss = 8.969069
Resulting gain: 0.24336935080532562
Gustavia_santanderiensis_6 response curves
Time since start: 179.599
Response curve: only bio_7
Making features
makeFeatures: max memory 932184064, total allocated 111149056, free 15102256, used 96046800, increment 4263720
Gustavia_santanderiensis_6 bio_7: 
Regularization values: linear/quadratic/product: 0.423, categorical: 0.250, threshold: 1.790, hinge: 0.500
21 samples
Density: max memory 932184064, total allocated 111149056, free 15022072, used 96126984, increment 80184
linearPredictor: max memory 932184064, total allocated 111149056, free 14941888, used 96207168, increment 80184
FeaturedSpace: max memory 932184064, total allocated 111149056, free 14941888, used 96207168, increment 0
Sequential: max memory 932184064, total allocated 111149056, free 14941888, used 96207168, increment 0
Initial loss: 9.212438170058329
20: time = 0.109000 loss = 9.212438
Resulting gain: 0.0
Gustavia_santanderiensis_6 response curves
Response curve: only bio_ai_et0
Making features
makeFeatures: max memory 932184064, total allocated 110100480, free 49742768, used 60357712, increment -35849456
Gustavia_santanderiensis_6 bio_ai_et0: 
Regularization values: linear/quadratic/product: 0.423, categorical: 0.250, threshold: 1.790, hinge: 0.500
21 samples
Density: max memory 932184064, total allocated 110100480, free 49742768, used 60357712, increment 0
linearPredictor: max memory 932184064, total allocated 110100480, free 49742768, used 60357712, increment 0
FeaturedSpace: max memory 932184064, total allocated 110100480, free 49742768, used 60357712, increment 0
Sequential: max memory 932184064, total allocated 110100480, free 49742768, used 60357712, increment 0
Initial loss: 9.212438170058329
60: time = 0.203000 loss = 9.204836
Resulting gain: 0.007601865341959169
Gustavia_santanderiensis_6 response curves
Response curve: only bio_et0_yr
Making features
makeFeatures: max memory 932184064, total allocated 110100480, free 45637528, used 64462952, increment 4105240
Gustavia_santanderiensis_6 bio_et0_yr: 
Regularization values: linear/quadratic/product: 0.423, categorical: 0.250, threshold: 1.790, hinge: 0.500
21 samples
Density: max memory 932184064, total allocated 110100480, free 44853048, used 65247432, increment 784480
linearPredictor: max memory 932184064, total allocated 110100480, free 44853048, used 65247432, increment 0
FeaturedSpace: max memory 932184064, total allocated 110100480, free 44853048, used 65247432, increment 0
Sequential: max memory 932184064, total allocated 110100480, free 44853048, used 65247432, increment 0
Initial loss: 9.212438170058329
60: time = 0.224000 loss = 9.185338
Resulting gain: 0.027099753206291766
Gustavia_santanderiensis_6 response curves
Time since start: 181.662
Jackknife: leave bio_1 out
Making features
makeFeatures: max memory 932184064, total allocated 108527616, free 26301672, used 82225944, increment 16978512
Gustavia_santanderiensis_6 bio_1: 
Regularization values: linear/quadratic/product: 0.423, categorical: 0.250, threshold: 1.790, hinge: 0.500
21 samples
Density: max memory 932184064, total allocated 108527616, free 26221488, used 82306128, increment 80184
linearPredictor: max memory 932184064, total allocated 108527616, free 26141304, used 82386312, increment 80184
FeaturedSpace: max memory 932184064, total allocated 108527616, free 26141304, used 82386312, increment 0
Sequential: max memory 932184064, total allocated 108527616, free 26141304, used 82386312, increment 0
Initial loss: 9.212438170058329
120: time = 0.265000 loss = 7.883874
Jackknife: leave bio_10 out
Making features
makeFeatures: max memory 932184064, total allocated 108527616, free 23413680, used 85113936, increment 2727624
Gustavia_santanderiensis_6 bio_10: 
Regularization values: linear/quadratic/product: 0.423, categorical: 0.250, threshold: 1.790, hinge: 0.500
21 samples
Density: max memory 932184064, total allocated 108527616, free 23333496, used 85194120, increment 80184
linearPredictor: max memory 932184064, total allocated 108527616, free 23253312, used 85274304, increment 80184
FeaturedSpace: max memory 932184064, total allocated 108527616, free 23253312, used 85274304, increment 0
Sequential: max memory 932184064, total allocated 108527616, free 23253312, used 85274304, increment 0
Initial loss: 9.212438170058329
180: time = 0.356000 loss = 7.878611
Jackknife: leave bio_11 out
Making features
makeFeatures: max memory 932184064, total allocated 108527616, free 20444280, used 88083336, increment 2809032
Gustavia_santanderiensis_6 bio_11: 
Regularization values: linear/quadratic/product: 0.423, categorical: 0.250, threshold: 1.790, hinge: 0.500
21 samples
Density: max memory 932184064, total allocated 108527616, free 20364096, used 88163520, increment 80184
linearPredictor: max memory 932184064, total allocated 108527616, free 20283912, used 88243704, increment 80184
FeaturedSpace: max memory 932184064, total allocated 108527616, free 20283912, used 88243704, increment 0
Sequential: max memory 932184064, total allocated 108527616, free 20283912, used 88243704, increment 0
Initial loss: 9.212438170058329
Time since start: 182.769
180: time = 0.451000 loss = 7.878611
Jackknife: leave bio_12 out
Making features
makeFeatures: max memory 932184064, total allocated 108527616, free 17474976, used 91052640, increment 2808936
Gustavia_santanderiensis_6 bio_12: 
Regularization values: linear/quadratic/product: 0.423, categorical: 0.250, threshold: 1.790, hinge: 0.500
21 samples
Density: max memory 932184064, total allocated 108527616, free 17394792, used 91132824, increment 80184
linearPredictor: max memory 932184064, total allocated 108527616, free 17314608, used 91213008, increment 80184
FeaturedSpace: max memory 932184064, total allocated 108527616, free 17314608, used 91213008, increment 0
Sequential: max memory 932184064, total allocated 108527616, free 17314608, used 91213008, increment 0
Initial loss: 9.212438170058329
240: time = 0.379000 loss = 7.878611
Jackknife: leave bio_13 out
Making features
makeFeatures: max memory 932184064, total allocated 105381888, free 45710736, used 59671152, increment -31541856
Gustavia_santanderiensis_6 bio_13: 
Regularization values: linear/quadratic/product: 0.423, categorical: 0.250, threshold: 1.790, hinge: 0.500
21 samples
Density: max memory 932184064, total allocated 105381888, free 45630552, used 59751336, increment 80184
linearPredictor: max memory 932184064, total allocated 105381888, free 45550368, used 59831520, increment 80184
FeaturedSpace: max memory 932184064, total allocated 105381888, free 45550368, used 59831520, increment 0
Sequential: max memory 932184064, total allocated 105381888, free 45550368, used 59831520, increment 0
Initial loss: 9.212438170058329
240: time = 0.391000 loss = 7.878611
Jackknife: leave bio_14 out
Making features
makeFeatures: max memory 932184064, total allocated 105381888, free 42688056, used 62693832, increment 2862312
Gustavia_santanderiensis_6 bio_14: 
Regularization values: linear/quadratic/product: 0.423, categorical: 0.250, threshold: 1.790, hinge: 0.500
21 samples
Density: max memory 932184064, total allocated 105381888, free 42607872, used 62774016, increment 80184
linearPredictor: max memory 932184064, total allocated 105381888, free 42527688, used 62854200, increment 80184
FeaturedSpace: max memory 932184064, total allocated 105381888, free 42527688, used 62854200, increment 0
Sequential: max memory 932184064, total allocated 105381888, free 42527688, used 62854200, increment 0
Initial loss: 9.212438170058329
Time since start: 183.9
200: time = 0.328000 loss = 7.878611
Jackknife: leave bio_15 out
Making features
makeFeatures: max memory 932184064, total allocated 105381888, free 39745712, used 65636176, increment 2781976
Gustavia_santanderiensis_6 bio_15: 
Regularization values: linear/quadratic/product: 0.423, categorical: 0.250, threshold: 1.790, hinge: 0.500
21 samples
Density: max memory 932184064, total allocated 105381888, free 39048640, used 66333248, increment 697072
linearPredictor: max memory 932184064, total allocated 105381888, free 39048640, used 66333248, increment 0
FeaturedSpace: max memory 932184064, total allocated 105381888, free 39048640, used 66333248, increment 0
Sequential: max memory 932184064, total allocated 105381888, free 39048640, used 66333248, increment 0
Initial loss: 9.212438170058329
140: time = 0.268000 loss = 8.314561
Jackknife: leave bio_16 out
Making features
makeFeatures: max memory 932184064, total allocated 105381888, free 36803488, used 68578400, increment 2245152
Gustavia_santanderiensis_6 bio_16: 
Regularization values: linear/quadratic/product: 0.423, categorical: 0.250, threshold: 1.790, hinge: 0.500
21 samples
Density: max memory 932184064, total allocated 105381888, free 36723304, used 68658584, increment 80184
linearPredictor: max memory 932184064, total allocated 105381888, free 36643120, used 68738768, increment 80184
FeaturedSpace: max memory 932184064, total allocated 105381888, free 36643120, used 68738768, increment 0
Sequential: max memory 932184064, total allocated 105381888, free 36643120, used 68738768, increment 0
Initial loss: 9.212438170058329
180: time = 0.308000 loss = 7.878611
Jackknife: leave bio_17 out
Making features
makeFeatures: max memory 932184064, total allocated 105381888, free 33861208, used 71520680, increment 2781912
Gustavia_santanderiensis_6 bio_17: 
Regularization values: linear/quadratic/product: 0.423, categorical: 0.250, threshold: 1.790, hinge: 0.500
21 samples
Density: max memory 932184064, total allocated 105381888, free 33164136, used 72217752, increment 697072
linearPredictor: max memory 932184064, total allocated 105381888, free 33164136, used 72217752, increment 0
FeaturedSpace: max memory 932184064, total allocated 105381888, free 33164136, used 72217752, increment 0
Sequential: max memory 932184064, total allocated 105381888, free 33164136, used 72217752, increment 0
Initial loss: 9.212438170058329
180: time = 0.370000 loss = 7.878611
Jackknife: leave bio_2 out
Making features
makeFeatures: max memory 932184064, total allocated 105381888, free 30863384, used 74518504, increment 2300752
Gustavia_santanderiensis_6 bio_2: 
Regularization values: linear/quadratic/product: 0.423, categorical: 0.250, threshold: 1.790, hinge: 0.500
21 samples
Density: max memory 932184064, total allocated 105381888, free 30783200, used 74598688, increment 80184
linearPredictor: max memory 932184064, total allocated 105381888, free 30703016, used 74678872, increment 80184
FeaturedSpace: max memory 932184064, total allocated 105381888, free 30703016, used 74678872, increment 0
Sequential: max memory 932184064, total allocated 105381888, free 30703016, used 74678872, increment 0
Initial loss: 9.212438170058329
Time since start: 185.213
180: time = 0.323000 loss = 7.878611
Jackknife: leave bio_3 out
Making features
makeFeatures: max memory 932184064, total allocated 105381888, free 27920888, used 77461000, increment 2782128
Gustavia_santanderiensis_6 bio_3: 
Regularization values: linear/quadratic/product: 0.423, categorical: 0.250, threshold: 1.790, hinge: 0.500
21 samples
Density: max memory 932184064, total allocated 105381888, free 27840704, used 77541184, increment 80184
linearPredictor: max memory 932184064, total allocated 105381888, free 27760520, used 77621368, increment 80184
FeaturedSpace: max memory 932184064, total allocated 105381888, free 27760520, used 77621368, increment 0
Sequential: max memory 932184064, total allocated 105381888, free 27760520, used 77621368, increment 0
Initial loss: 9.212438170058329
180: time = 0.323000 loss = 7.878611
Jackknife: leave bio_4 out
Making features
makeFeatures: max memory 932184064, total allocated 105381888, free 24978520, used 80403368, increment 2782000
Gustavia_santanderiensis_6 bio_4: 
Regularization values: linear/quadratic/product: 0.423, categorical: 0.250, threshold: 1.790, hinge: 0.500
21 samples
Density: max memory 932184064, total allocated 105381888, free 24281448, used 81100440, increment 697072
linearPredictor: max memory 932184064, total allocated 105381888, free 24281448, used 81100440, increment 0
FeaturedSpace: max memory 932184064, total allocated 105381888, free 24281448, used 81100440, increment 0
Sequential: max memory 932184064, total allocated 105381888, free 24281448, used 81100440, increment 0
Initial loss: 9.212438170058329
180: time = 0.377000 loss = 7.878611
Jackknife: leave bio_5 out
Making features
makeFeatures: max memory 932184064, total allocated 105381888, free 21980696, used 83401192, increment 2300752
Gustavia_santanderiensis_6 bio_5: 
Regularization values: linear/quadratic/product: 0.423, categorical: 0.250, threshold: 1.790, hinge: 0.500
21 samples
Density: max memory 932184064, total allocated 105381888, free 21900512, used 83481376, increment 80184
linearPredictor: max memory 932184064, total allocated 105381888, free 21820328, used 83561560, increment 80184
FeaturedSpace: max memory 932184064, total allocated 105381888, free 21820328, used 83561560, increment 0
Sequential: max memory 932184064, total allocated 105381888, free 21820328, used 83561560, increment 0
Initial loss: 9.212438170058329
Time since start: 186.39
160: time = 0.421000 loss = 7.878615
Jackknife: leave bio_6 out
Making features
makeFeatures: max memory 932184064, total allocated 105381888, free 19038416, used 86343472, increment 2781912
Gustavia_santanderiensis_6 bio_6: 
Regularization values: linear/quadratic/product: 0.423, categorical: 0.250, threshold: 1.790, hinge: 0.500
21 samples
Density: max memory 932184064, total allocated 105381888, free 18958232, used 86423656, increment 80184
linearPredictor: max memory 932184064, total allocated 105381888, free 18878048, used 86503840, increment 80184
FeaturedSpace: max memory 932184064, total allocated 105381888, free 18878048, used 86503840, increment 0
Sequential: max memory 932184064, total allocated 105381888, free 18878048, used 86503840, increment 0
Initial loss: 9.212438170058329
120: time = 0.237000 loss = 7.878611
Jackknife: leave bio_7 out
Making features
makeFeatures: max memory 932184064, total allocated 105381888, free 16176104, used 89205784, increment 2701944
Gustavia_santanderiensis_6 bio_7: 
Regularization values: linear/quadratic/product: 0.423, categorical: 0.250, threshold: 1.790, hinge: 0.500
21 samples
Density: max memory 932184064, total allocated 105381888, free 15479032, used 89902856, increment 697072
linearPredictor: max memory 932184064, total allocated 105381888, free 15479032, used 89902856, increment 0
FeaturedSpace: max memory 932184064, total allocated 105381888, free 15479032, used 89902856, increment 0
Sequential: max memory 932184064, total allocated 105381888, free 15479032, used 89902856, increment 0
Initial loss: 9.212438170058329
180: time = 0.303000 loss = 7.878611
Jackknife: leave bio_ai_et0 out
Making features
makeFeatures: max memory 932184064, total allocated 105381888, free 13178280, used 92203608, increment 2300752
Gustavia_santanderiensis_6 bio_ai_et0: 
Regularization values: linear/quadratic/product: 0.423, categorical: 0.250, threshold: 1.790, hinge: 0.500
21 samples
Density: max memory 932184064, total allocated 105381888, free 13098096, used 92283792, increment 80184
linearPredictor: max memory 932184064, total allocated 105381888, free 13017912, used 92363976, increment 80184
FeaturedSpace: max memory 932184064, total allocated 105381888, free 13017912, used 92363976, increment 0
Sequential: max memory 932184064, total allocated 105381888, free 13017912, used 92363976, increment 0
Initial loss: 9.212438170058329
180: time = 0.300000 loss = 7.878611
Jackknife: leave bio_et0_yr out
Making features
makeFeatures: max memory 932184064, total allocated 103284736, free 43597896, used 59686840, increment -32677136
Gustavia_santanderiensis_6 bio_et0_yr: 
Regularization values: linear/quadratic/product: 0.423, categorical: 0.250, threshold: 1.790, hinge: 0.500
21 samples
Density: max memory 932184064, total allocated 103284736, free 43517712, used 59767024, increment 80184
linearPredictor: max memory 932184064, total allocated 103284736, free 43437528, used 59847208, increment 80184
FeaturedSpace: max memory 932184064, total allocated 103284736, free 43437528, used 59847208, increment 0
Sequential: max memory 932184064, total allocated 103284736, free 43437528, used 59847208, increment 0
Initial loss: 9.212438170058329
Time since start: 187.572
180: time = 0.297000 loss = 7.878611
Jackknife: only bio_1
Making features
makeFeatures: max memory 932184064, total allocated 103284736, free 42749072, used 60535664, increment 688456
Gustavia_santanderiensis_6 bio_1: 
Regularization values: linear/quadratic/product: 0.423, categorical: 0.250, threshold: 1.790, hinge: 0.500
21 samples
Density: max memory 932184064, total allocated 103284736, free 42749072, used 60535664, increment 0
linearPredictor: max memory 932184064, total allocated 103284736, free 42749072, used 60535664, increment 0
FeaturedSpace: max memory 932184064, total allocated 103284736, free 42749072, used 60535664, increment 0
Sequential: max memory 932184064, total allocated 103284736, free 42749072, used 60535664, increment 0
Initial loss: 9.212438170058329
60: time = 0.216000 loss = 8.980662
Res.gain: 0.23177639994877985
Jackknife: only bio_10
Making features
makeFeatures: max memory 932184064, total allocated 103284736, free 42668888, used 60615848, increment 80184
Gustavia_santanderiensis_6 bio_10: 
Regularization values: linear/quadratic/product: 0.423, categorical: 0.250, threshold: 1.790, hinge: 0.500
21 samples
Density: max memory 932184064, total allocated 103284736, free 42588704, used 60696032, increment 80184
linearPredictor: max memory 932184064, total allocated 103284736, free 42508520, used 60776216, increment 80184
FeaturedSpace: max memory 932184064, total allocated 103284736, free 42508520, used 60776216, increment 0
Sequential: max memory 932184064, total allocated 103284736, free 42508520, used 60776216, increment 0
Initial loss: 9.212438170058329
60: time = 0.221000 loss = 9.003655
Res.gain: 0.20878298544195495
Jackknife: only bio_11
Making features
makeFeatures: max memory 932184064, total allocated 103284736, free 41740152, used 61544584, increment 768368
Gustavia_santanderiensis_6 bio_11: 
Regularization values: linear/quadratic/product: 0.423, categorical: 0.250, threshold: 1.790, hinge: 0.500
21 samples
Density: max memory 932184064, total allocated 103284736, free 41740152, used 61544584, increment 0
linearPredictor: max memory 932184064, total allocated 103284736, free 41740152, used 61544584, increment 0
FeaturedSpace: max memory 932184064, total allocated 103284736, free 41740152, used 61544584, increment 0
Sequential: max memory 932184064, total allocated 103284736, free 41740152, used 61544584, increment 0
Initial loss: 9.212438170058329
60: time = 0.204000 loss = 8.995755
Res.gain: 0.21668278858643752
Jackknife: only bio_12
Making features
makeFeatures: max memory 932184064, total allocated 103284736, free 41740152, used 61544584, increment 0
Gustavia_santanderiensis_6 bio_12: 
Regularization values: linear/quadratic/product: 0.423, categorical: 0.250, threshold: 1.790, hinge: 0.500
21 samples
Density: max memory 932184064, total allocated 103284736, free 41740152, used 61544584, increment 0
linearPredictor: max memory 932184064, total allocated 103284736, free 41740152, used 61544584, increment 0
FeaturedSpace: max memory 932184064, total allocated 103284736, free 41740152, used 61544584, increment 0
Sequential: max memory 932184064, total allocated 103284736, free 41740152, used 61544584, increment 0
Initial loss: 9.212438170058329
60: time = 0.183000 loss = 9.180775
Res.gain: 0.031662811498211596
Jackknife: only bio_13
Making features
makeFeatures: max memory 932184064, total allocated 103284736, free 41579784, used 61704952, increment 160368
Gustavia_santanderiensis_6 bio_13: 
Regularization values: linear/quadratic/product: 0.423, categorical: 0.250, threshold: 1.790, hinge: 0.500
21 samples
Density: max memory 932184064, total allocated 103284736, free 41499600, used 61785136, increment 80184
linearPredictor: max memory 932184064, total allocated 103284736, free 41419416, used 61865320, increment 80184
FeaturedSpace: max memory 932184064, total allocated 103284736, free 41419416, used 61865320, increment 0
Sequential: max memory 932184064, total allocated 103284736, free 41419416, used 61865320, increment 0
Initial loss: 9.212438170058329
20: time = 0.097000 loss = 9.212438
Res.gain: 0.0
Jackknife: only bio_14
Making features
makeFeatures: max memory 932184064, total allocated 103284736, free 40731208, used 62553528, increment 688208
Gustavia_santanderiensis_6 bio_14: 
Regularization values: linear/quadratic/product: 0.423, categorical: 0.250, threshold: 1.790, hinge: 0.500
21 samples
Density: max memory 932184064, total allocated 103284736, free 40731208, used 62553528, increment 0
linearPredictor: max memory 932184064, total allocated 103284736, free 40731208, used 62553528, increment 0
FeaturedSpace: max memory 932184064, total allocated 103284736, free 40731208, used 62553528, increment 0
Sequential: max memory 932184064, total allocated 103284736, free 40731208, used 62553528, increment 0
Initial loss: 9.212438170058329
Time since start: 188.692
60: time = 0.180000 loss = 9.107829
Res.gain: 0.10460870441509762
Jackknife: only bio_15
Making features
makeFeatures: max memory 932184064, total allocated 103284736, free 40731208, used 62553528, increment 0
Gustavia_santanderiensis_6 bio_15: 
Regularization values: linear/quadratic/product: 0.423, categorical: 0.250, threshold: 1.790, hinge: 0.500
21 samples
Density: max memory 932184064, total allocated 103284736, free 40731208, used 62553528, increment 0
linearPredictor: max memory 932184064, total allocated 103284736, free 40651024, used 62633712, increment 80184
FeaturedSpace: max memory 932184064, total allocated 103284736, free 40651024, used 62633712, increment 0
Sequential: max memory 932184064, total allocated 103284736, free 40651024, used 62633712, increment 0
Initial loss: 9.212438170058329
60: time = 0.209000 loss = 8.961302
Res.gain: 0.2511362981032992
Jackknife: only bio_16
Making features
makeFeatures: max memory 932184064, total allocated 103284736, free 39882656, used 63402080, increment 768368
Gustavia_santanderiensis_6 bio_16: 
Regularization values: linear/quadratic/product: 0.423, categorical: 0.250, threshold: 1.790, hinge: 0.500
21 samples
Density: max memory 932184064, total allocated 103284736, free 39882656, used 63402080, increment 0
linearPredictor: max memory 932184064, total allocated 103284736, free 39882656, used 63402080, increment 0
FeaturedSpace: max memory 932184064, total allocated 103284736, free 39882656, used 63402080, increment 0
Sequential: max memory 932184064, total allocated 103284736, free 39882656, used 63402080, increment 0
Initial loss: 9.212438170058329
20: time = 0.099000 loss = 9.212438
Res.gain: 0.0
Jackknife: only bio_17
Making features
makeFeatures: max memory 932184064, total allocated 103284736, free 39882656, used 63402080, increment 0
Gustavia_santanderiensis_6 bio_17: 
Regularization values: linear/quadratic/product: 0.423, categorical: 0.250, threshold: 1.790, hinge: 0.500
21 samples
Density: max memory 932184064, total allocated 103284736, free 39882656, used 63402080, increment 0
linearPredictor: max memory 932184064, total allocated 103284736, free 39882656, used 63402080, increment 0
FeaturedSpace: max memory 932184064, total allocated 103284736, free 39882656, used 63402080, increment 0
Sequential: max memory 932184064, total allocated 103284736, free 39882656, used 63402080, increment 0
Initial loss: 9.212438170058329
60: time = 0.177000 loss = 8.968599
Res.gain: 0.24383938088108081
Jackknife: only bio_2
Making features
makeFeatures: max memory 932184064, total allocated 103284736, free 39722288, used 63562448, increment 160368
Gustavia_santanderiensis_6 bio_2: 
Regularization values: linear/quadratic/product: 0.423, categorical: 0.250, threshold: 1.790, hinge: 0.500
21 samples
Density: max memory 932184064, total allocated 103284736, free 39642104, used 63642632, increment 80184
linearPredictor: max memory 932184064, total allocated 103284736, free 39561920, used 63722816, increment 80184
FeaturedSpace: max memory 932184064, total allocated 103284736, free 39561920, used 63722816, increment 0
Sequential: max memory 932184064, total allocated 103284736, free 39561920, used 63722816, increment 0
Initial loss: 9.212438170058329
60: time = 0.214000 loss = 9.195050
Res.gain: 0.01738778483353265
Jackknife: only bio_3
Making features
makeFeatures: max memory 932184064, total allocated 103284736, free 38873680, used 64411056, increment 688240
Gustavia_santanderiensis_6 bio_3: 
Regularization values: linear/quadratic/product: 0.423, categorical: 0.250, threshold: 1.790, hinge: 0.500
21 samples
Density: max memory 932184064, total allocated 103284736, free 38873680, used 64411056, increment 0
linearPredictor: max memory 932184064, total allocated 103284736, free 38873680, used 64411056, increment 0
FeaturedSpace: max memory 932184064, total allocated 103284736, free 38873680, used 64411056, increment 0
Sequential: max memory 932184064, total allocated 103284736, free 38873680, used 64411056, increment 0
Initial loss: 9.212438170058329
60: time = 0.220000 loss = 9.194842
Res.gain: 0.017596082084279985
Jackknife: only bio_4
Making features
makeFeatures: max memory 932184064, total allocated 103284736, free 38873680, used 64411056, increment 0
Gustavia_santanderiensis_6 bio_4: 
Regularization values: linear/quadratic/product: 0.423, categorical: 0.250, threshold: 1.790, hinge: 0.500
21 samples
Density: max memory 932184064, total allocated 103284736, free 38873680, used 64411056, increment 0
linearPredictor: max memory 932184064, total allocated 103284736, free 38793496, used 64491240, increment 80184
FeaturedSpace: max memory 932184064, total allocated 103284736, free 38793496, used 64491240, increment 0
Sequential: max memory 932184064, total allocated 103284736, free 38793496, used 64491240, increment 0
Initial loss: 9.212438170058329
Time since start: 189.727
20: time = 0.097000 loss = 9.212438
Res.gain: 0.0
Jackknife: only bio_5
Making features
makeFeatures: max memory 932184064, total allocated 103284736, free 38633128, used 64651608, increment 160368
Gustavia_santanderiensis_6 bio_5: 
Regularization values: linear/quadratic/product: 0.423, categorical: 0.250, threshold: 1.790, hinge: 0.500
21 samples
Density: max memory 932184064, total allocated 103284736, free 38552944, used 64731792, increment 80184
linearPredictor: max memory 932184064, total allocated 103284736, free 38472760, used 64811976, increment 80184
FeaturedSpace: max memory 932184064, total allocated 103284736, free 38472760, used 64811976, increment 0
Sequential: max memory 932184064, total allocated 103284736, free 38472760, used 64811976, increment 0
Initial loss: 9.212438170058329
60: time = 0.226000 loss = 9.001316
Res.gain: 0.2111224616703513
Jackknife: only bio_6
Making features
makeFeatures: max memory 932184064, total allocated 103284736, free 37784552, used 65500184, increment 688208
Gustavia_santanderiensis_6 bio_6: 
Regularization values: linear/quadratic/product: 0.423, categorical: 0.250, threshold: 1.790, hinge: 0.500
21 samples
Density: max memory 932184064, total allocated 103284736, free 37784552, used 65500184, increment 0
linearPredictor: max memory 932184064, total allocated 103284736, free 37784552, used 65500184, increment 0
FeaturedSpace: max memory 932184064, total allocated 103284736, free 37784552, used 65500184, increment 0
Sequential: max memory 932184064, total allocated 103284736, free 37784552, used 65500184, increment 0
Initial loss: 9.212438170058329
60: time = 0.255000 loss = 8.969069
Res.gain: 0.24336935080532562
Jackknife: only bio_7
Making features
makeFeatures: max memory 932184064, total allocated 103284736, free 37784552, used 65500184, increment 0
Gustavia_santanderiensis_6 bio_7: 
Regularization values: linear/quadratic/product: 0.423, categorical: 0.250, threshold: 1.790, hinge: 0.500
21 samples
Density: max memory 932184064, total allocated 103284736, free 37784552, used 65500184, increment 0
linearPredictor: max memory 932184064, total allocated 103284736, free 37704368, used 65580368, increment 80184
FeaturedSpace: max memory 932184064, total allocated 103284736, free 37704368, used 65580368, increment 0
Sequential: max memory 932184064, total allocated 103284736, free 37704368, used 65580368, increment 0
Initial loss: 9.212438170058329
20: time = 0.105000 loss = 9.212438
Res.gain: 0.0
Jackknife: only bio_ai_et0
Making features
makeFeatures: max memory 932184064, total allocated 103284736, free 37544000, used 65740736, increment 160368
Gustavia_santanderiensis_6 bio_ai_et0: 
Regularization values: linear/quadratic/product: 0.423, categorical: 0.250, threshold: 1.790, hinge: 0.500
21 samples
Density: max memory 932184064, total allocated 103284736, free 37463816, used 65820920, increment 80184
linearPredictor: max memory 932184064, total allocated 103284736, free 37383632, used 65901104, increment 80184
FeaturedSpace: max memory 932184064, total allocated 103284736, free 37383632, used 65901104, increment 0
Sequential: max memory 932184064, total allocated 103284736, free 37383632, used 65901104, increment 0
Initial loss: 9.212438170058329
60: time = 0.193000 loss = 9.204836
Res.gain: 0.007601865341959169
Jackknife: only bio_et0_yr
Making features
makeFeatures: max memory 932184064, total allocated 103284736, free 36695320, used 66589416, increment 688312
Gustavia_santanderiensis_6 bio_et0_yr: 
Regularization values: linear/quadratic/product: 0.423, categorical: 0.250, threshold: 1.790, hinge: 0.500
21 samples
Density: max memory 932184064, total allocated 103284736, free 36695320, used 66589416, increment 0
linearPredictor: max memory 932184064, total allocated 103284736, free 36695320, used 66589416, increment 0
FeaturedSpace: max memory 932184064, total allocated 103284736, free 36695320, used 66589416, increment 0
Sequential: max memory 932184064, total allocated 103284736, free 36695320, used 66589416, increment 0
Initial loss: 9.212438170058329
60: time = 0.189000 loss = 9.185338
Res.gain: 0.027099753206291766
Time since start: 190.827
getSamples: max memory 932184064, total allocated 103284736, free 31778704, used 71506032, increment 4916616
Making features
makeFeatures: max memory 932184064, total allocated 103284736, free 28845368, used 74439368, increment 2933336
Gustavia_santanderiensis_7: 
Regularization values: linear/quadratic/product: 0.423, categorical: 0.250, threshold: 1.790, hinge: 0.500
21 samples
Density: max memory 932184064, total allocated 103284736, free 28845368, used 74439368, increment 0
linearPredictor: max memory 932184064, total allocated 103284736, free 28845368, used 74439368, increment 0
FeaturedSpace: max memory 932184064, total allocated 103284736, free 28845368, used 74439368, increment 0
Sequential: max memory 932184064, total allocated 103284736, free 28845368, used 74439368, increment 0
Initial loss: 9.212438170058329
160: time = 0.286000 loss = 7.715166
Resulting gain: 1.4972725226780303
Projecting...
Writing file C:\Users\Camila\Desktop\Modelo opc3\Final_Models\M_4_F_q_Set_1\Gustavia_santanderiensis_7.asc
Time since start: 194.045
Writing C:\Users\Camila\Desktop\Modelo opc3\Final_Models\M_4_F_q_Set_1\plots\Gustavia_santanderiensis_7.png
Gustavia_santanderiensis_7 response curves
Time since start: 198.069
Response curve: only bio_1
Making features
makeFeatures: max memory 932184064, total allocated 95420416, free 57537176, used 37883240, increment -36556128
Gustavia_santanderiensis_7 bio_1: 
Regularization values: linear/quadratic/product: 0.423, categorical: 0.250, threshold: 1.790, hinge: 0.500
21 samples
Density: max memory 932184064, total allocated 95420416, free 57537176, used 37883240, increment 0
linearPredictor: max memory 932184064, total allocated 95420416, free 56629424, used 38790992, increment 907752
FeaturedSpace: max memory 932184064, total allocated 95420416, free 56629424, used 38790992, increment 0
Sequential: max memory 932184064, total allocated 95420416, free 56629424, used 38790992, increment 0
Initial loss: 9.212438170058329
60: time = 0.226000 loss = 8.904535
Resulting gain: 0.3079034046739988
Gustavia_santanderiensis_7 response curves
Response curve: only bio_10
Making features
makeFeatures: max memory 932184064, total allocated 95420416, free 52824616, used 42595800, increment 3804808
Gustavia_santanderiensis_7 bio_10: 
Regularization values: linear/quadratic/product: 0.423, categorical: 0.250, threshold: 1.790, hinge: 0.500
21 samples
Density: max memory 932184064, total allocated 95420416, free 52824616, used 42595800, increment 0
linearPredictor: max memory 932184064, total allocated 95420416, free 52824616, used 42595800, increment 0
FeaturedSpace: max memory 932184064, total allocated 95420416, free 52824616, used 42595800, increment 0
Sequential: max memory 932184064, total allocated 95420416, free 52824616, used 42595800, increment 0
Initial loss: 9.212438170058329
Time since start: 199.166
60: time = 0.560000 loss = 8.929443
Resulting gain: 0.2829950591156507
Gustavia_santanderiensis_7 response curves
Response curve: only bio_11
Making features
makeFeatures: max memory 932184064, total allocated 95420416, free 48229016, used 47191400, increment 4595600
Gustavia_santanderiensis_7 bio_11: 
Regularization values: linear/quadratic/product: 0.423, categorical: 0.250, threshold: 1.790, hinge: 0.500
21 samples
Density: max memory 932184064, total allocated 95420416, free 48229016, used 47191400, increment 0
linearPredictor: max memory 932184064, total allocated 95420416, free 48229016, used 47191400, increment 0
FeaturedSpace: max memory 932184064, total allocated 95420416, free 48229016, used 47191400, increment 0
Sequential: max memory 932184064, total allocated 95420416, free 48229016, used 47191400, increment 0
Initial loss: 9.212438170058329
60: time = 0.260000 loss = 8.926585
Resulting gain: 0.28585272136855444
Gustavia_santanderiensis_7 response curves
Response curve: only bio_12
Making features
makeFeatures: max memory 932184064, total allocated 95420416, free 43554192, used 51866224, increment 4674824
Gustavia_santanderiensis_7 bio_12: 
Regularization values: linear/quadratic/product: 0.423, categorical: 0.250, threshold: 1.790, hinge: 0.500
21 samples
Density: max memory 932184064, total allocated 95420416, free 43554192, used 51866224, increment 0
linearPredictor: max memory 932184064, total allocated 95420416, free 43554192, used 51866224, increment 0
FeaturedSpace: max memory 932184064, total allocated 95420416, free 43554192, used 51866224, increment 0
Sequential: max memory 932184064, total allocated 95420416, free 43554192, used 51866224, increment 0
Initial loss: 9.212438170058329
60: time = 0.177000 loss = 9.200297
Resulting gain: 0.01214153354998615
Gustavia_santanderiensis_7 response curves
Response curve: only bio_13
Making features
makeFeatures: max memory 932184064, total allocated 95420416, free 39864584, used 55555832, increment 3689608
Gustavia_santanderiensis_7 bio_13: 
Regularization values: linear/quadratic/product: 0.423, categorical: 0.250, threshold: 1.790, hinge: 0.500
21 samples
Density: max memory 932184064, total allocated 95420416, free 39864584, used 55555832, increment 0
linearPredictor: max memory 932184064, total allocated 95420416, free 39784400, used 55636016, increment 80184
FeaturedSpace: max memory 932184064, total allocated 95420416, free 39784400, used 55636016, increment 0
Sequential: max memory 932184064, total allocated 95420416, free 39784400, used 55636016, increment 0
Initial loss: 9.212438170058329
Time since start: 200.179
20: time = 0.113000 loss = 9.212438
Resulting gain: 0.0
Gustavia_santanderiensis_7 response curves
Response curve: only bio_14
Making features
makeFeatures: max memory 932184064, total allocated 91226112, free 75801840, used 15424272, increment -40211744
Gustavia_santanderiensis_7 bio_14: 
Regularization values: linear/quadratic/product: 0.423, categorical: 0.250, threshold: 1.790, hinge: 0.500
21 samples
Density: max memory 932184064, total allocated 91226112, free 75801840, used 15424272, increment 0
linearPredictor: max memory 932184064, total allocated 91226112, free 75801840, used 15424272, increment 0
FeaturedSpace: max memory 932184064, total allocated 91226112, free 75801840, used 15424272, increment 0
Sequential: max memory 932184064, total allocated 91226112, free 75801840, used 15424272, increment 0
Initial loss: 9.212438170058329
60: time = 0.196000 loss = 9.179826
Resulting gain: 0.032611699973996267
Gustavia_santanderiensis_7 response curves
Time since start: 201.205
Response curve: only bio_15
Making features
makeFeatures: max memory 932184064, total allocated 91226112, free 71201464, used 20024648, increment 4600376
Gustavia_santanderiensis_7 bio_15: 
Regularization values: linear/quadratic/product: 0.423, categorical: 0.250, threshold: 1.790, hinge: 0.500
21 samples
Density: max memory 932184064, total allocated 91226112, free 71201464, used 20024648, increment 0
linearPredictor: max memory 932184064, total allocated 91226112, free 71201464, used 20024648, increment 0
FeaturedSpace: max memory 932184064, total allocated 91226112, free 71201464, used 20024648, increment 0
Sequential: max memory 932184064, total allocated 91226112, free 71201464, used 20024648, increment 0
Initial loss: 9.212438170058329
60: time = 0.178000 loss = 8.986486
Resulting gain: 0.22595247904535576
Gustavia_santanderiensis_7 response curves
Response curve: only bio_16
Making features
makeFeatures: max memory 932184064, total allocated 91226112, free 67569504, used 23656608, increment 3631960
Gustavia_santanderiensis_7 bio_16: 
Regularization values: linear/quadratic/product: 0.423, categorical: 0.250, threshold: 1.790, hinge: 0.500
21 samples
Density: max memory 932184064, total allocated 91226112, free 67569504, used 23656608, increment 0
linearPredictor: max memory 932184064, total allocated 91226112, free 67489320, used 23736792, increment 80184
FeaturedSpace: max memory 932184064, total allocated 91226112, free 67489320, used 23736792, increment 0
Sequential: max memory 932184064, total allocated 91226112, free 67489320, used 23736792, increment 0
Initial loss: 9.212438170058329
20: time = 0.104000 loss = 9.212438
Resulting gain: 0.0
Gustavia_santanderiensis_7 response curves
Response curve: only bio_17
Making features
makeFeatures: max memory 932184064, total allocated 91226112, free 62971424, used 28254688, increment 4517896
Gustavia_santanderiensis_7 bio_17: 
Regularization values: linear/quadratic/product: 0.423, categorical: 0.250, threshold: 1.790, hinge: 0.500
21 samples
Density: max memory 932184064, total allocated 91226112, free 62971424, used 28254688, increment 0
linearPredictor: max memory 932184064, total allocated 91226112, free 62971424, used 28254688, increment 0
FeaturedSpace: max memory 932184064, total allocated 91226112, free 62971424, used 28254688, increment 0
Sequential: max memory 932184064, total allocated 91226112, free 62971424, used 28254688, increment 0
Initial loss: 9.212438170058329
60: time = 0.190000 loss = 9.037816
Resulting gain: 0.17462216257029262
Gustavia_santanderiensis_7 response curves
Response curve: only bio_2
Making features
makeFeatures: max memory 932184064, total allocated 91226112, free 58437224, used 32788888, increment 4534200
Gustavia_santanderiensis_7 bio_2: 
Regularization values: linear/quadratic/product: 0.423, categorical: 0.250, threshold: 1.790, hinge: 0.500
21 samples
Density: max memory 932184064, total allocated 91226112, free 58437224, used 32788888, increment 0
linearPredictor: max memory 932184064, total allocated 91226112, free 58437224, used 32788888, increment 0
FeaturedSpace: max memory 932184064, total allocated 91226112, free 58437224, used 32788888, increment 0
Sequential: max memory 932184064, total allocated 91226112, free 58437224, used 32788888, increment 0
Initial loss: 9.212438170058329
Time since start: 202.408
60: time = 0.211000 loss = 9.157517
Resulting gain: 0.05492152836960429
Gustavia_santanderiensis_7 response curves
Response curve: only bio_3
Making features
makeFeatures: max memory 932184064, total allocated 91226112, free 53918488, used 37307624, increment 4518736
Gustavia_santanderiensis_7 bio_3: 
Regularization values: linear/quadratic/product: 0.423, categorical: 0.250, threshold: 1.790, hinge: 0.500
21 samples
Density: max memory 932184064, total allocated 91226112, free 53918488, used 37307624, increment 0
linearPredictor: max memory 932184064, total allocated 91226112, free 53918488, used 37307624, increment 0
FeaturedSpace: max memory 932184064, total allocated 91226112, free 53918488, used 37307624, increment 0
Sequential: max memory 932184064, total allocated 91226112, free 53918488, used 37307624, increment 0
Initial loss: 9.212438170058329
60: time = 0.191000 loss = 9.207301
Resulting gain: 0.005137518912404104
Gustavia_santanderiensis_7 response curves
Response curve: only bio_4
Making features
makeFeatures: max memory 932184064, total allocated 91226112, free 49402824, used 41823288, increment 4515664
Gustavia_santanderiensis_7 bio_4: 
Regularization values: linear/quadratic/product: 0.423, categorical: 0.250, threshold: 1.790, hinge: 0.500
21 samples
Density: max memory 932184064, total allocated 91226112, free 49402824, used 41823288, increment 0
linearPredictor: max memory 932184064, total allocated 91226112, free 49402824, used 41823288, increment 0
FeaturedSpace: max memory 932184064, total allocated 91226112, free 49402824, used 41823288, increment 0
Sequential: max memory 932184064, total allocated 91226112, free 49402824, used 41823288, increment 0
Initial loss: 9.212438170058329
20: time = 0.097000 loss = 9.212438
Resulting gain: 0.0
Gustavia_santanderiensis_7 response curves
Response curve: only bio_5
Making features
makeFeatures: max memory 932184064, total allocated 91226112, free 45690680, used 45535432, increment 3712144
Gustavia_santanderiensis_7 bio_5: 
Regularization values: linear/quadratic/product: 0.423, categorical: 0.250, threshold: 1.790, hinge: 0.500
21 samples
Density: max memory 932184064, total allocated 91226112, free 45610496, used 45615616, increment 80184
linearPredictor: max memory 932184064, total allocated 91226112, free 45530312, used 45695800, increment 80184
FeaturedSpace: max memory 932184064, total allocated 91226112, free 45530312, used 45695800, increment 0
Sequential: max memory 932184064, total allocated 91226112, free 45530312, used 45695800, increment 0
Initial loss: 9.212438170058329
Time since start: 203.88
60: time = 0.744000 loss = 8.910521
Resulting gain: 0.30191760122377076
Gustavia_santanderiensis_7 response curves
Response curve: only bio_6
Making features
makeFeatures: max memory 932184064, total allocated 91226112, free 40894064, used 50332048, increment 4636248
Gustavia_santanderiensis_7 bio_6: 
Regularization values: linear/quadratic/product: 0.423, categorical: 0.250, threshold: 1.790, hinge: 0.500
21 samples
Density: max memory 932184064, total allocated 91226112, free 40894064, used 50332048, increment 0
linearPredictor: max memory 932184064, total allocated 91226112, free 40894064, used 50332048, increment 0
FeaturedSpace: max memory 932184064, total allocated 91226112, free 40894064, used 50332048, increment 0
Sequential: max memory 932184064, total allocated 91226112, free 40894064, used 50332048, increment 0
Initial loss: 9.212438170058329
60: time = 0.265000 loss = 8.893016
Resulting gain: 0.31942251146741896
Gustavia_santanderiensis_7 response curves
Response curve: only bio_7
Making features
makeFeatures: max memory 932184064, total allocated 91226112, free 36376080, used 54850032, increment 4517984
Gustavia_santanderiensis_7 bio_7: 
Regularization values: linear/quadratic/product: 0.423, categorical: 0.250, threshold: 1.790, hinge: 0.500
21 samples
Density: max memory 932184064, total allocated 91226112, free 36376080, used 54850032, increment 0
linearPredictor: max memory 932184064, total allocated 91226112, free 36376080, used 54850032, increment 0
FeaturedSpace: max memory 932184064, total allocated 91226112, free 36376080, used 54850032, increment 0
Sequential: max memory 932184064, total allocated 91226112, free 36376080, used 54850032, increment 0
Initial loss: 9.212438170058329
60: time = 0.201000 loss = 9.209468
Resulting gain: 0.0029703849750735145
Gustavia_santanderiensis_7 response curves
Response curve: only bio_ai_et0
Making features
makeFeatures: max memory 932184064, total allocated 91226112, free 32126472, used 59099640, increment 4249608
Gustavia_santanderiensis_7 bio_ai_et0: 
Regularization values: linear/quadratic/product: 0.423, categorical: 0.250, threshold: 1.790, hinge: 0.500
21 samples
Density: max memory 932184064, total allocated 91226112, free 32126472, used 59099640, increment 0
linearPredictor: max memory 932184064, total allocated 91226112, free 32126472, used 59099640, increment 0
FeaturedSpace: max memory 932184064, total allocated 91226112, free 32126472, used 59099640, increment 0
Sequential: max memory 932184064, total allocated 91226112, free 32126472, used 59099640, increment 0
Initial loss: 9.212438170058329
Time since start: 204.886
20: time = 0.081000 loss = 9.212395
Resulting gain: 4.3015130630763565E-5
Gustavia_santanderiensis_7 response curves
Response curve: only bio_et0_yr
Making features
makeFeatures: max memory 932184064, total allocated 91750400, free 73037648, used 18712752, increment -40386888
Gustavia_santanderiensis_7 bio_et0_yr: 
Regularization values: linear/quadratic/product: 0.423, categorical: 0.250, threshold: 1.790, hinge: 0.500
21 samples
Density: max memory 932184064, total allocated 91750400, free 73037648, used 18712752, increment 0
linearPredictor: max memory 932184064, total allocated 91750400, free 73037648, used 18712752, increment 0
FeaturedSpace: max memory 932184064, total allocated 91750400, free 73037648, used 18712752, increment 0
Sequential: max memory 932184064, total allocated 91750400, free 73037648, used 18712752, increment 0
Initial loss: 9.212438170058329
60: time = 0.209000 loss = 9.177243
Resulting gain: 0.035195330698243765
Gustavia_santanderiensis_7 response curves
Time since start: 206.638
Jackknife: leave bio_1 out
Making features
makeFeatures: max memory 932184064, total allocated 86507520, free 60202728, used 26304792, increment 7592040
Gustavia_santanderiensis_7 bio_1: 
Regularization values: linear/quadratic/product: 0.423, categorical: 0.250, threshold: 1.790, hinge: 0.500
21 samples
Density: max memory 932184064, total allocated 86507520, free 59396064, used 27111456, increment 806664
linearPredictor: max memory 932184064, total allocated 86507520, free 59396064, used 27111456, increment 0
FeaturedSpace: max memory 932184064, total allocated 86507520, free 59396064, used 27111456, increment 0
Sequential: max memory 932184064, total allocated 86507520, free 59396064, used 27111456, increment 0
Initial loss: 9.212438170058329
120: time = 0.248000 loss = 7.715165
Jackknife: leave bio_10 out
Making features
makeFeatures: max memory 932184064, total allocated 86507520, free 57226272, used 29281248, increment 2169792
Gustavia_santanderiensis_7 bio_10: 
Regularization values: linear/quadratic/product: 0.423, categorical: 0.250, threshold: 1.790, hinge: 0.500
21 samples
Density: max memory 932184064, total allocated 86507520, free 57146088, used 29361432, increment 80184
linearPredictor: max memory 932184064, total allocated 86507520, free 57065904, used 29441616, increment 80184
FeaturedSpace: max memory 932184064, total allocated 86507520, free 57065904, used 29441616, increment 0
Sequential: max memory 932184064, total allocated 86507520, free 57065904, used 29441616, increment 0
Initial loss: 9.212438170058329
140: time = 0.289000 loss = 7.715166
Jackknife: leave bio_11 out
Making features
makeFeatures: max memory 932184064, total allocated 86507520, free 54334680, used 32172840, increment 2731224
Gustavia_santanderiensis_7 bio_11: 
Regularization values: linear/quadratic/product: 0.423, categorical: 0.250, threshold: 1.790, hinge: 0.500
21 samples
Density: max memory 932184064, total allocated 86507520, free 54254496, used 32253024, increment 80184
linearPredictor: max memory 932184064, total allocated 86507520, free 54174312, used 32333208, increment 80184
FeaturedSpace: max memory 932184064, total allocated 86507520, free 54174312, used 32333208, increment 0
Sequential: max memory 932184064, total allocated 86507520, free 54174312, used 32333208, increment 0
Initial loss: 9.212438170058329
160: time = 0.327000 loss = 7.715166
Jackknife: leave bio_12 out
Making features
makeFeatures: max memory 932184064, total allocated 86507520, free 51117616, used 35389904, increment 3056696
Gustavia_santanderiensis_7 bio_12: 
Regularization values: linear/quadratic/product: 0.423, categorical: 0.250, threshold: 1.790, hinge: 0.500
21 samples
Density: max memory 932184064, total allocated 86507520, free 51117616, used 35389904, increment 0
linearPredictor: max memory 932184064, total allocated 86507520, free 51117616, used 35389904, increment 0
FeaturedSpace: max memory 932184064, total allocated 86507520, free 51117616, used 35389904, increment 0
Sequential: max memory 932184064, total allocated 86507520, free 51117616, used 35389904, increment 0
Initial loss: 9.212438170058329
Time since start: 207.854
160: time = 0.292000 loss = 7.715166
Jackknife: leave bio_13 out
Making features
makeFeatures: max memory 932184064, total allocated 86507520, free 48466600, used 38040920, increment 2651016
Gustavia_santanderiensis_7 bio_13: 
Regularization values: linear/quadratic/product: 0.423, categorical: 0.250, threshold: 1.790, hinge: 0.500
21 samples
Density: max memory 932184064, total allocated 86507520, free 48386416, used 38121104, increment 80184
linearPredictor: max memory 932184064, total allocated 86507520, free 48306232, used 38201288, increment 80184
FeaturedSpace: max memory 932184064, total allocated 86507520, free 48306232, used 38201288, increment 0
Sequential: max memory 932184064, total allocated 86507520, free 48306232, used 38201288, increment 0
Initial loss: 9.212438170058329
160: time = 0.285000 loss = 7.715166
Jackknife: leave bio_14 out
Making features
makeFeatures: max memory 932184064, total allocated 86507520, free 45494696, used 41012824, increment 2811536
Gustavia_santanderiensis_7 bio_14: 
Regularization values: linear/quadratic/product: 0.423, categorical: 0.250, threshold: 1.790, hinge: 0.500
21 samples
Density: max memory 932184064, total allocated 86507520, free 45414512, used 41093008, increment 80184
linearPredictor: max memory 932184064, total allocated 86507520, free 45334328, used 41173192, increment 80184
FeaturedSpace: max memory 932184064, total allocated 86507520, free 45334328, used 41173192, increment 0
Sequential: max memory 932184064, total allocated 86507520, free 45334328, used 41173192, increment 0
Initial loss: 9.212438170058329
140: time = 0.263000 loss = 7.715166
Jackknife: leave bio_15 out
Making features
makeFeatures: max memory 932184064, total allocated 86507520, free 42603232, used 43904288, increment 2731096
Gustavia_santanderiensis_7 bio_15: 
Regularization values: linear/quadratic/product: 0.423, categorical: 0.250, threshold: 1.790, hinge: 0.500
21 samples
Density: max memory 932184064, total allocated 86507520, free 42523048, used 43984472, increment 80184
linearPredictor: max memory 932184064, total allocated 86507520, free 42442864, used 44064656, increment 80184
FeaturedSpace: max memory 932184064, total allocated 86507520, free 42442864, used 44064656, increment 0
Sequential: max memory 932184064, total allocated 86507520, free 42442864, used 44064656, increment 0
Initial loss: 9.212438170058329
140: time = 0.273000 loss = 8.216582
Jackknife: leave bio_16 out
Making features
makeFeatures: max memory 932184064, total allocated 86507520, free 39711640, used 46795880, increment 2731224
Gustavia_santanderiensis_7 bio_16: 
Regularization values: linear/quadratic/product: 0.423, categorical: 0.250, threshold: 1.790, hinge: 0.500
21 samples
Density: max memory 932184064, total allocated 86507520, free 38904976, used 47602544, increment 806664
linearPredictor: max memory 932184064, total allocated 86507520, free 38904976, used 47602544, increment 0
FeaturedSpace: max memory 932184064, total allocated 86507520, free 38904976, used 47602544, increment 0
Sequential: max memory 932184064, total allocated 86507520, free 38904976, used 47602544, increment 0
Initial loss: 9.212438170058329
Time since start: 208.98
140: time = 0.263000 loss = 7.715166
Jackknife: leave bio_17 out
Making features
makeFeatures: max memory 932184064, total allocated 86507520, free 36740008, used 49767512, increment 2164968
Gustavia_santanderiensis_7 bio_17: 
Regularization values: linear/quadratic/product: 0.423, categorical: 0.250, threshold: 1.790, hinge: 0.500
21 samples
Density: max memory 932184064, total allocated 86507520, free 36659824, used 49847696, increment 80184
linearPredictor: max memory 932184064, total allocated 86507520, free 36579640, used 49927880, increment 80184
FeaturedSpace: max memory 932184064, total allocated 86507520, free 36579640, used 49927880, increment 0
Sequential: max memory 932184064, total allocated 86507520, free 36579640, used 49927880, increment 0
Initial loss: 9.212438170058329
140: time = 0.254000 loss = 7.715166
Jackknife: leave bio_2 out
Making features
makeFeatures: max memory 932184064, total allocated 86507520, free 33848520, used 52659000, increment 2731120
Gustavia_santanderiensis_7 bio_2: 
Regularization values: linear/quadratic/product: 0.423, categorical: 0.250, threshold: 1.790, hinge: 0.500
21 samples
Density: max memory 932184064, total allocated 86507520, free 33768336, used 52739184, increment 80184
linearPredictor: max memory 932184064, total allocated 86507520, free 33688152, used 52819368, increment 80184
FeaturedSpace: max memory 932184064, total allocated 86507520, free 33688152, used 52819368, increment 0
Sequential: max memory 932184064, total allocated 86507520, free 33688152, used 52819368, increment 0
Initial loss: 9.212438170058329
160: time = 0.285000 loss = 7.715166
Jackknife: leave bio_3 out
Making features
makeFeatures: max memory 932184064, total allocated 86507520, free 30465856, used 56041664, increment 3222296
Gustavia_santanderiensis_7 bio_3: 
Regularization values: linear/quadratic/product: 0.423, categorical: 0.250, threshold: 1.790, hinge: 0.500
21 samples
Density: max memory 932184064, total allocated 86507520, free 30465856, used 56041664, increment 0
linearPredictor: max memory 932184064, total allocated 86507520, free 30465856, used 56041664, increment 0
FeaturedSpace: max memory 932184064, total allocated 86507520, free 30465856, used 56041664, increment 0
Sequential: max memory 932184064, total allocated 86507520, free 30465856, used 56041664, increment 0
Initial loss: 9.212438170058329
160: time = 0.290000 loss = 7.720241
Jackknife: leave bio_4 out
Making features
makeFeatures: max memory 932184064, total allocated 87031808, free 68789600, used 18242208, increment -37799456
Gustavia_santanderiensis_7 bio_4: 
Regularization values: linear/quadratic/product: 0.423, categorical: 0.250, threshold: 1.790, hinge: 0.500
21 samples
Density: max memory 932184064, total allocated 87031808, free 68709416, used 18322392, increment 80184
linearPredictor: max memory 932184064, total allocated 87031808, free 68629232, used 18402576, increment 80184
FeaturedSpace: max memory 932184064, total allocated 87031808, free 68629232, used 18402576, increment 0
Sequential: max memory 932184064, total allocated 87031808, free 68629232, used 18402576, increment 0
Initial loss: 9.212438170058329
Time since start: 210.129
160: time = 0.276000 loss = 7.721211
Jackknife: leave bio_5 out
Making features
makeFeatures: max memory 932184064, total allocated 87031808, free 65843376, used 21188432, increment 2785856
Gustavia_santanderiensis_7 bio_5: 
Regularization values: linear/quadratic/product: 0.423, categorical: 0.250, threshold: 1.790, hinge: 0.500
21 samples
Density: max memory 932184064, total allocated 87031808, free 65763192, used 21268616, increment 80184
linearPredictor: max memory 932184064, total allocated 87031808, free 65683008, used 21348800, increment 80184
FeaturedSpace: max memory 932184064, total allocated 87031808, free 65683008, used 21348800, increment 0
Sequential: max memory 932184064, total allocated 87031808, free 65683008, used 21348800, increment 0
Initial loss: 9.212438170058329
120: time = 0.267000 loss = 7.726848
Jackknife: leave bio_6 out
Making features
makeFeatures: max memory 932184064, total allocated 87031808, free 62977336, used 24054472, increment 2705672
Gustavia_santanderiensis_7 bio_6: 
Regularization values: linear/quadratic/product: 0.423, categorical: 0.250, threshold: 1.790, hinge: 0.500
21 samples
Density: max memory 932184064, total allocated 87031808, free 62897152, used 24134656, increment 80184
linearPredictor: max memory 932184064, total allocated 87031808, free 62816968, used 24214840, increment 80184
FeaturedSpace: max memory 932184064, total allocated 87031808, free 62816968, used 24214840, increment 0
Sequential: max memory 932184064, total allocated 87031808, free 62816968, used 24214840, increment 0
Initial loss: 9.212438170058329
120: time = 0.235000 loss = 7.727441
Jackknife: leave bio_7 out
Making features
makeFeatures: max memory 932184064, total allocated 87031808, free 60051648, used 26980160, increment 2765320
Gustavia_santanderiensis_7 bio_7: 
Regularization values: linear/quadratic/product: 0.423, categorical: 0.250, threshold: 1.790, hinge: 0.500
21 samples
Density: max memory 932184064, total allocated 87031808, free 59971464, used 27060344, increment 80184
linearPredictor: max memory 932184064, total allocated 87031808, free 59891280, used 27140528, increment 80184
FeaturedSpace: max memory 932184064, total allocated 87031808, free 59891280, used 27140528, increment 0
Sequential: max memory 932184064, total allocated 87031808, free 59891280, used 27140528, increment 0
Initial loss: 9.212438170058329
160: time = 0.287000 loss = 7.715165
Jackknife: leave bio_ai_et0 out
Making features
makeFeatures: max memory 932184064, total allocated 87031808, free 57105200, used 29926608, increment 2786080
Gustavia_santanderiensis_7 bio_ai_et0: 
Regularization values: linear/quadratic/product: 0.423, categorical: 0.250, threshold: 1.790, hinge: 0.500
21 samples
Density: max memory 932184064, total allocated 87031808, free 57025016, used 30006792, increment 80184
linearPredictor: max memory 932184064, total allocated 87031808, free 56944832, used 30086976, increment 80184
FeaturedSpace: max memory 932184064, total allocated 87031808, free 56944832, used 30086976, increment 0
Sequential: max memory 932184064, total allocated 87031808, free 56944832, used 30086976, increment 0
Initial loss: 9.212438170058329
Time since start: 211.246
160: time = 0.286000 loss = 7.715165
Jackknife: leave bio_et0_yr out
Making features
makeFeatures: max memory 932184064, total allocated 87031808, free 54159008, used 32872800, increment 2785824
Gustavia_santanderiensis_7 bio_et0_yr: 
Regularization values: linear/quadratic/product: 0.423, categorical: 0.250, threshold: 1.790, hinge: 0.500
21 samples
Density: max memory 932184064, total allocated 87031808, free 54078824, used 32952984, increment 80184
linearPredictor: max memory 932184064, total allocated 87031808, free 53998640, used 33033168, increment 80184
FeaturedSpace: max memory 932184064, total allocated 87031808, free 53998640, used 33033168, increment 0
Sequential: max memory 932184064, total allocated 87031808, free 53998640, used 33033168, increment 0
Initial loss: 9.212438170058329
140: time = 0.263000 loss = 7.715166
Jackknife: only bio_1
Making features
makeFeatures: max memory 932184064, total allocated 87031808, free 53217376, used 33814432, increment 781264
Gustavia_santanderiensis_7 bio_1: 
Regularization values: linear/quadratic/product: 0.423, categorical: 0.250, threshold: 1.790, hinge: 0.500
21 samples
Density: max memory 932184064, total allocated 87031808, free 53217376, used 33814432, increment 0
linearPredictor: max memory 932184064, total allocated 87031808, free 53217376, used 33814432, increment 0
FeaturedSpace: max memory 932184064, total allocated 87031808, free 53217376, used 33814432, increment 0
Sequential: max memory 932184064, total allocated 87031808, free 53217376, used 33814432, increment 0
Initial loss: 9.212438170058329
60: time = 0.221000 loss = 8.904535
Res.gain: 0.3079034046739988
Jackknife: only bio_10
Making features
makeFeatures: max memory 932184064, total allocated 87031808, free 53217376, used 33814432, increment 0
Gustavia_santanderiensis_7 bio_10: 
Regularization values: linear/quadratic/product: 0.423, categorical: 0.250, threshold: 1.790, hinge: 0.500
21 samples
Density: max memory 932184064, total allocated 87031808, free 53217376, used 33814432, increment 0
linearPredictor: max memory 932184064, total allocated 87031808, free 53137192, used 33894616, increment 80184
FeaturedSpace: max memory 932184064, total allocated 87031808, free 53137192, used 33894616, increment 0
Sequential: max memory 932184064, total allocated 87031808, free 53137192, used 33894616, increment 0
Initial loss: 9.212438170058329
60: time = 0.241000 loss = 8.929443
Res.gain: 0.2829950591156507
Jackknife: only bio_11
Making features
makeFeatures: max memory 932184064, total allocated 87031808, free 52275800, used 34756008, increment 861392
Gustavia_santanderiensis_7 bio_11: 
Regularization values: linear/quadratic/product: 0.423, categorical: 0.250, threshold: 1.790, hinge: 0.500
21 samples
Density: max memory 932184064, total allocated 87031808, free 52275800, used 34756008, increment 0
linearPredictor: max memory 932184064, total allocated 87031808, free 52275800, used 34756008, increment 0
FeaturedSpace: max memory 932184064, total allocated 87031808, free 52275800, used 34756008, increment 0
Sequential: max memory 932184064, total allocated 87031808, free 52275800, used 34756008, increment 0
Initial loss: 9.212438170058329
60: time = 0.243000 loss = 8.926585
Res.gain: 0.28585272136855444
Jackknife: only bio_12
Making features
makeFeatures: max memory 932184064, total allocated 87031808, free 52275800, used 34756008, increment 0
Gustavia_santanderiensis_7 bio_12: 
Regularization values: linear/quadratic/product: 0.423, categorical: 0.250, threshold: 1.790, hinge: 0.500
21 samples
Density: max memory 932184064, total allocated 87031808, free 52275800, used 34756008, increment 0
linearPredictor: max memory 932184064, total allocated 87031808, free 52275800, used 34756008, increment 0
FeaturedSpace: max memory 932184064, total allocated 87031808, free 52275800, used 34756008, increment 0
Sequential: max memory 932184064, total allocated 87031808, free 52275800, used 34756008, increment 0
Initial loss: 9.212438170058329
Time since start: 212.404
60: time = 0.166000 loss = 9.200297
Res.gain: 0.01214153354998615
Jackknife: only bio_13
Making features
makeFeatures: max memory 932184064, total allocated 87031808, free 52195616, used 34836192, increment 80184
Gustavia_santanderiensis_7 bio_13: 
Regularization values: linear/quadratic/product: 0.423, categorical: 0.250, threshold: 1.790, hinge: 0.500
21 samples
Density: max memory 932184064, total allocated 87031808, free 52115432, used 34916376, increment 80184
linearPredictor: max memory 932184064, total allocated 87031808, free 52035248, used 34996560, increment 80184
FeaturedSpace: max memory 932184064, total allocated 87031808, free 52035248, used 34996560, increment 0
Sequential: max memory 932184064, total allocated 87031808, free 52035248, used 34996560, increment 0
Initial loss: 9.212438170058329
20: time = 0.098000 loss = 9.212438
Res.gain: 0.0
Jackknife: only bio_14
Making features
makeFeatures: max memory 932184064, total allocated 87031808, free 51173856, used 35857952, increment 861392
Gustavia_santanderiensis_7 bio_14: 
Regularization values: linear/quadratic/product: 0.423, categorical: 0.250, threshold: 1.790, hinge: 0.500
21 samples
Density: max memory 932184064, total allocated 87031808, free 51173856, used 35857952, increment 0
linearPredictor: max memory 932184064, total allocated 87031808, free 51173856, used 35857952, increment 0
FeaturedSpace: max memory 932184064, total allocated 87031808, free 51173856, used 35857952, increment 0
Sequential: max memory 932184064, total allocated 87031808, free 51173856, used 35857952, increment 0
Initial loss: 9.212438170058329
60: time = 0.184000 loss = 9.179826
Res.gain: 0.032611699973996267
Jackknife: only bio_15
Making features
makeFeatures: max memory 932184064, total allocated 87031808, free 51173856, used 35857952, increment 0
Gustavia_santanderiensis_7 bio_15: 
Regularization values: linear/quadratic/product: 0.423, categorical: 0.250, threshold: 1.790, hinge: 0.500
21 samples
Density: max memory 932184064, total allocated 87031808, free 51173856, used 35857952, increment 0
linearPredictor: max memory 932184064, total allocated 87031808, free 51173856, used 35857952, increment 0
FeaturedSpace: max memory 932184064, total allocated 87031808, free 51173856, used 35857952, increment 0
Sequential: max memory 932184064, total allocated 87031808, free 51173856, used 35857952, increment 0
Initial loss: 9.212438170058329
60: time = 0.175000 loss = 8.986486
Res.gain: 0.22595247904535576
Jackknife: only bio_16
Making features
makeFeatures: max memory 932184064, total allocated 87031808, free 51093672, used 35938136, increment 80184
Gustavia_santanderiensis_7 bio_16: 
Regularization values: linear/quadratic/product: 0.423, categorical: 0.250, threshold: 1.790, hinge: 0.500
21 samples
Density: max memory 932184064, total allocated 87031808, free 51013488, used 36018320, increment 80184
linearPredictor: max memory 932184064, total allocated 87031808, free 50933304, used 36098504, increment 80184
FeaturedSpace: max memory 932184064, total allocated 87031808, free 50933304, used 36098504, increment 0
Sequential: max memory 932184064, total allocated 87031808, free 50933304, used 36098504, increment 0
Initial loss: 9.212438170058329
20: time = 0.098000 loss = 9.212438
Res.gain: 0.0
Jackknife: only bio_17
Making features
makeFeatures: max memory 932184064, total allocated 87031808, free 50071912, used 36959896, increment 861392
Gustavia_santanderiensis_7 bio_17: 
Regularization values: linear/quadratic/product: 0.423, categorical: 0.250, threshold: 1.790, hinge: 0.500
21 samples
Density: max memory 932184064, total allocated 87031808, free 50071912, used 36959896, increment 0
linearPredictor: max memory 932184064, total allocated 87031808, free 50071912, used 36959896, increment 0
FeaturedSpace: max memory 932184064, total allocated 87031808, free 50071912, used 36959896, increment 0
Sequential: max memory 932184064, total allocated 87031808, free 50071912, used 36959896, increment 0
Initial loss: 9.212438170058329
60: time = 0.182000 loss = 9.037816
Res.gain: 0.17462216257029262
Jackknife: only bio_2
Making features
makeFeatures: max memory 932184064, total allocated 87031808, free 50071912, used 36959896, increment 0
Gustavia_santanderiensis_7 bio_2: 
Regularization values: linear/quadratic/product: 0.423, categorical: 0.250, threshold: 1.790, hinge: 0.500
21 samples
Density: max memory 932184064, total allocated 87031808, free 50071912, used 36959896, increment 0
linearPredictor: max memory 932184064, total allocated 87031808, free 50071912, used 36959896, increment 0
FeaturedSpace: max memory 932184064, total allocated 87031808, free 50071912, used 36959896, increment 0
Sequential: max memory 932184064, total allocated 87031808, free 50071912, used 36959896, increment 0
Initial loss: 9.212438170058329
60: time = 0.205000 loss = 9.157517
Res.gain: 0.05492152836960429
Jackknife: only bio_3
Making features
makeFeatures: max memory 932184064, total allocated 87031808, free 49991728, used 37040080, increment 80184
Gustavia_santanderiensis_7 bio_3: 
Regularization values: linear/quadratic/product: 0.423, categorical: 0.250, threshold: 1.790, hinge: 0.500
21 samples
Density: max memory 932184064, total allocated 87031808, free 49911544, used 37120264, increment 80184
linearPredictor: max memory 932184064, total allocated 87031808, free 49831360, used 37200448, increment 80184
FeaturedSpace: max memory 932184064, total allocated 87031808, free 49831360, used 37200448, increment 0
Sequential: max memory 932184064, total allocated 87031808, free 49831360, used 37200448, increment 0
Initial loss: 9.212438170058329
Time since start: 213.559
60: time = 0.192000 loss = 9.207301
Res.gain: 0.005137518912404104
Jackknife: only bio_4
Making features
makeFeatures: max memory 932184064, total allocated 87031808, free 49050104, used 37981704, increment 781256
Gustavia_santanderiensis_7 bio_4: 
Regularization values: linear/quadratic/product: 0.423, categorical: 0.250, threshold: 1.790, hinge: 0.500
21 samples
Density: max memory 932184064, total allocated 87031808, free 49050104, used 37981704, increment 0
linearPredictor: max memory 932184064, total allocated 87031808, free 49050104, used 37981704, increment 0
FeaturedSpace: max memory 932184064, total allocated 87031808, free 49050104, used 37981704, increment 0
Sequential: max memory 932184064, total allocated 87031808, free 49050104, used 37981704, increment 0
Initial loss: 9.212438170058329
20: time = 0.097000 loss = 9.212438
Res.gain: 0.0
Jackknife: only bio_5
Making features
makeFeatures: max memory 932184064, total allocated 87031808, free 49050104, used 37981704, increment 0
Gustavia_santanderiensis_7 bio_5: 
Regularization values: linear/quadratic/product: 0.423, categorical: 0.250, threshold: 1.790, hinge: 0.500
21 samples
Density: max memory 932184064, total allocated 87031808, free 49050104, used 37981704, increment 0
linearPredictor: max memory 932184064, total allocated 87031808, free 49050104, used 37981704, increment 0
FeaturedSpace: max memory 932184064, total allocated 87031808, free 49050104, used 37981704, increment 0
Sequential: max memory 932184064, total allocated 87031808, free 49050104, used 37981704, increment 0
Initial loss: 9.212438170058329
60: time = 0.230000 loss = 8.910521
Res.gain: 0.30191760122377076
Jackknife: only bio_6
Making features
makeFeatures: max memory 932184064, total allocated 87031808, free 48889736, used 38142072, increment 160368
Gustavia_santanderiensis_7 bio_6: 
Regularization values: linear/quadratic/product: 0.423, categorical: 0.250, threshold: 1.790, hinge: 0.500
21 samples
Density: max memory 932184064, total allocated 87031808, free 48809552, used 38222256, increment 80184
linearPredictor: max memory 932184064, total allocated 87031808, free 48729368, used 38302440, increment 80184
FeaturedSpace: max memory 932184064, total allocated 87031808, free 48729368, used 38302440, increment 0
Sequential: max memory 932184064, total allocated 87031808, free 48729368, used 38302440, increment 0
Initial loss: 9.212438170058329
60: time = 0.221000 loss = 8.893016
Res.gain: 0.31942251146741896
Jackknife: only bio_7
Making features
makeFeatures: max memory 932184064, total allocated 87031808, free 47948128, used 39083680, increment 781240
Gustavia_santanderiensis_7 bio_7: 
Regularization values: linear/quadratic/product: 0.423, categorical: 0.250, threshold: 1.790, hinge: 0.500
21 samples
Density: max memory 932184064, total allocated 87031808, free 47948128, used 39083680, increment 0
linearPredictor: max memory 932184064, total allocated 87031808, free 47948128, used 39083680, increment 0
FeaturedSpace: max memory 932184064, total allocated 87031808, free 47948128, used 39083680, increment 0
Sequential: max memory 932184064, total allocated 87031808, free 47948128, used 39083680, increment 0
Initial loss: 9.212438170058329
60: time = 0.192000 loss = 9.209468
Res.gain: 0.0029703849750735145
Jackknife: only bio_ai_et0
Making features
makeFeatures: max memory 932184064, total allocated 87031808, free 47948128, used 39083680, increment 0
Gustavia_santanderiensis_7 bio_ai_et0: 
Regularization values: linear/quadratic/product: 0.423, categorical: 0.250, threshold: 1.790, hinge: 0.500
21 samples
Density: max memory 932184064, total allocated 87031808, free 47948128, used 39083680, increment 0
linearPredictor: max memory 932184064, total allocated 87031808, free 47948128, used 39083680, increment 0
FeaturedSpace: max memory 932184064, total allocated 87031808, free 47948128, used 39083680, increment 0
Sequential: max memory 932184064, total allocated 87031808, free 47948128, used 39083680, increment 0
Initial loss: 9.212438170058329
20: time = 0.069000 loss = 9.212395
Res.gain: 4.3015130630763565E-5
Jackknife: only bio_et0_yr
Making features
makeFeatures: max memory 932184064, total allocated 87031808, free 47787760, used 39244048, increment 160368
Gustavia_santanderiensis_7 bio_et0_yr: 
Regularization values: linear/quadratic/product: 0.423, categorical: 0.250, threshold: 1.790, hinge: 0.500
21 samples
Density: max memory 932184064, total allocated 87031808, free 47707576, used 39324232, increment 80184
linearPredictor: max memory 932184064, total allocated 87031808, free 47627392, used 39404416, increment 80184
FeaturedSpace: max memory 932184064, total allocated 87031808, free 47627392, used 39404416, increment 0
Sequential: max memory 932184064, total allocated 87031808, free 47627392, used 39404416, increment 0
Initial loss: 9.212438170058329
Time since start: 214.581
60: time = 0.195000 loss = 9.177243
Res.gain: 0.035195330698243765
getSamples: max memory 932184064, total allocated 87031808, free 42248416, used 44783392, increment 5378976
Making features
makeFeatures: max memory 932184064, total allocated 87031808, free 39783680, used 47248128, increment 2464736
Gustavia_santanderiensis_8: 
Regularization values: linear/quadratic/product: 0.423, categorical: 0.250, threshold: 1.790, hinge: 0.500
21 samples
Density: max memory 932184064, total allocated 87031808, free 39703512, used 47328296, increment 80168
linearPredictor: max memory 932184064, total allocated 87031808, free 39623344, used 47408464, increment 80168
FeaturedSpace: max memory 932184064, total allocated 87031808, free 39623344, used 47408464, increment 0
Sequential: max memory 932184064, total allocated 87031808, free 39623344, used 47408464, increment 0
Initial loss: 9.212238569259263
180: time = 0.312000 loss = 7.601155
Resulting gain: 1.6110835146310087
Projecting...
Writing file C:\Users\Camila\Desktop\Modelo opc3\Final_Models\M_4_F_q_Set_1\Gustavia_santanderiensis_8.asc
Time since start: 217.336
Writing C:\Users\Camila\Desktop\Modelo opc3\Final_Models\M_4_F_q_Set_1\plots\Gustavia_santanderiensis_8.png
Gustavia_santanderiensis_8 response curves
Time since start: 221.153
Response curve: only bio_1
Making features
makeFeatures: max memory 932184064, total allocated 80216064, free 33241312, used 46974752, increment -433712
Gustavia_santanderiensis_8 bio_1: 
Regularization values: linear/quadratic/product: 0.423, categorical: 0.250, threshold: 1.790, hinge: 0.500
21 samples
Density: max memory 932184064, total allocated 80216064, free 33241312, used 46974752, increment 0
linearPredictor: max memory 932184064, total allocated 80216064, free 33241312, used 46974752, increment 0
FeaturedSpace: max memory 932184064, total allocated 80216064, free 33241312, used 46974752, increment 0
Sequential: max memory 932184064, total allocated 80216064, free 33241312, used 46974752, increment 0
Initial loss: 9.212238569259263
60: time = 0.232000 loss = 8.810610
Resulting gain: 0.40162837165728327
Gustavia_santanderiensis_8 response curves
Response curve: only bio_10
Making features
makeFeatures: max memory 932184064, total allocated 80216064, free 28775552, used 51440512, increment 4465760
Gustavia_santanderiensis_8 bio_10: 
Regularization values: linear/quadratic/product: 0.423, categorical: 0.250, threshold: 1.790, hinge: 0.500
21 samples
Density: max memory 932184064, total allocated 80216064, free 28775552, used 51440512, increment 0
linearPredictor: max memory 932184064, total allocated 80216064, free 28775552, used 51440512, increment 0
FeaturedSpace: max memory 932184064, total allocated 80216064, free 28775552, used 51440512, increment 0
Sequential: max memory 932184064, total allocated 80216064, free 28775552, used 51440512, increment 0
Initial loss: 9.212238569259263
Time since start: 222.273
60: time = 0.687000 loss = 8.860002
Resulting gain: 0.35223629060568307
Gustavia_santanderiensis_8 response curves
Response curve: only bio_11
Making features
makeFeatures: max memory 932184064, total allocated 80216064, free 24423464, used 55792600, increment 4352088
Gustavia_santanderiensis_8 bio_11: 
Regularization values: linear/quadratic/product: 0.423, categorical: 0.250, threshold: 1.790, hinge: 0.500
21 samples
Density: max memory 932184064, total allocated 80216064, free 24423464, used 55792600, increment 0
linearPredictor: max memory 932184064, total allocated 80216064, free 24423464, used 55792600, increment 0
FeaturedSpace: max memory 932184064, total allocated 80216064, free 24423464, used 55792600, increment 0
Sequential: max memory 932184064, total allocated 80216064, free 24423464, used 55792600, increment 0
Initial loss: 9.212238569259263
60: time = 0.231000 loss = 8.826115
Resulting gain: 0.3861235800824012
Gustavia_santanderiensis_8 response curves
Response curve: only bio_12
Making features
makeFeatures: max memory 932184064, total allocated 79691776, free 52155000, used 27536776, increment -28255824
Gustavia_santanderiensis_8 bio_12: 
Regularization values: linear/quadratic/product: 0.423, categorical: 0.250, threshold: 1.790, hinge: 0.500
21 samples
Density: max memory 932184064, total allocated 79691776, free 52155000, used 27536776, increment 0
linearPredictor: max memory 932184064, total allocated 79691776, free 52155000, used 27536776, increment 0
FeaturedSpace: max memory 932184064, total allocated 79691776, free 52155000, used 27536776, increment 0
Sequential: max memory 932184064, total allocated 79691776, free 52155000, used 27536776, increment 0
Initial loss: 9.212238569259263
Time since start: 223.57
60: time = 0.744000 loss = 9.149373
Resulting gain: 0.06286556149278155
Gustavia_santanderiensis_8 response curves
Response curve: only bio_13
Making features
makeFeatures: max memory 932184064, total allocated 79691776, free 47852512, used 31839264, increment 4302488
Gustavia_santanderiensis_8 bio_13: 
Regularization values: linear/quadratic/product: 0.423, categorical: 0.250, threshold: 1.790, hinge: 0.500
21 samples
Density: max memory 932184064, total allocated 79691776, free 47852512, used 31839264, increment 0
linearPredictor: max memory 932184064, total allocated 79691776, free 47852512, used 31839264, increment 0
FeaturedSpace: max memory 932184064, total allocated 79691776, free 47852512, used 31839264, increment 0
Sequential: max memory 932184064, total allocated 79691776, free 47852512, used 31839264, increment 0
Initial loss: 9.212238569259263
40: time = 0.121000 loss = 9.211864
Resulting gain: 3.7470482800827654E-4
Gustavia_santanderiensis_8 response curves
Response curve: only bio_14
Making features
makeFeatures: max memory 932184064, total allocated 79691776, free 43549344, used 36142432, increment 4303168
Gustavia_santanderiensis_8 bio_14: 
Regularization values: linear/quadratic/product: 0.423, categorical: 0.250, threshold: 1.790, hinge: 0.500
21 samples
Density: max memory 932184064, total allocated 79691776, free 43549344, used 36142432, increment 0
linearPredictor: max memory 932184064, total allocated 79691776, free 43549344, used 36142432, increment 0
FeaturedSpace: max memory 932184064, total allocated 79691776, free 43549344, used 36142432, increment 0
Sequential: max memory 932184064, total allocated 79691776, free 43549344, used 36142432, increment 0
Initial loss: 9.212238569259263
60: time = 0.222000 loss = 9.172141
Resulting gain: 0.04009768559167881
Gustavia_santanderiensis_8 response curves
Response curve: only bio_15
Making features
makeFeatures: max memory 932184064, total allocated 79691776, free 39244968, used 40446808, increment 4304376
Gustavia_santanderiensis_8 bio_15: 
Regularization values: linear/quadratic/product: 0.423, categorical: 0.250, threshold: 1.790, hinge: 0.500
21 samples
Density: max memory 932184064, total allocated 79691776, free 39244968, used 40446808, increment 0
linearPredictor: max memory 932184064, total allocated 79691776, free 39244968, used 40446808, increment 0
FeaturedSpace: max memory 932184064, total allocated 79691776, free 39244968, used 40446808, increment 0
Sequential: max memory 932184064, total allocated 79691776, free 39244968, used 40446808, increment 0
Initial loss: 9.212238569259263
Time since start: 224.599
60: time = 0.209000 loss = 9.026289
Resulting gain: 0.1859500610183069
Gustavia_santanderiensis_8 response curves
Response curve: only bio_16
Making features
makeFeatures: max memory 932184064, total allocated 79691776, free 34938696, used 44753080, increment 4306272
Gustavia_santanderiensis_8 bio_16: 
Regularization values: linear/quadratic/product: 0.423, categorical: 0.250, threshold: 1.790, hinge: 0.500
21 samples
Density: max memory 932184064, total allocated 79691776, free 34938696, used 44753080, increment 0
linearPredictor: max memory 932184064, total allocated 79691776, free 34858528, used 44833248, increment 80168
FeaturedSpace: max memory 932184064, total allocated 79691776, free 34858528, used 44833248, increment 0
Sequential: max memory 932184064, total allocated 79691776, free 34858528, used 44833248, increment 0
Initial loss: 9.212238569259263
60: time = 0.221000 loss = 9.208408
Resulting gain: 0.003830304100780779
Gustavia_santanderiensis_8 response curves
Response curve: only bio_17
Making features
makeFeatures: max memory 932184064, total allocated 79691776, free 30556192, used 49135584, increment 4302336
Gustavia_santanderiensis_8 bio_17: 
Regularization values: linear/quadratic/product: 0.423, categorical: 0.250, threshold: 1.790, hinge: 0.500
21 samples
Density: max memory 932184064, total allocated 79691776, free 30556192, used 49135584, increment 0
linearPredictor: max memory 932184064, total allocated 79691776, free 30476024, used 49215752, increment 80168
FeaturedSpace: max memory 932184064, total allocated 79691776, free 30476024, used 49215752, increment 0
Sequential: max memory 932184064, total allocated 79691776, free 30476024, used 49215752, increment 0
Initial loss: 9.212238569259263
60: time = 0.166000 loss = 9.041909
Resulting gain: 0.17032940410932618
Gustavia_santanderiensis_8 response curves
Response curve: only bio_2
Making features
makeFeatures: max memory 932184064, total allocated 79691776, free 26173800, used 53517976, increment 4302224
Gustavia_santanderiensis_8 bio_2: 
Regularization values: linear/quadratic/product: 0.423, categorical: 0.250, threshold: 1.790, hinge: 0.500
21 samples
Density: max memory 932184064, total allocated 79691776, free 26173800, used 53517976, increment 0
linearPredictor: max memory 932184064, total allocated 79691776, free 26093632, used 53598144, increment 80168
FeaturedSpace: max memory 932184064, total allocated 79691776, free 26093632, used 53598144, increment 0
Sequential: max memory 932184064, total allocated 79691776, free 26093632, used 53598144, increment 0
Initial loss: 9.212238569259263
Time since start: 225.676
60: time = 0.221000 loss = 9.164424
Resulting gain: 0.04781479946248446
Gustavia_santanderiensis_8 response curves
Response curve: only bio_3
Making features
makeFeatures: max memory 932184064, total allocated 83361792, free 55819920, used 27541872, increment -26056272
Gustavia_santanderiensis_8 bio_3: 
Regularization values: linear/quadratic/product: 0.423, categorical: 0.250, threshold: 1.790, hinge: 0.500
21 samples
Density: max memory 932184064, total allocated 83361792, free 55819920, used 27541872, increment 0
linearPredictor: max memory 932184064, total allocated 83361792, free 55819920, used 27541872, increment 0
FeaturedSpace: max memory 932184064, total allocated 83361792, free 55819920, used 27541872, increment 0
Sequential: max memory 932184064, total allocated 83361792, free 55819920, used 27541872, increment 0
Initial loss: 9.212238569259263
60: time = 0.677000 loss = 9.136181
Resulting gain: 0.07605751900172386
Gustavia_santanderiensis_8 response curves
Response curve: only bio_4
Making features
makeFeatures: max memory 932184064, total allocated 83361792, free 51569728, used 31792064, increment 4250192
Gustavia_santanderiensis_8 bio_4: 
Time since start: 226.677
Regularization values: linear/quadratic/product: 0.423, categorical: 0.250, threshold: 1.790, hinge: 0.500
21 samples
Density: max memory 932184064, total allocated 83361792, free 51569728, used 31792064, increment 0
linearPredictor: max memory 932184064, total allocated 83361792, free 51489560, used 31872232, increment 80168
FeaturedSpace: max memory 932184064, total allocated 83361792, free 51489560, used 31872232, increment 0
Sequential: max memory 932184064, total allocated 83361792, free 51489560, used 31872232, increment 0
Initial loss: 9.212238569259263
60: time = 0.215000 loss = 9.200700
Resulting gain: 0.011538671204135653
Gustavia_santanderiensis_8 response curves
Response curve: only bio_5
Making features
makeFeatures: max memory 932184064, total allocated 83361792, free 47114720, used 36247072, increment 4374840
Gustavia_santanderiensis_8 bio_5: 
Regularization values: linear/quadratic/product: 0.423, categorical: 0.250, threshold: 1.790, hinge: 0.500
21 samples
Density: max memory 932184064, total allocated 83361792, free 47114720, used 36247072, increment 0
linearPredictor: max memory 932184064, total allocated 83361792, free 47114720, used 36247072, increment 0
FeaturedSpace: max memory 932184064, total allocated 83361792, free 47114720, used 36247072, increment 0
Sequential: max memory 932184064, total allocated 83361792, free 47114720, used 36247072, increment 0
Initial loss: 9.212238569259263
60: time = 0.247000 loss = 8.881385
Resulting gain: 0.33085396124339717
Gustavia_santanderiensis_8 response curves
Response curve: only bio_6
Making features
makeFeatures: max memory 932184064, total allocated 83361792, free 42739928, used 40621864, increment 4374792
Gustavia_santanderiensis_8 bio_6: 
Regularization values: linear/quadratic/product: 0.423, categorical: 0.250, threshold: 1.790, hinge: 0.500
21 samples
Density: max memory 932184064, total allocated 83361792, free 42739928, used 40621864, increment 0
linearPredictor: max memory 932184064, total allocated 83361792, free 42659760, used 40702032, increment 80168
FeaturedSpace: max memory 932184064, total allocated 83361792, free 42659760, used 40702032, increment 0
Sequential: max memory 932184064, total allocated 83361792, free 42659760, used 40702032, increment 0
Initial loss: 9.212238569259263
Time since start: 228.263
60: time = 0.805000 loss = 8.775322
Resulting gain: 0.4369168336130791
Gustavia_santanderiensis_8 response curves
Response curve: only bio_7
Making features
makeFeatures: max memory 932184064, total allocated 83361792, free 38282024, used 45079768, increment 4377736
Gustavia_santanderiensis_8 bio_7: 
Regularization values: linear/quadratic/product: 0.423, categorical: 0.250, threshold: 1.790, hinge: 0.500
21 samples
Density: max memory 932184064, total allocated 83361792, free 38282024, used 45079768, increment 0
linearPredictor: max memory 932184064, total allocated 83361792, free 38282024, used 45079768, increment 0
FeaturedSpace: max memory 932184064, total allocated 83361792, free 38282024, used 45079768, increment 0
Sequential: max memory 932184064, total allocated 83361792, free 38282024, used 45079768, increment 0
Initial loss: 9.212238569259263
20: time = 0.106000 loss = 9.212239
Resulting gain: 0.0
Gustavia_santanderiensis_8 response curves
Response curve: only bio_ai_et0
Making features
makeFeatures: max memory 932184064, total allocated 83361792, free 33906408, used 49455384, increment 4375616
Gustavia_santanderiensis_8 bio_ai_et0: 
Regularization values: linear/quadratic/product: 0.423, categorical: 0.250, threshold: 1.790, hinge: 0.500
21 samples
Density: max memory 932184064, total allocated 83361792, free 33906408, used 49455384, increment 0
linearPredictor: max memory 932184064, total allocated 83361792, free 33906408, used 49455384, increment 0
FeaturedSpace: max memory 932184064, total allocated 83361792, free 33906408, used 49455384, increment 0
Sequential: max memory 932184064, total allocated 83361792, free 33906408, used 49455384, increment 0
Initial loss: 9.212238569259263
60: time = 0.188000 loss = 9.187879
Resulting gain: 0.024360013068035258
Gustavia_santanderiensis_8 response curves
Response curve: only bio_et0_yr
Making features
makeFeatures: max memory 932184064, total allocated 83361792, free 29538768, used 53823024, increment 4367640
Gustavia_santanderiensis_8 bio_et0_yr: 
Regularization values: linear/quadratic/product: 0.423, categorical: 0.250, threshold: 1.790, hinge: 0.500
21 samples
Density: max memory 932184064, total allocated 83361792, free 29538768, used 53823024, increment 0
linearPredictor: max memory 932184064, total allocated 83361792, free 29458600, used 53903192, increment 80168
FeaturedSpace: max memory 932184064, total allocated 83361792, free 29458600, used 53903192, increment 0
Sequential: max memory 932184064, total allocated 83361792, free 29458600, used 53903192, increment 0
Initial loss: 9.212238569259263
Time since start: 229.289
60: time = 0.212000 loss = 9.172392
Resulting gain: 0.03984694625886753
Gustavia_santanderiensis_8 response curves
Jackknife: leave bio_1 out
Making features
makeFeatures: max memory 932184064, total allocated 79167488, free 51982224, used 27185264, increment -26717928
Gustavia_santanderiensis_8 bio_1: 
Regularization values: linear/quadratic/product: 0.423, categorical: 0.250, threshold: 1.790, hinge: 0.500
21 samples
Density: max memory 932184064, total allocated 79167488, free 51902056, used 27265432, increment 80168
linearPredictor: max memory 932184064, total allocated 79167488, free 51821888, used 27345600, increment 80168
FeaturedSpace: max memory 932184064, total allocated 79167488, free 51821888, used 27345600, increment 0
Sequential: max memory 932184064, total allocated 79167488, free 51821888, used 27345600, increment 0
Initial loss: 9.212238569259263
120: time = 0.239000 loss = 7.604568
Jackknife: leave bio_10 out
Making features
makeFeatures: max memory 932184064, total allocated 79167488, free 49053792, used 30113696, increment 2768096
Gustavia_santanderiensis_8 bio_10: 
Regularization values: linear/quadratic/product: 0.423, categorical: 0.250, threshold: 1.790, hinge: 0.500
21 samples
Density: max memory 932184064, total allocated 79167488, free 48973624, used 30193864, increment 80168
linearPredictor: max memory 932184064, total allocated 79167488, free 48893456, used 30274032, increment 80168
FeaturedSpace: max memory 932184064, total allocated 79167488, free 48893456, used 30274032, increment 0
Sequential: max memory 932184064, total allocated 79167488, free 48893456, used 30274032, increment 0
Initial loss: 9.212238569259263
Time since start: 231.154
200: time = 0.875000 loss = 7.601154
Jackknife: leave bio_11 out
Making features
makeFeatures: max memory 932184064, total allocated 79167488, free 46125144, used 33042344, increment 2768312
Gustavia_santanderiensis_8 bio_11: 
Regularization values: linear/quadratic/product: 0.423, categorical: 0.250, threshold: 1.790, hinge: 0.500
21 samples
Density: max memory 932184064, total allocated 79167488, free 45521640, used 33645848, increment 603504
linearPredictor: max memory 932184064, total allocated 79167488, free 45521640, used 33645848, increment 0
FeaturedSpace: max memory 932184064, total allocated 79167488, free 45521640, used 33645848, increment 0
Sequential: max memory 932184064, total allocated 79167488, free 45521640, used 33645848, increment 0
Initial loss: 9.212238569259263
200: time = 0.375000 loss = 7.601154
Jackknife: leave bio_12 out
Making features
makeFeatures: max memory 932184064, total allocated 79167488, free 43116600, used 36050888, increment 2405040
Gustavia_santanderiensis_8 bio_12: 
Regularization values: linear/quadratic/product: 0.423, categorical: 0.250, threshold: 1.790, hinge: 0.500
21 samples
Density: max memory 932184064, total allocated 79167488, free 43036432, used 36131056, increment 80168
linearPredictor: max memory 932184064, total allocated 79167488, free 42956264, used 36211224, increment 80168
FeaturedSpace: max memory 932184064, total allocated 79167488, free 42956264, used 36211224, increment 0
Sequential: max memory 932184064, total allocated 79167488, free 42956264, used 36211224, increment 0
Initial loss: 9.212238569259263
200: time = 0.366000 loss = 7.601154
Jackknife: leave bio_13 out
Making features
makeFeatures: max memory 932184064, total allocated 79167488, free 40145840, used 39021648, increment 2810424
Gustavia_santanderiensis_8 bio_13: 
Regularization values: linear/quadratic/product: 0.423, categorical: 0.250, threshold: 1.790, hinge: 0.500
21 samples
Density: max memory 932184064, total allocated 79167488, free 40065672, used 39101816, increment 80168
linearPredictor: max memory 932184064, total allocated 79167488, free 39985504, used 39181984, increment 80168
FeaturedSpace: max memory 932184064, total allocated 79167488, free 39985504, used 39181984, increment 0
Sequential: max memory 932184064, total allocated 79167488, free 39985504, used 39181984, increment 0
Initial loss: 9.212238569259263
Time since start: 232.3
200: time = 0.366000 loss = 7.601154
Jackknife: leave bio_14 out
Making features
makeFeatures: max memory 932184064, total allocated 79167488, free 37137248, used 42030240, increment 2848256
Gustavia_santanderiensis_8 bio_14: 
Regularization values: linear/quadratic/product: 0.423, categorical: 0.250, threshold: 1.790, hinge: 0.500
21 samples
Density: max memory 932184064, total allocated 79167488, free 37057080, used 42110408, increment 80168
linearPredictor: max memory 932184064, total allocated 79167488, free 36976912, used 42190576, increment 80168
FeaturedSpace: max memory 932184064, total allocated 79167488, free 36976912, used 42190576, increment 0
Sequential: max memory 932184064, total allocated 79167488, free 36976912, used 42190576, increment 0
Initial loss: 9.212238569259263
200: time = 0.362000 loss = 7.601154
Jackknife: leave bio_15 out
Making features
makeFeatures: max memory 932184064, total allocated 79167488, free 34208752, used 44958736, increment 2768160
Gustavia_santanderiensis_8 bio_15: 
Regularization values: linear/quadratic/product: 0.423, categorical: 0.250, threshold: 1.790, hinge: 0.500
21 samples
Density: max memory 932184064, total allocated 79167488, free 33605248, used 45562240, increment 603504
linearPredictor: max memory 932184064, total allocated 79167488, free 33605248, used 45562240, increment 0
FeaturedSpace: max memory 932184064, total allocated 79167488, free 33605248, used 45562240, increment 0
Sequential: max memory 932184064, total allocated 79167488, free 33605248, used 45562240, increment 0
Initial loss: 9.212238569259263
120: time = 0.236000 loss = 7.845367
Jackknife: leave bio_16 out
Making features
makeFeatures: max memory 932184064, total allocated 79167488, free 31280376, used 47887112, increment 2324872
Gustavia_santanderiensis_8 bio_16: 
Regularization values: linear/quadratic/product: 0.423, categorical: 0.250, threshold: 1.790, hinge: 0.500
21 samples
Density: max memory 932184064, total allocated 79167488, free 31200208, used 47967280, increment 80168
linearPredictor: max memory 932184064, total allocated 79167488, free 31120040, used 48047448, increment 80168
FeaturedSpace: max memory 932184064, total allocated 79167488, free 31120040, used 48047448, increment 0
Sequential: max memory 932184064, total allocated 79167488, free 31120040, used 48047448, increment 0
Initial loss: 9.212238569259263
200: time = 0.333000 loss = 7.601154
Jackknife: leave bio_17 out
Making features
makeFeatures: max memory 932184064, total allocated 79167488, free 28309528, used 50857960, increment 2810512
Gustavia_santanderiensis_8 bio_17: 
Regularization values: linear/quadratic/product: 0.423, categorical: 0.250, threshold: 1.790, hinge: 0.500
21 samples
Density: max memory 932184064, total allocated 79167488, free 28229360, used 50938128, increment 80168
linearPredictor: max memory 932184064, total allocated 79167488, free 28149192, used 51018296, increment 80168
FeaturedSpace: max memory 932184064, total allocated 79167488, free 28149192, used 51018296, increment 0
Sequential: max memory 932184064, total allocated 79167488, free 28149192, used 51018296, increment 0
Initial loss: 9.212238569259263
Time since start: 233.596
180: time = 0.311000 loss = 7.601154
Jackknife: leave bio_2 out
Making features
makeFeatures: max memory 932184064, total allocated 79167488, free 25338776, used 53828712, increment 2810416
Gustavia_santanderiensis_8 bio_2: 
Regularization values: linear/quadratic/product: 0.423, categorical: 0.250, threshold: 1.790, hinge: 0.500
21 samples
Density: max memory 932184064, total allocated 79167488, free 25258608, used 53908880, increment 80168
linearPredictor: max memory 932184064, total allocated 79167488, free 25178440, used 53989048, increment 80168
FeaturedSpace: max memory 932184064, total allocated 79167488, free 25178440, used 53989048, increment 0
Sequential: max memory 932184064, total allocated 79167488, free 25178440, used 53989048, increment 0
Initial loss: 9.212238569259263
200: time = 0.337000 loss = 7.601154
Jackknife: leave bio_3 out
Making features
makeFeatures: max memory 932184064, total allocated 77594624, free 50393896, used 27200728, increment -26788320
Gustavia_santanderiensis_8 bio_3: 
Regularization values: linear/quadratic/product: 0.423, categorical: 0.250, threshold: 1.790, hinge: 0.500
21 samples
Density: max memory 932184064, total allocated 77594624, free 50313728, used 27280896, increment 80168
linearPredictor: max memory 932184064, total allocated 77594624, free 50233560, used 27361064, increment 80168
FeaturedSpace: max memory 932184064, total allocated 77594624, free 50233560, used 27361064, increment 0
Sequential: max memory 932184064, total allocated 77594624, free 50233560, used 27361064, increment 0
Initial loss: 9.212238569259263
200: time = 0.339000 loss = 7.601154
Jackknife: leave bio_4 out
Making features
makeFeatures: max memory 932184064, total allocated 77594624, free 47394344, used 30200280, increment 2839216
Gustavia_santanderiensis_8 bio_4: 
Regularization values: linear/quadratic/product: 0.423, categorical: 0.250, threshold: 1.790, hinge: 0.500
21 samples
Density: max memory 932184064, total allocated 77594624, free 47314176, used 30280448, increment 80168
linearPredictor: max memory 932184064, total allocated 77594624, free 47234008, used 30360616, increment 80168
FeaturedSpace: max memory 932184064, total allocated 77594624, free 47234008, used 30360616, increment 0
Sequential: max memory 932184064, total allocated 77594624, free 47234008, used 30360616, increment 0
Initial loss: 9.212238569259263
120: time = 0.244000 loss = 7.607110
Jackknife: leave bio_5 out
Making features
makeFeatures: max memory 932184064, total allocated 77594624, free 44521976, used 33072648, increment 2712032
Gustavia_santanderiensis_8 bio_5: 
Regularization values: linear/quadratic/product: 0.423, categorical: 0.250, threshold: 1.790, hinge: 0.500
21 samples
Density: max memory 932184064, total allocated 77594624, free 44441808, used 33152816, increment 80168
linearPredictor: max memory 932184064, total allocated 77594624, free 44361640, used 33232984, increment 80168
FeaturedSpace: max memory 932184064, total allocated 77594624, free 44361640, used 33232984, increment 0
Sequential: max memory 932184064, total allocated 77594624, free 44361640, used 33232984, increment 0
Initial loss: 9.212238569259263
Time since start: 234.803
120: time = 0.242000 loss = 7.601154
Jackknife: leave bio_6 out
Making features
makeFeatures: max memory 932184064, total allocated 77594624, free 41602592, used 35992032, increment 2759048
Gustavia_santanderiensis_8 bio_6: 
Regularization values: linear/quadratic/product: 0.423, categorical: 0.250, threshold: 1.790, hinge: 0.500
21 samples
Density: max memory 932184064, total allocated 77594624, free 41522424, used 36072200, increment 80168
linearPredictor: max memory 932184064, total allocated 77594624, free 41442256, used 36152368, increment 80168
FeaturedSpace: max memory 932184064, total allocated 77594624, free 41442256, used 36152368, increment 0
Sequential: max memory 932184064, total allocated 77594624, free 41442256, used 36152368, increment 0
Initial loss: 9.212238569259263
120: time = 0.261000 loss = 7.610718
Jackknife: leave bio_7 out
Making features
makeFeatures: max memory 932184064, total allocated 77594624, free 38683264, used 38911360, increment 2758992
Gustavia_santanderiensis_8 bio_7: 
Regularization values: linear/quadratic/product: 0.423, categorical: 0.250, threshold: 1.790, hinge: 0.500
21 samples
Density: max memory 932184064, total allocated 77594624, free 38603096, used 38991528, increment 80168
linearPredictor: max memory 932184064, total allocated 77594624, free 38522928, used 39071696, increment 80168
FeaturedSpace: max memory 932184064, total allocated 77594624, free 38522928, used 39071696, increment 0
Sequential: max memory 932184064, total allocated 77594624, free 38522928, used 39071696, increment 0
Initial loss: 9.212238569259263
200: time = 0.338000 loss = 7.601154
Jackknife: leave bio_ai_et0 out
Making features
makeFeatures: max memory 932184064, total allocated 77594624, free 35763960, used 41830664, increment 2758968
Gustavia_santanderiensis_8 bio_ai_et0: 
Regularization values: linear/quadratic/product: 0.423, categorical: 0.250, threshold: 1.790, hinge: 0.500
21 samples
Density: max memory 932184064, total allocated 77594624, free 35169568, used 42425056, increment 594392
linearPredictor: max memory 932184064, total allocated 77594624, free 35169568, used 42425056, increment 0
FeaturedSpace: max memory 932184064, total allocated 77594624, free 35169568, used 42425056, increment 0
Sequential: max memory 932184064, total allocated 77594624, free 35169568, used 42425056, increment 0
Initial loss: 9.212238569259263
200: time = 0.334000 loss = 7.601154
Jackknife: leave bio_et0_yr out
Making features
makeFeatures: max memory 932184064, total allocated 77594624, free 32764528, used 44830096, increment 2405040
Gustavia_santanderiensis_8 bio_et0_yr: 
Regularization values: linear/quadratic/product: 0.423, categorical: 0.250, threshold: 1.790, hinge: 0.500
21 samples
Density: max memory 932184064, total allocated 77594624, free 32684360, used 44910264, increment 80168
linearPredictor: max memory 932184064, total allocated 77594624, free 32604192, used 44990432, increment 80168
FeaturedSpace: max memory 932184064, total allocated 77594624, free 32604192, used 44990432, increment 0
Sequential: max memory 932184064, total allocated 77594624, free 32604192, used 44990432, increment 0
Initial loss: 9.212238569259263
Time since start: 236.091
180: time = 0.310000 loss = 7.612714
Jackknife: only bio_1
Making features
makeFeatures: max memory 932184064, total allocated 77594624, free 32009776, used 45584848, increment 594416
Gustavia_santanderiensis_8 bio_1: 
Regularization values: linear/quadratic/product: 0.423, categorical: 0.250, threshold: 1.790, hinge: 0.500
21 samples
Density: max memory 932184064, total allocated 77594624, free 32009776, used 45584848, increment 0
linearPredictor: max memory 932184064, total allocated 77594624, free 32009776, used 45584848, increment 0
FeaturedSpace: max memory 932184064, total allocated 77594624, free 32009776, used 45584848, increment 0
Sequential: max memory 932184064, total allocated 77594624, free 32009776, used 45584848, increment 0
Initial loss: 9.212238569259263
60: time = 0.234000 loss = 8.810610
Res.gain: 0.40162837165728327
Jackknife: only bio_10
Making features
makeFeatures: max memory 932184064, total allocated 77594624, free 31849440, used 45745184, increment 160336
Gustavia_santanderiensis_8 bio_10: 
Regularization values: linear/quadratic/product: 0.423, categorical: 0.250, threshold: 1.790, hinge: 0.500
21 samples
Density: max memory 932184064, total allocated 77594624, free 31769272, used 45825352, increment 80168
linearPredictor: max memory 932184064, total allocated 77594624, free 31689104, used 45905520, increment 80168
FeaturedSpace: max memory 932184064, total allocated 77594624, free 31689104, used 45905520, increment 0
Sequential: max memory 932184064, total allocated 77594624, free 31689104, used 45905520, increment 0
Initial loss: 9.212238569259263
60: time = 0.316000 loss = 8.860002
Res.gain: 0.35223629060568307
Jackknife: only bio_11
Making features
makeFeatures: max memory 932184064, total allocated 77594624, free 31094688, used 46499936, increment 594416
Gustavia_santanderiensis_8 bio_11: 
Regularization values: linear/quadratic/product: 0.423, categorical: 0.250, threshold: 1.790, hinge: 0.500
21 samples
Density: max memory 932184064, total allocated 77594624, free 31094688, used 46499936, increment 0
linearPredictor: max memory 932184064, total allocated 77594624, free 31094688, used 46499936, increment 0
FeaturedSpace: max memory 932184064, total allocated 77594624, free 31094688, used 46499936, increment 0
Sequential: max memory 932184064, total allocated 77594624, free 31094688, used 46499936, increment 0
Initial loss: 9.212238569259263
60: time = 0.216000 loss = 8.826115
Res.gain: 0.3861235800824012
Jackknife: only bio_12
Making features
makeFeatures: max memory 932184064, total allocated 77594624, free 31094688, used 46499936, increment 0
Gustavia_santanderiensis_8 bio_12: 
Regularization values: linear/quadratic/product: 0.423, categorical: 0.250, threshold: 1.790, hinge: 0.500
21 samples
Density: max memory 932184064, total allocated 77594624, free 31014520, used 46580104, increment 80168
linearPredictor: max memory 932184064, total allocated 77594624, free 30934352, used 46660272, increment 80168
FeaturedSpace: max memory 932184064, total allocated 77594624, free 30934352, used 46660272, increment 0
Sequential: max memory 932184064, total allocated 77594624, free 30934352, used 46660272, increment 0
Initial loss: 9.212238569259263
60: time = 0.165000 loss = 9.149373
Res.gain: 0.06286556149278155
Jackknife: only bio_13
Making features
makeFeatures: max memory 932184064, total allocated 77594624, free 30339912, used 47254712, increment 594440
Gustavia_santanderiensis_8 bio_13: 
Regularization values: linear/quadratic/product: 0.423, categorical: 0.250, threshold: 1.790, hinge: 0.500
21 samples
Density: max memory 932184064, total allocated 77594624, free 30339912, used 47254712, increment 0
linearPredictor: max memory 932184064, total allocated 77594624, free 30339912, used 47254712, increment 0
FeaturedSpace: max memory 932184064, total allocated 77594624, free 30339912, used 47254712, increment 0
Sequential: max memory 932184064, total allocated 77594624, free 30339912, used 47254712, increment 0
Initial loss: 9.212238569259263
Time since start: 237.15
40: time = 0.111000 loss = 9.211864
Res.gain: 3.7470482800827654E-4
Jackknife: only bio_14
Making features
makeFeatures: max memory 932184064, total allocated 77594624, free 30339912, used 47254712, increment 0
Gustavia_santanderiensis_8 bio_14: 
Regularization values: linear/quadratic/product: 0.423, categorical: 0.250, threshold: 1.790, hinge: 0.500
21 samples
Density: max memory 932184064, total allocated 77594624, free 30259744, used 47334880, increment 80168
linearPredictor: max memory 932184064, total allocated 77594624, free 30179576, used 47415048, increment 80168
FeaturedSpace: max memory 932184064, total allocated 77594624, free 30179576, used 47415048, increment 0
Sequential: max memory 932184064, total allocated 77594624, free 30179576, used 47415048, increment 0
Initial loss: 9.212238569259263
60: time = 0.205000 loss = 9.172141
Res.gain: 0.04009768559167881
Jackknife: only bio_15
Making features
makeFeatures: max memory 932184064, total allocated 77594624, free 29585184, used 48009440, increment 594392
Gustavia_santanderiensis_8 bio_15: 
Regularization values: linear/quadratic/product: 0.423, categorical: 0.250, threshold: 1.790, hinge: 0.500
21 samples
Density: max memory 932184064, total allocated 77594624, free 29585184, used 48009440, increment 0
linearPredictor: max memory 932184064, total allocated 77594624, free 29585184, used 48009440, increment 0
FeaturedSpace: max memory 932184064, total allocated 77594624, free 29585184, used 48009440, increment 0
Sequential: max memory 932184064, total allocated 77594624, free 29585184, used 48009440, increment 0
Initial loss: 9.212238569259263
60: time = 0.194000 loss = 9.026289
Res.gain: 0.1859500610183069
Jackknife: only bio_16
Making features
makeFeatures: max memory 932184064, total allocated 77594624, free 29585184, used 48009440, increment 0
Gustavia_santanderiensis_8 bio_16: 
Regularization values: linear/quadratic/product: 0.423, categorical: 0.250, threshold: 1.790, hinge: 0.500
21 samples
Density: max memory 932184064, total allocated 77594624, free 29505016, used 48089608, increment 80168
linearPredictor: max memory 932184064, total allocated 77594624, free 29424848, used 48169776, increment 80168
FeaturedSpace: max memory 932184064, total allocated 77594624, free 29424848, used 48169776, increment 0
Sequential: max memory 932184064, total allocated 77594624, free 29424848, used 48169776, increment 0
Initial loss: 9.212238569259263
60: time = 0.201000 loss = 9.208408
Res.gain: 0.003830304100780779
Jackknife: only bio_17
Making features
makeFeatures: max memory 932184064, total allocated 77594624, free 28830456, used 48764168, increment 594392
Gustavia_santanderiensis_8 bio_17: 
Regularization values: linear/quadratic/product: 0.423, categorical: 0.250, threshold: 1.790, hinge: 0.500
21 samples
Density: max memory 932184064, total allocated 77594624, free 28830456, used 48764168, increment 0
linearPredictor: max memory 932184064, total allocated 77594624, free 28830456, used 48764168, increment 0
FeaturedSpace: max memory 932184064, total allocated 77594624, free 28830456, used 48764168, increment 0
Sequential: max memory 932184064, total allocated 77594624, free 28830456, used 48764168, increment 0
Initial loss: 9.212238569259263
60: time = 0.164000 loss = 9.041909
Res.gain: 0.17032940410932618
Jackknife: only bio_2
Making features
makeFeatures: max memory 932184064, total allocated 77594624, free 28830456, used 48764168, increment 0
Gustavia_santanderiensis_8 bio_2: 
Regularization values: linear/quadratic/product: 0.423, categorical: 0.250, threshold: 1.790, hinge: 0.500
21 samples
Density: max memory 932184064, total allocated 77594624, free 28750288, used 48844336, increment 80168
linearPredictor: max memory 932184064, total allocated 77594624, free 28670120, used 48924504, increment 80168
FeaturedSpace: max memory 932184064, total allocated 77594624, free 28670120, used 48924504, increment 0
Sequential: max memory 932184064, total allocated 77594624, free 28670120, used 48924504, increment 0
Initial loss: 9.212238569259263
60: time = 0.219000 loss = 9.164424
Res.gain: 0.04781479946248446
Jackknife: only bio_3
Making features
makeFeatures: max memory 932184064, total allocated 77594624, free 27995560, used 49599064, increment 674560
Gustavia_santanderiensis_8 bio_3: 
Regularization values: linear/quadratic/product: 0.423, categorical: 0.250, threshold: 1.790, hinge: 0.500
21 samples
Density: max memory 932184064, total allocated 77594624, free 27995560, used 49599064, increment 0
linearPredictor: max memory 932184064, total allocated 77594624, free 27995560, used 49599064, increment 0
Time since start: 238.151
FeaturedSpace: max memory 932184064, total allocated 77594624, free 27995560, used 49599064, increment 0
Sequential: max memory 932184064, total allocated 77594624, free 27995560, used 49599064, increment 0
Initial loss: 9.212238569259263
60: time = 0.193000 loss = 9.136181
Res.gain: 0.07605751900172386
Jackknife: only bio_4
Making features
makeFeatures: max memory 932184064, total allocated 77594624, free 27995560, used 49599064, increment 0
Gustavia_santanderiensis_8 bio_4: 
Regularization values: linear/quadratic/product: 0.423, categorical: 0.250, threshold: 1.790, hinge: 0.500
21 samples
Density: max memory 932184064, total allocated 77594624, free 27995560, used 49599064, increment 0
linearPredictor: max memory 932184064, total allocated 77594624, free 27915392, used 49679232, increment 80168
FeaturedSpace: max memory 932184064, total allocated 77594624, free 27915392, used 49679232, increment 0
Sequential: max memory 932184064, total allocated 77594624, free 27915392, used 49679232, increment 0
Initial loss: 9.212238569259263
60: time = 0.212000 loss = 9.200700
Res.gain: 0.011538671204135653
Jackknife: only bio_5
Making features
makeFeatures: max memory 932184064, total allocated 77594624, free 27240832, used 50353792, increment 674560
Gustavia_santanderiensis_8 bio_5: 
Regularization values: linear/quadratic/product: 0.423, categorical: 0.250, threshold: 1.790, hinge: 0.500
21 samples
Density: max memory 932184064, total allocated 77594624, free 27240832, used 50353792, increment 0
linearPredictor: max memory 932184064, total allocated 77594624, free 27240832, used 50353792, increment 0
FeaturedSpace: max memory 932184064, total allocated 77594624, free 27240832, used 50353792, increment 0
Sequential: max memory 932184064, total allocated 77594624, free 27240832, used 50353792, increment 0
Initial loss: 9.212238569259263
60: time = 0.233000 loss = 8.881385
Res.gain: 0.33085396124339717
Jackknife: only bio_6
Making features
makeFeatures: max memory 932184064, total allocated 77594624, free 27240832, used 50353792, increment 0
Gustavia_santanderiensis_8 bio_6: 
Regularization values: linear/quadratic/product: 0.423, categorical: 0.250, threshold: 1.790, hinge: 0.500
21 samples
Density: max memory 932184064, total allocated 77594624, free 27240832, used 50353792, increment 0
linearPredictor: max memory 932184064, total allocated 77594624, free 27160664, used 50433960, increment 80168
FeaturedSpace: max memory 932184064, total allocated 77594624, free 27160664, used 50433960, increment 0
Sequential: max memory 932184064, total allocated 77594624, free 27160664, used 50433960, increment 0
Initial loss: 9.212238569259263
60: time = 0.227000 loss = 8.775322
Res.gain: 0.4369168336130791
Jackknife: only bio_7
Making features
makeFeatures: max memory 932184064, total allocated 77594624, free 26486104, used 51108520, increment 674560
Gustavia_santanderiensis_8 bio_7: 
Regularization values: linear/quadratic/product: 0.423, categorical: 0.250, threshold: 1.790, hinge: 0.500
21 samples
Density: max memory 932184064, total allocated 77594624, free 26486104, used 51108520, increment 0
linearPredictor: max memory 932184064, total allocated 77594624, free 26486104, used 51108520, increment 0
FeaturedSpace: max memory 932184064, total allocated 77594624, free 26486104, used 51108520, increment 0
Sequential: max memory 932184064, total allocated 77594624, free 26486104, used 51108520, increment 0
Initial loss: 9.212238569259263
20: time = 0.097000 loss = 9.212239
Res.gain: 0.0
Jackknife: only bio_ai_et0
Making features
makeFeatures: max memory 932184064, total allocated 77594624, free 26486104, used 51108520, increment 0
Gustavia_santanderiensis_8 bio_ai_et0: 
Regularization values: linear/quadratic/product: 0.423, categorical: 0.250, threshold: 1.790, hinge: 0.500
21 samples
Density: max memory 932184064, total allocated 77594624, free 26486104, used 51108520, increment 0
linearPredictor: max memory 932184064, total allocated 77594624, free 26405936, used 51188688, increment 80168
FeaturedSpace: max memory 932184064, total allocated 77594624, free 26405936, used 51188688, increment 0
Sequential: max memory 932184064, total allocated 77594624, free 26405936, used 51188688, increment 0
Initial loss: 9.212238569259263
Time since start: 239.308
60: time = 0.181000 loss = 9.187879
Res.gain: 0.024360013068035258
Jackknife: only bio_et0_yr
Making features
makeFeatures: max memory 932184064, total allocated 77594624, free 26245600, used 51349024, increment 160336
Gustavia_santanderiensis_8 bio_et0_yr: 
Regularization values: linear/quadratic/product: 0.423, categorical: 0.250, threshold: 1.790, hinge: 0.500
21 samples
Density: max memory 932184064, total allocated 77594624, free 26165432, used 51429192, increment 80168
linearPredictor: max memory 932184064, total allocated 77594624, free 26085264, used 51509360, increment 80168
FeaturedSpace: max memory 932184064, total allocated 77594624, free 26085264, used 51509360, increment 0
Sequential: max memory 932184064, total allocated 77594624, free 26085264, used 51509360, increment 0
Initial loss: 9.212238569259263
60: time = 0.197000 loss = 9.172392
Res.gain: 0.03984694625886753
getSamples: max memory 932184064, total allocated 79167488, free 49559832, used 29607656, increment -21901704
Making features
makeFeatures: max memory 932184064, total allocated 79167488, free 46914288, used 32253200, increment 2645544
Gustavia_santanderiensis_9: 
Regularization values: linear/quadratic/product: 0.423, categorical: 0.250, threshold: 1.790, hinge: 0.500
21 samples
Density: max memory 932184064, total allocated 79167488, free 46834120, used 32333368, increment 80168
linearPredictor: max memory 932184064, total allocated 79167488, free 46753952, used 32413536, increment 80168
FeaturedSpace: max memory 932184064, total allocated 79167488, free 46753952, used 32413536, increment 0
Sequential: max memory 932184064, total allocated 79167488, free 46753952, used 32413536, increment 0
Initial loss: 9.212238569259263
120: time = 0.243000 loss = 7.515979
Resulting gain: 1.6962596897907138
Projecting...
Writing file C:\Users\Camila\Desktop\Modelo opc3\Final_Models\M_4_F_q_Set_1\Gustavia_santanderiensis_9.asc
Time since start: 242.211
Writing C:\Users\Camila\Desktop\Modelo opc3\Final_Models\M_4_F_q_Set_1\plots\Gustavia_santanderiensis_9.png
Gustavia_santanderiensis_9 response curves
Time since start: 246.244
Response curve: only bio_1
Making features
makeFeatures: max memory 932184064, total allocated 80216064, free 39032896, used 41183168, increment 8769632
Gustavia_santanderiensis_9 bio_1: 
Regularization values: linear/quadratic/product: 0.423, categorical: 0.250, threshold: 1.790, hinge: 0.500
21 samples
Density: max memory 932184064, total allocated 80216064, free 38952728, used 41263336, increment 80168
linearPredictor: max memory 932184064, total allocated 80216064, free 38872560, used 41343504, increment 80168
FeaturedSpace: max memory 932184064, total allocated 80216064, free 38872560, used 41343504, increment 0
Sequential: max memory 932184064, total allocated 80216064, free 38872560, used 41343504, increment 0
Initial loss: 9.212238569259263
60: time = 0.210000 loss = 8.755894
Resulting gain: 0.4563448921282447
Gustavia_santanderiensis_9 response curves
Response curve: only bio_10
Making features
makeFeatures: max memory 932184064, total allocated 80216064, free 34601056, used 45615008, increment 4271504
Gustavia_santanderiensis_9 bio_10: 
Regularization values: linear/quadratic/product: 0.423, categorical: 0.250, threshold: 1.790, hinge: 0.500
21 samples
Density: max memory 932184064, total allocated 80216064, free 34520888, used 45695176, increment 80168
linearPredictor: max memory 932184064, total allocated 80216064, free 34440720, used 45775344, increment 80168
FeaturedSpace: max memory 932184064, total allocated 80216064, free 34440720, used 45775344, increment 0
Sequential: max memory 932184064, total allocated 80216064, free 34440720, used 45775344, increment 0
Initial loss: 9.212238569259263
Time since start: 247.249
60: time = 0.662000 loss = 8.803053
Resulting gain: 0.4091852814309753
Gustavia_santanderiensis_9 response curves
Response curve: only bio_11
Making features
makeFeatures: max memory 932184064, total allocated 80216064, free 30169208, used 50046856, increment 4271512
Gustavia_santanderiensis_9 bio_11: 
Regularization values: linear/quadratic/product: 0.423, categorical: 0.250, threshold: 1.790, hinge: 0.500
21 samples
Density: max memory 932184064, total allocated 80216064, free 30089040, used 50127024, increment 80168
linearPredictor: max memory 932184064, total allocated 80216064, free 30008872, used 50207192, increment 80168
FeaturedSpace: max memory 932184064, total allocated 80216064, free 30008872, used 50207192, increment 0
Sequential: max memory 932184064, total allocated 80216064, free 30008872, used 50207192, increment 0
Initial loss: 9.212238569259263
60: time = 0.223000 loss = 8.773688
Resulting gain: 0.43855094353122226
Gustavia_santanderiensis_9 response curves
Response curve: only bio_12
Making features
makeFeatures: max memory 932184064, total allocated 80216064, free 25739784, used 54476280, increment 4269088
Gustavia_santanderiensis_9 bio_12: 
Regularization values: linear/quadratic/product: 0.423, categorical: 0.250, threshold: 1.790, hinge: 0.500
21 samples
Density: max memory 932184064, total allocated 80216064, free 25659616, used 54556448, increment 80168
linearPredictor: max memory 932184064, total allocated 80216064, free 25579448, used 54636616, increment 80168
FeaturedSpace: max memory 932184064, total allocated 80216064, free 25579448, used 54636616, increment 0
Sequential: max memory 932184064, total allocated 80216064, free 25579448, used 54636616, increment 0
Initial loss: 9.212238569259263
60: time = 0.157000 loss = 9.143297
Resulting gain: 0.06894189993745137
Gustavia_santanderiensis_9 response curves
Response curve: only bio_13
Making features
makeFeatures: max memory 932184064, total allocated 80216064, free 21388104, used 58827960, increment 4191344
Gustavia_santanderiensis_9 bio_13: 
Regularization values: linear/quadratic/product: 0.423, categorical: 0.250, threshold: 1.790, hinge: 0.500
21 samples
Density: max memory 932184064, total allocated 80216064, free 21307936, used 58908128, increment 80168
linearPredictor: max memory 932184064, total allocated 80216064, free 21227768, used 58988296, increment 80168
FeaturedSpace: max memory 932184064, total allocated 80216064, free 21227768, used 58988296, increment 0
Sequential: max memory 932184064, total allocated 80216064, free 21227768, used 58988296, increment 0
Initial loss: 9.212238569259263
Time since start: 248.47
60: time = 0.252000 loss = 9.201939
Resulting gain: 0.010299960672597308
Gustavia_santanderiensis_9 response curves
Response curve: only bio_14
Making features
makeFeatures: max memory 932184064, total allocated 80216064, free 17036360, used 63179704, increment 4191408
Gustavia_santanderiensis_9 bio_14: 
Regularization values: linear/quadratic/product: 0.423, categorical: 0.250, threshold: 1.790, hinge: 0.500
21 samples
Density: max memory 932184064, total allocated 80216064, free 16956192, used 63259872, increment 80168
linearPredictor: max memory 932184064, total allocated 80216064, free 16876024, used 63340040, increment 80168
FeaturedSpace: max memory 932184064, total allocated 80216064, free 16876024, used 63340040, increment 0
Sequential: max memory 932184064, total allocated 80216064, free 16876024, used 63340040, increment 0
Initial loss: 9.212238569259263
60: time = 0.207000 loss = 9.110772
Resulting gain: 0.10146608170054883
Gustavia_santanderiensis_9 response curves
Time since start: 249.571
Response curve: only bio_15
Making features
makeFeatures: max memory 932184064, total allocated 80216064, free 12604544, used 67611520, increment 4271480
Gustavia_santanderiensis_9 bio_15: 
Regularization values: linear/quadratic/product: 0.423, categorical: 0.250, threshold: 1.790, hinge: 0.500
21 samples
Density: max memory 932184064, total allocated 80216064, free 12524376, used 67691688, increment 80168
linearPredictor: max memory 932184064, total allocated 80216064, free 12444208, used 67771856, increment 80168
FeaturedSpace: max memory 932184064, total allocated 80216064, free 12444208, used 67771856, increment 0
Sequential: max memory 932184064, total allocated 80216064, free 12444208, used 67771856, increment 0
Initial loss: 9.212238569259263
60: time = 0.198000 loss = 9.033182
Resulting gain: 0.1790567841111006
Gustavia_santanderiensis_9 response curves
Response curve: only bio_16
Making features
makeFeatures: max memory 932184064, total allocated 78118912, free 40151880, used 37967032, increment -29804824
Gustavia_santanderiensis_9 bio_16: 
Regularization values: linear/quadratic/product: 0.423, categorical: 0.250, threshold: 1.790, hinge: 0.500
21 samples
Density: max memory 932184064, total allocated 78118912, free 40071712, used 38047200, increment 80168
linearPredictor: max memory 932184064, total allocated 78118912, free 39991544, used 38127368, increment 80168
FeaturedSpace: max memory 932184064, total allocated 78118912, free 39991544, used 38127368, increment 0
Sequential: max memory 932184064, total allocated 78118912, free 39991544, used 38127368, increment 0
Initial loss: 9.212238569259263
60: time = 0.212000 loss = 9.195255
Resulting gain: 0.016983811755922673
Gustavia_santanderiensis_9 response curves
Response curve: only bio_17
Making features
makeFeatures: max memory 932184064, total allocated 78118912, free 35219232, used 42899680, increment 4772312
Gustavia_santanderiensis_9 bio_17: 
Regularization values: linear/quadratic/product: 0.423, categorical: 0.250, threshold: 1.790, hinge: 0.500
21 samples
Density: max memory 932184064, total allocated 78118912, free 35219232, used 42899680, increment 0
linearPredictor: max memory 932184064, total allocated 78118912, free 35219232, used 42899680, increment 0
FeaturedSpace: max memory 932184064, total allocated 78118912, free 35219232, used 42899680, increment 0
Sequential: max memory 932184064, total allocated 78118912, free 35219232, used 42899680, increment 0
Initial loss: 9.212238569259263
60: time = 0.220000 loss = 9.002557
Resulting gain: 0.2096816054226096
Gustavia_santanderiensis_9 response curves
Time since start: 250.701
Response curve: only bio_2
Making features
makeFeatures: max memory 932184064, total allocated 78118912, free 31160336, used 46958576, increment 4058896
Gustavia_santanderiensis_9 bio_2: 
Regularization values: linear/quadratic/product: 0.423, categorical: 0.250, threshold: 1.790, hinge: 0.500
21 samples
Density: max memory 932184064, total allocated 78118912, free 31160336, used 46958576, increment 0
linearPredictor: max memory 932184064, total allocated 78118912, free 31160336, used 46958576, increment 0
FeaturedSpace: max memory 932184064, total allocated 78118912, free 31160336, used 46958576, increment 0
Sequential: max memory 932184064, total allocated 78118912, free 31160336, used 46958576, increment 0
Initial loss: 9.212238569259263
60: time = 0.225000 loss = 9.122233
Resulting gain: 0.0900057633875413
Gustavia_santanderiensis_9 response curves
Response curve: only bio_3
Making features
makeFeatures: max memory 932184064, total allocated 78118912, free 27022104, used 51096808, increment 4138232
Gustavia_santanderiensis_9 bio_3: 
Regularization values: linear/quadratic/product: 0.423, categorical: 0.250, threshold: 1.790, hinge: 0.500
21 samples
Density: max memory 932184064, total allocated 78118912, free 26941936, used 51176976, increment 80168
linearPredictor: max memory 932184064, total allocated 78118912, free 26861768, used 51257144, increment 80168
FeaturedSpace: max memory 932184064, total allocated 78118912, free 26861768, used 51257144, increment 0
Sequential: max memory 932184064, total allocated 78118912, free 26861768, used 51257144, increment 0
Initial loss: 9.212238569259263
60: time = 0.201000 loss = 9.153070
Resulting gain: 0.059168122717496274
Gustavia_santanderiensis_9 response curves
Time since start: 251.91
Response curve: only bio_4
Making features
makeFeatures: max memory 932184064, total allocated 78118912, free 22186000, used 55932912, increment 4675768
Gustavia_santanderiensis_9 bio_4: 
Regularization values: linear/quadratic/product: 0.423, categorical: 0.250, threshold: 1.790, hinge: 0.500
21 samples
Density: max memory 932184064, total allocated 78118912, free 22186000, used 55932912, increment 0
linearPredictor: max memory 932184064, total allocated 78118912, free 22186000, used 55932912, increment 0
FeaturedSpace: max memory 932184064, total allocated 78118912, free 22186000, used 55932912, increment 0
Sequential: max memory 932184064, total allocated 78118912, free 22186000, used 55932912, increment 0
Initial loss: 9.212238569259263
60: time = 0.185000 loss = 9.211001
Resulting gain: 0.0012379823312080873
Gustavia_santanderiensis_9 response curves
Response curve: only bio_5
Making features
makeFeatures: max memory 932184064, total allocated 78118912, free 18011880, used 60107032, increment 4174120
Gustavia_santanderiensis_9 bio_5: 
Regularization values: linear/quadratic/product: 0.423, categorical: 0.250, threshold: 1.790, hinge: 0.500
21 samples
Density: max memory 932184064, total allocated 78118912, free 18011880, used 60107032, increment 0
linearPredictor: max memory 932184064, total allocated 78118912, free 18011880, used 60107032, increment 0
FeaturedSpace: max memory 932184064, total allocated 78118912, free 18011880, used 60107032, increment 0
Sequential: max memory 932184064, total allocated 78118912, free 18011880, used 60107032, increment 0
Initial loss: 9.212238569259263
60: time = 0.228000 loss = 8.817965
Resulting gain: 0.39427376873935494
Gustavia_santanderiensis_9 response curves
Response curve: only bio_6
Making features
makeFeatures: max memory 932184064, total allocated 78118912, free 13437320, used 64681592, increment 4574560
Gustavia_santanderiensis_9 bio_6: 
Regularization values: linear/quadratic/product: 0.423, categorical: 0.250, threshold: 1.790, hinge: 0.500
21 samples
Density: max memory 932184064, total allocated 78118912, free 13437320, used 64681592, increment 0
linearPredictor: max memory 932184064, total allocated 78118912, free 13437320, used 64681592, increment 0
FeaturedSpace: max memory 932184064, total allocated 78118912, free 13437320, used 64681592, increment 0
Sequential: max memory 932184064, total allocated 78118912, free 13437320, used 64681592, increment 0
Initial loss: 9.212238569259263
60: time = 0.238000 loss = 8.755839
Resulting gain: 0.45639991125135815
Gustavia_santanderiensis_9 response curves
Time since start: 253.063
Response curve: only bio_7
Making features
makeFeatures: max memory 932184064, total allocated 76546048, free 38700384, used 37845664, increment -26835928
Gustavia_santanderiensis_9 bio_7: 
Regularization values: linear/quadratic/product: 0.423, categorical: 0.250, threshold: 1.790, hinge: 0.500
21 samples
Density: max memory 932184064, total allocated 76546048, free 38620216, used 37925832, increment 80168
linearPredictor: max memory 932184064, total allocated 76546048, free 38540048, used 38006000, increment 80168
FeaturedSpace: max memory 932184064, total allocated 76546048, free 38540048, used 38006000, increment 0
Sequential: max memory 932184064, total allocated 76546048, free 38540048, used 38006000, increment 0
Initial loss: 9.212238569259263
60: time = 0.767000 loss = 9.211174
Resulting gain: 0.001064300144328456
Gustavia_santanderiensis_9 response curves
Response curve: only bio_ai_et0
Making features
makeFeatures: max memory 932184064, total allocated 76546048, free 33929144, used 42616904, increment 4610904
Gustavia_santanderiensis_9 bio_ai_et0: 
Regularization values: linear/quadratic/product: 0.423, categorical: 0.250, threshold: 1.790, hinge: 0.500
21 samples
Density: max memory 932184064, total allocated 76546048, free 33929144, used 42616904, increment 0
linearPredictor: max memory 932184064, total allocated 76546048, free 33929144, used 42616904, increment 0
FeaturedSpace: max memory 932184064, total allocated 76546048, free 33929144, used 42616904, increment 0
Sequential: max memory 932184064, total allocated 76546048, free 33929144, used 42616904, increment 0
Initial loss: 9.212238569259263
Time since start: 254.209
60: time = 0.217000 loss = 9.187652
Resulting gain: 0.024586502674909028
Gustavia_santanderiensis_9 response curves
Response curve: only bio_et0_yr
Making features
makeFeatures: max memory 932184064, total allocated 76546048, free 29808656, used 46737392, increment 4120488
Gustavia_santanderiensis_9 bio_et0_yr: 
Regularization values: linear/quadratic/product: 0.423, categorical: 0.250, threshold: 1.790, hinge: 0.500
21 samples
Density: max memory 932184064, total allocated 76546048, free 29808656, used 46737392, increment 0
linearPredictor: max memory 932184064, total allocated 76546048, free 29201552, used 47344496, increment 607104
FeaturedSpace: max memory 932184064, total allocated 76546048, free 29201552, used 47344496, increment 0
Sequential: max memory 932184064, total allocated 76546048, free 29201552, used 47344496, increment 0
Initial loss: 9.212238569259263
60: time = 0.214000 loss = 9.162441
Resulting gain: 0.04979783754493994
Gustavia_santanderiensis_9 response curves
Time since start: 255.322
Jackknife: leave bio_1 out
Making features
makeFeatures: max memory 932184064, total allocated 77594624, free 39459472, used 38135152, increment -9209344
Gustavia_santanderiensis_9 bio_1: 
Regularization values: linear/quadratic/product: 0.423, categorical: 0.250, threshold: 1.790, hinge: 0.500
21 samples
Density: max memory 932184064, total allocated 77594624, free 39459472, used 38135152, increment 0
linearPredictor: max memory 932184064, total allocated 77594624, free 39459472, used 38135152, increment 0
FeaturedSpace: max memory 932184064, total allocated 77594624, free 39459472, used 38135152, increment 0
Sequential: max memory 932184064, total allocated 77594624, free 39459472, used 38135152, increment 0
Initial loss: 9.212238569259263
240: time = 0.384000 loss = 7.542038
Jackknife: leave bio_10 out
Making features
makeFeatures: max memory 932184064, total allocated 77594624, free 36894096, used 40700528, increment 2565376
Gustavia_santanderiensis_9 bio_10: 
Regularization values: linear/quadratic/product: 0.423, categorical: 0.250, threshold: 1.790, hinge: 0.500
21 samples
Density: max memory 932184064, total allocated 77594624, free 36342424, used 41252200, increment 551672
linearPredictor: max memory 932184064, total allocated 77594624, free 36342424, used 41252200, increment 0
FeaturedSpace: max memory 932184064, total allocated 77594624, free 36342424, used 41252200, increment 0
Sequential: max memory 932184064, total allocated 77594624, free 36342424, used 41252200, increment 0
Initial loss: 9.212238569259263
Time since start: 256.48
100: time = 0.751000 loss = 7.515979
Jackknife: leave bio_11 out
Making features
makeFeatures: max memory 932184064, total allocated 77594624, free 34017552, used 43577072, increment 2324872
Gustavia_santanderiensis_9 bio_11: 
Regularization values: linear/quadratic/product: 0.423, categorical: 0.250, threshold: 1.790, hinge: 0.500
21 samples
Density: max memory 932184064, total allocated 77594624, free 33465880, used 44128744, increment 551672
linearPredictor: max memory 932184064, total allocated 77594624, free 33465880, used 44128744, increment 0
FeaturedSpace: max memory 932184064, total allocated 77594624, free 33465880, used 44128744, increment 0
Sequential: max memory 932184064, total allocated 77594624, free 33465880, used 44128744, increment 0
Initial loss: 9.212238569259263
100: time = 0.264000 loss = 7.515979
Jackknife: leave bio_12 out
Making features
makeFeatures: max memory 932184064, total allocated 77594624, free 31141008, used 46453616, increment 2324872
Gustavia_santanderiensis_9 bio_12: 
Regularization values: linear/quadratic/product: 0.423, categorical: 0.250, threshold: 1.790, hinge: 0.500
21 samples
Density: max memory 932184064, total allocated 77594624, free 30589336, used 47005288, increment 551672
linearPredictor: max memory 932184064, total allocated 77594624, free 30589336, used 47005288, increment 0
FeaturedSpace: max memory 932184064, total allocated 77594624, free 30589336, used 47005288, increment 0
Sequential: max memory 932184064, total allocated 77594624, free 30589336, used 47005288, increment 0
Initial loss: 9.212238569259263
120: time = 0.268000 loss = 7.515979
Jackknife: leave bio_13 out
Making features
makeFeatures: max memory 932184064, total allocated 77594624, free 28193800, used 49400824, increment 2395536
Gustavia_santanderiensis_9 bio_13: 
Regularization values: linear/quadratic/product: 0.423, categorical: 0.250, threshold: 1.790, hinge: 0.500
21 samples
Density: max memory 932184064, total allocated 77594624, free 28113632, used 49480992, increment 80168
linearPredictor: max memory 932184064, total allocated 77594624, free 28033464, used 49561160, increment 80168
FeaturedSpace: max memory 932184064, total allocated 77594624, free 28033464, used 49561160, increment 0
Sequential: max memory 932184064, total allocated 77594624, free 28033464, used 49561160, increment 0
Initial loss: 9.212238569259263
120: time = 0.278000 loss = 7.515979
Jackknife: leave bio_14 out
Making features
makeFeatures: max memory 932184064, total allocated 77594624, free 25317136, used 52277488, increment 2716328
Gustavia_santanderiensis_9 bio_14: 
Regularization values: linear/quadratic/product: 0.423, categorical: 0.250, threshold: 1.790, hinge: 0.500
21 samples
Density: max memory 932184064, total allocated 77594624, free 25236968, used 52357656, increment 80168
linearPredictor: max memory 932184064, total allocated 77594624, free 25156800, used 52437824, increment 80168
FeaturedSpace: max memory 932184064, total allocated 77594624, free 25156800, used 52437824, increment 0
Sequential: max memory 932184064, total allocated 77594624, free 25156800, used 52437824, increment 0
Initial loss: 9.212238569259263
Time since start: 257.626
120: time = 0.277000 loss = 7.515979
Jackknife: leave bio_15 out
Making features
makeFeatures: max memory 932184064, total allocated 77594624, free 22440544, used 55154080, increment 2716256
Gustavia_santanderiensis_9 bio_15: 
Regularization values: linear/quadratic/product: 0.423, categorical: 0.250, threshold: 1.790, hinge: 0.500
21 samples
Density: max memory 932184064, total allocated 77594624, free 21888872, used 55705752, increment 551672
linearPredictor: max memory 932184064, total allocated 77594624, free 21888872, used 55705752, increment 0
FeaturedSpace: max memory 932184064, total allocated 77594624, free 21888872, used 55705752, increment 0
Sequential: max memory 932184064, total allocated 77594624, free 21888872, used 55705752, increment 0
Initial loss: 9.212238569259263
140: time = 0.303000 loss = 7.821361
Jackknife: leave bio_16 out
Making features
makeFeatures: max memory 932184064, total allocated 77594624, free 19483832, used 58110792, increment 2405040
Gustavia_santanderiensis_9 bio_16: 
Regularization values: linear/quadratic/product: 0.423, categorical: 0.250, threshold: 1.790, hinge: 0.500
21 samples
Density: max memory 932184064, total allocated 77594624, free 19403664, used 58190960, increment 80168
linearPredictor: max memory 932184064, total allocated 77594624, free 19323496, used 58271128, increment 80168
FeaturedSpace: max memory 932184064, total allocated 77594624, free 19323496, used 58271128, increment 0
Sequential: max memory 932184064, total allocated 77594624, free 19323496, used 58271128, increment 0
Initial loss: 9.212238569259263
120: time = 0.269000 loss = 7.515979
Jackknife: leave bio_17 out
Making features
makeFeatures: max memory 932184064, total allocated 77594624, free 16607016, used 60987608, increment 2716480
Gustavia_santanderiensis_9 bio_17: 
Regularization values: linear/quadratic/product: 0.423, categorical: 0.250, threshold: 1.790, hinge: 0.500
21 samples
Density: max memory 932184064, total allocated 77594624, free 16526848, used 61067776, increment 80168
linearPredictor: max memory 932184064, total allocated 77594624, free 16446680, used 61147944, increment 80168
FeaturedSpace: max memory 932184064, total allocated 77594624, free 16446680, used 61147944, increment 0
Sequential: max memory 932184064, total allocated 77594624, free 16446680, used 61147944, increment 0
Initial loss: 9.212238569259263
100: time = 0.247000 loss = 7.516269
Jackknife: leave bio_2 out
Making features
makeFeatures: max memory 932184064, total allocated 77594624, free 13730456, used 63864168, increment 2716224
Gustavia_santanderiensis_9 bio_2: 
Regularization values: linear/quadratic/product: 0.423, categorical: 0.250, threshold: 1.790, hinge: 0.500
21 samples
Density: max memory 932184064, total allocated 77594624, free 13650288, used 63944336, increment 80168
linearPredictor: max memory 932184064, total allocated 77594624, free 13570120, used 64024504, increment 80168
FeaturedSpace: max memory 932184064, total allocated 77594624, free 13570120, used 64024504, increment 0
Sequential: max memory 932184064, total allocated 77594624, free 13570120, used 64024504, increment 0
Initial loss: 9.212238569259263
Time since start: 258.752
120: time = 0.251000 loss = 7.515979
Jackknife: leave bio_3 out
Making features
makeFeatures: max memory 932184064, total allocated 74448896, free 36731984, used 37716912, increment -26307592
Gustavia_santanderiensis_9 bio_3: 
Regularization values: linear/quadratic/product: 0.423, categorical: 0.250, threshold: 1.790, hinge: 0.500
21 samples
Density: max memory 932184064, total allocated 74448896, free 36651816, used 37797080, increment 80168
linearPredictor: max memory 932184064, total allocated 74448896, free 36571648, used 37877248, increment 80168
FeaturedSpace: max memory 932184064, total allocated 74448896, free 36571648, used 37877248, increment 0
Sequential: max memory 932184064, total allocated 74448896, free 36571648, used 37877248, increment 0
Initial loss: 9.212238569259263
120: time = 0.254000 loss = 7.515979
Jackknife: leave bio_4 out
Making features
makeFeatures: max memory 932184064, total allocated 74448896, free 33864376, used 40584520, increment 2707272
Gustavia_santanderiensis_9 bio_4: 
Regularization values: linear/quadratic/product: 0.423, categorical: 0.250, threshold: 1.790, hinge: 0.500
21 samples
Density: max memory 932184064, total allocated 74448896, free 33784208, used 40664688, increment 80168
linearPredictor: max memory 932184064, total allocated 74448896, free 33704040, used 40744856, increment 80168
FeaturedSpace: max memory 932184064, total allocated 74448896, free 33704040, used 40744856, increment 0
Sequential: max memory 932184064, total allocated 74448896, free 33704040, used 40744856, increment 0
Initial loss: 9.212238569259263
120: time = 0.250000 loss = 7.518769
Jackknife: leave bio_5 out
Making features
makeFeatures: max memory 932184064, total allocated 74448896, free 30935536, used 43513360, increment 2768504
Gustavia_santanderiensis_9 bio_5: 
Regularization values: linear/quadratic/product: 0.423, categorical: 0.250, threshold: 1.790, hinge: 0.500
21 samples
Density: max memory 932184064, total allocated 74448896, free 30855368, used 43593528, increment 80168
linearPredictor: max memory 932184064, total allocated 74448896, free 30775200, used 43673696, increment 80168
FeaturedSpace: max memory 932184064, total allocated 74448896, free 30775200, used 43673696, increment 0
Sequential: max memory 932184064, total allocated 74448896, free 30775200, used 43673696, increment 0
Initial loss: 9.212238569259263
100: time = 0.244000 loss = 7.515979
Jackknife: leave bio_6 out
Making features
makeFeatures: max memory 932184064, total allocated 74448896, free 28068056, used 46380840, increment 2707144
Gustavia_santanderiensis_9 bio_6: 
Regularization values: linear/quadratic/product: 0.423, categorical: 0.250, threshold: 1.790, hinge: 0.500
21 samples
Density: max memory 932184064, total allocated 74448896, free 27987888, used 46461008, increment 80168
linearPredictor: max memory 932184064, total allocated 74448896, free 27907720, used 46541176, increment 80168
FeaturedSpace: max memory 932184064, total allocated 74448896, free 27907720, used 46541176, increment 0
Sequential: max memory 932184064, total allocated 74448896, free 27907720, used 46541176, increment 0
Initial loss: 9.212238569259263
Time since start: 259.795
100: time = 0.241000 loss = 7.515979
Jackknife: leave bio_7 out
Making features
makeFeatures: max memory 932184064, total allocated 74448896, free 25200448, used 49248448, increment 2707272
Gustavia_santanderiensis_9 bio_7: 
Regularization values: linear/quadratic/product: 0.423, categorical: 0.250, threshold: 1.790, hinge: 0.500
21 samples
Density: max memory 932184064, total allocated 74448896, free 25120280, used 49328616, increment 80168
linearPredictor: max memory 932184064, total allocated 74448896, free 25040112, used 49408784, increment 80168
FeaturedSpace: max memory 932184064, total allocated 74448896, free 25040112, used 49408784, increment 0
Sequential: max memory 932184064, total allocated 74448896, free 25040112, used 49408784, increment 0
Initial loss: 9.212238569259263
100: time = 0.241000 loss = 7.515979
Jackknife: leave bio_ai_et0 out
Making features
makeFeatures: max memory 932184064, total allocated 74448896, free 22332840, used 52116056, increment 2707272
Gustavia_santanderiensis_9 bio_ai_et0: 
Regularization values: linear/quadratic/product: 0.423, categorical: 0.250, threshold: 1.790, hinge: 0.500
21 samples
Density: max memory 932184064, total allocated 74448896, free 22252672, used 52196224, increment 80168
linearPredictor: max memory 932184064, total allocated 74448896, free 22172504, used 52276392, increment 80168
FeaturedSpace: max memory 932184064, total allocated 74448896, free 22172504, used 52276392, increment 0
Sequential: max memory 932184064, total allocated 74448896, free 22172504, used 52276392, increment 0
Initial loss: 9.212238569259263
120: time = 0.258000 loss = 7.515979
Jackknife: leave bio_et0_yr out
Making features
makeFeatures: max memory 932184064, total allocated 74448896, free 19403920, used 55044976, increment 2768584
Gustavia_santanderiensis_9 bio_et0_yr: 
Regularization values: linear/quadratic/product: 0.423, categorical: 0.250, threshold: 1.790, hinge: 0.500
21 samples
Density: max memory 932184064, total allocated 74448896, free 19323752, used 55125144, increment 80168
linearPredictor: max memory 932184064, total allocated 74448896, free 19243584, used 55205312, increment 80168
FeaturedSpace: max memory 932184064, total allocated 74448896, free 19243584, used 55205312, increment 0
Sequential: max memory 932184064, total allocated 74448896, free 19243584, used 55205312, increment 0
Initial loss: 9.212238569259263
100: time = 0.230000 loss = 7.516018
Jackknife: only bio_1
Making features
makeFeatures: max memory 932184064, total allocated 74448896, free 18701080, used 55747816, increment 542504
Gustavia_santanderiensis_9 bio_1: 
Regularization values: linear/quadratic/product: 0.423, categorical: 0.250, threshold: 1.790, hinge: 0.500
21 samples
Density: max memory 932184064, total allocated 74448896, free 18701080, used 55747816, increment 0
linearPredictor: max memory 932184064, total allocated 74448896, free 18701080, used 55747816, increment 0
FeaturedSpace: max memory 932184064, total allocated 74448896, free 18701080, used 55747816, increment 0
Sequential: max memory 932184064, total allocated 74448896, free 18701080, used 55747816, increment 0
Initial loss: 9.212238569259263
60: time = 0.213000 loss = 8.755894
Res.gain: 0.4563448921282447
Jackknife: only bio_10
Making features
makeFeatures: max memory 932184064, total allocated 74448896, free 18620912, used 55827984, increment 80168
Gustavia_santanderiensis_9 bio_10: 
Regularization values: linear/quadratic/product: 0.423, categorical: 0.250, threshold: 1.790, hinge: 0.500
21 samples
Density: max memory 932184064, total allocated 74448896, free 18078448, used 56370448, increment 542464
linearPredictor: max memory 932184064, total allocated 74448896, free 18078448, used 56370448, increment 0
FeaturedSpace: max memory 932184064, total allocated 74448896, free 18078448, used 56370448, increment 0
Sequential: max memory 932184064, total allocated 74448896, free 18078448, used 56370448, increment 0
Initial loss: 9.212238569259263
Time since start: 261.003
60: time = 0.223000 loss = 8.803053
Res.gain: 0.4091852814309753
Jackknife: only bio_11
Making features
makeFeatures: max memory 932184064, total allocated 74448896, free 18078448, used 56370448, increment 0
Gustavia_santanderiensis_9 bio_11: 
Regularization values: linear/quadratic/product: 0.423, categorical: 0.250, threshold: 1.790, hinge: 0.500
21 samples
Density: max memory 932184064, total allocated 74448896, free 18078448, used 56370448, increment 0
linearPredictor: max memory 932184064, total allocated 74448896, free 18078448, used 56370448, increment 0
FeaturedSpace: max memory 932184064, total allocated 74448896, free 18078448, used 56370448, increment 0
Sequential: max memory 932184064, total allocated 74448896, free 18078448, used 56370448, increment 0
Initial loss: 9.212238569259263
60: time = 0.209000 loss = 8.773688
Res.gain: 0.43855094353122226
Jackknife: only bio_12
Making features
makeFeatures: max memory 932184064, total allocated 74448896, free 17535864, used 56913032, increment 542584
Gustavia_santanderiensis_9 bio_12: 
Regularization values: linear/quadratic/product: 0.423, categorical: 0.250, threshold: 1.790, hinge: 0.500
21 samples
Density: max memory 932184064, total allocated 74448896, free 17535864, used 56913032, increment 0
linearPredictor: max memory 932184064, total allocated 74448896, free 17535864, used 56913032, increment 0
FeaturedSpace: max memory 932184064, total allocated 74448896, free 17535864, used 56913032, increment 0
Sequential: max memory 932184064, total allocated 74448896, free 17535864, used 56913032, increment 0
Initial loss: 9.212238569259263
60: time = 0.147000 loss = 9.143297
Res.gain: 0.06894189993745137
Jackknife: only bio_13
Making features
makeFeatures: max memory 932184064, total allocated 74448896, free 17455696, used 56993200, increment 80168
Gustavia_santanderiensis_9 bio_13: 
Regularization values: linear/quadratic/product: 0.423, categorical: 0.250, threshold: 1.790, hinge: 0.500
21 samples
Density: max memory 932184064, total allocated 74448896, free 17375528, used 57073368, increment 80168
linearPredictor: max memory 932184064, total allocated 74448896, free 17295360, used 57153536, increment 80168
FeaturedSpace: max memory 932184064, total allocated 74448896, free 17295360, used 57153536, increment 0
Sequential: max memory 932184064, total allocated 74448896, free 17295360, used 57153536, increment 0
Initial loss: 9.212238569259263
60: time = 0.229000 loss = 9.201939
Res.gain: 0.010299960672597308
Jackknife: only bio_14
Making features
makeFeatures: max memory 932184064, total allocated 74448896, free 16752864, used 57696032, increment 542496
Gustavia_santanderiensis_9 bio_14: 
Regularization values: linear/quadratic/product: 0.423, categorical: 0.250, threshold: 1.790, hinge: 0.500
21 samples
Density: max memory 932184064, total allocated 74448896, free 16752864, used 57696032, increment 0
linearPredictor: max memory 932184064, total allocated 74448896, free 16752864, used 57696032, increment 0
FeaturedSpace: max memory 932184064, total allocated 74448896, free 16752864, used 57696032, increment 0
Sequential: max memory 932184064, total allocated 74448896, free 16752864, used 57696032, increment 0
Initial loss: 9.212238569259263
60: time = 0.200000 loss = 9.110772
Res.gain: 0.10146608170054883
Jackknife: only bio_15
Making features
makeFeatures: max memory 932184064, total allocated 74448896, free 16752864, used 57696032, increment 0
Gustavia_santanderiensis_9 bio_15: 
Regularization values: linear/quadratic/product: 0.423, categorical: 0.250, threshold: 1.790, hinge: 0.500
21 samples
Density: max memory 932184064, total allocated 74448896, free 16210096, used 58238800, increment 542768
linearPredictor: max memory 932184064, total allocated 74448896, free 16210096, used 58238800, increment 0
FeaturedSpace: max memory 932184064, total allocated 74448896, free 16210096, used 58238800, increment 0
Sequential: max memory 932184064, total allocated 74448896, free 16210096, used 58238800, increment 0
Initial loss: 9.212238569259263
60: time = 0.189000 loss = 9.033182
Res.gain: 0.1790567841111006
Jackknife: only bio_16
Making features
makeFeatures: max memory 932184064, total allocated 74448896, free 16210096, used 58238800, increment 0
Gustavia_santanderiensis_9 bio_16: 
Regularization values: linear/quadratic/product: 0.423, categorical: 0.250, threshold: 1.790, hinge: 0.500
21 samples
Density: max memory 932184064, total allocated 74448896, free 16210096, used 58238800, increment 0
linearPredictor: max memory 932184064, total allocated 74448896, free 16210096, used 58238800, increment 0
FeaturedSpace: max memory 932184064, total allocated 74448896, free 16210096, used 58238800, increment 0
Sequential: max memory 932184064, total allocated 74448896, free 15667328, used 58781568, increment 542768
Initial loss: 9.212238569259263
Time since start: 262.191
60: time = 0.195000 loss = 9.195255
Res.gain: 0.016983811755922673
Jackknife: only bio_17
Making features
makeFeatures: max memory 932184064, total allocated 74448896, free 15667328, used 58781568, increment 0
Gustavia_santanderiensis_9 bio_17: 
Regularization values: linear/quadratic/product: 0.423, categorical: 0.250, threshold: 1.790, hinge: 0.500
21 samples
Density: max memory 932184064, total allocated 74448896, free 15667328, used 58781568, increment 0
linearPredictor: max memory 932184064, total allocated 74448896, free 15667328, used 58781568, increment 0
FeaturedSpace: max memory 932184064, total allocated 74448896, free 15667328, used 58781568, increment 0
Sequential: max memory 932184064, total allocated 74448896, free 15667328, used 58781568, increment 0
Initial loss: 9.212238569259263
60: time = 0.206000 loss = 9.002557
Res.gain: 0.2096816054226096
Jackknife: only bio_2
Making features
makeFeatures: max memory 932184064, total allocated 74448896, free 15587160, used 58861736, increment 80168
Gustavia_santanderiensis_9 bio_2: 
Regularization values: linear/quadratic/product: 0.423, categorical: 0.250, threshold: 1.790, hinge: 0.500
21 samples
Density: max memory 932184064, total allocated 74448896, free 15506992, used 58941904, increment 80168
linearPredictor: max memory 932184064, total allocated 74448896, free 15426824, used 59022072, increment 80168
FeaturedSpace: max memory 932184064, total allocated 74448896, free 15426824, used 59022072, increment 0
Sequential: max memory 932184064, total allocated 74448896, free 15426824, used 59022072, increment 0
Initial loss: 9.212238569259263
60: time = 0.221000 loss = 9.122233
Res.gain: 0.0900057633875413
Jackknife: only bio_3
Making features
makeFeatures: max memory 932184064, total allocated 74448896, free 14884336, used 59564560, increment 542488
Gustavia_santanderiensis_9 bio_3: 
Regularization values: linear/quadratic/product: 0.423, categorical: 0.250, threshold: 1.790, hinge: 0.500
21 samples
Density: max memory 932184064, total allocated 74448896, free 14884336, used 59564560, increment 0
linearPredictor: max memory 932184064, total allocated 74448896, free 14884336, used 59564560, increment 0
FeaturedSpace: max memory 932184064, total allocated 74448896, free 14884336, used 59564560, increment 0
Sequential: max memory 932184064, total allocated 74448896, free 14884336, used 59564560, increment 0
Initial loss: 9.212238569259263
60: time = 0.202000 loss = 9.153070
Res.gain: 0.059168122717496274
Jackknife: only bio_4
Making features
makeFeatures: max memory 932184064, total allocated 74448896, free 14804168, used 59644728, increment 80168
Gustavia_santanderiensis_9 bio_4: 
Regularization values: linear/quadratic/product: 0.423, categorical: 0.250, threshold: 1.790, hinge: 0.500
21 samples
Density: max memory 932184064, total allocated 74448896, free 14724000, used 59724896, increment 80168
linearPredictor: max memory 932184064, total allocated 74448896, free 14643832, used 59805064, increment 80168
FeaturedSpace: max memory 932184064, total allocated 74448896, free 14643832, used 59805064, increment 0
Sequential: max memory 932184064, total allocated 74448896, free 14643832, used 59805064, increment 0
Initial loss: 9.212238569259263
60: time = 0.172000 loss = 9.211001
Res.gain: 0.0012379823312080873
Jackknife: only bio_5
Making features
makeFeatures: max memory 932184064, total allocated 74448896, free 14021200, used 60427696, increment 622632
Gustavia_santanderiensis_9 bio_5: 
Regularization values: linear/quadratic/product: 0.423, categorical: 0.250, threshold: 1.790, hinge: 0.500
21 samples
Density: max memory 932184064, total allocated 74448896, free 14021200, used 60427696, increment 0
linearPredictor: max memory 932184064, total allocated 74448896, free 14021200, used 60427696, increment 0
FeaturedSpace: max memory 932184064, total allocated 74448896, free 14021200, used 60427696, increment 0
Sequential: max memory 932184064, total allocated 74448896, free 14021200, used 60427696, increment 0
Initial loss: 9.212238569259263
Time since start: 263.229
60: time = 0.221000 loss = 8.817965
Res.gain: 0.39427376873935494
Jackknife: only bio_6
Making features
makeFeatures: max memory 932184064, total allocated 74448896, free 14021200, used 60427696, increment 0
Gustavia_santanderiensis_9 bio_6: 
Regularization values: linear/quadratic/product: 0.423, categorical: 0.250, threshold: 1.790, hinge: 0.500
21 samples
Density: max memory 932184064, total allocated 74448896, free 14021200, used 60427696, increment 0
linearPredictor: max memory 932184064, total allocated 74448896, free 13478736, used 60970160, increment 542464
FeaturedSpace: max memory 932184064, total allocated 74448896, free 13478736, used 60970160, increment 0
Sequential: max memory 932184064, total allocated 74448896, free 13478736, used 60970160, increment 0
Initial loss: 9.212238569259263
60: time = 0.218000 loss = 8.755839
Res.gain: 0.45639991125135815
Jackknife: only bio_7
Making features
makeFeatures: max memory 932184064, total allocated 74448896, free 13478736, used 60970160, increment 0
Gustavia_santanderiensis_9 bio_7: 
Regularization values: linear/quadratic/product: 0.423, categorical: 0.250, threshold: 1.790, hinge: 0.500
21 samples
Density: max memory 932184064, total allocated 74448896, free 13478736, used 60970160, increment 0
linearPredictor: max memory 932184064, total allocated 74448896, free 13478736, used 60970160, increment 0
FeaturedSpace: max memory 932184064, total allocated 74448896, free 13478736, used 60970160, increment 0
Sequential: max memory 932184064, total allocated 74448896, free 13478736, used 60970160, increment 0
Initial loss: 9.212238569259263
60: time = 0.231000 loss = 9.211174
Res.gain: 0.001064300144328456
Jackknife: only bio_ai_et0
Making features
makeFeatures: max memory 932184064, total allocated 74448896, free 13318400, used 61130496, increment 160336
Gustavia_santanderiensis_9 bio_ai_et0: 
Regularization values: linear/quadratic/product: 0.423, categorical: 0.250, threshold: 1.790, hinge: 0.500
21 samples
Density: max memory 932184064, total allocated 74448896, free 13238232, used 61210664, increment 80168
linearPredictor: max memory 932184064, total allocated 74448896, free 13158064, used 61290832, increment 80168
FeaturedSpace: max memory 932184064, total allocated 74448896, free 13158064, used 61290832, increment 0
Sequential: max memory 932184064, total allocated 74448896, free 13158064, used 61290832, increment 0
Initial loss: 9.212238569259263
60: time = 0.205000 loss = 9.187652
Res.gain: 0.024586502674909028
Jackknife: only bio_et0_yr
Making features
makeFeatures: max memory 932184064, total allocated 74448896, free 12615552, used 61833344, increment 542512
Gustavia_santanderiensis_9 bio_et0_yr: 
Regularization values: linear/quadratic/product: 0.423, categorical: 0.250, threshold: 1.790, hinge: 0.500
21 samples
Density: max memory 932184064, total allocated 74448896, free 12615552, used 61833344, increment 0
linearPredictor: max memory 932184064, total allocated 74448896, free 12615552, used 61833344, increment 0
FeaturedSpace: max memory 932184064, total allocated 74448896, free 12615552, used 61833344, increment 0
Sequential: max memory 932184064, total allocated 74448896, free 12615552, used 61833344, increment 0
Initial loss: 9.212238569259263
60: time = 0.204000 loss = 9.162441
Res.gain: 0.04979783754493994
Time since start: 264.754
Creating average grid, stddev grid etc.
Writing file C:\Users\Camila\Desktop\Modelo opc3\Final_Models\M_4_F_q_Set_1\Gustavia_santanderiensis_avg.asc
Writing file C:\Users\Camila\Desktop\Modelo opc3\Final_Models\M_4_F_q_Set_1\Gustavia_santanderiensis_stddev.asc
Writing file C:\Users\Camila\Desktop\Modelo opc3\Final_Models\M_4_F_q_Set_1\Gustavia_santanderiensis_min.asc
Writing file C:\Users\Camila\Desktop\Modelo opc3\Final_Models\M_4_F_q_Set_1\Gustavia_santanderiensis_max.asc
Writing file C:\Users\Camila\Desktop\Modelo opc3\Final_Models\M_4_F_q_Set_1\Gustavia_santanderiensis_median.asc
Time since start: 271.178
Writing C:\Users\Camila\Desktop\Modelo opc3\Final_Models\M_4_F_q_Set_1\plots\Gustavia_santanderiensis_avg.png
Writing C:\Users\Camila\Desktop\Modelo opc3\Final_Models\M_4_F_q_Set_1\plots\Gustavia_santanderiensis_stddev.png
Writing C:\Users\Camila\Desktop\Modelo opc3\Final_Models\M_4_F_q_Set_1\plots\Gustavia_santanderiensis_min.png
Time since start: 272.639
Writing C:\Users\Camila\Desktop\Modelo opc3\Final_Models\M_4_F_q_Set_1\plots\Gustavia_santanderiensis_max.png
Writing C:\Users\Camila\Desktop\Modelo opc3\Final_Models\M_4_F_q_Set_1\plots\Gustavia_santanderiensis_median.png
Gustavia_santanderiensis average response curves
Time since start: 281.837
Ending
